Surname	Forename	Mother's Maiden Name	Gender	Year	Ref	RD Name
SMITH	Briony	-----	F	1755	403	Place-6
SMITH	Shawn	-----	M	1755	404	Place-16
SMITH	Suzanne	-----	F	1755	405	Place-16
SMITH	Seonaid	-----	F	1755	406	Place-11
SMITH	Paulo	-----	M	1755	407	Place-4
SMITH	Shawn	-----	M	1755	408	Place-21
SMITH	Selina	-----	F	1755	409	Place-5
SMITH	Seonaid	-----	F	1755	410	Place-17
SMITH	Suzanne	-----	F	1755	411	Place-17
SMITH	Susan	-----	F	1755	412	Place-9
SMITH	James	-----	M	1755	413	Place-11
SMITH	Suzanne	-----	F	1755	414	Place-14
SMITH	Suzanne	-----	F	1755	415	Place-15
SMITH	Briony	-----	F	1755	416	Place-15
SMITH	Susan	-----	F	1755	417	Place-4
SMITH	Susan	-----	F	1755	418	Place-29
SMITH	Sarah	-----	F	1755	419	Place-28
SMITH	Jacob	-----	M	1755	420	Place-26
SMITH	Seonaid	-----	F	1755	421	Place-19
SMITH	Sarah	-----	F	1755	422	Place-7
SMITH	Sheila	-----	F	1755	423	Place-22
SMITH	Jenkins	-----	M	1756	426	Place-3
SMITH	Jim	-----	M	1756	427	Place-21
SMITH	Seonaid	-----	F	1756	428	Place-5
SMITH	Joseph	-----	M	1756	429	Place-10
SMITH	Paulo	-----	M	1756	430	Place-23
SMITH	Briony	-----	F	1756	431	Place-25
SMITH	Susan	-----	F	1756	432	Place-12
SMITH	Sheila	-----	F	1756	433	Place-10
SMITH	Joseph	-----	M	1756	434	Place-12
SMITH	Sheila	-----	F	1756	435	Place-23
SMITH	Sheila	-----	F	1756	436	Place-29
SMITH	Paulo	-----	M	1756	437	Place-27
SMITH	Suzanne	-----	F	1756	438	Place-13
SMITH	Susan	-----	F	1756	439	Place-7
SMITH	Bob	-----	M	1757	444	Place-24
SMITH	Bob	-----	M	1757	445	Place-26
SMITH	Briony	-----	F	1757	446	Place-13
SMITH	Jacob	-----	M	1757	447	Place-9
SMITH	Susan	-----	F	1757	448	Place-26
SMITH	Paulo	-----	M	1757	449	Place-4
SMITH	Joseph	-----	M	1757	450	Place-22
SMITH	Suzanne	-----	F	1757	451	Place-12
SMITH	Selina	-----	F	1757	452	Place-26
SMITH	Joseph	-----	M	1757	453	Place-5
SMITH	Paulo	-----	M	1757	454	Place-23
SMITH	Shawn	-----	M	1757	455	Place-3
SMITH	Selina	-----	F	1757	456	Place-21
SMITH	Jim	-----	M	1757	457	Place-11
SMITH	Susan	-----	F	1757	458	Place-22
SMITH	Seonaid	-----	F	1757	459	Place-28
SMITH	Suzanne	-----	F	1757	460	Place-27
SMITH	James	-----	M	1757	461	Place-13
SMITH	Bob	-----	M	1757	462	Place-5
SMITH	James	-----	M	1757	463	Place-2
SMITH	Sarah	-----	F	1758	471	Place-13
SMITH	Paulo	-----	M	1758	472	Place-24
SMITH	Suzanne	-----	F	1758	473	Place-3
SMITH	Shawn	-----	M	1758	474	Place-0
SMITH	Susan	-----	F	1758	475	Place-22
SMITH	Sheila	-----	F	1758	476	Place-29
SMITH	Jenkins	-----	M	1758	477	Place-27
SMITH	Sheila	-----	F	1758	478	Place-8
SMITH	Suzanne	-----	F	1758	479	Place-10
SMITH	Suzanne	-----	F	1758	480	Place-5
SMITH	Suzanne	-----	F	1758	481	Place-25
SMITH	Briony	-----	F	1758	482	Place-24
SMITH	Paulo	-----	M	1758	483	Place-1
SMITH	Paulo	-----	M	1758	484	Place-28
SMITH	Briony	-----	F	1758	485	Place-17
SMITH	Bob	-----	M	1758	486	Place-1
SMITH	Sharon	-----	F	1758	487	Place-5
SMITH	Sharon	-----	F	1758	488	Place-5
SMITH	Shawn	-----	M	1758	489	Place-24
SMITH	Susan	-----	F	1759	491	Place-11
SMITH	Sharon	-----	F	1759	492	Place-19
SMITH	Sarah	-----	F	1759	493	Place-13
SMITH	Paulo	-----	M	1759	494	Place-8
SMITH	Susan	-----	F	1759	495	Place-16
SMITH	Selina	-----	F	1759	496	Place-1
SMITH	Suzanne	-----	F	1759	497	Place-13
SMITH	Jenkins	-----	M	1759	498	Place-22
SMITH	Suzanne	-----	F	1759	499	Place-19
SMITH	Shawn	-----	M	1759	500	Place-0
SMITH	Jim	-----	M	1759	501	Place-5
SMITH	Selina	-----	F	1759	502	Place-9
SMITH	Joseph	-----	M	1759	503	Place-5
SMITH	Jenkins	-----	M	1759	504	Place-4
SMITH	Shawn	-----	M	1759	505	Place-16
SMITH	Seonaid	-----	F	1759	506	Place-25
SMITH	Selina	-----	F	1759	507	Place-17
SMITH	Suzanne	-----	F	1759	508	Place-1
SMITH	Sharon	-----	F	1759	509	Place-15
SMITH	Jim	-----	M	1759	510	Place-23
SMITH	Jenkins	-----	M	1759	511	Place-24
SMITH	Selina	-----	F	1759	512	Place-8
SMITH	Briony	-----	F	1759	513	Place-21
SMITH	Jacob	-----	M	1759	514	Place-7
SMITH	Jenkins	-----	M	1759	515	Place-13
SMITH	Suzanne	-----	F	1760	518	Place-10
SMITH	Paulo	-----	M	1760	519	Place-19
SMITH	Sarah	-----	F	1760	520	Place-12
SMITH	Jacob	-----	M	1760	521	Place-3
SMITH	Susan	-----	F	1760	522	Place-22
SMITH	Sheila	-----	F	1760	523	Place-25
SMITH	Seonaid	-----	F	1760	524	Place-21
SMITH	Joseph	-----	M	1760	525	Place-19
SMITH	Suzanne	-----	F	1760	526	Place-14
SMITH	Sheila	-----	F	1760	527	Place-1
SMITH	Sheila	-----	F	1760	528	Place-9
SMITH	Jim	-----	M	1760	529	Place-28
SMITH	Shawn	-----	M	1760	530	Place-23
SMITH	Jacob	-----	M	1760	531	Place-23
SMITH	Shawn	-----	M	1760	532	Place-8
SMITH	Shawn	-----	M	1760	533	Place-10
SMITH	Briony	-----	F	1760	534	Place-9
SMITH	Seonaid	-----	F	1761	542	Place-26
SMITH	Susan	-----	F	1761	543	Place-28
SMITH	James	-----	M	1761	544	Place-6
SMITH	Jacob	-----	M	1761	545	Place-27
SMITH	Briony	-----	F	1761	546	Place-14
SMITH	Joseph	-----	M	1761	547	Place-12
SMITH	Jenkins	-----	M	1761	548	Place-5
SMITH	Sheila	-----	F	1761	549	Place-5
SMITH	Sheila	-----	F	1761	550	Place-1
SMITH	Joseph	-----	M	1761	551	Place-22
SMITH	Bob	-----	M	1761	552	Place-28
SMITH	Selina	-----	F	1761	553	Place-20
SMITH	Seonaid	-----	F	1761	554	Place-24
SMITH	Jim	-----	M	1761	555	Place-27
SMITH	Joseph	-----	M	1762	559	Place-20
SMITH	Bob	-----	M	1762	560	Place-9
SMITH	Shawn	-----	M	1762	561	Place-5
SMITH	James	-----	M	1762	562	Place-7
SMITH	Susan	-----	F	1762	563	Place-21
SMITH	Briony	-----	F	1762	564	Place-12
SMITH	Shawn	-----	M	1762	565	Place-2
SMITH	James	-----	M	1762	566	Place-16
SMITH	Jim	-----	M	1762	567	Place-27
SMITH	Sarah	-----	F	1762	568	Place-12
SMITH	Joseph	-----	M	1762	569	Place-22
SMITH	Joseph	-----	M	1762	570	Place-25
SMITH	Susan	-----	F	1762	571	Place-16
SMITH	Sharon	-----	F	1762	572	Place-25
SMITH	Joseph	-----	M	1762	573	Place-28
SMITH	Jim	-----	M	1762	574	Place-17
SMITH	Paulo	-----	M	1762	575	Place-8
SMITH	Shawn	-----	M	1762	576	Place-26
SMITH	Jacob	-----	M	1762	577	Place-7
SMITH	Bob	-----	M	1762	578	Place-8
SMITH	Sheila	-----	F	1762	579	Place-2
SMITH	Briony	-----	F	1762	580	Place-27
SMITH	Jenkins	-----	M	1762	581	Place-22
SMITH	Jim	-----	M	1762	582	Place-29
SMITH	Bob	-----	M	1762	583	Place-9
SMITH	Joseph	-----	M	1763	588	Place-7
SMITH	James	-----	M	1763	589	Place-28
SMITH	Briony	-----	F	1763	590	Place-12
SMITH	James	-----	M	1763	591	Place-8
SMITH	Seonaid	-----	F	1763	592	Place-20
SMITH	Susan	-----	F	1763	593	Place-29
SMITH	Selina	-----	F	1763	594	Place-5
SMITH	Joseph	-----	M	1763	595	Place-7
SMITH	Susan	-----	F	1763	596	Place-8
SMITH	Briony	-----	F	1763	597	Place-9
SMITH	Sharon	-----	F	1763	598	Place-29
SMITH	Jim	-----	M	1763	599	Place-19
SMITH	Shawn	-----	M	1763	600	Place-6
SMITH	James	-----	M	1763	601	Place-22
SMITH	Suzanne	-----	F	1763	602	Place-25
SMITH	Sharon	-----	F	1763	603	Place-28
SMITH	Suzanne	-----	F	1763	604	Place-23
SMITH	James	-----	M	1763	605	Place-4
SMITH	Sharon	-----	F	1763	606	Place-25
SMITH	Briony	-----	F	1763	607	Place-6
SMITH	Joseph	-----	M	1763	608	Place-23
SMITH	Jim	-----	M	1763	609	Place-18
SMITH	Jim	-----	M	1763	610	Place-15
SMITH	James	-----	M	1763	611	Place-27
SMITH	James	-----	M	1763	612	Place-20
SMITH	James	-----	M	1763	613	Place-14
SMITH	Jenkins	-----	M	1763	614	Place-28
SMITH	Shawn	-----	M	1763	615	Place-22
SMITH	James	-----	M	1764	621	Place-1
SMITH	Seonaid	-----	F	1764	622	Place-23
SMITH	Jenkins	-----	M	1764	623	Place-20
SMITH	Suzanne	-----	F	1764	624	Place-2
SMITH	Jacob	-----	M	1764	625	Place-14
SMITH	Joseph	-----	M	1764	626	Place-5
SMITH	Susan	-----	F	1764	627	Place-20
SMITH	Sheila	-----	F	1764	628	Place-9
SMITH	Joseph	-----	M	1764	629	Place-2
SMITH	Shawn	-----	M	1764	630	Place-11
SMITH	Briony	-----	F	1764	631	Place-28
SMITH	Seonaid	-----	F	1764	632	Place-29
SMITH	Bob	-----	M	1764	633	Place-24
SMITH	Sheila	-----	F	1764	634	Place-18
SMITH	James	-----	M	1764	635	Place-22
SMITH	Jim	-----	M	1764	636	Place-3
SMITH	Seonaid	-----	F	1764	637	Place-8
SMITH	Jim	-----	M	1764	638	Place-20
SMITH	Paulo	-----	M	1764	639	Place-7
SMITH	Sharon	-----	F	1764	640	Place-14
SMITH	Bob	-----	M	1764	641	Place-6
SMITH	Shawn	-----	M	1764	642	Place-12
SMITH	Susan	-----	F	1764	643	Place-24
SMITH	Suzanne	-----	F	1764	644	Place-0
SMITH	Seonaid	-----	F	1765	647	Place-25
SMITH	Seonaid	-----	F	1765	648	Place-17
SMITH	Seonaid	-----	F	1765	649	Place-1
SMITH	Jenkins	-----	M	1765	650	Place-7
SMITH	Sharon	-----	F	1765	651	Place-14
SMITH	Bob	-----	M	1765	652	Place-23
SMITH	Jenkins	-----	M	1765	653	Place-18
SMITH	Sheila	-----	F	1765	654	Place-26
SMITH	Jenkins	-----	M	1765	655	Place-6
SMITH	Selina	-----	F	1765	656	Place-13
SMITH	Jim	-----	M	1765	657	Place-13
SMITH	Selina	-----	F	1765	658	Place-19
SMITH	Paulo	-----	M	1765	659	Place-20
SMITH	Sarah	-----	F	1765	660	Place-3
SMITH	Sarah	-----	F	1765	661	Place-25
SMITH	Selina	-----	F	1765	662	Place-8
SMITH	Susan	-----	F	1765	663	Place-14
SMITH	Sarah	-----	F	1766	665	Place-3
SMITH	Sheila	-----	F	1766	666	Place-17
SMITH	Sarah	-----	F	1766	667	Place-5
SMITH	Sarah	-----	F	1766	668	Place-8
SMITH	Briony	-----	F	1766	669	Place-16
SMITH	Seonaid	-----	F	1766	670	Place-3
SMITH	Jenkins	-----	M	1766	671	Place-20
SMITH	Jim	-----	M	1766	672	Place-21
SMITH	Joseph	-----	M	1766	673	Place-11
SMITH	Paulo	-----	M	1766	674	Place-6
SMITH	Jacob	-----	M	1766	675	Place-27
SMITH	Bob	-----	M	1766	676	Place-15
SMITH	Shawn	-----	M	1766	677	Place-20
SMITH	Suzanne	-----	F	1766	678	Place-28
SMITH	Bob	-----	M	1766	679	Place-0
SMITH	Sharon	-----	F	1766	680	Place-22
SMITH	Susan	-----	F	1767	682	Place-24
SMITH	Seonaid	-----	F	1767	683	Place-29
SMITH	Susan	-----	F	1767	684	Place-5
SMITH	Paulo	-----	M	1767	685	Place-18
SMITH	Jim	-----	M	1767	686	Place-13
SMITH	Selina	-----	F	1767	687	Place-13
SMITH	Suzanne	-----	F	1767	688	Place-3
SMITH	Jenkins	-----	M	1767	689	Place-21
SMITH	Sheila	-----	F	1767	690	Place-29
SMITH	Sheila	-----	F	1767	691	Place-11
SMITH	Seonaid	-----	F	1767	692	Place-29
SMITH	Sharon	-----	F	1767	693	Place-6
SMITH	Bob	-----	M	1767	694	Place-4
SMITH	Shawn	-----	M	1767	695	Place-1
SMITH	James	-----	M	1767	696	Place-8
SMITH	Susan	-----	F	1767	697	Place-14
SMITH	James	-----	M	1767	698	Place-21
SMITH	Briony	-----	F	1767	699	Place-0
SMITH	Selina	-----	F	1767	700	Place-22
SMITH	Briony	-----	F	1768	701	Place-16
SMITH	Sarah	-----	F	1768	702	Place-0
SMITH	Susan	-----	F	1768	703	Place-29
SMITH	Seonaid	-----	F	1768	704	Place-13
SMITH	Shawn	-----	M	1768	705	Place-22
SMITH	James	-----	M	1768	706	Place-4
SMITH	Sarah	-----	F	1768	707	Place-17
SMITH	Shawn	-----	M	1768	708	Place-3
SMITH	Seonaid	-----	F	1768	709	Place-12
SMITH	Jenkins	-----	M	1768	710	Place-8
SMITH	Sharon	-----	F	1768	711	Place-14
SMITH	Jacob	-----	M	1768	712	Place-21
SMITH	Suzanne	-----	F	1769	713	Place-20
SMITH	Suzanne	-----	F	1769	714	Place-10
SMITH	Jenkins	-----	M	1769	715	Place-17
SMITH	Shawn	-----	M	1769	716	Place-8
SMITH	Joseph	-----	M	1769	717	Place-0
SMITH	James	-----	M	1769	718	Place-6
SMITH	Jim	-----	M	1769	719	Place-22
SMITH	Bob	-----	M	1769	720	Place-5
SMITH	Seonaid	-----	F	1769	721	Place-5
SMITH	Briony	-----	F	1769	722	Place-26
SMITH	Shawn	-----	M	1769	723	Place-9
SMITH	Shawn	-----	M	1769	724	Place-25
SMITH	Joseph	-----	M	1769	725	Place-15
SMITH	Joseph	-----	M	1769	726	Place-28
SMITH	Bob	-----	M	1770	728	Place-17
SMITH	Sheila	-----	F	1770	729	Place-29
SMITH	Shawn	-----	M	1770	730	Place-3
SMITH	Sharon	-----	F	1770	731	Place-17
SMITH	Briony	-----	F	1770	732	Place-7
SMITH	James	-----	M	1770	733	Place-26
SMITH	Sharon	-----	F	1770	734	Place-29
SMITH	Suzanne	-----	F	1770	735	Place-19
SMITH	Selina	-----	F	1770	736	Place-4
SMITH	Sheila	-----	F	1770	737	Place-7
SMITH	Jim	-----	M	1770	738	Place-15
SMITH	Briony	-----	F	1770	739	Place-28
SMITH	Bob	-----	M	1771	745	Place-13
SMITH	Suzanne	-----	F	1771	746	Place-24
SMITH	Bob	-----	M	1771	747	Place-23
SMITH	Sheila	-----	F	1771	748	Place-20
SMITH	Selina	-----	F	1771	749	Place-24
SMITH	Joseph	-----	M	1771	750	Place-8
SMITH	Jacob	-----	M	1771	751	Place-16
SMITH	Sarah	-----	F	1771	752	Place-22
SMITH	Sheila	-----	F	1771	753	Place-1
SMITH	Paulo	-----	M	1771	754	Place-7
SMITH	Jacob	-----	M	1771	755	Place-6
SMITH	Jacob	-----	M	1771	756	Place-4
SMITH	James	-----	M	1771	757	Place-14
SMITH	Jim	-----	M	1771	758	Place-19
SMITH	Jenkins	-----	M	1771	759	Place-13
SMITH	Jacob	-----	M	1772	760	Place-23
SMITH	Briony	-----	F	1772	761	Place-27
SMITH	Sharon	-----	F	1772	762	Place-18
SMITH	Shawn	-----	M	1772	763	Place-7
SMITH	Sarah	-----	F	1772	764	Place-17
SMITH	Jim	-----	M	1772	765	Place-20
SMITH	Jim	-----	M	1772	766	Place-15
SMITH	Jim	-----	M	1772	767	Place-16
SMITH	Jenkins	-----	M	1772	768	Place-1
SMITH	Jacob	-----	M	1772	769	Place-13
SMITH	Selina	-----	F	1772	770	Place-12
SMITH	Paulo	-----	M	1772	771	Place-1
SMITH	Jacob	-----	M	1772	772	Place-5
SMITH	Suzanne	-----	F	1772	773	Place-7
SMITH	Joseph	-----	M	1772	774	Place-19
SMITH	Susan	-----	F	1772	775	Place-4
SMITH	Sarah	-----	F	1772	776	Place-23
SMITH	Jim	-----	M	1772	777	Place-9
SMITH	Paulo	-----	M	1772	778	Place-25
SMITH	Selina	-----	F	1773	781	Place-5
SMITH	Sharon	-----	F	1773	782	Place-27
SMITH	James	-----	M	1773	783	Place-8
SMITH	Jenkins	-----	M	1773	784	Place-1
SMITH	Joseph	-----	M	1773	785	Place-21
SMITH	James	-----	M	1773	786	Place-9
SMITH	Bob	-----	M	1773	787	Place-5
SMITH	Susan	-----	F	1773	788	Place-24
SMITH	Joseph	-----	M	1773	789	Place-14
SMITH	Paulo	-----	M	1773	790	Place-9
SMITH	Briony	-----	F	1773	791	Place-23
SMITH	Suzanne	-----	F	1773	792	Place-13
SMITH	Sheila	-----	F	1774	796	Place-20
SMITH	Jim	-----	M	1774	797	Place-26
SMITH	Paulo	-----	M	1774	798	Place-11
SMITH	Jim	-----	M	1774	799	Place-24
SMITH	James	-----	M	1774	800	Place-29
SMITH	Briony	-----	F	1774	801	Place-28
SMITH	Jim	-----	M	1774	802	Place-23
SMITH	Bob	-----	M	1774	803	Place-26
SMITH	James	-----	M	1774	804	Place-24
SMITH	James	-----	M	1774	805	Place-11
SMITH	Susan	-----	F	1774	806	Place-13
SMITH	Bob	-----	M	1774	807	Place-23
SMITH	Sharon	-----	F	1774	808	Place-13
SMITH	Sheila	-----	F	1774	809	Place-21
SMITH	Briony	-----	F	1775	814	Place-20
SMITH	Seonaid	-----	F	1775	815	Place-27
SMITH	Bob	-----	M	1775	816	Place-16
SMITH	Jenkins	-----	M	1775	817	Place-28
SMITH	Sharon	-----	F	1775	818	Place-17
SMITH	Susan	-----	F	1775	819	Place-26
SMITH	Seonaid	-----	F	1775	820	Place-2
SMITH	Susan	-----	F	1775	821	Place-2
SMITH	James	-----	M	1775	822	Place-8
SMITH	Paulo	-----	M	1775	823	Place-18
SMITH	Sheila	-----	F	1775	824	Place-26
SMITH	Sarah	-----	F	1775	825	Place-14
SMITH	Paulo	-----	M	1775	826	Place-25
SMITH	Selina	-----	F	1775	827	Place-25
SMITH	James	-----	M	1775	828	Place-16
SMITH	Suzanne	-----	F	1776	833	Place-17
SMITH	Paulo	-----	M	1776	834	Place-27
SMITH	Briony	-----	F	1776	835	Place-8
SMITH	Joseph	-----	M	1776	836	Place-22
SMITH	Bob	-----	M	1776	837	Place-25
SMITH	Jacob	-----	M	1776	838	Place-5
SMITH	Jim	-----	M	1776	839	Place-1
SMITH	Sarah	-----	F	1776	840	Place-27
SMITH	Jenkins	-----	M	1776	841	Place-18
SMITH	Sarah	-----	F	1776	842	Place-6
SMITH	Seonaid	-----	F	1776	843	Place-10
SMITH	James	-----	M	1776	844	Place-26
SMITH	Paulo	-----	M	1776	845	Place-5
SMITH	Bob	-----	M	1777	849	Place-7
SMITH	Paulo	-----	M	1777	850	Place-1
SMITH	Suzanne	-----	F	1777	851	Place-26
SMITH	Shawn	-----	M	1777	852	Place-5
SMITH	Jacob	-----	M	1777	853	Place-18
SMITH	James	-----	M	1777	854	Place-25
SMITH	Shawn	-----	M	1777	855	Place-25
SMITH	Sarah	-----	F	1777	856	Place-24
SMITH	Joseph	-----	M	1777	857	Place-11
SMITH	Seonaid	-----	F	1777	858	Place-13
SMITH	Sarah	-----	F	1777	859	Place-23
SMITH	Jacob	-----	M	1777	860	Place-24
SMITH	Briony	-----	F	1777	861	Place-18
SMITH	Paulo	-----	M	1777	862	Place-26
SMITH	Paulo	-----	M	1777	863	Place-11
SMITH	Bob	-----	M	1777	864	Place-28
SMITH	Briony	-----	F	1777	865	Place-7
SMITH	Susan	-----	F	1777	866	Place-14
SMITH	Selina	-----	F	1777	867	Place-19
SMITH	Paulo	-----	M	1777	868	Place-20
SMITH	Selina	-----	F	1777	869	Place-11
SMITH	Susan	-----	F	1777	870	Place-27
SMITH	Jacob	-----	M	1777	871	Place-3
SMITH	Selina	-----	F	1778	873	Place-26
SMITH	Sarah	-----	F	1778	874	Place-9
SMITH	Selina	-----	F	1778	875	Place-5
SMITH	Bob	-----	M	1778	876	Place-0
SMITH	Jim	-----	M	1778	877	Place-17
SMITH	Bob	-----	M	1778	878	Place-26
SMITH	Sheila	-----	F	1778	879	Place-23
SMITH	Suzanne	-----	F	1778	880	Place-27
SMITH	Bob	-----	M	1778	881	Place-28
SMITH	Joseph	-----	M	1778	882	Place-26
SMITH	Jacob	-----	M	1778	883	Place-5
SMITH	James	-----	M	1778	884	Place-26
SMITH	Joseph	-----	M	1778	885	Place-19
SMITH	Joseph	-----	M	1778	886	Place-24
SMITH	Sheila	-----	F	1779	890	Place-17
SMITH	Selina	-----	F	1779	891	Place-26
SMITH	Suzanne	-----	F	1779	892	Place-19
SMITH	Selina	-----	F	1779	893	Place-15
SMITH	James	-----	M	1779	894	Place-9
SMITH	Sarah	-----	F	1779	895	Place-1
SMITH	James	-----	M	1779	896	Place-21
SMITH	Jacob	-----	M	1779	897	Place-8
SMITH	Susan	-----	F	1779	898	Place-23
SMITH	Briony	-----	F	1779	899	Place-16
SMITH	Bob	-----	M	1779	900	Place-26
SMITH	Susan	-----	F	1779	901	Place-23
SMITH	Jenkins	-----	M	1779	902	Place-5
SMITH	Shawn	-----	M	1779	903	Place-1
SMITH	Jim	-----	M	1779	904	Place-13
SMITH	Seonaid	-----	F	1779	905	Place-15
SMITH	Sheila	-----	F	1779	906	Place-8
SMITH	Jim	-----	M	1779	907	Place-18
SMITH	Sarah	-----	F	1779	908	Place-12
SMITH	Bob	-----	M	1779	909	Place-1
SMITH	Selina	-----	F	1779	910	Place-7
SMITH	Joseph	-----	M	1779	911	Place-26
SMITH	Joseph	-----	M	1779	912	Place-21
SMITH	Paulo	-----	M	1779	913	Place-16
SMITH	Sharon	-----	F	1779	914	Place-1
SMITH	Sheila	-----	F	1779	915	Place-16
SMITH	Sharon	-----	F	1779	916	Place-19
SMITH	Seonaid	-----	F	1779	917	Place-14
SMITH	Selina	-----	F	1780	923	Place-6
SMITH	Suzanne	-----	F	1780	924	Place-15
SMITH	Briony	-----	F	1780	925	Place-6
SMITH	James	-----	M	1780	926	Place-29
SMITH	Bob	-----	M	1780	927	Place-28
SMITH	Jim	-----	M	1780	928	Place-12
SMITH	Selina	-----	F	1780	929	Place-5
SMITH	Seonaid	-----	F	1780	930	Place-18
SMITH	Sharon	-----	F	1780	931	Place-26
SMITH	Jim	-----	M	1780	932	Place-25
SMITH	Jenkins	-----	M	1780	933	Place-3
SMITH	Sarah	-----	F	1780	934	Place-16
SMITH	Briony	-----	F	1780	935	Place-5
SMITH	Paulo	-----	M	1780	936	Place-3
SMITH	Jim	-----	M	1780	937	Place-27
SMITH	Sheila	-----	F	1780	938	Place-28
SMITH	Susan	-----	F	1781	941	Place-9
SMITH	Jenkins	-----	M	1781	942	Place-6
SMITH	Briony	-----	F	1781	943	Place-22
SMITH	James	-----	M	1781	944	Place-5
SMITH	Jim	-----	M	1781	945	Place-28
SMITH	James	-----	M	1781	946	Place-24
SMITH	Sharon	-----	F	1781	947	Place-5
SMITH	James	-----	M	1781	948	Place-24
SMITH	Seonaid	-----	F	1781	949	Place-17
SMITH	Jacob	-----	M	1781	950	Place-5
SMITH	Susan	-----	F	1781	951	Place-22
SMITH	Sheila	-----	F	1781	952	Place-22
SMITH	Jim	-----	M	1781	953	Place-10
SMITH	Suzanne	-----	F	1781	954	Place-19
SMITH	Suzanne	-----	F	1781	955	Place-9
SMITH	Jacob	-----	M	1781	956	Place-22
SMITH	Selina	-----	F	1781	957	Place-20
SMITH	Sharon	-----	F	1781	958	Place-25
SMITH	Seonaid	-----	F	1782	961	Place-26
SMITH	Sheila	-----	F	1782	962	Place-19
SMITH	Selina	-----	F	1782	963	Place-0
SMITH	Shawn	-----	M	1782	964	Place-18
SMITH	James	-----	M	1782	965	Place-26
SMITH	Sheila	-----	F	1782	966	Place-20
SMITH	Selina	-----	F	1782	967	Place-9
SMITH	Jacob	-----	M	1782	968	Place-29
SMITH	Briony	-----	F	1782	969	Place-20
SMITH	Briony	-----	F	1782	970	Place-28
SMITH	Bob	-----	M	1782	971	Place-26
SMITH	Bob	-----	M	1782	972	Place-17
SMITH	Jim	-----	M	1782	973	Place-16
SMITH	Sarah	-----	F	1782	974	Place-24
SMITH	Suzanne	-----	F	1782	975	Place-17
SMITH	Jenkins	-----	M	1783	978	Place-7
SMITH	Jacob	-----	M	1783	979	Place-21
SMITH	Susan	-----	F	1783	980	Place-8
SMITH	Suzanne	-----	F	1783	981	Place-8
SMITH	Sheila	-----	F	1783	982	Place-8
SMITH	James	-----	M	1783	983	Place-15
SMITH	Seonaid	-----	F	1783	984	Place-16
SMITH	Paulo	-----	M	1783	985	Place-24
SMITH	Jacob	-----	M	1783	986	Place-26
SMITH	Sarah	-----	F	1783	987	Place-17
SMITH	Sarah	-----	F	1783	988	Place-21
SMITH	Briony	-----	F	1783	989	Place-26
SMITH	Sarah	-----	F	1783	990	Place-26
SMITH	Seonaid	-----	F	1783	991	Place-11
SMITH	Sheila	-----	F	1783	992	Place-16
SMITH	Jacob	-----	M	1783	993	Place-17
SMITH	Seonaid	-----	F	1783	994	Place-1
SMITH	Suzanne	-----	F	1783	995	Place-18
SMITH	Sheila	-----	F	1784	1001	Place-14
SMITH	Briony	-----	F	1784	1002	Place-0
SMITH	James	-----	M	1784	1003	Place-26
SMITH	Selina	-----	F	1784	1004	Place-28
SMITH	Suzanne	-----	F	1784	1005	Place-1
SMITH	James	-----	M	1784	1006	Place-20
SMITH	Jim	-----	M	1784	1007	Place-23
SMITH	Paulo	-----	M	1784	1008	Place-1
SMITH	Joseph	-----	M	1784	1009	Place-28
SMITH	Jenkins	-----	M	1784	1010	Place-1
SMITH	Jim	-----	M	1784	1011	Place-21
SMITH	Shawn	-----	M	1784	1012	Place-19
SMITH	James	-----	M	1784	1013	Place-20
SMITH	Paulo	-----	M	1784	1014	Place-25
SMITH	Seonaid	-----	F	1784	1015	Place-8
SMITH	Sharon	-----	F	1785	1019	Place-21
SMITH	Suzanne	-----	F	1785	1020	Place-3
SMITH	Sharon	-----	F	1785	1021	Place-12
SMITH	Shawn	-----	M	1785	1022	Place-15
SMITH	Seonaid	-----	F	1785	1023	Place-12
SMITH	Bob	-----	M	1785	1024	Place-24
SMITH	Jenkins	-----	M	1785	1025	Place-23
SMITH	Suzanne	-----	F	1785	1026	Place-27
SMITH	Jenkins	-----	M	1785	1027	Place-21
SMITH	Sarah	-----	F	1785	1028	Place-2
SMITH	Jenkins	-----	M	1785	1029	Place-28
SMITH	Briony	-----	F	1785	1030	Place-12
SMITH	Susan	-----	F	1785	1031	Place-19
SMITH	Jenkins	-----	M	1785	1032	Place-10
SMITH	Briony	-----	F	1785	1033	Place-25
SMITH	Selina	-----	F	1785	1034	Place-26
SMITH	Sarah	-----	F	1785	1035	Place-26
SMITH	Suzanne	-----	F	1785	1036	Place-4
SMITH	Shawn	-----	M	1785	1037	Place-16
SMITH	Suzanne	-----	F	1785	1038	Place-20
SMITH	Susan	-----	F	1785	1039	Place-24
SMITH	Jenkins	-----	M	1785	1040	Place-20
SMITH	Joseph	-----	M	1785	1041	Place-2
SMITH	James	-----	M	1785	1042	Place-22
SMITH	Sharon	-----	F	1785	1043	Place-12
SMITH	Selina	-----	F	1785	1044	Place-16
SMITH	Jacob	-----	M	1785	1045	Place-3
SMITH	Seonaid	-----	F	1785	1046	Place-26
SMITH	Suzanne	-----	F	1785	1047	Place-5
SMITH	Jenkins	-----	M	1785	1048	Place-21
SMITH	Selina	-----	F	1785	1049	Place-26
SMITH	James	-----	M	1785	1050	Place-28
SMITH	Seonaid	-----	F	1785	1051	Place-20
SMITH	Susan	-----	F	1785	1052	Place-14
SMITH	Sarah	-----	F	1785	1053	Place-9
SMITH	James	-----	M	1786	1059	Place-6
SMITH	Joseph	-----	M	1786	1060	Place-20
SMITH	Paulo	-----	M	1786	1061	Place-18
SMITH	Bob	-----	M	1786	1062	Place-24
SMITH	Sheila	-----	F	1786	1063	Place-8
SMITH	Sharon	-----	F	1786	1064	Place-25
SMITH	Seonaid	-----	F	1786	1065	Place-27
SMITH	Bob	-----	M	1786	1066	Place-24
SMITH	Selina	-----	F	1786	1067	Place-21
SMITH	Jenkins	-----	M	1786	1068	Place-19
SMITH	Selina	-----	F	1786	1069	Place-26
SMITH	Seonaid	-----	F	1786	1070	Place-19
SMITH	James	-----	M	1786	1071	Place-21
SMITH	Bob	-----	M	1786	1072	Place-25
SMITH	Jacob	-----	M	1786	1073	Place-0
SMITH	James	-----	M	1786	1074	Place-26
SMITH	Suzanne	-----	F	1786	1075	Place-26
SMITH	Joseph	-----	M	1786	1076	Place-19
SMITH	Suzanne	-----	F	1786	1077	Place-23
SMITH	Sarah	-----	F	1786	1078	Place-1
SMITH	Joseph	-----	M	1786	1079	Place-26
SMITH	Briony	-----	F	1786	1080	Place-23
SMITH	Suzanne	-----	F	1786	1081	Place-26
SMITH	Seonaid	-----	F	1786	1082	Place-28
SMITH	Susan	-----	F	1786	1083	Place-5
SMITH	Sharon	-----	F	1786	1084	Place-9
SMITH	Suzanne	-----	F	1786	1085	Place-5
SMITH	Sharon	-----	F	1786	1086	Place-8
SMITH	Jacob	-----	M	1787	1090	Place-20
SMITH	Suzanne	-----	F	1787	1091	Place-19
SMITH	Sharon	-----	F	1787	1092	Place-5
SMITH	Joseph	-----	M	1787	1093	Place-27
SMITH	Sharon	-----	F	1787	1094	Place-6
SMITH	Selina	-----	F	1787	1095	Place-20
SMITH	Sharon	-----	F	1787	1096	Place-23
SMITH	Susan	-----	F	1787	1097	Place-8
SMITH	Suzanne	-----	F	1787	1098	Place-28
SMITH	Paulo	-----	M	1787	1099	Place-1
SMITH	Jenkins	-----	M	1787	1100	Place-15
SMITH	Briony	-----	F	1787	1101	Place-26
SMITH	Seonaid	-----	F	1787	1102	Place-18
SMITH	Selina	-----	F	1787	1103	Place-29
SMITH	Jacob	-----	M	1787	1104	Place-5
SMITH	Jacob	-----	M	1787	1105	Place-28
SMITH	Bob	-----	M	1787	1106	Place-1
SMITH	Bob	-----	M	1787	1107	Place-22
SMITH	Joseph	-----	M	1787	1108	Place-25
SMITH	Paulo	-----	M	1787	1109	Place-11
SMITH	Jim	-----	M	1787	1110	Place-28
SMITH	Joseph	-----	M	1787	1111	Place-9
SMITH	Seonaid	-----	F	1787	1112	Place-28
SMITH	Suzanne	-----	F	1787	1113	Place-13
SMITH	James	-----	M	1788	1116	Place-26
SMITH	Paulo	-----	M	1788	1117	Place-21
SMITH	Suzanne	-----	F	1788	1118	Place-16
SMITH	Sheila	-----	F	1788	1119	Place-28
SMITH	Jenkins	-----	M	1788	1120	Place-3
SMITH	Sarah	-----	F	1788	1121	Place-27
SMITH	Bob	-----	M	1788	1122	Place-15
SMITH	Sarah	-----	F	1788	1123	Place-26
SMITH	Jacob	-----	M	1788	1124	Place-25
SMITH	Shawn	-----	M	1788	1125	Place-27
SMITH	Jenkins	-----	M	1788	1126	Place-21
SMITH	Jim	-----	M	1788	1127	Place-26
SMITH	Sheila	-----	F	1788	1128	Place-2
SMITH	Briony	-----	F	1788	1129	Place-28
SMITH	Sarah	-----	F	1788	1130	Place-26
SMITH	Sharon	-----	F	1788	1131	Place-29
SMITH	Sharon	-----	F	1788	1132	Place-21
SMITH	Seonaid	-----	F	1788	1133	Place-1
SMITH	Jenkins	-----	M	1788	1134	Place-5
SMITH	Jim	-----	M	1788	1135	Place-26
SMITH	Sarah	-----	F	1788	1136	Place-1
SMITH	Bob	-----	M	1788	1137	Place-28
SMITH	Paulo	-----	M	1788	1138	Place-14
SMITH	Selina	-----	F	1788	1139	Place-16
SMITH	Jenkins	-----	M	1788	1140	Place-8
SMITH	Sarah	-----	F	1788	1141	Place-9
SMITH	Jim	-----	M	1788	1142	Place-15
SMITH	Shawn	-----	M	1789	1146	Place-28
SMITH	Seonaid	-----	F	1789	1147	Place-0
SMITH	Jacob	-----	M	1789	1148	Place-17
SMITH	Seonaid	-----	F	1789	1149	Place-9
SMITH	Joseph	-----	M	1789	1150	Place-20
SMITH	Susan	-----	F	1789	1151	Place-24
SMITH	Sheila	-----	F	1789	1152	Place-12
SMITH	Suzanne	-----	F	1789	1153	Place-28
SMITH	Seonaid	-----	F	1789	1154	Place-3
SMITH	Selina	-----	F	1789	1155	Place-6
SMITH	Joseph	-----	M	1789	1156	Place-21
SMITH	James	-----	M	1789	1157	Place-27
SMITH	Selina	-----	F	1789	1158	Place-10
SMITH	Susan	-----	F	1789	1159	Place-0
SMITH	Susan	-----	F	1789	1160	Place-28
SMITH	James	-----	M	1789	1161	Place-28
SMITH	Shawn	-----	M	1789	1162	Place-17
SMITH	Bob	-----	M	1789	1163	Place-25
SMITH	Sharon	-----	F	1789	1164	Place-1
SMITH	Seonaid	-----	F	1789	1165	Place-5
SMITH	Seonaid	-----	F	1789	1166	Place-26
SMITH	Briony	-----	F	1789	1167	Place-22
SMITH	Sheila	-----	F	1789	1168	Place-3
SMITH	Sarah	-----	F	1789	1169	Place-29
SMITH	Bob	-----	M	1790	1172	Place-9
SMITH	James	-----	M	1790	1173	Place-11
SMITH	Paulo	-----	M	1790	1174	Place-20
SMITH	Jenkins	-----	M	1790	1175	Place-21
SMITH	Bob	-----	M	1790	1176	Place-3
SMITH	Paulo	-----	M	1790	1177	Place-28
SMITH	James	-----	M	1790	1178	Place-28
SMITH	Paulo	-----	M	1790	1179	Place-13
SMITH	Sharon	-----	F	1790	1180	Place-26
SMITH	James	-----	M	1790	1181	Place-3
SMITH	Joseph	-----	M	1790	1182	Place-1
SMITH	Jenkins	-----	M	1790	1183	Place-24
SMITH	Joseph	-----	M	1790	1184	Place-8
SMITH	Jacob	-----	M	1790	1185	Place-26
SMITH	Selina	-----	F	1790	1186	Place-28
SMITH	Shawn	-----	M	1790	1187	Place-17
SMITH	Joseph	-----	M	1790	1188	Place-1
SMITH	Joseph	-----	M	1790	1189	Place-17
SMITH	Jenkins	-----	M	1790	1190	Place-21
SMITH	Paulo	-----	M	1790	1191	Place-28
SMITH	Shawn	-----	M	1790	1192	Place-4
SMITH	James	-----	M	1790	1193	Place-15
SMITH	Selina	-----	F	1790	1194	Place-23
SMITH	Jenkins	-----	M	1790	1195	Place-8
SMITH	Suzanne	-----	F	1790	1196	Place-6
SMITH	Susan	-----	F	1791	1200	Place-6
SMITH	James	-----	M	1791	1201	Place-6
SMITH	Sarah	-----	F	1791	1202	Place-12
SMITH	Shawn	-----	M	1791	1203	Place-16
SMITH	Susan	-----	F	1791	1204	Place-19
SMITH	Joseph	-----	M	1791	1205	Place-16
SMITH	Suzanne	-----	F	1791	1206	Place-10
SMITH	Sarah	-----	F	1791	1207	Place-9
SMITH	Seonaid	-----	F	1791	1208	Place-23
SMITH	Jim	-----	M	1791	1209	Place-4
SMITH	Sheila	-----	F	1791	1210	Place-24
SMITH	Sarah	-----	F	1791	1211	Place-20
SMITH	Jenkins	-----	M	1791	1212	Place-26
SMITH	Paulo	-----	M	1791	1213	Place-5
SMITH	Paulo	-----	M	1791	1214	Place-12
SMITH	Bob	-----	M	1791	1215	Place-27
SMITH	Jacob	-----	M	1791	1216	Place-2
SMITH	Jim	-----	M	1791	1217	Place-17
SMITH	Shawn	-----	M	1791	1218	Place-17
SMITH	Paulo	-----	M	1791	1219	Place-28
SMITH	Joseph	-----	M	1791	1220	Place-6
SMITH	Sharon	-----	F	1791	1221	Place-7
SMITH	Jenkins	-----	M	1791	1222	Place-8
SMITH	Bob	-----	M	1791	1223	Place-7
SMITH	Joseph	-----	M	1792	1231	Place-27
SMITH	Jim	-----	M	1792	1232	Place-9
SMITH	James	-----	M	1792	1233	Place-7
SMITH	Seonaid	-----	F	1792	1234	Place-9
SMITH	Sarah	-----	F	1792	1235	Place-16
SMITH	Jenkins	-----	M	1792	1236	Place-14
SMITH	Seonaid	-----	F	1792	1237	Place-13
SMITH	Sharon	-----	F	1792	1238	Place-19
SMITH	Susan	-----	F	1792	1239	Place-20
SMITH	Jenkins	-----	M	1792	1240	Place-22
SMITH	Sheila	-----	F	1792	1241	Place-4
SMITH	Jacob	-----	M	1792	1242	Place-12
SMITH	Shawn	-----	M	1792	1243	Place-20
SMITH	Susan	-----	F	1792	1244	Place-28
SMITH	Jacob	-----	M	1792	1245	Place-28
SMITH	James	-----	M	1792	1246	Place-6
SMITH	Susan	-----	F	1792	1247	Place-0
SMITH	Jenkins	-----	M	1792	1248	Place-7
SMITH	Bob	-----	M	1792	1249	Place-26
SMITH	James	-----	M	1792	1250	Place-27
SMITH	Jenkins	-----	M	1792	1251	Place-27
SMITH	Shawn	-----	M	1792	1252	Place-2
SMITH	Bob	-----	M	1792	1253	Place-5
SMITH	Jenkins	-----	M	1792	1254	Place-1
SMITH	Jacob	-----	M	1792	1255	Place-24
SMITH	Sheila	-----	F	1792	1256	Place-26
SMITH	Jim	-----	M	1792	1257	Place-11
SMITH	Paulo	-----	M	1792	1258	Place-24
SMITH	Jacob	-----	M	1792	1259	Place-7
SMITH	Selina	-----	F	1792	1260	Place-27
SMITH	Selina	-----	F	1792	1261	Place-7
SMITH	Shawn	-----	M	1792	1262	Place-1
SMITH	Suzanne	-----	F	1792	1263	Place-7
SMITH	Susan	-----	F	1792	1264	Place-19
SMITH	Jim	-----	M	1792	1265	Place-23
SMITH	Suzanne	-----	F	1793	1270	Place-18
SMITH	Sheila	-----	F	1793	1271	Place-27
SMITH	Susan	-----	F	1793	1272	Place-7
SMITH	Selina	-----	F	1793	1273	Place-29
SMITH	Jacob	-----	M	1793	1274	Place-23
SMITH	Jim	-----	M	1793	1275	Place-1
SMITH	James	-----	M	1793	1276	Place-4
SMITH	Bob	-----	M	1793	1277	Place-19
SMITH	Briony	-----	F	1793	1278	Place-12
SMITH	Sharon	-----	F	1793	1279	Place-19
SMITH	Jenkins	-----	M	1793	1280	Place-12
SMITH	Susan	-----	F	1793	1281	Place-20
SMITH	Sarah	-----	F	1793	1282	Place-10
SMITH	Sharon	-----	F	1793	1283	Place-9
SMITH	Jacob	-----	M	1793	1284	Place-18
SMITH	Sheila	-----	F	1793	1285	Place-3
SMITH	Joseph	-----	M	1793	1286	Place-3
SMITH	Sheila	-----	F	1793	1287	Place-27
SMITH	Seonaid	-----	F	1793	1288	Place-21
SMITH	Joseph	-----	M	1793	1289	Place-5
SMITH	Seonaid	-----	F	1793	1290	Place-24
SMITH	Selina	-----	F	1793	1291	Place-20
SMITH	Jim	-----	M	1793	1292	Place-3
SMITH	Paulo	-----	M	1793	1293	Place-7
SMITH	Paulo	-----	M	1793	1294	Place-29
SMITH	Selina	-----	F	1793	1295	Place-16
SMITH	Bob	-----	M	1793	1296	Place-7
SMITH	Suzanne	-----	F	1793	1297	Place-7
SMITH	Selina	-----	F	1793	1298	Place-26
SMITH	James	-----	M	1794	1303	Place-9
SMITH	Sharon	-----	F	1794	1304	Place-14
SMITH	Shawn	-----	M	1794	1305	Place-7
SMITH	James	-----	M	1794	1306	Place-11
SMITH	Sharon	-----	F	1794	1307	Place-7
SMITH	Joseph	-----	M	1794	1308	Place-10
SMITH	Sharon	-----	F	1794	1309	Place-23
SMITH	Jenkins	-----	M	1794	1310	Place-10
SMITH	Shawn	-----	M	1794	1311	Place-27
SMITH	Joseph	-----	M	1794	1312	Place-14
SMITH	Selina	-----	F	1794	1313	Place-13
SMITH	Susan	-----	F	1794	1314	Place-24
SMITH	Briony	-----	F	1794	1315	Place-29
SMITH	Selina	-----	F	1794	1316	Place-16
SMITH	Jacob	-----	M	1794	1317	Place-12
SMITH	Jenkins	-----	M	1794	1318	Place-26
SMITH	Paulo	-----	M	1794	1319	Place-0
SMITH	Jacob	-----	M	1794	1320	Place-2
SMITH	Sheila	-----	F	1794	1321	Place-7
SMITH	Seonaid	-----	F	1794	1322	Place-7
SMITH	Bob	-----	M	1795	1328	Place-14
SMITH	Susan	-----	F	1795	1329	Place-17
SMITH	Briony	-----	F	1795	1330	Place-9
SMITH	Shawn	-----	M	1795	1331	Place-20
SMITH	Jim	-----	M	1795	1332	Place-18
SMITH	Sharon	-----	F	1795	1333	Place-24
SMITH	Briony	-----	F	1795	1334	Place-12
SMITH	James	-----	M	1795	1335	Place-20
SMITH	Sharon	-----	F	1795	1336	Place-10
SMITH	Selina	-----	F	1795	1337	Place-6
SMITH	Jenkins	-----	M	1795	1338	Place-16
SMITH	Sharon	-----	F	1795	1339	Place-27
SMITH	Paulo	-----	M	1795	1340	Place-19
SMITH	Selina	-----	F	1795	1341	Place-27
SMITH	Jacob	-----	M	1795	1342	Place-19
SMITH	Jim	-----	M	1795	1343	Place-20
SMITH	Seonaid	-----	F	1795	1344	Place-26
SMITH	Suzanne	-----	F	1795	1345	Place-21
SMITH	Jim	-----	M	1795	1346	Place-12
SMITH	Seonaid	-----	F	1795	1347	Place-12
SMITH	Jenkins	-----	M	1795	1348	Place-7
SMITH	Sheila	-----	F	1795	1349	Place-8
SMITH	Suzanne	-----	F	1795	1350	Place-29
SMITH	Selina	-----	F	1795	1351	Place-22
SMITH	Joseph	-----	M	1795	1352	Place-18
SMITH	Susan	-----	F	1795	1353	Place-8
SMITH	Sarah	-----	F	1795	1354	Place-23
SMITH	Paulo	-----	M	1795	1355	Place-25
SMITH	Sarah	-----	F	1796	1357	Place-24
SMITH	Sarah	-----	F	1796	1358	Place-13
SMITH	Sarah	-----	F	1796	1359	Place-9
SMITH	Jacob	-----	M	1796	1360	Place-8
SMITH	Briony	-----	F	1796	1361	Place-12
SMITH	Seonaid	-----	F	1796	1362	Place-5
SMITH	Seonaid	-----	F	1796	1363	Place-20
SMITH	Jacob	-----	M	1796	1364	Place-10
SMITH	Jenkins	-----	M	1796	1365	Place-17
SMITH	Susan	-----	F	1796	1366	Place-24
SMITH	Jacob	-----	M	1796	1367	Place-28
SMITH	Sarah	-----	F	1796	1368	Place-19
SMITH	Briony	-----	F	1796	1369	Place-20
SMITH	James	-----	M	1796	1370	Place-19
SMITH	Suzanne	-----	F	1796	1371	Place-19
SMITH	Susan	-----	F	1796	1372	Place-24
SMITH	Jim	-----	M	1796	1373	Place-20
SMITH	Jenkins	-----	M	1796	1374	Place-10
SMITH	Joseph	-----	M	1796	1375	Place-3
SMITH	Shawn	-----	M	1796	1376	Place-21
SMITH	Seonaid	-----	F	1796	1377	Place-6
SMITH	Joseph	-----	M	1796	1378	Place-21
SMITH	Suzanne	-----	F	1796	1379	Place-13
SMITH	Sharon	-----	F	1796	1380	Place-11
SMITH	Selina	-----	F	1796	1381	Place-28
SMITH	Suzanne	-----	F	1796	1382	Place-3
SMITH	Sarah	-----	F	1796	1383	Place-25
SMITH	Paulo	-----	M	1796	1384	Place-7
SMITH	Sharon	-----	F	1796	1385	Place-21
SMITH	Paulo	-----	M	1796	1386	Place-21
SMITH	Seonaid	-----	F	1796	1387	Place-2
SMITH	Bob	-----	M	1796	1388	Place-26
SMITH	Joseph	-----	M	1796	1389	Place-24
SMITH	Sheila	-----	F	1796	1390	Place-14
SMITH	Sarah	-----	F	1796	1391	Place-23
SMITH	Selina	-----	F	1796	1392	Place-6
SMITH	Jenkins	-----	M	1796	1393	Place-18
SMITH	Briony	-----	F	1796	1394	Place-7
SMITH	Susan	-----	F	1796	1395	Place-18
SMITH	Sheila	-----	F	1796	1396	Place-5
SMITH	Briony	-----	F	1797	1403	Place-20
SMITH	Sheila	-----	F	1797	1404	Place-25
SMITH	Shawn	-----	M	1797	1405	Place-3
SMITH	Suzanne	-----	F	1797	1406	Place-27
SMITH	Sarah	-----	F	1797	1407	Place-8
SMITH	Jacob	-----	M	1797	1408	Place-17
SMITH	Shawn	-----	M	1797	1409	Place-19
SMITH	Jenkins	-----	M	1797	1410	Place-14
SMITH	Paulo	-----	M	1797	1411	Place-24
SMITH	Shawn	-----	M	1797	1412	Place-9
SMITH	Jim	-----	M	1797	1413	Place-28
SMITH	Shawn	-----	M	1797	1414	Place-15
SMITH	Jim	-----	M	1797	1415	Place-15
SMITH	Selina	-----	F	1797	1416	Place-2
SMITH	Jim	-----	M	1797	1417	Place-20
SMITH	Susan	-----	F	1797	1418	Place-27
SMITH	Paulo	-----	M	1797	1419	Place-4
SMITH	Sarah	-----	F	1797	1420	Place-24
SMITH	Jim	-----	M	1797	1421	Place-14
SMITH	Seonaid	-----	F	1797	1422	Place-17
SMITH	Jacob	-----	M	1797	1423	Place-16
SMITH	Jim	-----	M	1797	1424	Place-8
SMITH	James	-----	M	1798	1430	Place-2
SMITH	James	-----	M	1798	1431	Place-1
SMITH	Sarah	-----	F	1798	1432	Place-17
SMITH	Seonaid	-----	F	1798	1433	Place-28
SMITH	James	-----	M	1798	1434	Place-25
SMITH	Selina	-----	F	1798	1435	Place-6
SMITH	Jacob	-----	M	1798	1436	Place-13
SMITH	Jim	-----	M	1798	1437	Place-7
SMITH	Jenkins	-----	M	1798	1438	Place-12
SMITH	Seonaid	-----	F	1798	1439	Place-10
SMITH	Sheila	-----	F	1798	1440	Place-9
SMITH	Jenkins	-----	M	1798	1441	Place-7
SMITH	Briony	-----	F	1798	1442	Place-12
SMITH	Briony	-----	F	1798	1443	Place-14
SMITH	Shawn	-----	M	1798	1444	Place-24
SMITH	Bob	-----	M	1798	1445	Place-20
SMITH	Sarah	-----	F	1798	1446	Place-9
SMITH	Briony	-----	F	1798	1447	Place-28
SMITH	Shawn	-----	M	1798	1448	Place-28
SMITH	Seonaid	-----	F	1798	1449	Place-16
SMITH	Seonaid	-----	F	1798	1450	Place-28
SMITH	Sarah	-----	F	1798	1451	Place-21
SMITH	Sheila	-----	F	1798	1452	Place-15
SMITH	Jim	-----	M	1798	1453	Place-20
SMITH	Bob	-----	M	1798	1454	Place-23
SMITH	Briony	-----	F	1798	1455	Place-26
SMITH	Jenkins	-----	M	1798	1456	Place-8
SMITH	Sharon	-----	F	1799	1460	Place-11
SMITH	Jenkins	-----	M	1799	1461	Place-12
SMITH	Jacob	-----	M	1799	1462	Place-3
SMITH	Jenkins	-----	M	1799	1463	Place-22
SMITH	Jacob	-----	M	1799	1464	Place-3
SMITH	Sarah	-----	F	1799	1465	Place-9
SMITH	Shawn	-----	M	1799	1466	Place-3
SMITH	Susan	-----	F	1799	1467	Place-27
SMITH	Bob	-----	M	1799	1468	Place-25
SMITH	Sarah	-----	F	1799	1469	Place-13
SMITH	Bob	-----	M	1799	1470	Place-15
SMITH	Bob	-----	M	1799	1471	Place-22
SMITH	Jenkins	-----	M	1799	1472	Place-14
SMITH	Sheila	-----	F	1799	1473	Place-7
SMITH	Jacob	-----	M	1799	1474	Place-27
SMITH	Briony	-----	F	1799	1475	Place-21
SMITH	Seonaid	-----	F	1799	1476	Place-21
SMITH	Susan	-----	F	1799	1477	Place-26
SMITH	Seonaid	-----	F	1799	1478	Place-7
SMITH	Bob	-----	M	1799	1479	Place-16
SMITH	Briony	-----	F	1799	1480	Place-19
SMITH	Sarah	-----	F	1799	1481	Place-5
SMITH	Jim	-----	M	1800	1484	Place-27
SMITH	Jacob	-----	M	1800	1485	Place-29
SMITH	Sarah	-----	F	1800	1486	Place-16
SMITH	Jacob	-----	M	1800	1487	Place-27
SMITH	Susan	-----	F	1800	1488	Place-14
SMITH	Jenkins	-----	M	1800	1489	Place-3
SMITH	James	-----	M	1800	1490	Place-16
SMITH	Jim	-----	M	1800	1491	Place-18
SMITH	Jim	-----	M	1800	1492	Place-14
SMITH	Jim	-----	M	1800	1493	Place-2
SMITH	Jenkins	-----	M	1800	1494	Place-7
SMITH	Briony	-----	F	1800	1495	Place-28
SMITH	Seonaid	-----	F	1800	1496	Place-27
SMITH	Paulo	-----	M	1800	1497	Place-28
SMITH	Shawn	-----	M	1800	1498	Place-0
SMITH	Joseph	-----	M	1800	1499	Place-27
SMITH	Susan	-----	F	1800	1500	Place-6
SMITH	Jim	-----	M	1800	1501	Place-7
SMITH	Jacob	-----	M	1800	1502	Place-27
SMITH	Sheila	-----	F	1800	1503	Place-21
SMITH	Jacob	-----	M	1800	1504	Place-18
SMITH	Paulo	-----	M	1800	1505	Place-4
SMITH	Sheila	-----	F	1800	1506	Place-7
SMITH	Sheila	-----	F	1800	1507	Place-7
SMITH	Shawn	-----	M	1800	1508	Place-23
SMITH	Jim	-----	M	1801	1511	Place-25
SMITH	Sarah	-----	F	1801	1512	Place-23
SMITH	Joseph	-----	M	1801	1513	Place-12
SMITH	Bob	-----	M	1801	1514	Place-27
SMITH	James	-----	M	1801	1515	Place-9
SMITH	Sharon	-----	F	1801	1516	Place-18
SMITH	Susan	-----	F	1801	1517	Place-7
SMITH	Sheila	-----	F	1801	1518	Place-11
SMITH	Sarah	-----	F	1801	1519	Place-0
SMITH	Suzanne	-----	F	1801	1520	Place-24
SMITH	Sharon	-----	F	1801	1521	Place-24
SMITH	Jim	-----	M	1801	1522	Place-19
SMITH	Selina	-----	F	1801	1523	Place-28
SMITH	Susan	-----	F	1801	1524	Place-27
SMITH	Sarah	-----	F	1801	1525	Place-6
SMITH	Seonaid	-----	F	1801	1526	Place-27
SMITH	Jim	-----	M	1801	1527	Place-24
SMITH	James	-----	M	1801	1528	Place-18
SMITH	Joseph	-----	M	1801	1529	Place-28
SMITH	Suzanne	-----	F	1801	1530	Place-20
SMITH	Paulo	-----	M	1801	1531	Place-15
SMITH	Susan	-----	F	1801	1532	Place-22
SMITH	Paulo	-----	M	1801	1533	Place-6
SMITH	Shawn	-----	M	1801	1534	Place-6
SMITH	Paulo	-----	M	1801	1535	Place-0
SMITH	Sheila	-----	F	1801	1536	Place-29
SMITH	Joseph	-----	M	1802	1539	Place-26
SMITH	Briony	-----	F	1802	1540	Place-27
SMITH	Joseph	-----	M	1802	1541	Place-9
SMITH	Susan	-----	F	1802	1542	Place-2
SMITH	James	-----	M	1802	1543	Place-17
SMITH	Bob	-----	M	1802	1544	Place-5
SMITH	Seonaid	-----	F	1802	1545	Place-23
SMITH	Sarah	-----	F	1802	1546	Place-3
SMITH	Briony	-----	F	1802	1547	Place-22
SMITH	Briony	-----	F	1802	1548	Place-10
SMITH	James	-----	M	1802	1549	Place-16
SMITH	James	-----	M	1802	1550	Place-7
SMITH	James	-----	M	1802	1551	Place-20
SMITH	Joseph	-----	M	1802	1552	Place-24
SMITH	Sheila	-----	F	1802	1553	Place-5
SMITH	Susan	-----	F	1802	1554	Place-8
SMITH	Briony	-----	F	1802	1555	Place-19
SMITH	Sheila	-----	F	1802	1556	Place-19
SMITH	Selina	-----	F	1802	1557	Place-20
SMITH	Susan	-----	F	1802	1558	Place-18
SMITH	Jacob	-----	M	1802	1559	Place-7
SMITH	Shawn	-----	M	1802	1560	Place-28
SMITH	Shawn	-----	M	1802	1561	Place-27
SMITH	James	-----	M	1802	1562	Place-8
SMITH	Suzanne	-----	F	1802	1563	Place-7
SMITH	Bob	-----	M	1802	1564	Place-21
SMITH	Sarah	-----	F	1802	1565	Place-20
SMITH	Susan	-----	F	1802	1566	Place-22
SMITH	Sharon	-----	F	1802	1567	Place-14
SMITH	James	-----	M	1802	1568	Place-13
SMITH	Bob	-----	M	1802	1569	Place-24
SMITH	Jenkins	-----	M	1802	1570	Place-29
SMITH	Shawn	-----	M	1802	1571	Place-28
SMITH	Sheila	-----	F	1802	1572	Place-21
SMITH	Jacob	-----	M	1803	1578	Place-24
SMITH	James	-----	M	1803	1579	Place-12
SMITH	James	-----	M	1803	1580	Place-18
SMITH	Sheila	-----	F	1803	1581	Place-24
SMITH	James	-----	M	1803	1582	Place-13
SMITH	Bob	-----	M	1803	1583	Place-1
SMITH	Selina	-----	F	1803	1584	Place-18
SMITH	Seonaid	-----	F	1803	1585	Place-13
SMITH	Selina	-----	F	1803	1586	Place-10
SMITH	Sheila	-----	F	1803	1587	Place-29
SMITH	Seonaid	-----	F	1803	1588	Place-18
SMITH	Jacob	-----	M	1803	1589	Place-16
SMITH	Suzanne	-----	F	1803	1590	Place-13
SMITH	Sarah	-----	F	1803	1591	Place-27
SMITH	Sharon	-----	F	1803	1592	Place-13
SMITH	Bob	-----	M	1803	1593	Place-12
SMITH	Susan	-----	F	1803	1594	Place-7
SMITH	Suzanne	-----	F	1803	1595	Place-24
SMITH	Briony	-----	F	1803	1596	Place-21
SMITH	Sarah	-----	F	1803	1597	Place-12
SMITH	Jim	-----	M	1803	1598	Place-19
SMITH	Selina	-----	F	1803	1599	Place-26
SMITH	Sheila	-----	F	1803	1600	Place-15
SMITH	Sarah	-----	F	1804	1605	Place-24
SMITH	Joseph	-----	M	1804	1606	Place-16
SMITH	Joseph	-----	M	1804	1607	Place-4
SMITH	Joseph	-----	M	1804	1608	Place-22
SMITH	Jim	-----	M	1804	1609	Place-19
SMITH	Briony	-----	F	1804	1610	Place-28
SMITH	Bob	-----	M	1804	1611	Place-25
SMITH	Jim	-----	M	1804	1612	Place-12
SMITH	Jenkins	-----	M	1804	1613	Place-17
SMITH	Sarah	-----	F	1804	1614	Place-13
SMITH	Seonaid	-----	F	1804	1615	Place-22
SMITH	Jenkins	-----	M	1804	1616	Place-10
SMITH	Joseph	-----	M	1804	1617	Place-24
SMITH	Jim	-----	M	1804	1618	Place-24
SMITH	Sheila	-----	F	1804	1619	Place-28
SMITH	Selina	-----	F	1804	1620	Place-18
SMITH	Sarah	-----	F	1804	1621	Place-26
SMITH	Sarah	-----	F	1804	1622	Place-27
SMITH	Seonaid	-----	F	1804	1623	Place-24
SMITH	Jacob	-----	M	1804	1624	Place-29
SMITH	Joseph	-----	M	1804	1625	Place-8
SMITH	Joseph	-----	M	1804	1626	Place-20
SMITH	Jenkins	-----	M	1805	1630	Place-15
SMITH	Jim	-----	M	1805	1631	Place-23
SMITH	Susan	-----	F	1805	1632	Place-18
SMITH	Suzanne	-----	F	1805	1633	Place-10
SMITH	Jenkins	-----	M	1805	1634	Place-28
SMITH	Selina	-----	F	1805	1635	Place-5
SMITH	Susan	-----	F	1805	1636	Place-12
SMITH	Jim	-----	M	1805	1637	Place-24
SMITH	Sharon	-----	F	1805	1638	Place-22
SMITH	Sheila	-----	F	1805	1639	Place-14
SMITH	Jenkins	-----	M	1805	1640	Place-4
SMITH	Briony	-----	F	1805	1641	Place-1
SMITH	Sheila	-----	F	1805	1642	Place-18
SMITH	Seonaid	-----	F	1805	1643	Place-15
SMITH	James	-----	M	1805	1644	Place-21
SMITH	Selina	-----	F	1805	1645	Place-4
SMITH	Sheila	-----	F	1805	1646	Place-21
SMITH	Joseph	-----	M	1805	1647	Place-28
SMITH	Paulo	-----	M	1805	1648	Place-0
SMITH	Bob	-----	M	1805	1649	Place-10
SMITH	Suzanne	-----	F	1805	1650	Place-13
SMITH	Selina	-----	F	1805	1651	Place-5
SMITH	Paulo	-----	M	1805	1652	Place-5
SMITH	Selina	-----	F	1805	1653	Place-7
SMITH	Joseph	-----	M	1805	1654	Place-23
SMITH	Seonaid	-----	F	1805	1655	Place-28
SMITH	Bob	-----	M	1805	1656	Place-27
SMITH	Sarah	-----	F	1805	1657	Place-7
SMITH	Joseph	-----	M	1805	1658	Place-26
SMITH	Jenkins	-----	M	1805	1659	Place-29
SMITH	Jenkins	-----	M	1805	1660	Place-5
SMITH	Selina	-----	F	1806	1669	Place-22
SMITH	James	-----	M	1806	1670	Place-28
SMITH	Briony	-----	F	1806	1671	Place-24
SMITH	Bob	-----	M	1806	1672	Place-9
SMITH	Sharon	-----	F	1806	1673	Place-26
SMITH	Suzanne	-----	F	1806	1674	Place-16
SMITH	Shawn	-----	M	1806	1675	Place-24
SMITH	Bob	-----	M	1806	1676	Place-11
SMITH	Jacob	-----	M	1806	1677	Place-10
SMITH	James	-----	M	1806	1678	Place-7
SMITH	Shawn	-----	M	1806	1679	Place-12
SMITH	Jenkins	-----	M	1806	1680	Place-20
SMITH	Sarah	-----	F	1806	1681	Place-18
SMITH	Susan	-----	F	1806	1682	Place-22
SMITH	Sheila	-----	F	1806	1683	Place-18
SMITH	Sarah	-----	F	1806	1684	Place-13
SMITH	Jacob	-----	M	1806	1685	Place-23
SMITH	Sarah	-----	F	1806	1686	Place-4
SMITH	Sarah	-----	F	1806	1687	Place-25
SMITH	Susan	-----	F	1806	1688	Place-23
SMITH	Sheila	-----	F	1806	1689	Place-13
SMITH	Briony	-----	F	1806	1690	Place-5
SMITH	Bob	-----	M	1806	1691	Place-27
SMITH	Seonaid	-----	F	1806	1692	Place-9
SMITH	James	-----	M	1806	1693	Place-6
SMITH	Sharon	-----	F	1806	1694	Place-18
SMITH	Jim	-----	M	1806	1695	Place-20
SMITH	Briony	-----	F	1806	1696	Place-25
SMITH	Sarah	-----	F	1806	1697	Place-7
SMITH	Shawn	-----	M	1806	1698	Place-8
SMITH	Paulo	-----	M	1806	1699	Place-0
SMITH	Sheila	-----	F	1806	1700	Place-19
SMITH	Bob	-----	M	1806	1701	Place-26
SMITH	Suzanne	-----	F	1806	1702	Place-5
SMITH	Sheila	-----	F	1807	1707	Place-5
SMITH	Shawn	-----	M	1807	1708	Place-9
SMITH	Susan	-----	F	1807	1709	Place-16
SMITH	Sheila	-----	F	1807	1710	Place-27
SMITH	Shawn	-----	M	1807	1711	Place-28
SMITH	Jenkins	-----	M	1807	1712	Place-24
SMITH	Briony	-----	F	1807	1713	Place-12
SMITH	Sharon	-----	F	1807	1714	Place-21
SMITH	Sarah	-----	F	1807	1715	Place-22
SMITH	Paulo	-----	M	1807	1716	Place-13
SMITH	Jenkins	-----	M	1807	1717	Place-19
SMITH	Jacob	-----	M	1807	1718	Place-28
SMITH	Sharon	-----	F	1807	1719	Place-27
SMITH	Jim	-----	M	1807	1720	Place-23
SMITH	Jenkins	-----	M	1807	1721	Place-27
SMITH	Bob	-----	M	1807	1722	Place-21
SMITH	Joseph	-----	M	1807	1723	Place-3
SMITH	Jim	-----	M	1807	1724	Place-4
SMITH	Jim	-----	M	1807	1725	Place-0
SMITH	Shawn	-----	M	1807	1726	Place-25
SMITH	Jim	-----	M	1807	1727	Place-10
SMITH	Briony	-----	F	1807	1728	Place-9
SMITH	Sarah	-----	F	1807	1729	Place-25
SMITH	Jenkins	-----	M	1807	1730	Place-8
SMITH	Jenkins	-----	M	1807	1731	Place-26
SMITH	James	-----	M	1807	1732	Place-19
SMITH	Jenkins	-----	M	1807	1733	Place-23
SMITH	James	-----	M	1807	1734	Place-26
SMITH	Joseph	-----	M	1807	1735	Place-1
SMITH	Seonaid	-----	F	1807	1736	Place-26
SMITH	Briony	-----	F	1808	1742	Place-16
SMITH	James	-----	M	1808	1743	Place-21
SMITH	Briony	-----	F	1808	1744	Place-3
SMITH	Sharon	-----	F	1808	1745	Place-25
SMITH	Seonaid	-----	F	1808	1746	Place-22
SMITH	Sarah	-----	F	1808	1747	Place-9
SMITH	James	-----	M	1808	1748	Place-9
SMITH	Seonaid	-----	F	1808	1749	Place-23
SMITH	Jenkins	-----	M	1808	1750	Place-27
SMITH	Sarah	-----	F	1808	1751	Place-13
SMITH	Shawn	-----	M	1808	1752	Place-1
SMITH	Jenkins	-----	M	1808	1753	Place-15
SMITH	Shawn	-----	M	1808	1754	Place-7
SMITH	Briony	-----	F	1808	1755	Place-12
SMITH	Jenkins	-----	M	1808	1756	Place-18
SMITH	Sharon	-----	F	1808	1757	Place-13
SMITH	Joseph	-----	M	1808	1758	Place-22
SMITH	Suzanne	-----	F	1808	1759	Place-24
SMITH	Suzanne	-----	F	1808	1760	Place-13
SMITH	Sarah	-----	F	1808	1761	Place-26
SMITH	Briony	-----	F	1808	1762	Place-24
SMITH	Jim	-----	M	1808	1763	Place-7
SMITH	Jacob	-----	M	1808	1764	Place-21
SMITH	Bob	-----	M	1808	1765	Place-26
SMITH	Selina	-----	F	1808	1766	Place-20
SMITH	Seonaid	-----	F	1808	1767	Place-25
SMITH	Paulo	-----	M	1809	1770	Place-21
SMITH	Seonaid	-----	F	1809	1771	Place-19
SMITH	Paulo	-----	M	1809	1772	Place-13
SMITH	Briony	-----	F	1809	1773	Place-11
SMITH	Bob	-----	M	1809	1774	Place-24
SMITH	Sarah	-----	F	1809	1775	Place-18
SMITH	James	-----	M	1809	1776	Place-29
SMITH	Selina	-----	F	1809	1777	Place-11
SMITH	Suzanne	-----	F	1809	1778	Place-9
SMITH	Jenkins	-----	M	1809	1779	Place-20
SMITH	Briony	-----	F	1809	1780	Place-26
SMITH	Paulo	-----	M	1809	1781	Place-7
SMITH	Selina	-----	F	1809	1782	Place-14
SMITH	Shawn	-----	M	1809	1783	Place-3
SMITH	Shawn	-----	M	1809	1784	Place-18
SMITH	Shawn	-----	M	1809	1785	Place-19
SMITH	Jacob	-----	M	1809	1786	Place-27
SMITH	Bob	-----	M	1809	1787	Place-25
SMITH	Shawn	-----	M	1809	1788	Place-5
SMITH	Bob	-----	M	1809	1789	Place-9
SMITH	Sarah	-----	F	1809	1790	Place-9
SMITH	Selina	-----	F	1809	1791	Place-23
SMITH	James	-----	M	1809	1792	Place-23
SMITH	Shawn	-----	M	1809	1793	Place-9
SMITH	Sharon	-----	F	1809	1794	Place-1
SMITH	Selina	-----	F	1809	1795	Place-4
SMITH	Selina	-----	F	1809	1796	Place-21
SMITH	Suzanne	-----	F	1809	1797	Place-14
SMITH	Sarah	-----	F	1809	1798	Place-18
SMITH	Sarah	-----	F	1809	1799	Place-13
SMITH	Briony	-----	F	1809	1800	Place-26
SMITH	James	-----	M	1809	1801	Place-23
SMITH	Sharon	-----	F	1809	1802	Place-26
SMITH	Susan	-----	F	1809	1803	Place-22
SMITH	Sarah	-----	F	1809	1804	Place-24
SMITH	Bob	-----	M	1809	1805	Place-14
SMITH	Sharon	-----	F	1809	1806	Place-5
SMITH	Seonaid	-----	F	1809	1807	Place-19
SMITH	Jacob	-----	M	1809	1808	Place-1
SMITH	Sarah	-----	F	1809	1809	Place-24
SMITH	Selina	-----	F	1809	1810	Place-1
SMITH	Bob	-----	M	1810	1816	Place-28
SMITH	Shawn	-----	M	1810	1817	Place-27
SMITH	Seonaid	-----	F	1810	1818	Place-3
SMITH	Susan	-----	F	1810	1819	Place-18
SMITH	Paulo	-----	M	1810	1820	Place-18
SMITH	Selina	-----	F	1810	1821	Place-13
SMITH	Jim	-----	M	1810	1822	Place-15
SMITH	Joseph	-----	M	1810	1823	Place-14
SMITH	Paulo	-----	M	1810	1824	Place-28
SMITH	Selina	-----	F	1810	1825	Place-8
SMITH	Susan	-----	F	1810	1826	Place-3
SMITH	Bob	-----	M	1810	1827	Place-14
SMITH	Paulo	-----	M	1810	1828	Place-5
SMITH	Joseph	-----	M	1810	1829	Place-22
SMITH	Seonaid	-----	F	1810	1830	Place-14
SMITH	James	-----	M	1810	1831	Place-11
SMITH	Jacob	-----	M	1810	1832	Place-20
SMITH	Seonaid	-----	F	1810	1833	Place-22
SMITH	James	-----	M	1810	1834	Place-22
SMITH	Sheila	-----	F	1810	1835	Place-28
SMITH	Sarah	-----	F	1810	1836	Place-23
SMITH	Sheila	-----	F	1810	1837	Place-13
SMITH	Jenkins	-----	M	1810	1838	Place-26
SMITH	Joseph	-----	M	1810	1839	Place-24
SMITH	Jacob	-----	M	1810	1840	Place-13
SMITH	Jacob	-----	M	1810	1841	Place-9
SMITH	Bob	-----	M	1810	1842	Place-18
SMITH	Joseph	-----	M	1810	1843	Place-18
SMITH	Suzanne	-----	F	1810	1844	Place-5
SMITH	Sheila	-----	F	1810	1845	Place-24
SMITH	Susan	-----	F	1810	1846	Place-20
SMITH	Sarah	-----	F	1810	1847	Place-19
SMITH	Joseph	-----	M	1810	1848	Place-26
SMITH	Jacob	-----	M	1811	1852	Place-23
SMITH	Paulo	-----	M	1811	1853	Place-10
SMITH	Briony	-----	F	1811	1854	Place-6
SMITH	Sheila	-----	F	1811	1855	Place-3
SMITH	Susan	-----	F	1811	1856	Place-4
SMITH	Joseph	-----	M	1811	1857	Place-12
SMITH	Shawn	-----	M	1811	1858	Place-11
SMITH	Briony	-----	F	1811	1859	Place-14
SMITH	Joseph	-----	M	1811	1860	Place-0
SMITH	Briony	-----	F	1811	1861	Place-18
SMITH	Joseph	-----	M	1811	1862	Place-0
SMITH	Joseph	-----	M	1811	1863	Place-10
SMITH	Seonaid	-----	F	1811	1864	Place-18
SMITH	James	-----	M	1811	1865	Place-20
SMITH	Joseph	-----	M	1811	1866	Place-17
SMITH	Suzanne	-----	F	1811	1867	Place-14
SMITH	Jim	-----	M	1811	1868	Place-4
SMITH	Jim	-----	M	1811	1869	Place-15
SMITH	Bob	-----	M	1811	1870	Place-2
SMITH	James	-----	M	1811	1871	Place-29
SMITH	Sharon	-----	F	1811	1872	Place-3
SMITH	Paulo	-----	M	1811	1873	Place-18
SMITH	Sharon	-----	F	1811	1874	Place-5
SMITH	Briony	-----	F	1811	1875	Place-21
SMITH	Bob	-----	M	1811	1876	Place-9
SMITH	Jenkins	-----	M	1811	1877	Place-23
SMITH	Seonaid	-----	F	1811	1878	Place-16
SMITH	Bob	-----	M	1811	1879	Place-15
SMITH	Jenkins	-----	M	1811	1880	Place-22
SMITH	Sarah	-----	F	1811	1881	Place-13
SMITH	Briony	-----	F	1811	1882	Place-13
SMITH	James	-----	M	1811	1883	Place-19
SMITH	Selina	-----	F	1811	1884	Place-13
SMITH	Bob	-----	M	1811	1885	Place-28
SMITH	Seonaid	-----	F	1811	1886	Place-22
SMITH	Sheila	-----	F	1811	1887	Place-23
SMITH	Briony	-----	F	1811	1888	Place-11
SMITH	Sarah	-----	F	1811	1889	Place-26
SMITH	Briony	-----	F	1811	1890	Place-29
SMITH	Suzanne	-----	F	1811	1891	Place-1
SMITH	Susan	-----	F	1811	1892	Place-16
SMITH	Seonaid	-----	F	1811	1893	Place-10
SMITH	James	-----	M	1811	1894	Place-21
SMITH	Paulo	-----	M	1811	1895	Place-8
SMITH	Jacob	-----	M	1812	1902	Place-17
SMITH	Sarah	-----	F	1812	1903	Place-20
SMITH	Briony	-----	F	1812	1904	Place-0
SMITH	Susan	-----	F	1812	1905	Place-21
SMITH	Susan	-----	F	1812	1906	Place-24
SMITH	Selina	-----	F	1812	1907	Place-13
SMITH	James	-----	M	1812	1908	Place-14
SMITH	Selina	-----	F	1812	1909	Place-28
SMITH	Sarah	-----	F	1812	1910	Place-13
SMITH	Sharon	-----	F	1812	1911	Place-28
SMITH	Sheila	-----	F	1812	1912	Place-12
SMITH	Shawn	-----	M	1812	1913	Place-2
SMITH	Sharon	-----	F	1812	1914	Place-6
SMITH	Suzanne	-----	F	1812	1915	Place-21
SMITH	Briony	-----	F	1812	1916	Place-24
SMITH	Jacob	-----	M	1812	1917	Place-11
SMITH	Jacob	-----	M	1812	1918	Place-20
SMITH	Suzanne	-----	F	1812	1919	Place-19
SMITH	Sheila	-----	F	1812	1920	Place-5
SMITH	Seonaid	-----	F	1812	1921	Place-14
SMITH	Joseph	-----	M	1812	1922	Place-9
SMITH	Bob	-----	M	1812	1923	Place-11
SMITH	Sheila	-----	F	1812	1924	Place-15
SMITH	Bob	-----	M	1812	1925	Place-26
SMITH	Selina	-----	F	1812	1926	Place-25
SMITH	Sheila	-----	F	1812	1927	Place-22
SMITH	Sheila	-----	F	1812	1928	Place-20
SMITH	Bob	-----	M	1812	1929	Place-23
SMITH	Shawn	-----	M	1812	1930	Place-24
SMITH	Briony	-----	F	1812	1931	Place-10
SMITH	Seonaid	-----	F	1812	1932	Place-21
SMITH	Sharon	-----	F	1812	1933	Place-14
SMITH	Sharon	-----	F	1812	1934	Place-26
SMITH	Sarah	-----	F	1812	1935	Place-16
SMITH	Shawn	-----	M	1812	1936	Place-1
SMITH	Bob	-----	M	1812	1937	Place-29
SMITH	Sarah	-----	F	1812	1938	Place-14
SMITH	Susan	-----	F	1812	1939	Place-4
SMITH	Sheila	-----	F	1812	1940	Place-24
SMITH	Jim	-----	M	1813	1943	Place-9
SMITH	Jacob	-----	M	1813	1944	Place-18
SMITH	Bob	-----	M	1813	1945	Place-9
SMITH	Seonaid	-----	F	1813	1946	Place-6
SMITH	Seonaid	-----	F	1813	1947	Place-19
SMITH	Selina	-----	F	1813	1948	Place-3
SMITH	Susan	-----	F	1813	1949	Place-16
SMITH	Jim	-----	M	1813	1950	Place-12
SMITH	Shawn	-----	M	1813	1951	Place-9
SMITH	Briony	-----	F	1813	1952	Place-18
SMITH	Suzanne	-----	F	1813	1953	Place-24
SMITH	Bob	-----	M	1813	1954	Place-0
SMITH	Jacob	-----	M	1813	1955	Place-2
SMITH	Seonaid	-----	F	1813	1956	Place-3
SMITH	Jenkins	-----	M	1813	1957	Place-21
SMITH	Selina	-----	F	1813	1958	Place-24
SMITH	Jenkins	-----	M	1813	1959	Place-4
SMITH	Briony	-----	F	1813	1960	Place-18
SMITH	Susan	-----	F	1813	1961	Place-4
SMITH	Shawn	-----	M	1813	1962	Place-24
SMITH	Jim	-----	M	1813	1963	Place-29
SMITH	Susan	-----	F	1813	1964	Place-14
SMITH	Susan	-----	F	1813	1965	Place-20
SMITH	Sarah	-----	F	1813	1966	Place-22
SMITH	Susan	-----	F	1813	1967	Place-13
SMITH	Selina	-----	F	1813	1968	Place-18
SMITH	Bob	-----	M	1813	1969	Place-5
SMITH	Seonaid	-----	F	1813	1970	Place-0
SMITH	Suzanne	-----	F	1813	1971	Place-1
SMITH	Suzanne	-----	F	1813	1972	Place-26
SMITH	Briony	-----	F	1813	1973	Place-19
SMITH	Joseph	-----	M	1813	1974	Place-10
SMITH	Suzanne	-----	F	1813	1975	Place-26
SMITH	Jacob	-----	M	1813	1976	Place-14
SMITH	Seonaid	-----	F	1813	1977	Place-28
SMITH	Suzanne	-----	F	1813	1978	Place-24
SMITH	Paulo	-----	M	1813	1979	Place-23
SMITH	Bob	-----	M	1814	1983	Place-12
SMITH	Paulo	-----	M	1814	1984	Place-14
SMITH	Shawn	-----	M	1814	1985	Place-18
SMITH	Susan	-----	F	1814	1986	Place-16
SMITH	Sharon	-----	F	1814	1987	Place-11
SMITH	Sharon	-----	F	1814	1988	Place-26
SMITH	Sheila	-----	F	1814	1989	Place-5
SMITH	Sarah	-----	F	1814	1990	Place-16
SMITH	Joseph	-----	M	1814	1991	Place-12
SMITH	Sheila	-----	F	1814	1992	Place-26
SMITH	Susan	-----	F	1814	1993	Place-6
SMITH	Jenkins	-----	M	1814	1994	Place-6
SMITH	Seonaid	-----	F	1814	1995	Place-9
SMITH	Sarah	-----	F	1814	1996	Place-29
SMITH	Bob	-----	M	1814	1997	Place-20
SMITH	Sarah	-----	F	1814	1998	Place-11
SMITH	Sharon	-----	F	1814	1999	Place-18
SMITH	Susan	-----	F	1814	2000	Place-21
SMITH	Sheila	-----	F	1814	2001	Place-23
SMITH	Shawn	-----	M	1814	2002	Place-20
SMITH	Shawn	-----	M	1814	2003	Place-15
SMITH	Paulo	-----	M	1814	2004	Place-10
SMITH	Shawn	-----	M	1814	2005	Place-3
SMITH	Selina	-----	F	1814	2006	Place-4
SMITH	James	-----	M	1814	2007	Place-14
SMITH	Shawn	-----	M	1814	2008	Place-1
SMITH	Jim	-----	M	1814	2009	Place-16
SMITH	Jim	-----	M	1814	2010	Place-13
SMITH	Susan	-----	F	1814	2011	Place-20
SMITH	Sharon	-----	F	1814	2012	Place-22
SMITH	Suzanne	-----	F	1814	2013	Place-3
SMITH	Briony	-----	F	1814	2014	Place-25
SMITH	Jenkins	-----	M	1814	2015	Place-23
SMITH	Sharon	-----	F	1814	2016	Place-13
SMITH	Jim	-----	M	1814	2017	Place-24
SMITH	Paulo	-----	M	1814	2018	Place-27
SMITH	Jim	-----	M	1814	2019	Place-18
SMITH	Selina	-----	F	1814	2020	Place-21
SMITH	Suzanne	-----	F	1814	2021	Place-29
SMITH	Sheila	-----	F	1814	2022	Place-20
SMITH	Shawn	-----	M	1814	2023	Place-18
SMITH	Sarah	-----	F	1814	2024	Place-26
SMITH	Jenkins	-----	M	1814	2025	Place-5
SMITH	Jacob	-----	M	1814	2026	Place-8
SMITH	Sheila	-----	F	1814	2027	Place-3
SMITH	Seonaid	-----	F	1814	2028	Place-7
SMITH	James	-----	M	1814	2029	Place-12
SMITH	Seonaid	-----	F	1814	2030	Place-27
SMITH	Seonaid	-----	F	1814	2031	Place-19
SMITH	Sarah	-----	F	1815	2038	Place-13
SMITH	Sarah	-----	F	1815	2039	Place-12
SMITH	Shawn	-----	M	1815	2040	Place-18
SMITH	Seonaid	-----	F	1815	2041	Place-13
SMITH	Bob	-----	M	1815	2042	Place-27
SMITH	Jenkins	-----	M	1815	2043	Place-9
SMITH	Shawn	-----	M	1815	2044	Place-9
SMITH	Jacob	-----	M	1815	2045	Place-14
SMITH	Shawn	-----	M	1815	2046	Place-0
SMITH	Joseph	-----	M	1815	2047	Place-11
SMITH	Jacob	-----	M	1815	2048	Place-12
SMITH	Sheila	-----	F	1815	2049	Place-5
SMITH	Jim	-----	M	1815	2050	Place-14
SMITH	Jacob	-----	M	1815	2051	Place-0
SMITH	Jenkins	-----	M	1815	2052	Place-0
SMITH	Sarah	-----	F	1815	2053	Place-24
SMITH	Paulo	-----	M	1815	2054	Place-11
SMITH	Bob	-----	M	1815	2055	Place-25
SMITH	Sarah	-----	F	1815	2056	Place-24
SMITH	Selina	-----	F	1815	2057	Place-15
SMITH	Seonaid	-----	F	1815	2058	Place-17
SMITH	Shawn	-----	M	1815	2059	Place-5
SMITH	Jacob	-----	M	1815	2060	Place-13
SMITH	Jim	-----	M	1815	2061	Place-8
SMITH	Sharon	-----	F	1815	2062	Place-22
SMITH	Jenkins	-----	M	1815	2063	Place-23
SMITH	Sarah	-----	F	1815	2064	Place-5
SMITH	Jacob	-----	M	1815	2065	Place-24
SMITH	Seonaid	-----	F	1815	2066	Place-5
SMITH	Shawn	-----	M	1815	2067	Place-21
SMITH	Susan	-----	F	1815	2068	Place-13
SMITH	Jim	-----	M	1815	2069	Place-24
SMITH	Bob	-----	M	1815	2070	Place-18
SMITH	Selina	-----	F	1815	2071	Place-10
SMITH	Bob	-----	M	1815	2072	Place-7
SMITH	James	-----	M	1815	2073	Place-28
SMITH	Jacob	-----	M	1815	2074	Place-21
SMITH	Sheila	-----	F	1815	2075	Place-18
SMITH	Sheila	-----	F	1816	2082	Place-20
SMITH	Sharon	-----	F	1816	2083	Place-5
SMITH	Sarah	-----	F	1816	2084	Place-21
SMITH	Jim	-----	M	1816	2085	Place-16
SMITH	Sharon	-----	F	1816	2086	Place-9
SMITH	Jim	-----	M	1816	2087	Place-4
SMITH	James	-----	M	1816	2088	Place-11
SMITH	Jenkins	-----	M	1816	2089	Place-13
SMITH	Shawn	-----	M	1816	2090	Place-12
SMITH	Selina	-----	F	1816	2091	Place-12
SMITH	Seonaid	-----	F	1816	2092	Place-9
SMITH	Jim	-----	M	1816	2093	Place-29
SMITH	Sheila	-----	F	1816	2094	Place-13
SMITH	Jenkins	-----	M	1816	2095	Place-9
SMITH	Briony	-----	F	1816	2096	Place-14
SMITH	Shawn	-----	M	1816	2097	Place-13
SMITH	Sarah	-----	F	1816	2098	Place-27
SMITH	James	-----	M	1816	2099	Place-5
SMITH	Suzanne	-----	F	1816	2100	Place-14
SMITH	Briony	-----	F	1816	2101	Place-1
SMITH	Jim	-----	M	1816	2102	Place-24
SMITH	Shawn	-----	M	1816	2103	Place-1
SMITH	Jenkins	-----	M	1816	2104	Place-4
SMITH	Bob	-----	M	1816	2105	Place-26
SMITH	Shawn	-----	M	1816	2106	Place-11
SMITH	Sarah	-----	F	1816	2107	Place-25
SMITH	Suzanne	-----	F	1816	2108	Place-19
SMITH	Shawn	-----	M	1816	2109	Place-22
SMITH	Sarah	-----	F	1816	2110	Place-22
SMITH	Jacob	-----	M	1816	2111	Place-1
SMITH	Jacob	-----	M	1816	2112	Place-10
SMITH	Briony	-----	F	1816	2113	Place-25
SMITH	Sheila	-----	F	1816	2114	Place-23
SMITH	Jacob	-----	M	1816	2115	Place-27
SMITH	Sheila	-----	F	1816	2116	Place-8
SMITH	Jim	-----	M	1816	2117	Place-26
SMITH	Selina	-----	F	1816	2118	Place-19
SMITH	Joseph	-----	M	1816	2119	Place-22
SMITH	James	-----	M	1816	2120	Place-19
SMITH	Sarah	-----	F	1816	2121	Place-20
SMITH	Jim	-----	M	1816	2122	Place-8
SMITH	Paulo	-----	M	1817	2130	Place-13
SMITH	Jim	-----	M	1817	2131	Place-26
SMITH	Susan	-----	F	1817	2132	Place-10
SMITH	Sharon	-----	F	1817	2133	Place-5
SMITH	Jim	-----	M	1817	2134	Place-17
SMITH	Shawn	-----	M	1817	2135	Place-21
SMITH	Seonaid	-----	F	1817	2136	Place-2
SMITH	Suzanne	-----	F	1817	2137	Place-9
SMITH	Sarah	-----	F	1817	2138	Place-28
SMITH	Susan	-----	F	1817	2139	Place-8
SMITH	Joseph	-----	M	1817	2140	Place-12
SMITH	Bob	-----	M	1817	2141	Place-29
SMITH	James	-----	M	1817	2142	Place-26
SMITH	Jenkins	-----	M	1817	2143	Place-1
SMITH	Bob	-----	M	1817	2144	Place-19
SMITH	Sheila	-----	F	1817	2145	Place-20
SMITH	Briony	-----	F	1817	2146	Place-0
SMITH	Susan	-----	F	1817	2147	Place-5
SMITH	Sheila	-----	F	1817	2148	Place-9
SMITH	Jacob	-----	M	1817	2149	Place-14
SMITH	Sharon	-----	F	1817	2150	Place-18
SMITH	Suzanne	-----	F	1817	2151	Place-0
SMITH	Briony	-----	F	1817	2152	Place-22
SMITH	Shawn	-----	M	1817	2153	Place-19
SMITH	Seonaid	-----	F	1817	2154	Place-11
SMITH	Susan	-----	F	1817	2155	Place-2
SMITH	Susan	-----	F	1817	2156	Place-22
SMITH	Sheila	-----	F	1817	2157	Place-7
SMITH	Suzanne	-----	F	1817	2158	Place-13
SMITH	Seonaid	-----	F	1817	2159	Place-11
SMITH	Joseph	-----	M	1817	2160	Place-20
SMITH	Jim	-----	M	1817	2161	Place-22
SMITH	Paulo	-----	M	1817	2162	Place-25
SMITH	Jim	-----	M	1817	2163	Place-0
SMITH	Susan	-----	F	1817	2164	Place-24
SMITH	Suzanne	-----	F	1817	2165	Place-10
SMITH	James	-----	M	1817	2166	Place-21
SMITH	Briony	-----	F	1817	2167	Place-19
SMITH	Shawn	-----	M	1817	2168	Place-8
SMITH	Selina	-----	F	1817	2169	Place-26
SMITH	Sarah	-----	F	1817	2170	Place-27
SMITH	Briony	-----	F	1817	2171	Place-28
SMITH	Sarah	-----	F	1818	2179	Place-7
SMITH	Selina	-----	F	1818	2180	Place-10
SMITH	Selina	-----	F	1818	2181	Place-11
SMITH	Sharon	-----	F	1818	2182	Place-25
SMITH	Selina	-----	F	1818	2183	Place-13
SMITH	Susan	-----	F	1818	2184	Place-1
SMITH	Susan	-----	F	1818	2185	Place-2
SMITH	Jim	-----	M	1818	2186	Place-24
SMITH	Sarah	-----	F	1818	2187	Place-21
SMITH	Jacob	-----	M	1818	2188	Place-13
SMITH	Joseph	-----	M	1818	2189	Place-22
SMITH	Selina	-----	F	1818	2190	Place-13
SMITH	Selina	-----	F	1818	2191	Place-13
SMITH	Seonaid	-----	F	1818	2192	Place-17
SMITH	Shawn	-----	M	1818	2193	Place-1
SMITH	Jim	-----	M	1818	2194	Place-4
SMITH	Suzanne	-----	F	1818	2195	Place-11
SMITH	Paulo	-----	M	1818	2196	Place-11
SMITH	Seonaid	-----	F	1818	2197	Place-7
SMITH	Bob	-----	M	1818	2198	Place-22
SMITH	Sheila	-----	F	1818	2199	Place-10
SMITH	Sheila	-----	F	1818	2200	Place-20
SMITH	Selina	-----	F	1818	2201	Place-20
SMITH	Sheila	-----	F	1818	2202	Place-28
SMITH	Suzanne	-----	F	1818	2203	Place-23
SMITH	Sharon	-----	F	1818	2204	Place-8
SMITH	Jacob	-----	M	1818	2205	Place-24
SMITH	Shawn	-----	M	1818	2206	Place-14
SMITH	Paulo	-----	M	1818	2207	Place-19
SMITH	Briony	-----	F	1818	2208	Place-9
SMITH	Suzanne	-----	F	1818	2209	Place-28
SMITH	Susan	-----	F	1818	2210	Place-16
SMITH	Jacob	-----	M	1818	2211	Place-5
SMITH	Shawn	-----	M	1819	2218	Place-4
SMITH	Joseph	-----	M	1819	2219	Place-9
SMITH	Paulo	-----	M	1819	2220	Place-23
SMITH	Shawn	-----	M	1819	2221	Place-26
SMITH	Selina	-----	F	1819	2222	Place-12
SMITH	Briony	-----	F	1819	2223	Place-25
SMITH	Sheila	-----	F	1819	2224	Place-1
SMITH	Paulo	-----	M	1819	2225	Place-7
SMITH	Sheila	-----	F	1819	2226	Place-2
SMITH	Sharon	-----	F	1819	2227	Place-22
SMITH	James	-----	M	1819	2228	Place-26
SMITH	Shawn	-----	M	1819	2229	Place-1
SMITH	Seonaid	-----	F	1819	2230	Place-5
SMITH	Selina	-----	F	1819	2231	Place-8
SMITH	Jim	-----	M	1819	2232	Place-24
SMITH	Sarah	-----	F	1819	2233	Place-22
SMITH	Seonaid	-----	F	1819	2234	Place-9
SMITH	Sheila	-----	F	1819	2235	Place-20
SMITH	Sarah	-----	F	1819	2236	Place-14
SMITH	Sarah	-----	F	1819	2237	Place-9
SMITH	Sharon	-----	F	1819	2238	Place-29
SMITH	Seonaid	-----	F	1819	2239	Place-13
SMITH	Briony	-----	F	1819	2240	Place-6
SMITH	Joseph	-----	M	1819	2241	Place-14
SMITH	James	-----	M	1819	2242	Place-0
SMITH	Jim	-----	M	1819	2243	Place-5
SMITH	Jim	-----	M	1819	2244	Place-10
SMITH	Shawn	-----	M	1819	2245	Place-20
SMITH	Paulo	-----	M	1819	2246	Place-25
SMITH	Jim	-----	M	1819	2247	Place-8
SMITH	Paulo	-----	M	1819	2248	Place-17
SMITH	Seonaid	-----	F	1819	2249	Place-20
SMITH	Jacob	-----	M	1819	2250	Place-18
SMITH	Susan	-----	F	1819	2251	Place-28
SMITH	Joseph	-----	M	1820	2255	Place-7
SMITH	James	-----	M	1820	2256	Place-11
SMITH	Briony	-----	F	1820	2257	Place-4
SMITH	Bob	-----	M	1820	2258	Place-25
SMITH	James	-----	M	1820	2259	Place-21
SMITH	Jenkins	-----	M	1820	2260	Place-26
SMITH	James	-----	M	1820	2261	Place-21
SMITH	Jim	-----	M	1820	2262	Place-26
SMITH	Briony	-----	F	1820	2263	Place-6
SMITH	Seonaid	-----	F	1820	2264	Place-16
SMITH	Suzanne	-----	F	1820	2265	Place-10
SMITH	Suzanne	-----	F	1820	2266	Place-14
SMITH	Shawn	-----	M	1820	2267	Place-5
SMITH	Briony	-----	F	1820	2268	Place-24
SMITH	Sharon	-----	F	1820	2269	Place-9
SMITH	Sheila	-----	F	1820	2270	Place-20
SMITH	Suzanne	-----	F	1820	2271	Place-27
SMITH	Selina	-----	F	1820	2272	Place-26
SMITH	Sheila	-----	F	1820	2273	Place-17
SMITH	Susan	-----	F	1820	2274	Place-6
SMITH	Sarah	-----	F	1820	2275	Place-28
SMITH	Sharon	-----	F	1820	2276	Place-11
SMITH	Shawn	-----	M	1820	2277	Place-11
SMITH	James	-----	M	1820	2278	Place-7
SMITH	Selina	-----	F	1820	2279	Place-14
SMITH	Suzanne	-----	F	1820	2280	Place-9
SMITH	Seonaid	-----	F	1820	2281	Place-10
SMITH	Jim	-----	M	1820	2282	Place-11
SMITH	Jim	-----	M	1820	2283	Place-5
SMITH	Sheila	-----	F	1820	2284	Place-0
SMITH	Bob	-----	M	1820	2285	Place-1
SMITH	Jim	-----	M	1820	2286	Place-7
SMITH	James	-----	M	1820	2287	Place-24
SMITH	Bob	-----	M	1820	2288	Place-21
SMITH	Jacob	-----	M	1820	2289	Place-24
SMITH	Bob	-----	M	1820	2290	Place-17
SMITH	James	-----	M	1820	2291	Place-21
SMITH	Suzanne	-----	F	1820	2292	Place-26
SMITH	Seonaid	-----	F	1820	2293	Place-11
SMITH	Jenkins	-----	M	1820	2294	Place-18
SMITH	Jacob	-----	M	1820	2295	Place-23
SMITH	Shawn	-----	M	1821	2299	Place-23
SMITH	Jacob	-----	M	1821	2300	Place-27
SMITH	Briony	-----	F	1821	2301	Place-27
SMITH	Seonaid	-----	F	1821	2302	Place-14
SMITH	Briony	-----	F	1821	2303	Place-6
SMITH	Seonaid	-----	F	1821	2304	Place-18
SMITH	Paulo	-----	M	1821	2305	Place-21
SMITH	Jacob	-----	M	1821	2306	Place-28
SMITH	Paulo	-----	M	1821	2307	Place-5
SMITH	Sharon	-----	F	1821	2308	Place-14
SMITH	James	-----	M	1821	2309	Place-5
SMITH	Selina	-----	F	1821	2310	Place-24
SMITH	Sarah	-----	F	1821	2311	Place-2
SMITH	Sheila	-----	F	1821	2312	Place-24
SMITH	Sheila	-----	F	1821	2313	Place-14
SMITH	Susan	-----	F	1821	2314	Place-6
SMITH	James	-----	M	1821	2315	Place-26
SMITH	Bob	-----	M	1821	2316	Place-1
SMITH	Jacob	-----	M	1821	2317	Place-13
SMITH	Susan	-----	F	1821	2318	Place-7
SMITH	Joseph	-----	M	1821	2319	Place-18
SMITH	Seonaid	-----	F	1821	2320	Place-20
SMITH	James	-----	M	1821	2321	Place-12
SMITH	Suzanne	-----	F	1821	2322	Place-3
SMITH	Briony	-----	F	1821	2323	Place-3
SMITH	Suzanne	-----	F	1821	2324	Place-11
SMITH	Suzanne	-----	F	1821	2325	Place-24
SMITH	Sheila	-----	F	1821	2326	Place-5
SMITH	Suzanne	-----	F	1821	2327	Place-7
SMITH	Briony	-----	F	1822	2335	Place-1
SMITH	Sarah	-----	F	1822	2336	Place-4
SMITH	Suzanne	-----	F	1822	2337	Place-28
SMITH	Bob	-----	M	1822	2338	Place-3
SMITH	Selina	-----	F	1822	2339	Place-29
SMITH	Jenkins	-----	M	1822	2340	Place-4
SMITH	Sharon	-----	F	1822	2341	Place-13
SMITH	Sharon	-----	F	1822	2342	Place-28
SMITH	Shawn	-----	M	1822	2343	Place-21
SMITH	Suzanne	-----	F	1822	2344	Place-24
SMITH	Selina	-----	F	1822	2345	Place-10
SMITH	Bob	-----	M	1822	2346	Place-14
SMITH	Bob	-----	M	1822	2347	Place-27
SMITH	Sharon	-----	F	1822	2348	Place-9
SMITH	Briony	-----	F	1822	2349	Place-20
SMITH	Jenkins	-----	M	1822	2350	Place-27
SMITH	Sarah	-----	F	1822	2351	Place-22
SMITH	Sheila	-----	F	1822	2352	Place-10
SMITH	Seonaid	-----	F	1822	2353	Place-3
SMITH	Jim	-----	M	1822	2354	Place-5
SMITH	Jim	-----	M	1822	2355	Place-9
SMITH	Briony	-----	F	1822	2356	Place-18
SMITH	Joseph	-----	M	1822	2357	Place-28
SMITH	Jacob	-----	M	1822	2358	Place-24
SMITH	Jim	-----	M	1822	2359	Place-7
SMITH	Suzanne	-----	F	1823	2367	Place-27
SMITH	Sheila	-----	F	1823	2368	Place-9
SMITH	Sarah	-----	F	1823	2369	Place-23
SMITH	Sarah	-----	F	1823	2370	Place-0
SMITH	Selina	-----	F	1823	2371	Place-24
SMITH	Joseph	-----	M	1823	2372	Place-7
SMITH	James	-----	M	1823	2373	Place-28
SMITH	Jenkins	-----	M	1823	2374	Place-12
SMITH	Jenkins	-----	M	1823	2375	Place-5
SMITH	Sheila	-----	F	1823	2376	Place-13
SMITH	James	-----	M	1823	2377	Place-25
SMITH	Briony	-----	F	1823	2378	Place-11
SMITH	Sharon	-----	F	1823	2379	Place-21
SMITH	Seonaid	-----	F	1823	2380	Place-22
SMITH	James	-----	M	1823	2381	Place-22
SMITH	Shawn	-----	M	1823	2382	Place-10
SMITH	Joseph	-----	M	1823	2383	Place-28
SMITH	Jenkins	-----	M	1823	2384	Place-13
SMITH	Sheila	-----	F	1823	2385	Place-29
SMITH	Jenkins	-----	M	1823	2386	Place-19
SMITH	Bob	-----	M	1823	2387	Place-5
SMITH	Shawn	-----	M	1823	2388	Place-29
SMITH	Susan	-----	F	1823	2389	Place-28
SMITH	Jim	-----	M	1823	2390	Place-1
SMITH	James	-----	M	1823	2391	Place-10
SMITH	Selina	-----	F	1823	2392	Place-26
SMITH	Briony	-----	F	1823	2393	Place-18
SMITH	Jim	-----	M	1823	2394	Place-12
SMITH	Sharon	-----	F	1823	2395	Place-19
SMITH	Sheila	-----	F	1823	2396	Place-21
SMITH	Jenkins	-----	M	1823	2397	Place-11
SMITH	Sharon	-----	F	1823	2398	Place-28
SMITH	Jacob	-----	M	1823	2399	Place-24
SMITH	Paulo	-----	M	1823	2400	Place-12
SMITH	Selina	-----	F	1823	2401	Place-12
SMITH	Seonaid	-----	F	1823	2402	Place-19
SMITH	Suzanne	-----	F	1824	2406	Place-2
SMITH	Joseph	-----	M	1824	2407	Place-15
SMITH	Shawn	-----	M	1824	2408	Place-26
SMITH	Jenkins	-----	M	1824	2409	Place-28
SMITH	Selina	-----	F	1824	2410	Place-24
SMITH	Bob	-----	M	1824	2411	Place-4
SMITH	Seonaid	-----	F	1824	2412	Place-2
SMITH	Briony	-----	F	1824	2413	Place-1
SMITH	Sheila	-----	F	1824	2414	Place-17
SMITH	Sharon	-----	F	1824	2415	Place-7
SMITH	Paulo	-----	M	1824	2416	Place-1
SMITH	Jacob	-----	M	1824	2417	Place-14
SMITH	Jenkins	-----	M	1824	2418	Place-19
SMITH	Seonaid	-----	F	1824	2419	Place-21
SMITH	Jim	-----	M	1824	2420	Place-12
SMITH	Jenkins	-----	M	1824	2421	Place-9
SMITH	Joseph	-----	M	1824	2422	Place-2
SMITH	Briony	-----	F	1824	2423	Place-7
SMITH	James	-----	M	1824	2424	Place-15
SMITH	Selina	-----	F	1824	2425	Place-28
SMITH	Shawn	-----	M	1824	2426	Place-17
SMITH	Jenkins	-----	M	1824	2427	Place-24
SMITH	James	-----	M	1824	2428	Place-6
SMITH	Bob	-----	M	1824	2429	Place-14
SMITH	Selina	-----	F	1824	2430	Place-9
SMITH	Sheila	-----	F	1824	2431	Place-0
SMITH	Bob	-----	M	1824	2432	Place-22
SMITH	Jacob	-----	M	1824	2433	Place-28
SMITH	Susan	-----	F	1824	2434	Place-16
SMITH	Paulo	-----	M	1824	2435	Place-5
SMITH	Sarah	-----	F	1824	2436	Place-28
SMITH	Sarah	-----	F	1824	2437	Place-20
SMITH	Sharon	-----	F	1824	2438	Place-16
SMITH	Joseph	-----	M	1824	2439	Place-26
SMITH	Jenkins	-----	M	1824	2440	Place-14
SMITH	Sheila	-----	F	1824	2441	Place-18
SMITH	Seonaid	-----	F	1824	2442	Place-25
SMITH	Joseph	-----	M	1824	2443	Place-22
SMITH	Sheila	-----	F	1824	2444	Place-10
SMITH	Briony	-----	F	1824	2445	Place-20
SMITH	Jenkins	-----	M	1824	2446	Place-3
SMITH	Susan	-----	F	1824	2447	Place-28
SMITH	Briony	-----	F	1824	2448	Place-27
SMITH	Shawn	-----	M	1824	2449	Place-8
SMITH	Paulo	-----	M	1824	2450	Place-29
SMITH	Briony	-----	F	1824	2451	Place-22
SMITH	Seonaid	-----	F	1824	2452	Place-28
SMITH	Suzanne	-----	F	1825	2460	Place-17
SMITH	Sheila	-----	F	1825	2461	Place-5
SMITH	Sheila	-----	F	1825	2462	Place-3
SMITH	Bob	-----	M	1825	2463	Place-25
SMITH	Sarah	-----	F	1825	2464	Place-15
SMITH	Suzanne	-----	F	1825	2465	Place-24
SMITH	Seonaid	-----	F	1825	2466	Place-28
SMITH	Jacob	-----	M	1825	2467	Place-9
SMITH	Sarah	-----	F	1825	2468	Place-2
SMITH	Jim	-----	M	1825	2469	Place-2
SMITH	James	-----	M	1825	2470	Place-8
SMITH	Shawn	-----	M	1825	2471	Place-28
SMITH	Sharon	-----	F	1825	2472	Place-6
SMITH	James	-----	M	1825	2473	Place-20
SMITH	Joseph	-----	M	1825	2474	Place-12
SMITH	Susan	-----	F	1825	2475	Place-17
SMITH	James	-----	M	1825	2476	Place-5
SMITH	Jenkins	-----	M	1825	2477	Place-2
SMITH	Susan	-----	F	1825	2478	Place-7
SMITH	Sharon	-----	F	1825	2479	Place-13
SMITH	Jacob	-----	M	1825	2480	Place-10
SMITH	James	-----	M	1825	2481	Place-17
SMITH	Sarah	-----	F	1825	2482	Place-5
SMITH	Joseph	-----	M	1825	2483	Place-11
SMITH	Sarah	-----	F	1825	2484	Place-21
SMITH	Bob	-----	M	1825	2485	Place-22
SMITH	Shawn	-----	M	1825	2486	Place-28
SMITH	Seonaid	-----	F	1825	2487	Place-16
SMITH	Seonaid	-----	F	1825	2488	Place-24
SMITH	Jenkins	-----	M	1825	2489	Place-28
SMITH	Briony	-----	F	1825	2490	Place-24
SMITH	Seonaid	-----	F	1825	2491	Place-28
SMITH	Sarah	-----	F	1825	2492	Place-20
SMITH	Jacob	-----	M	1825	2493	Place-13
SMITH	Sharon	-----	F	1825	2494	Place-13
SMITH	Briony	-----	F	1825	2495	Place-22
SMITH	James	-----	M	1825	2496	Place-17
SMITH	Jacob	-----	M	1825	2497	Place-10
SMITH	Shawn	-----	M	1825	2498	Place-20
SMITH	Seonaid	-----	F	1825	2499	Place-19
SMITH	Briony	-----	F	1825	2500	Place-28
SMITH	Shawn	-----	M	1825	2501	Place-7
SMITH	Briony	-----	F	1825	2502	Place-21
SMITH	Briony	-----	F	1825	2503	Place-28
SMITH	Sheila	-----	F	1825	2504	Place-10
SMITH	James	-----	M	1826	2515	Place-21
SMITH	Shawn	-----	M	1826	2516	Place-28
SMITH	Sharon	-----	F	1826	2517	Place-28
SMITH	Seonaid	-----	F	1826	2518	Place-0
SMITH	Jim	-----	M	1826	2519	Place-10
SMITH	Seonaid	-----	F	1826	2520	Place-29
SMITH	Briony	-----	F	1826	2521	Place-10
SMITH	Susan	-----	F	1826	2522	Place-9
SMITH	Bob	-----	M	1826	2523	Place-0
SMITH	Jacob	-----	M	1826	2524	Place-0
SMITH	Bob	-----	M	1826	2525	Place-26
SMITH	Jenkins	-----	M	1826	2526	Place-3
SMITH	Jim	-----	M	1826	2527	Place-14
SMITH	Selina	-----	F	1826	2528	Place-6
SMITH	James	-----	M	1826	2529	Place-0
SMITH	Jacob	-----	M	1826	2530	Place-21
SMITH	Susan	-----	F	1826	2531	Place-6
SMITH	Selina	-----	F	1826	2532	Place-20
SMITH	Selina	-----	F	1826	2533	Place-18
SMITH	Joseph	-----	M	1826	2534	Place-2
SMITH	Suzanne	-----	F	1826	2535	Place-27
SMITH	Briony	-----	F	1826	2536	Place-3
SMITH	James	-----	M	1826	2537	Place-10
SMITH	Shawn	-----	M	1826	2538	Place-27
SMITH	Paulo	-----	M	1826	2539	Place-0
SMITH	Suzanne	-----	F	1826	2540	Place-22
SMITH	Joseph	-----	M	1826	2541	Place-28
SMITH	Jim	-----	M	1826	2542	Place-21
SMITH	Jim	-----	M	1826	2543	Place-10
SMITH	Susan	-----	F	1826	2544	Place-24
SMITH	Jacob	-----	M	1826	2545	Place-28
SMITH	Bob	-----	M	1826	2546	Place-5
SMITH	Sheila	-----	F	1826	2547	Place-24
SMITH	Selina	-----	F	1826	2548	Place-16
SMITH	Selina	-----	F	1826	2549	Place-26
SMITH	Sharon	-----	F	1826	2550	Place-1
SMITH	Briony	-----	F	1826	2551	Place-17
SMITH	Bob	-----	M	1826	2552	Place-18
SMITH	Seonaid	-----	F	1826	2553	Place-25
SMITH	Sharon	-----	F	1826	2554	Place-22
SMITH	Suzanne	-----	F	1826	2555	Place-7
SMITH	Paulo	-----	M	1826	2556	Place-10
SMITH	Paulo	-----	M	1826	2557	Place-19
SMITH	Joseph	-----	M	1826	2558	Place-24
SMITH	Paulo	-----	M	1826	2559	Place-24
SMITH	Suzanne	-----	F	1826	2560	Place-28
SMITH	Seonaid	-----	F	1826	2561	Place-18
SMITH	Selina	-----	F	1826	2562	Place-23
SMITH	James	-----	M	1827	2571	Place-8
SMITH	Sarah	-----	F	1827	2572	Place-4
SMITH	Jenkins	-----	M	1827	2573	Place-4
SMITH	Jim	-----	M	1827	2574	Place-10
SMITH	Sharon	-----	F	1827	2575	Place-10
SMITH	Susan	-----	F	1827	2576	Place-15
SMITH	Jacob	-----	M	1827	2577	Place-26
SMITH	Paulo	-----	M	1827	2578	Place-8
SMITH	Suzanne	-----	F	1827	2579	Place-3
SMITH	Sharon	-----	F	1827	2580	Place-2
SMITH	Sharon	-----	F	1827	2581	Place-14
SMITH	Seonaid	-----	F	1827	2582	Place-4
SMITH	Paulo	-----	M	1827	2583	Place-19
SMITH	Jenkins	-----	M	1827	2584	Place-15
SMITH	Jim	-----	M	1827	2585	Place-5
SMITH	Jenkins	-----	M	1827	2586	Place-11
SMITH	Sharon	-----	F	1827	2587	Place-23
SMITH	Jacob	-----	M	1827	2588	Place-12
SMITH	Sheila	-----	F	1827	2589	Place-2
SMITH	Sharon	-----	F	1827	2590	Place-1
SMITH	Jacob	-----	M	1827	2591	Place-24
SMITH	Suzanne	-----	F	1827	2592	Place-27
SMITH	Selina	-----	F	1827	2593	Place-23
SMITH	Seonaid	-----	F	1827	2594	Place-9
SMITH	Shawn	-----	M	1827	2595	Place-3
SMITH	Suzanne	-----	F	1827	2596	Place-23
SMITH	Seonaid	-----	F	1827	2597	Place-26
SMITH	Bob	-----	M	1827	2598	Place-27
SMITH	Jenkins	-----	M	1827	2599	Place-14
SMITH	Jim	-----	M	1827	2600	Place-7
SMITH	James	-----	M	1827	2601	Place-28
SMITH	James	-----	M	1827	2602	Place-21
SMITH	Bob	-----	M	1827	2603	Place-24
SMITH	Jenkins	-----	M	1827	2604	Place-13
SMITH	Sarah	-----	F	1827	2605	Place-20
SMITH	Sharon	-----	F	1827	2606	Place-23
SMITH	Sheila	-----	F	1827	2607	Place-29
SMITH	Seonaid	-----	F	1827	2608	Place-0
SMITH	Sharon	-----	F	1827	2609	Place-3
SMITH	Jim	-----	M	1827	2610	Place-18
SMITH	Jenkins	-----	M	1828	2613	Place-1
SMITH	Jacob	-----	M	1828	2614	Place-26
SMITH	Jacob	-----	M	1828	2615	Place-11
SMITH	Bob	-----	M	1828	2616	Place-14
SMITH	Suzanne	-----	F	1828	2617	Place-14
SMITH	Briony	-----	F	1828	2618	Place-11
SMITH	Jenkins	-----	M	1828	2619	Place-28
SMITH	Briony	-----	F	1828	2620	Place-24
SMITH	Sarah	-----	F	1828	2621	Place-21
SMITH	Sarah	-----	F	1828	2622	Place-11
SMITH	Paulo	-----	M	1828	2623	Place-11
SMITH	Sarah	-----	F	1828	2624	Place-0
SMITH	Paulo	-----	M	1828	2625	Place-27
SMITH	Sharon	-----	F	1828	2626	Place-4
SMITH	Jacob	-----	M	1828	2627	Place-18
SMITH	Selina	-----	F	1828	2628	Place-24
SMITH	Sharon	-----	F	1828	2629	Place-28
SMITH	Joseph	-----	M	1828	2630	Place-16
SMITH	Susan	-----	F	1828	2631	Place-1
SMITH	Susan	-----	F	1828	2632	Place-2
SMITH	Paulo	-----	M	1828	2633	Place-6
SMITH	Sheila	-----	F	1828	2634	Place-23
SMITH	Suzanne	-----	F	1828	2635	Place-25
SMITH	Paulo	-----	M	1828	2636	Place-18
SMITH	Paulo	-----	M	1828	2637	Place-24
SMITH	Seonaid	-----	F	1828	2638	Place-27
SMITH	Joseph	-----	M	1828	2639	Place-12
SMITH	Sharon	-----	F	1828	2640	Place-3
SMITH	Suzanne	-----	F	1828	2641	Place-24
SMITH	Selina	-----	F	1828	2642	Place-11
SMITH	Briony	-----	F	1828	2643	Place-2
SMITH	Paulo	-----	M	1828	2644	Place-28
SMITH	Shawn	-----	M	1828	2645	Place-5
SMITH	Seonaid	-----	F	1828	2646	Place-26
SMITH	Jacob	-----	M	1828	2647	Place-26
SMITH	Sarah	-----	F	1828	2648	Place-9
SMITH	Joseph	-----	M	1828	2649	Place-26
SMITH	Joseph	-----	M	1829	2652	Place-14
SMITH	Bob	-----	M	1829	2653	Place-27
SMITH	Joseph	-----	M	1829	2654	Place-29
SMITH	Jacob	-----	M	1829	2655	Place-28
SMITH	Shawn	-----	M	1829	2656	Place-6
SMITH	Sheila	-----	F	1829	2657	Place-19
SMITH	Susan	-----	F	1829	2658	Place-19
SMITH	Jim	-----	M	1829	2659	Place-17
SMITH	Jenkins	-----	M	1829	2660	Place-24
SMITH	Jim	-----	M	1829	2661	Place-11
SMITH	Briony	-----	F	1829	2662	Place-29
SMITH	Jim	-----	M	1829	2663	Place-28
SMITH	Selina	-----	F	1829	2664	Place-10
SMITH	Selina	-----	F	1829	2665	Place-29
SMITH	Sheila	-----	F	1829	2666	Place-27
SMITH	Sarah	-----	F	1829	2667	Place-10
SMITH	Joseph	-----	M	1829	2668	Place-15
SMITH	Sheila	-----	F	1829	2669	Place-0
SMITH	Bob	-----	M	1829	2670	Place-17
SMITH	Jacob	-----	M	1829	2671	Place-9
SMITH	Sharon	-----	F	1829	2672	Place-13
SMITH	Selina	-----	F	1829	2673	Place-15
SMITH	Paulo	-----	M	1829	2674	Place-24
SMITH	Jacob	-----	M	1829	2675	Place-10
SMITH	Seonaid	-----	F	1829	2676	Place-0
SMITH	Sarah	-----	F	1829	2677	Place-27
SMITH	Sheila	-----	F	1829	2678	Place-9
SMITH	James	-----	M	1829	2679	Place-12
SMITH	Susan	-----	F	1829	2680	Place-13
SMITH	Paulo	-----	M	1829	2681	Place-28
SMITH	Selina	-----	F	1829	2682	Place-24
SMITH	Briony	-----	F	1829	2683	Place-26
SMITH	Suzanne	-----	F	1829	2684	Place-26
SMITH	Jenkins	-----	M	1829	2685	Place-11
SMITH	Shawn	-----	M	1829	2686	Place-25
SMITH	Shawn	-----	M	1829	2687	Place-6
SMITH	Jim	-----	M	1829	2688	Place-0
SMITH	Bob	-----	M	1829	2689	Place-20
SMITH	James	-----	M	1829	2690	Place-25
SMITH	Selina	-----	F	1829	2691	Place-7
SMITH	Selina	-----	F	1829	2692	Place-12
SMITH	Joseph	-----	M	1829	2693	Place-20
SMITH	Sheila	-----	F	1829	2694	Place-22
SMITH	Seonaid	-----	F	1829	2695	Place-24
SMITH	Shawn	-----	M	1829	2696	Place-23
SMITH	Sarah	-----	F	1829	2697	Place-16
SMITH	Joseph	-----	M	1829	2698	Place-9
SMITH	Jim	-----	M	1829	2699	Place-4
SMITH	Suzanne	-----	F	1830	2706	Place-21
SMITH	Bob	-----	M	1830	2707	Place-12
SMITH	Bob	-----	M	1830	2708	Place-16
SMITH	James	-----	M	1830	2709	Place-6
SMITH	Jacob	-----	M	1830	2710	Place-27
SMITH	Shawn	-----	M	1830	2711	Place-11
SMITH	Briony	-----	F	1830	2712	Place-2
SMITH	Bob	-----	M	1830	2713	Place-9
SMITH	Shawn	-----	M	1830	2714	Place-19
SMITH	Jim	-----	M	1830	2715	Place-4
SMITH	Briony	-----	F	1830	2716	Place-10
SMITH	Shawn	-----	M	1830	2717	Place-9
SMITH	Joseph	-----	M	1830	2718	Place-25
SMITH	Jacob	-----	M	1830	2719	Place-14
SMITH	Sharon	-----	F	1830	2720	Place-3
SMITH	Shawn	-----	M	1830	2721	Place-7
SMITH	Sheila	-----	F	1830	2722	Place-0
SMITH	Sarah	-----	F	1830	2723	Place-5
SMITH	Jacob	-----	M	1830	2724	Place-5
SMITH	Briony	-----	F	1830	2725	Place-7
SMITH	Paulo	-----	M	1830	2726	Place-8
SMITH	Jenkins	-----	M	1830	2727	Place-16
SMITH	Selina	-----	F	1830	2728	Place-19
SMITH	Suzanne	-----	F	1830	2729	Place-24
SMITH	Jim	-----	M	1830	2730	Place-4
SMITH	James	-----	M	1830	2731	Place-0
SMITH	Seonaid	-----	F	1830	2732	Place-12
SMITH	Briony	-----	F	1830	2733	Place-5
SMITH	Seonaid	-----	F	1830	2734	Place-1
SMITH	Briony	-----	F	1830	2735	Place-5
SMITH	Sharon	-----	F	1830	2736	Place-26
SMITH	Selina	-----	F	1830	2737	Place-21
SMITH	Sarah	-----	F	1830	2738	Place-1
SMITH	Jacob	-----	M	1830	2739	Place-22
SMITH	Jenkins	-----	M	1830	2740	Place-29
SMITH	Sheila	-----	F	1830	2741	Place-19
SMITH	Selina	-----	F	1830	2742	Place-27
SMITH	Susan	-----	F	1830	2743	Place-16
SMITH	Sarah	-----	F	1830	2744	Place-21
SMITH	Sharon	-----	F	1830	2745	Place-18
SMITH	Sheila	-----	F	1830	2746	Place-14
SMITH	Briony	-----	F	1830	2747	Place-22
SMITH	Joseph	-----	M	1830	2748	Place-20
SMITH	Bob	-----	M	1830	2749	Place-23
SMITH	Jenkins	-----	M	1830	2750	Place-21
SMITH	James	-----	M	1831	2760	Place-21
SMITH	Selina	-----	F	1831	2761	Place-11
SMITH	Sarah	-----	F	1831	2762	Place-29
SMITH	Seonaid	-----	F	1831	2763	Place-5
SMITH	Selina	-----	F	1831	2764	Place-27
SMITH	Joseph	-----	M	1831	2765	Place-9
SMITH	Bob	-----	M	1831	2766	Place-28
SMITH	Jenkins	-----	M	1831	2767	Place-5
SMITH	Suzanne	-----	F	1831	2768	Place-13
SMITH	Paulo	-----	M	1831	2769	Place-4
SMITH	Seonaid	-----	F	1831	2770	Place-24
SMITH	Jim	-----	M	1831	2771	Place-8
SMITH	Seonaid	-----	F	1831	2772	Place-15
SMITH	Selina	-----	F	1831	2773	Place-29
SMITH	Susan	-----	F	1831	2774	Place-2
SMITH	James	-----	M	1831	2775	Place-0
SMITH	Shawn	-----	M	1831	2776	Place-22
SMITH	Paulo	-----	M	1831	2777	Place-24
SMITH	Paulo	-----	M	1831	2778	Place-16
SMITH	Paulo	-----	M	1831	2779	Place-24
SMITH	Briony	-----	F	1831	2780	Place-24
SMITH	James	-----	M	1831	2781	Place-10
SMITH	Seonaid	-----	F	1831	2782	Place-12
SMITH	Joseph	-----	M	1831	2783	Place-1
SMITH	Jim	-----	M	1831	2784	Place-13
SMITH	Suzanne	-----	F	1831	2785	Place-29
SMITH	Paulo	-----	M	1831	2786	Place-10
SMITH	Jim	-----	M	1831	2787	Place-25
SMITH	Jenkins	-----	M	1831	2788	Place-22
SMITH	Suzanne	-----	F	1831	2789	Place-3
SMITH	Susan	-----	F	1831	2790	Place-12
SMITH	Joseph	-----	M	1831	2791	Place-7
SMITH	Briony	-----	F	1831	2792	Place-23
SMITH	Joseph	-----	M	1831	2793	Place-24
SMITH	Jenkins	-----	M	1831	2794	Place-29
SMITH	James	-----	M	1831	2795	Place-18
SMITH	Shawn	-----	M	1831	2796	Place-21
SMITH	Bob	-----	M	1831	2797	Place-7
SMITH	Joseph	-----	M	1831	2798	Place-4
SMITH	Bob	-----	M	1831	2799	Place-3
SMITH	Shawn	-----	M	1831	2800	Place-12
SMITH	James	-----	M	1831	2801	Place-0
SMITH	Sharon	-----	F	1831	2802	Place-22
SMITH	Selina	-----	F	1831	2803	Place-13
SMITH	Shawn	-----	M	1831	2804	Place-12
SMITH	Joseph	-----	M	1832	2808	Place-25
SMITH	Susan	-----	F	1832	2809	Place-19
SMITH	Briony	-----	F	1832	2810	Place-5
SMITH	Sarah	-----	F	1832	2811	Place-4
SMITH	Sarah	-----	F	1832	2812	Place-13
SMITH	Suzanne	-----	F	1832	2813	Place-14
SMITH	Sarah	-----	F	1832	2814	Place-27
SMITH	Briony	-----	F	1832	2815	Place-12
SMITH	Sarah	-----	F	1832	2816	Place-0
SMITH	Suzanne	-----	F	1832	2817	Place-26
SMITH	Jenkins	-----	M	1832	2818	Place-10
SMITH	Shawn	-----	M	1832	2819	Place-23
SMITH	Suzanne	-----	F	1832	2820	Place-27
SMITH	Briony	-----	F	1832	2821	Place-27
SMITH	Bob	-----	M	1832	2822	Place-13
SMITH	Briony	-----	F	1832	2823	Place-27
SMITH	Sarah	-----	F	1832	2824	Place-25
SMITH	Susan	-----	F	1832	2825	Place-8
SMITH	Jenkins	-----	M	1832	2826	Place-13
SMITH	Sharon	-----	F	1832	2827	Place-14
SMITH	Sarah	-----	F	1832	2828	Place-28
SMITH	James	-----	M	1832	2829	Place-7
SMITH	Sheila	-----	F	1832	2830	Place-4
SMITH	Briony	-----	F	1832	2831	Place-11
SMITH	Shawn	-----	M	1832	2832	Place-13
SMITH	Sheila	-----	F	1832	2833	Place-3
SMITH	Seonaid	-----	F	1832	2834	Place-13
SMITH	Sharon	-----	F	1832	2835	Place-18
SMITH	Seonaid	-----	F	1832	2836	Place-7
SMITH	Jenkins	-----	M	1832	2837	Place-17
SMITH	Briony	-----	F	1832	2838	Place-6
SMITH	Susan	-----	F	1832	2839	Place-18
SMITH	Paulo	-----	M	1832	2840	Place-14
SMITH	Jim	-----	M	1832	2841	Place-23
SMITH	Suzanne	-----	F	1832	2842	Place-23
SMITH	Jenkins	-----	M	1832	2843	Place-8
SMITH	Sharon	-----	F	1832	2844	Place-0
SMITH	Joseph	-----	M	1832	2845	Place-26
SMITH	Sharon	-----	F	1832	2846	Place-28
SMITH	Sharon	-----	F	1832	2847	Place-23
SMITH	Selina	-----	F	1832	2848	Place-5
SMITH	Sharon	-----	F	1832	2849	Place-9
SMITH	James	-----	M	1832	2850	Place-21
SMITH	Selina	-----	F	1833	2856	Place-25
SMITH	Suzanne	-----	F	1833	2857	Place-17
SMITH	Sharon	-----	F	1833	2858	Place-15
SMITH	Sharon	-----	F	1833	2859	Place-2
SMITH	Shawn	-----	M	1833	2860	Place-7
SMITH	Paulo	-----	M	1833	2861	Place-19
SMITH	Suzanne	-----	F	1833	2862	Place-12
SMITH	Jacob	-----	M	1833	2863	Place-20
SMITH	Susan	-----	F	1833	2864	Place-23
SMITH	Selina	-----	F	1833	2865	Place-26
SMITH	James	-----	M	1833	2866	Place-3
SMITH	Sharon	-----	F	1833	2867	Place-4
SMITH	James	-----	M	1833	2868	Place-21
SMITH	Susan	-----	F	1833	2869	Place-4
SMITH	Susan	-----	F	1833	2870	Place-16
SMITH	Shawn	-----	M	1833	2871	Place-22
SMITH	Jenkins	-----	M	1833	2872	Place-20
SMITH	Seonaid	-----	F	1833	2873	Place-21
SMITH	Briony	-----	F	1833	2874	Place-4
SMITH	Paulo	-----	M	1833	2875	Place-1
SMITH	Sheila	-----	F	1833	2876	Place-8
SMITH	Sarah	-----	F	1833	2877	Place-17
SMITH	Suzanne	-----	F	1833	2878	Place-23
SMITH	Bob	-----	M	1833	2879	Place-27
SMITH	Joseph	-----	M	1833	2880	Place-27
SMITH	Suzanne	-----	F	1833	2881	Place-10
SMITH	Suzanne	-----	F	1833	2882	Place-0
SMITH	Sarah	-----	F	1833	2883	Place-17
SMITH	James	-----	M	1833	2884	Place-4
SMITH	Susan	-----	F	1833	2885	Place-13
SMITH	Paulo	-----	M	1833	2886	Place-25
SMITH	Sheila	-----	F	1833	2887	Place-15
SMITH	Paulo	-----	M	1833	2888	Place-18
SMITH	Sharon	-----	F	1833	2889	Place-4
SMITH	Selina	-----	F	1833	2890	Place-27
SMITH	Jenkins	-----	M	1833	2891	Place-5
SMITH	Briony	-----	F	1833	2892	Place-13
SMITH	Bob	-----	M	1833	2893	Place-24
SMITH	Suzanne	-----	F	1833	2894	Place-10
SMITH	Selina	-----	F	1833	2895	Place-20
SMITH	Shawn	-----	M	1833	2896	Place-1
SMITH	Suzanne	-----	F	1833	2897	Place-5
SMITH	Paulo	-----	M	1833	2898	Place-23
SMITH	Suzanne	-----	F	1833	2899	Place-10
SMITH	Shawn	-----	M	1833	2900	Place-18
SMITH	Bob	-----	M	1833	2901	Place-26
SMITH	Sharon	-----	F	1833	2902	Place-10
SMITH	Jenkins	-----	M	1833	2903	Place-22
SMITH	Suzanne	-----	F	1833	2904	Place-1
SMITH	Paulo	-----	M	1833	2905	Place-9
SMITH	Paulo	-----	M	1833	2906	Place-1
SMITH	Bob	-----	M	1834	2916	Place-3
SMITH	Sheila	-----	F	1834	2917	Place-3
SMITH	Seonaid	-----	F	1834	2918	Place-18
SMITH	Jacob	-----	M	1834	2919	Place-1
SMITH	Briony	-----	F	1834	2920	Place-28
SMITH	Shawn	-----	M	1834	2921	Place-17
SMITH	Jenkins	-----	M	1834	2922	Place-26
SMITH	Seonaid	-----	F	1834	2923	Place-26
SMITH	Jacob	-----	M	1834	2924	Place-3
SMITH	Suzanne	-----	F	1834	2925	Place-6
SMITH	Jenkins	-----	M	1834	2926	Place-20
SMITH	Sarah	-----	F	1834	2927	Place-9
SMITH	Jacob	-----	M	1834	2928	Place-20
SMITH	Bob	-----	M	1834	2929	Place-7
SMITH	Sharon	-----	F	1834	2930	Place-28
SMITH	James	-----	M	1834	2931	Place-11
SMITH	Jenkins	-----	M	1834	2932	Place-24
SMITH	Sarah	-----	F	1834	2933	Place-21
SMITH	Shawn	-----	M	1834	2934	Place-28
SMITH	Jenkins	-----	M	1834	2935	Place-17
SMITH	Briony	-----	F	1834	2936	Place-21
SMITH	Jacob	-----	M	1834	2937	Place-4
SMITH	Seonaid	-----	F	1834	2938	Place-12
SMITH	Sharon	-----	F	1834	2939	Place-16
SMITH	Joseph	-----	M	1834	2940	Place-0
SMITH	Jenkins	-----	M	1834	2941	Place-5
SMITH	Selina	-----	F	1834	2942	Place-1
SMITH	Briony	-----	F	1834	2943	Place-5
SMITH	Jacob	-----	M	1834	2944	Place-13
SMITH	James	-----	M	1834	2945	Place-3
SMITH	Briony	-----	F	1834	2946	Place-18
SMITH	Jim	-----	M	1834	2947	Place-12
SMITH	Selina	-----	F	1834	2948	Place-4
SMITH	Paulo	-----	M	1834	2949	Place-27
SMITH	Sharon	-----	F	1834	2950	Place-8
SMITH	Jenkins	-----	M	1834	2951	Place-24
SMITH	Jacob	-----	M	1834	2952	Place-5
SMITH	Bob	-----	M	1834	2953	Place-8
SMITH	Selina	-----	F	1834	2954	Place-10
SMITH	Briony	-----	F	1834	2955	Place-20
SMITH	Bob	-----	M	1834	2956	Place-13
SMITH	Jenkins	-----	M	1834	2957	Place-26
SMITH	Suzanne	-----	F	1834	2958	Place-27
SMITH	Shawn	-----	M	1834	2959	Place-25
SMITH	Jacob	-----	M	1834	2960	Place-12
SMITH	Paulo	-----	M	1834	2961	Place-10
SMITH	Joseph	-----	M	1834	2962	Place-18
SMITH	Sarah	-----	F	1834	2963	Place-0
SMITH	Jim	-----	M	1834	2964	Place-13
SMITH	Sheila	-----	F	1834	2965	Place-22
SMITH	Sheila	-----	F	1834	2966	Place-10
SMITH	Selina	-----	F	1834	2967	Place-0
SMITH	Bob	-----	M	1834	2968	Place-21
SMITH	Sharon	-----	F	1834	2969	Place-21
SMITH	Paulo	-----	M	1834	2970	Place-18
SMITH	Bob	-----	M	1835	2981	Place-18
SMITH	Bob	-----	M	1835	2982	Place-11
SMITH	Jenkins	-----	M	1835	2983	Place-23
SMITH	Bob	-----	M	1835	2984	Place-9
SMITH	Seonaid	-----	F	1835	2985	Place-0
SMITH	James	-----	M	1835	2986	Place-29
SMITH	Bob	-----	M	1835	2987	Place-26
SMITH	Jenkins	-----	M	1835	2988	Place-20
SMITH	James	-----	M	1835	2989	Place-5
SMITH	Suzanne	-----	F	1835	2990	Place-4
SMITH	Jenkins	-----	M	1835	2991	Place-12
SMITH	James	-----	M	1835	2992	Place-15
SMITH	Susan	-----	F	1835	2993	Place-29
SMITH	Selina	-----	F	1835	2994	Place-23
SMITH	Jim	-----	M	1835	2995	Place-19
SMITH	Suzanne	-----	F	1835	2996	Place-19
SMITH	Joseph	-----	M	1835	2997	Place-26
SMITH	Seonaid	-----	F	1835	2998	Place-21
SMITH	Seonaid	-----	F	1835	2999	Place-13
SMITH	Jacob	-----	M	1835	3000	Place-16
SMITH	Sarah	-----	F	1835	3001	Place-28
SMITH	Seonaid	-----	F	1835	3002	Place-9
SMITH	Sarah	-----	F	1835	3003	Place-2
SMITH	Shawn	-----	M	1835	3004	Place-29
SMITH	Sharon	-----	F	1835	3005	Place-4
SMITH	Selina	-----	F	1835	3006	Place-12
SMITH	Seonaid	-----	F	1835	3007	Place-0
SMITH	Sharon	-----	F	1835	3008	Place-16
SMITH	Jacob	-----	M	1835	3009	Place-1
SMITH	Jenkins	-----	M	1835	3010	Place-15
SMITH	Sarah	-----	F	1835	3011	Place-23
SMITH	Seonaid	-----	F	1835	3012	Place-26
SMITH	Suzanne	-----	F	1835	3013	Place-18
SMITH	Paulo	-----	M	1835	3014	Place-11
SMITH	Jenkins	-----	M	1835	3015	Place-12
SMITH	Susan	-----	F	1835	3016	Place-27
SMITH	Suzanne	-----	F	1835	3017	Place-13
SMITH	Sheila	-----	F	1835	3018	Place-18
SMITH	Shawn	-----	M	1835	3019	Place-13
SMITH	Jenkins	-----	M	1835	3020	Place-23
SMITH	Seonaid	-----	F	1835	3021	Place-28
SMITH	Sheila	-----	F	1835	3022	Place-3
SMITH	Seonaid	-----	F	1835	3023	Place-7
SMITH	Paulo	-----	M	1835	3024	Place-28
SMITH	Jim	-----	M	1835	3025	Place-12
SMITH	Bob	-----	M	1835	3026	Place-21
SMITH	Jim	-----	M	1835	3027	Place-22
SMITH	Seonaid	-----	F	1835	3028	Place-5
SMITH	Paulo	-----	M	1835	3029	Place-18
SMITH	Bob	-----	M	1835	3030	Place-21
SMITH	Shawn	-----	M	1835	3031	Place-13
SMITH	Shawn	-----	M	1835	3032	Place-14
SMITH	Briony	-----	F	1836	3041	Place-15
SMITH	Shawn	-----	M	1836	3042	Place-22
SMITH	Paulo	-----	M	1836	3043	Place-16
SMITH	James	-----	M	1836	3044	Place-2
SMITH	Joseph	-----	M	1836	3045	Place-4
SMITH	Joseph	-----	M	1836	3046	Place-29
SMITH	Jim	-----	M	1836	3047	Place-7
SMITH	Sarah	-----	F	1836	3048	Place-29
SMITH	Sheila	-----	F	1836	3049	Place-5
SMITH	Sarah	-----	F	1836	3050	Place-22
SMITH	Jenkins	-----	M	1836	3051	Place-23
SMITH	Briony	-----	F	1836	3052	Place-12
SMITH	Jenkins	-----	M	1836	3053	Place-18
SMITH	Briony	-----	F	1836	3054	Place-11
SMITH	Briony	-----	F	1836	3055	Place-28
SMITH	Jenkins	-----	M	1836	3056	Place-23
SMITH	Sharon	-----	F	1836	3057	Place-15
SMITH	Sharon	-----	F	1836	3058	Place-3
SMITH	Jacob	-----	M	1836	3059	Place-26
SMITH	Jim	-----	M	1836	3060	Place-8
SMITH	Suzanne	-----	F	1836	3061	Place-12
SMITH	Seonaid	-----	F	1836	3062	Place-19
SMITH	Suzanne	-----	F	1836	3063	Place-26
SMITH	Sharon	-----	F	1836	3064	Place-25
SMITH	Shawn	-----	M	1836	3065	Place-13
SMITH	James	-----	M	1836	3066	Place-19
SMITH	Seonaid	-----	F	1836	3067	Place-15
SMITH	Bob	-----	M	1836	3068	Place-9
SMITH	Joseph	-----	M	1836	3069	Place-22
SMITH	Selina	-----	F	1836	3070	Place-27
SMITH	Suzanne	-----	F	1836	3071	Place-14
SMITH	Jim	-----	M	1836	3072	Place-6
SMITH	Shawn	-----	M	1836	3073	Place-0
SMITH	Sheila	-----	F	1836	3074	Place-11
SMITH	Paulo	-----	M	1836	3075	Place-6
SMITH	Susan	-----	F	1836	3076	Place-25
SMITH	Shawn	-----	M	1836	3077	Place-28
SMITH	Suzanne	-----	F	1836	3078	Place-13
SMITH	Suzanne	-----	F	1836	3079	Place-13
SMITH	Briony	-----	F	1836	3080	Place-1
SMITH	Jim	-----	M	1836	3081	Place-3
SMITH	Jenkins	-----	M	1836	3082	Place-0
SMITH	Seonaid	-----	F	1836	3083	Place-24
SMITH	Jim	-----	M	1836	3084	Place-28
SMITH	Seonaid	-----	F	1836	3085	Place-7
SMITH	Sarah	-----	F	1836	3086	Place-27
SMITH	Jim	-----	M	1836	3087	Place-22
SMITH	Jim	-----	M	1836	3088	Place-26
SMITH	Paulo	-----	M	1836	3089	Place-12
SMITH	Sarah	-----	F	1836	3090	Place-18
SMITH	Shawn	-----	M	1836	3091	Place-9
SMITH	Shawn	-----	M	1836	3092	Place-5
SMITH	Shawn	-----	M	1836	3093	Place-1
SMITH	Jenkins	-----	M	1836	3094	Place-14
SMITH	Jacob	-----	M	1836	3095	Place-13
SMITH	Paulo	-----	M	1836	3096	Place-24
SMITH	Shawn	-----	M	1837	3103	Place-18
SMITH	Joseph	-----	M	1837	3104	Place-23
SMITH	Briony	-----	F	1837	3105	Place-17
SMITH	Jacob	-----	M	1837	3106	Place-5
SMITH	Jim	-----	M	1837	3107	Place-25
SMITH	Susan	-----	F	1837	3108	Place-2
SMITH	Paulo	-----	M	1837	3109	Place-17
SMITH	Briony	-----	F	1837	3110	Place-25
SMITH	James	-----	M	1837	3111	Place-16
SMITH	Susan	-----	F	1837	3112	Place-27
SMITH	Shawn	-----	M	1837	3113	Place-13
SMITH	Seonaid	-----	F	1837	3114	Place-9
SMITH	Shawn	-----	M	1837	3115	Place-7
SMITH	Shawn	-----	M	1837	3116	Place-18
SMITH	James	-----	M	1837	3117	Place-7
SMITH	Bob	-----	M	1837	3118	Place-22
SMITH	Susan	-----	F	1837	3119	Place-14
SMITH	Selina	-----	F	1837	3120	Place-8
SMITH	Jenkins	-----	M	1837	3121	Place-23
SMITH	James	-----	M	1837	3122	Place-23
SMITH	Bob	-----	M	1837	3123	Place-15
SMITH	Jacob	-----	M	1837	3124	Place-8
SMITH	James	-----	M	1837	3125	Place-12
SMITH	Bob	-----	M	1837	3126	Place-19
SMITH	Paulo	-----	M	1837	3127	Place-9
SMITH	Jacob	-----	M	1837	3128	Place-20
SMITH	Paulo	-----	M	1837	3129	Place-26
SMITH	James	-----	M	1837	3130	Place-25
SMITH	Joseph	-----	M	1837	3131	Place-13
SMITH	Sharon	-----	F	1837	3132	Place-26
SMITH	Jacob	-----	M	1837	3133	Place-10
SMITH	Sheila	-----	F	1837	3134	Place-21
SMITH	Seonaid	-----	F	1837	3135	Place-16
SMITH	Briony	-----	F	1837	3136	Place-20
SMITH	Sharon	-----	F	1837	3137	Place-9
SMITH	Jim	-----	M	1837	3138	Place-14
SMITH	Sharon	-----	F	1837	3139	Place-8
SMITH	Sarah	-----	F	1837	3140	Place-14
SMITH	Paulo	-----	M	1837	3141	Place-28
SMITH	Sheila	-----	F	1837	3142	Place-22
SMITH	James	-----	M	1837	3143	Place-22
SMITH	Paulo	-----	M	1837	3144	Place-24
SMITH	Jim	-----	M	1837	3145	Place-15
SMITH	Sheila	-----	F	1837	3146	Place-24
SMITH	Sharon	-----	F	1837	3147	Place-5
SMITH	Jacob	-----	M	1837	3148	Place-25
SMITH	Jacob	-----	M	1837	3149	Place-27
SMITH	Bob	-----	M	1837	3150	Place-27
SMITH	Joseph	-----	M	1837	3151	Place-1
SMITH	Selina	-----	F	1837	3152	Place-24
SMITH	Suzanne	-----	F	1837	3153	Place-23
SMITH	Sheila	-----	F	1837	3154	Place-10
SMITH	James	-----	M	1837	3155	Place-9
SMITH	Selina	-----	F	1837	3156	Place-10
SMITH	Jim	-----	M	1837	3157	Place-0
SMITH	Bob	-----	M	1837	3158	Place-21
SMITH	Susan	-----	F	1837	3159	Place-20
SMITH	Shawn	-----	M	1837	3160	Place-1
SMITH	Sharon	-----	F	1837	3161	Place-21
SMITH	Sarah	-----	F	1837	3162	Place-24
SMITH	James	-----	M	1837	3163	Place-19
SMITH	Joseph	-----	M	1837	3164	Place-8
SMITH	Paulo	-----	M	1837	3165	Place-10
SMITH	Selina	-----	F	1837	3166	Place-26
SMITH	Briony	-----	F	1837	3167	Place-13
SMITH	Sarah	-----	F	1837	3168	Place-11
SMITH	Suzanne	-----	F	1837	3169	Place-19
SMITH	Joseph	-----	M	1838	3177	Place-8
SMITH	Jim	-----	M	1838	3178	Place-19
SMITH	Jacob	-----	M	1838	3179	Place-11
SMITH	Bob	-----	M	1838	3180	Place-5
SMITH	James	-----	M	1838	3181	Place-17
SMITH	Bob	-----	M	1838	3182	Place-20
SMITH	Seonaid	-----	F	1838	3183	Place-21
SMITH	Susan	-----	F	1838	3184	Place-27
SMITH	Suzanne	-----	F	1838	3185	Place-4
SMITH	Briony	-----	F	1838	3186	Place-15
SMITH	Seonaid	-----	F	1838	3187	Place-27
SMITH	Joseph	-----	M	1838	3188	Place-24
SMITH	Seonaid	-----	F	1838	3189	Place-2
SMITH	Jacob	-----	M	1838	3190	Place-8
SMITH	James	-----	M	1838	3191	Place-21
SMITH	Suzanne	-----	F	1838	3192	Place-7
SMITH	Paulo	-----	M	1838	3193	Place-2
SMITH	Seonaid	-----	F	1838	3194	Place-23
SMITH	Selina	-----	F	1838	3195	Place-16
SMITH	Briony	-----	F	1838	3196	Place-21
SMITH	Susan	-----	F	1838	3197	Place-16
SMITH	Shawn	-----	M	1838	3198	Place-17
SMITH	Susan	-----	F	1838	3199	Place-13
SMITH	Joseph	-----	M	1838	3200	Place-26
SMITH	Jacob	-----	M	1838	3201	Place-13
SMITH	Selina	-----	F	1838	3202	Place-27
SMITH	Sheila	-----	F	1838	3203	Place-12
SMITH	Jenkins	-----	M	1838	3204	Place-10
SMITH	Sheila	-----	F	1838	3205	Place-29
SMITH	Susan	-----	F	1838	3206	Place-10
SMITH	James	-----	M	1838	3207	Place-17
SMITH	Jim	-----	M	1838	3208	Place-22
SMITH	Jacob	-----	M	1838	3209	Place-18
SMITH	Bob	-----	M	1838	3210	Place-16
SMITH	Bob	-----	M	1838	3211	Place-11
SMITH	Selina	-----	F	1838	3212	Place-23
SMITH	Briony	-----	F	1838	3213	Place-5
SMITH	Sharon	-----	F	1838	3214	Place-13
SMITH	Jenkins	-----	M	1838	3215	Place-27
SMITH	Bob	-----	M	1838	3216	Place-27
SMITH	Sheila	-----	F	1838	3217	Place-24
SMITH	Jacob	-----	M	1838	3218	Place-28
SMITH	Sarah	-----	F	1838	3219	Place-25
SMITH	Jacob	-----	M	1838	3220	Place-8
SMITH	Jenkins	-----	M	1838	3221	Place-26
SMITH	Joseph	-----	M	1838	3222	Place-10
SMITH	Sarah	-----	F	1838	3223	Place-0
SMITH	Jim	-----	M	1838	3224	Place-22
SMITH	Suzanne	-----	F	1838	3225	Place-21
SMITH	Bob	-----	M	1838	3226	Place-22
SMITH	Bob	-----	M	1838	3227	Place-0
SMITH	Briony	-----	F	1839	3231	Place-0
SMITH	Suzanne	-----	F	1839	3232	Place-11
SMITH	Shawn	-----	M	1839	3233	Place-20
SMITH	Paulo	-----	M	1839	3234	Place-28
SMITH	James	-----	M	1839	3235	Place-2
SMITH	Jim	-----	M	1839	3236	Place-25
SMITH	Shawn	-----	M	1839	3237	Place-1
SMITH	Seonaid	-----	F	1839	3238	Place-15
SMITH	Briony	-----	F	1839	3239	Place-22
SMITH	Paulo	-----	M	1839	3240	Place-13
SMITH	Seonaid	-----	F	1839	3241	Place-22
SMITH	Bob	-----	M	1839	3242	Place-29
SMITH	James	-----	M	1839	3243	Place-17
SMITH	Selina	-----	F	1839	3244	Place-20
SMITH	Bob	-----	M	1839	3245	Place-18
SMITH	Susan	-----	F	1839	3246	Place-5
SMITH	Shawn	-----	M	1839	3247	Place-25
SMITH	Seonaid	-----	F	1839	3248	Place-16
SMITH	Sharon	-----	F	1839	3249	Place-4
SMITH	Bob	-----	M	1839	3250	Place-27
SMITH	Paulo	-----	M	1839	3251	Place-29
SMITH	Sarah	-----	F	1839	3252	Place-8
SMITH	Bob	-----	M	1839	3253	Place-4
SMITH	Sarah	-----	F	1839	3254	Place-16
SMITH	Sheila	-----	F	1839	3255	Place-27
SMITH	Sheila	-----	F	1839	3256	Place-22
SMITH	Sheila	-----	F	1839	3257	Place-13
SMITH	Selina	-----	F	1839	3258	Place-25
SMITH	James	-----	M	1839	3259	Place-19
SMITH	James	-----	M	1839	3260	Place-13
SMITH	Seonaid	-----	F	1839	3261	Place-4
SMITH	Sheila	-----	F	1839	3262	Place-20
SMITH	Paulo	-----	M	1839	3263	Place-27
SMITH	Sheila	-----	F	1839	3264	Place-29
SMITH	Seonaid	-----	F	1839	3265	Place-24
SMITH	Susan	-----	F	1839	3266	Place-14
SMITH	Sharon	-----	F	1839	3267	Place-22
SMITH	Selina	-----	F	1839	3268	Place-18
SMITH	Bob	-----	M	1839	3269	Place-25
SMITH	Jim	-----	M	1839	3270	Place-12
SMITH	Paulo	-----	M	1839	3271	Place-18
SMITH	Shawn	-----	M	1839	3272	Place-13
SMITH	Susan	-----	F	1839	3273	Place-13
SMITH	Briony	-----	F	1839	3274	Place-5
SMITH	Jim	-----	M	1839	3275	Place-16
SMITH	Sarah	-----	F	1839	3276	Place-8
SMITH	Susan	-----	F	1839	3277	Place-22
SMITH	Sarah	-----	F	1839	3278	Place-9
SMITH	Shawn	-----	M	1839	3279	Place-9
SMITH	Jim	-----	M	1839	3280	Place-4
SMITH	Jim	-----	M	1839	3281	Place-25
SMITH	Susan	-----	F	1839	3282	Place-21
SMITH	Jacob	-----	M	1839	3283	Place-0
SMITH	Sheila	-----	F	1839	3284	Place-24
SMITH	Jenkins	-----	M	1840	3292	Place-23
SMITH	Sheila	-----	F	1840	3293	Place-19
SMITH	Bob	-----	M	1840	3294	Place-26
SMITH	Suzanne	-----	F	1840	3295	Place-27
SMITH	James	-----	M	1840	3296	Place-12
SMITH	Paulo	-----	M	1840	3297	Place-19
SMITH	Shawn	-----	M	1840	3298	Place-4
SMITH	Suzanne	-----	F	1840	3299	Place-17
SMITH	Susan	-----	F	1840	3300	Place-4
SMITH	Seonaid	-----	F	1840	3301	Place-29
SMITH	Jenkins	-----	M	1840	3302	Place-3
SMITH	Bob	-----	M	1840	3303	Place-26
SMITH	Bob	-----	M	1840	3304	Place-16
SMITH	James	-----	M	1840	3305	Place-18
SMITH	Selina	-----	F	1840	3306	Place-26
SMITH	Sarah	-----	F	1840	3307	Place-12
SMITH	Sharon	-----	F	1840	3308	Place-29
SMITH	Selina	-----	F	1840	3309	Place-1
SMITH	Sheila	-----	F	1840	3310	Place-4
SMITH	Susan	-----	F	1840	3311	Place-8
SMITH	Paulo	-----	M	1840	3312	Place-21
SMITH	Susan	-----	F	1840	3313	Place-23
SMITH	Susan	-----	F	1840	3314	Place-28
SMITH	Sarah	-----	F	1840	3315	Place-17
SMITH	Jim	-----	M	1840	3316	Place-23
SMITH	Suzanne	-----	F	1840	3317	Place-21
SMITH	Sharon	-----	F	1840	3318	Place-17
SMITH	James	-----	M	1840	3319	Place-10
SMITH	Suzanne	-----	F	1840	3320	Place-2
SMITH	Jenkins	-----	M	1840	3321	Place-12
SMITH	Joseph	-----	M	1840	3322	Place-2
SMITH	Shawn	-----	M	1840	3323	Place-22
SMITH	Susan	-----	F	1840	3324	Place-2
SMITH	Suzanne	-----	F	1840	3325	Place-10
SMITH	Jenkins	-----	M	1840	3326	Place-27
SMITH	Jenkins	-----	M	1840	3327	Place-23
SMITH	Jenkins	-----	M	1840	3328	Place-20
SMITH	Suzanne	-----	F	1840	3329	Place-9
SMITH	Joseph	-----	M	1840	3330	Place-14
SMITH	Selina	-----	F	1840	3331	Place-24
SMITH	James	-----	M	1840	3332	Place-18
SMITH	Sheila	-----	F	1840	3333	Place-6
SMITH	Sarah	-----	F	1840	3334	Place-4
SMITH	Jim	-----	M	1840	3335	Place-25
SMITH	Suzanne	-----	F	1840	3336	Place-28
SMITH	James	-----	M	1840	3337	Place-18
SMITH	Jim	-----	M	1840	3338	Place-9
SMITH	Suzanne	-----	F	1840	3339	Place-16
SMITH	Suzanne	-----	F	1840	3340	Place-19
SMITH	Jim	-----	M	1840	3341	Place-26
SMITH	Paulo	-----	M	1841	3351	Place-23
SMITH	Briony	-----	F	1841	3352	Place-15
SMITH	Shawn	-----	M	1841	3353	Place-29
SMITH	Bob	-----	M	1841	3354	Place-23
SMITH	Sheila	-----	F	1841	3355	Place-6
SMITH	Joseph	-----	M	1841	3356	Place-13
SMITH	Briony	-----	F	1841	3357	Place-14
SMITH	Shawn	-----	M	1841	3358	Place-2
SMITH	Paulo	-----	M	1841	3359	Place-11
SMITH	Jim	-----	M	1841	3360	Place-0
SMITH	Suzanne	-----	F	1841	3361	Place-4
SMITH	Briony	-----	F	1841	3362	Place-9
SMITH	Susan	-----	F	1841	3363	Place-0
SMITH	Selina	-----	F	1841	3364	Place-16
SMITH	Sarah	-----	F	1841	3365	Place-28
SMITH	Suzanne	-----	F	1841	3366	Place-9
SMITH	Jacob	-----	M	1841	3367	Place-26
SMITH	Jacob	-----	M	1841	3368	Place-23
SMITH	James	-----	M	1841	3369	Place-23
SMITH	Sarah	-----	F	1841	3370	Place-5
SMITH	Seonaid	-----	F	1841	3371	Place-10
SMITH	Jim	-----	M	1841	3372	Place-10
SMITH	Selina	-----	F	1841	3373	Place-17
SMITH	Joseph	-----	M	1841	3374	Place-4
SMITH	Suzanne	-----	F	1841	3375	Place-24
SMITH	Sarah	-----	F	1841	3376	Place-24
SMITH	Jacob	-----	M	1841	3377	Place-17
SMITH	Briony	-----	F	1841	3378	Place-5
SMITH	Jacob	-----	M	1841	3379	Place-22
SMITH	Shawn	-----	M	1841	3380	Place-2
SMITH	Suzanne	-----	F	1841	3381	Place-3
SMITH	Seonaid	-----	F	1841	3382	Place-22
SMITH	Jacob	-----	M	1841	3383	Place-21
SMITH	Selina	-----	F	1841	3384	Place-14
SMITH	Jenkins	-----	M	1841	3385	Place-10
SMITH	Briony	-----	F	1841	3386	Place-11
SMITH	Suzanne	-----	F	1841	3387	Place-26
SMITH	Suzanne	-----	F	1841	3388	Place-27
SMITH	Bob	-----	M	1841	3389	Place-9
SMITH	Shawn	-----	M	1841	3390	Place-10
SMITH	Briony	-----	F	1841	3391	Place-10
SMITH	Sarah	-----	F	1841	3392	Place-8
SMITH	Jacob	-----	M	1841	3393	Place-4
SMITH	Jim	-----	M	1841	3394	Place-11
SMITH	Selina	-----	F	1841	3395	Place-5
SMITH	Jenkins	-----	M	1841	3396	Place-12
SMITH	Briony	-----	F	1841	3397	Place-18
SMITH	Sarah	-----	F	1841	3398	Place-3
SMITH	James	-----	M	1841	3399	Place-10
SMITH	Selina	-----	F	1841	3400	Place-2
SMITH	Sharon	-----	F	1841	3401	Place-16
SMITH	Paulo	-----	M	1841	3402	Place-6
SMITH	Jenkins	-----	M	1841	3403	Place-3
SMITH	Jim	-----	M	1842	3407	Place-23
SMITH	Suzanne	-----	F	1842	3408	Place-26
SMITH	Shawn	-----	M	1842	3409	Place-20
SMITH	Briony	-----	F	1842	3410	Place-7
SMITH	Seonaid	-----	F	1842	3411	Place-4
SMITH	Jim	-----	M	1842	3412	Place-9
SMITH	Bob	-----	M	1842	3413	Place-1
SMITH	James	-----	M	1842	3414	Place-25
SMITH	Paulo	-----	M	1842	3415	Place-20
SMITH	Jacob	-----	M	1842	3416	Place-2
SMITH	Jacob	-----	M	1842	3417	Place-23
SMITH	Susan	-----	F	1842	3418	Place-14
SMITH	Sharon	-----	F	1842	3419	Place-17
SMITH	Joseph	-----	M	1842	3420	Place-6
SMITH	Susan	-----	F	1842	3421	Place-26
SMITH	James	-----	M	1842	3422	Place-10
SMITH	Susan	-----	F	1842	3423	Place-19
SMITH	Shawn	-----	M	1842	3424	Place-19
SMITH	Paulo	-----	M	1842	3425	Place-27
SMITH	Seonaid	-----	F	1842	3426	Place-2
SMITH	Jacob	-----	M	1842	3427	Place-4
SMITH	Jenkins	-----	M	1842	3428	Place-0
SMITH	Sarah	-----	F	1842	3429	Place-10
SMITH	Jim	-----	M	1842	3430	Place-26
SMITH	Suzanne	-----	F	1842	3431	Place-16
SMITH	Jacob	-----	M	1842	3432	Place-9
SMITH	Briony	-----	F	1842	3433	Place-26
SMITH	James	-----	M	1842	3434	Place-1
SMITH	Briony	-----	F	1842	3435	Place-4
SMITH	Susan	-----	F	1842	3436	Place-10
SMITH	Jenkins	-----	M	1842	3437	Place-26
SMITH	Sarah	-----	F	1842	3438	Place-9
SMITH	Briony	-----	F	1842	3439	Place-21
SMITH	Jenkins	-----	M	1842	3440	Place-17
SMITH	Paulo	-----	M	1842	3441	Place-13
SMITH	Seonaid	-----	F	1842	3442	Place-21
SMITH	Joseph	-----	M	1842	3443	Place-26
SMITH	James	-----	M	1842	3444	Place-23
SMITH	Sharon	-----	F	1842	3445	Place-7
SMITH	Jim	-----	M	1842	3446	Place-20
SMITH	Bob	-----	M	1842	3447	Place-6
SMITH	Sarah	-----	F	1842	3448	Place-4
SMITH	James	-----	M	1842	3449	Place-11
SMITH	Jenkins	-----	M	1842	3450	Place-23
SMITH	Suzanne	-----	F	1842	3451	Place-13
SMITH	Paulo	-----	M	1842	3452	Place-23
SMITH	Selina	-----	F	1842	3453	Place-5
SMITH	Susan	-----	F	1842	3454	Place-19
SMITH	Bob	-----	M	1842	3455	Place-7
SMITH	Paulo	-----	M	1842	3456	Place-28
SMITH	Susan	-----	F	1842	3457	Place-21
SMITH	Susan	-----	F	1842	3458	Place-9
SMITH	Bob	-----	M	1842	3459	Place-7
SMITH	Shawn	-----	M	1843	3467	Place-16
SMITH	Selina	-----	F	1843	3468	Place-23
SMITH	Briony	-----	F	1843	3469	Place-28
SMITH	Briony	-----	F	1843	3470	Place-22
SMITH	Jim	-----	M	1843	3471	Place-7
SMITH	Sheila	-----	F	1843	3472	Place-24
SMITH	Jacob	-----	M	1843	3473	Place-28
SMITH	Seonaid	-----	F	1843	3474	Place-5
SMITH	Sarah	-----	F	1843	3475	Place-25
SMITH	Shawn	-----	M	1843	3476	Place-9
SMITH	Susan	-----	F	1843	3477	Place-8
SMITH	Seonaid	-----	F	1843	3478	Place-18
SMITH	Suzanne	-----	F	1843	3479	Place-6
SMITH	Selina	-----	F	1843	3480	Place-28
SMITH	Briony	-----	F	1843	3481	Place-21
SMITH	Bob	-----	M	1843	3482	Place-26
SMITH	Paulo	-----	M	1843	3483	Place-12
SMITH	Joseph	-----	M	1843	3484	Place-19
SMITH	Suzanne	-----	F	1843	3485	Place-19
SMITH	Joseph	-----	M	1843	3486	Place-4
SMITH	Joseph	-----	M	1843	3487	Place-14
SMITH	Jim	-----	M	1843	3488	Place-9
SMITH	James	-----	M	1843	3489	Place-11
SMITH	Sharon	-----	F	1843	3490	Place-18
SMITH	Sharon	-----	F	1843	3491	Place-2
SMITH	Selina	-----	F	1843	3492	Place-7
SMITH	Jenkins	-----	M	1843	3493	Place-10
SMITH	Joseph	-----	M	1843	3494	Place-23
SMITH	Briony	-----	F	1843	3495	Place-13
SMITH	Joseph	-----	M	1843	3496	Place-24
SMITH	Shawn	-----	M	1843	3497	Place-27
SMITH	Shawn	-----	M	1843	3498	Place-23
SMITH	Briony	-----	F	1843	3499	Place-14
SMITH	Jenkins	-----	M	1843	3500	Place-20
SMITH	Susan	-----	F	1843	3501	Place-27
SMITH	Sheila	-----	F	1843	3502	Place-10
SMITH	Selina	-----	F	1843	3503	Place-23
SMITH	Sheila	-----	F	1843	3504	Place-5
SMITH	Seonaid	-----	F	1843	3505	Place-12
SMITH	Sarah	-----	F	1843	3506	Place-28
SMITH	Shawn	-----	M	1843	3507	Place-21
SMITH	James	-----	M	1843	3508	Place-9
SMITH	Jacob	-----	M	1843	3509	Place-11
SMITH	Briony	-----	F	1843	3510	Place-19
SMITH	Selina	-----	F	1843	3511	Place-22
SMITH	Briony	-----	F	1843	3512	Place-9
SMITH	Selina	-----	F	1843	3513	Place-25
SMITH	Jenkins	-----	M	1843	3514	Place-5
SMITH	Jim	-----	M	1843	3515	Place-23
SMITH	Bob	-----	M	1843	3516	Place-12
SMITH	Paulo	-----	M	1843	3517	Place-28
SMITH	James	-----	M	1844	3524	Place-4
SMITH	Shawn	-----	M	1844	3525	Place-26
SMITH	Selina	-----	F	1844	3526	Place-3
SMITH	Sharon	-----	F	1844	3527	Place-28
SMITH	Sheila	-----	F	1844	3528	Place-13
SMITH	Sarah	-----	F	1844	3529	Place-3
SMITH	Selina	-----	F	1844	3530	Place-4
SMITH	Bob	-----	M	1844	3531	Place-27
SMITH	James	-----	M	1844	3532	Place-28
SMITH	Bob	-----	M	1844	3533	Place-27
SMITH	Seonaid	-----	F	1844	3534	Place-28
SMITH	Joseph	-----	M	1844	3535	Place-29
SMITH	Sharon	-----	F	1844	3536	Place-19
SMITH	Shawn	-----	M	1844	3537	Place-6
SMITH	Joseph	-----	M	1844	3538	Place-7
SMITH	Sharon	-----	F	1844	3539	Place-1
SMITH	Suzanne	-----	F	1844	3540	Place-21
SMITH	Jacob	-----	M	1844	3541	Place-25
SMITH	Jacob	-----	M	1844	3542	Place-28
SMITH	James	-----	M	1844	3543	Place-9
SMITH	James	-----	M	1844	3544	Place-19
SMITH	Jenkins	-----	M	1844	3545	Place-0
SMITH	Seonaid	-----	F	1844	3546	Place-7
SMITH	Briony	-----	F	1844	3547	Place-29
SMITH	Suzanne	-----	F	1844	3548	Place-7
SMITH	James	-----	M	1844	3549	Place-23
SMITH	Selina	-----	F	1844	3550	Place-13
SMITH	Shawn	-----	M	1844	3551	Place-6
SMITH	Seonaid	-----	F	1844	3552	Place-26
SMITH	Jenkins	-----	M	1844	3553	Place-28
SMITH	Joseph	-----	M	1844	3554	Place-9
SMITH	Shawn	-----	M	1844	3555	Place-20
SMITH	Jim	-----	M	1844	3556	Place-18
SMITH	Jenkins	-----	M	1844	3557	Place-13
SMITH	Sheila	-----	F	1844	3558	Place-0
SMITH	Susan	-----	F	1844	3559	Place-13
SMITH	Susan	-----	F	1844	3560	Place-4
SMITH	Sheila	-----	F	1844	3561	Place-3
SMITH	Suzanne	-----	F	1844	3562	Place-16
SMITH	Bob	-----	M	1844	3563	Place-25
SMITH	Seonaid	-----	F	1844	3564	Place-7
SMITH	Jim	-----	M	1844	3565	Place-9
SMITH	Briony	-----	F	1844	3566	Place-10
SMITH	Shawn	-----	M	1844	3567	Place-6
SMITH	Bob	-----	M	1844	3568	Place-14
SMITH	Selina	-----	F	1844	3569	Place-22
SMITH	Sharon	-----	F	1844	3570	Place-17
SMITH	Paulo	-----	M	1844	3571	Place-12
SMITH	Shawn	-----	M	1844	3572	Place-5
SMITH	Briony	-----	F	1844	3573	Place-12
SMITH	Bob	-----	M	1844	3574	Place-27
SMITH	Shawn	-----	M	1844	3575	Place-13
SMITH	Jim	-----	M	1844	3576	Place-22
SMITH	Jim	-----	M	1844	3577	Place-9
SMITH	Sharon	-----	F	1844	3578	Place-10
SMITH	Paulo	-----	M	1844	3579	Place-5
SMITH	Jacob	-----	M	1844	3580	Place-20
SMITH	Jacob	-----	M	1844	3581	Place-7
SMITH	Sharon	-----	F	1844	3582	Place-17
SMITH	Paulo	-----	M	1844	3583	Place-5
SMITH	Selina	-----	F	1844	3584	Place-22
SMITH	Sharon	-----	F	1845	3596	Place-3
SMITH	Sarah	-----	F	1845	3597	Place-1
SMITH	Jim	-----	M	1845	3598	Place-28
SMITH	Sarah	-----	F	1845	3599	Place-22
SMITH	Sheila	-----	F	1845	3600	Place-13
SMITH	Joseph	-----	M	1845	3601	Place-26
SMITH	Sharon	-----	F	1845	3602	Place-24
SMITH	Jenkins	-----	M	1845	3603	Place-18
SMITH	Suzanne	-----	F	1845	3604	Place-2
SMITH	Jim	-----	M	1845	3605	Place-24
SMITH	Paulo	-----	M	1845	3606	Place-29
SMITH	Sarah	-----	F	1845	3607	Place-18
SMITH	Sharon	-----	F	1845	3608	Place-7
SMITH	Joseph	-----	M	1845	3609	Place-1
SMITH	Bob	-----	M	1845	3610	Place-15
SMITH	Joseph	-----	M	1845	3611	Place-17
SMITH	Sarah	-----	F	1845	3612	Place-2
SMITH	Jim	-----	M	1845	3613	Place-6
SMITH	Sarah	-----	F	1845	3614	Place-5
SMITH	Jim	-----	M	1845	3615	Place-0
SMITH	Paulo	-----	M	1845	3616	Place-23
SMITH	Sheila	-----	F	1845	3617	Place-7
SMITH	Selina	-----	F	1845	3618	Place-1
SMITH	Paulo	-----	M	1845	3619	Place-6
SMITH	James	-----	M	1845	3620	Place-7
SMITH	Joseph	-----	M	1845	3621	Place-14
SMITH	Jenkins	-----	M	1845	3622	Place-6
SMITH	Sharon	-----	F	1845	3623	Place-13
SMITH	Bob	-----	M	1845	3624	Place-27
SMITH	Briony	-----	F	1845	3625	Place-15
SMITH	Bob	-----	M	1845	3626	Place-22
SMITH	Jenkins	-----	M	1845	3627	Place-11
SMITH	Bob	-----	M	1845	3628	Place-23
SMITH	Sharon	-----	F	1845	3629	Place-18
SMITH	Sarah	-----	F	1845	3630	Place-15
SMITH	Suzanne	-----	F	1845	3631	Place-28
SMITH	Paulo	-----	M	1845	3632	Place-7
SMITH	Seonaid	-----	F	1845	3633	Place-4
SMITH	Selina	-----	F	1845	3634	Place-6
SMITH	Joseph	-----	M	1845	3635	Place-28
SMITH	Seonaid	-----	F	1845	3636	Place-22
SMITH	Briony	-----	F	1845	3637	Place-0
SMITH	James	-----	M	1845	3638	Place-22
SMITH	James	-----	M	1845	3639	Place-9
SMITH	Jenkins	-----	M	1845	3640	Place-24
SMITH	Briony	-----	F	1845	3641	Place-21
SMITH	Paulo	-----	M	1845	3642	Place-23
SMITH	Sharon	-----	F	1845	3643	Place-1
SMITH	Sarah	-----	F	1845	3644	Place-10
SMITH	Joseph	-----	M	1845	3645	Place-6
SMITH	Suzanne	-----	F	1845	3646	Place-21
SMITH	Paulo	-----	M	1846	3652	Place-19
SMITH	Bob	-----	M	1846	3653	Place-12
SMITH	Jim	-----	M	1846	3654	Place-25
SMITH	James	-----	M	1846	3655	Place-15
SMITH	Paulo	-----	M	1846	3656	Place-22
SMITH	Sheila	-----	F	1846	3657	Place-20
SMITH	Shawn	-----	M	1846	3658	Place-6
SMITH	Jim	-----	M	1846	3659	Place-8
SMITH	Seonaid	-----	F	1846	3660	Place-1
SMITH	Seonaid	-----	F	1846	3661	Place-26
SMITH	Jim	-----	M	1846	3662	Place-1
SMITH	James	-----	M	1846	3663	Place-0
SMITH	Seonaid	-----	F	1846	3664	Place-21
SMITH	Joseph	-----	M	1846	3665	Place-21
SMITH	Sheila	-----	F	1846	3666	Place-26
SMITH	Selina	-----	F	1846	3667	Place-29
SMITH	Sharon	-----	F	1846	3668	Place-2
SMITH	Selina	-----	F	1846	3669	Place-19
SMITH	Joseph	-----	M	1846	3670	Place-25
SMITH	Jenkins	-----	M	1846	3671	Place-16
SMITH	Jacob	-----	M	1846	3672	Place-24
SMITH	Sheila	-----	F	1846	3673	Place-6
SMITH	Jenkins	-----	M	1846	3674	Place-0
SMITH	Suzanne	-----	F	1846	3675	Place-26
SMITH	Bob	-----	M	1846	3676	Place-23
SMITH	Selina	-----	F	1846	3677	Place-6
SMITH	Paulo	-----	M	1846	3678	Place-23
SMITH	Joseph	-----	M	1846	3679	Place-13
SMITH	Sharon	-----	F	1846	3680	Place-15
SMITH	Sheila	-----	F	1846	3681	Place-14
SMITH	Jim	-----	M	1846	3682	Place-18
SMITH	Shawn	-----	M	1846	3683	Place-0
SMITH	Seonaid	-----	F	1846	3684	Place-15
SMITH	Susan	-----	F	1846	3685	Place-20
SMITH	Paulo	-----	M	1846	3686	Place-9
SMITH	Paulo	-----	M	1846	3687	Place-17
SMITH	Shawn	-----	M	1846	3688	Place-17
SMITH	Joseph	-----	M	1846	3689	Place-9
SMITH	Briony	-----	F	1846	3690	Place-16
SMITH	Seonaid	-----	F	1846	3691	Place-27
SMITH	Selina	-----	F	1846	3692	Place-4
SMITH	Jacob	-----	M	1846	3693	Place-8
SMITH	Briony	-----	F	1846	3694	Place-22
SMITH	Susan	-----	F	1846	3695	Place-25
SMITH	Suzanne	-----	F	1846	3696	Place-7
SMITH	Joseph	-----	M	1846	3697	Place-20
SMITH	Jim	-----	M	1846	3698	Place-12
SMITH	Bob	-----	M	1846	3699	Place-11
SMITH	Sarah	-----	F	1846	3700	Place-18
SMITH	James	-----	M	1846	3701	Place-5
SMITH	Bob	-----	M	1846	3702	Place-19
SMITH	Paulo	-----	M	1846	3703	Place-4
SMITH	Sharon	-----	F	1846	3704	Place-7
SMITH	Briony	-----	F	1846	3705	Place-16
SMITH	Jacob	-----	M	1846	3706	Place-16
SMITH	Sheila	-----	F	1846	3707	Place-20
SMITH	Briony	-----	F	1846	3708	Place-8
SMITH	Jenkins	-----	M	1846	3709	Place-0
SMITH	Paulo	-----	M	1846	3710	Place-18
SMITH	James	-----	M	1846	3711	Place-21
SMITH	Sarah	-----	F	1846	3712	Place-28
SMITH	Joseph	-----	M	1846	3713	Place-5
SMITH	Briony	-----	F	1846	3714	Place-19
SMITH	Briony	-----	F	1846	3715	Place-28
SMITH	Seonaid	-----	F	1846	3716	Place-18
SMITH	Jenkins	-----	M	1846	3717	Place-3
SMITH	Briony	-----	F	1846	3718	Place-18
SMITH	Suzanne	-----	F	1847	3727	Place-25
SMITH	Susan	-----	F	1847	3728	Place-20
SMITH	Selina	-----	F	1847	3729	Place-21
SMITH	Briony	-----	F	1847	3730	Place-27
SMITH	Selina	-----	F	1847	3731	Place-15
SMITH	Bob	-----	M	1847	3732	Place-6
SMITH	Sharon	-----	F	1847	3733	Place-24
SMITH	Sarah	-----	F	1847	3734	Place-2
SMITH	Briony	-----	F	1847	3735	Place-0
SMITH	Selina	-----	F	1847	3736	Place-4
SMITH	Shawn	-----	M	1847	3737	Place-7
SMITH	Susan	-----	F	1847	3738	Place-27
SMITH	Sheila	-----	F	1847	3739	Place-28
SMITH	Bob	-----	M	1847	3740	Place-23
SMITH	Sarah	-----	F	1847	3741	Place-12
SMITH	Suzanne	-----	F	1847	3742	Place-13
SMITH	Sharon	-----	F	1847	3743	Place-25
SMITH	Jacob	-----	M	1847	3744	Place-20
SMITH	Selina	-----	F	1847	3745	Place-1
SMITH	Selina	-----	F	1847	3746	Place-16
SMITH	Paulo	-----	M	1847	3747	Place-27
SMITH	Sarah	-----	F	1847	3748	Place-5
SMITH	Suzanne	-----	F	1847	3749	Place-28
SMITH	Selina	-----	F	1847	3750	Place-22
SMITH	Briony	-----	F	1847	3751	Place-23
SMITH	Susan	-----	F	1847	3752	Place-21
SMITH	Bob	-----	M	1847	3753	Place-7
SMITH	Seonaid	-----	F	1847	3754	Place-29
SMITH	Suzanne	-----	F	1847	3755	Place-5
SMITH	Bob	-----	M	1847	3756	Place-27
SMITH	Briony	-----	F	1847	3757	Place-24
SMITH	Sheila	-----	F	1847	3758	Place-27
SMITH	Jenkins	-----	M	1847	3759	Place-15
SMITH	Paulo	-----	M	1847	3760	Place-17
SMITH	Jim	-----	M	1847	3761	Place-17
SMITH	Bob	-----	M	1847	3762	Place-15
SMITH	Jim	-----	M	1847	3763	Place-24
SMITH	Jenkins	-----	M	1847	3764	Place-12
SMITH	Jenkins	-----	M	1847	3765	Place-12
SMITH	Briony	-----	F	1847	3766	Place-5
SMITH	Jacob	-----	M	1847	3767	Place-15
SMITH	Bob	-----	M	1847	3768	Place-22
SMITH	Bob	-----	M	1847	3769	Place-10
SMITH	Suzanne	-----	F	1847	3770	Place-7
SMITH	Suzanne	-----	F	1847	3771	Place-13
SMITH	Briony	-----	F	1847	3772	Place-20
SMITH	Sarah	-----	F	1847	3773	Place-21
SMITH	Joseph	-----	M	1847	3774	Place-7
SMITH	Sarah	-----	F	1847	3775	Place-4
SMITH	James	-----	M	1847	3776	Place-9
SMITH	Sharon	-----	F	1847	3777	Place-0
SMITH	Jacob	-----	M	1847	3778	Place-18
SMITH	Selina	-----	F	1847	3779	Place-22
SMITH	Jenkins	-----	M	1847	3780	Place-28
SMITH	Seonaid	-----	F	1847	3781	Place-18
SMITH	Susan	-----	F	1847	3782	Place-7
SMITH	Susan	-----	F	1847	3783	Place-1
SMITH	Shawn	-----	M	1847	3784	Place-10
SMITH	Selina	-----	F	1847	3785	Place-10
SMITH	Bob	-----	M	1847	3786	Place-28
SMITH	Bob	-----	M	1847	3787	Place-5
SMITH	Susan	-----	F	1847	3788	Place-8
SMITH	Jacob	-----	M	1848	3798	Place-21
SMITH	Jenkins	-----	M	1848	3799	Place-3
SMITH	James	-----	M	1848	3800	Place-19
SMITH	Suzanne	-----	F	1848	3801	Place-6
SMITH	Bob	-----	M	1848	3802	Place-21
SMITH	Bob	-----	M	1848	3803	Place-14
SMITH	Sharon	-----	F	1848	3804	Place-5
SMITH	Selina	-----	F	1848	3805	Place-2
SMITH	Sharon	-----	F	1848	3806	Place-1
SMITH	Selina	-----	F	1848	3807	Place-8
SMITH	Paulo	-----	M	1848	3808	Place-8
SMITH	Jim	-----	M	1848	3809	Place-11
SMITH	James	-----	M	1848	3810	Place-1
SMITH	James	-----	M	1848	3811	Place-27
SMITH	Suzanne	-----	F	1848	3812	Place-21
SMITH	Seonaid	-----	F	1848	3813	Place-6
SMITH	Seonaid	-----	F	1848	3814	Place-9
SMITH	Jacob	-----	M	1848	3815	Place-15
SMITH	James	-----	M	1848	3816	Place-0
SMITH	Suzanne	-----	F	1848	3817	Place-20
SMITH	Sarah	-----	F	1848	3818	Place-21
SMITH	Seonaid	-----	F	1848	3819	Place-26
SMITH	Paulo	-----	M	1848	3820	Place-28
SMITH	Suzanne	-----	F	1848	3821	Place-15
SMITH	Sharon	-----	F	1848	3822	Place-0
SMITH	Susan	-----	F	1848	3823	Place-11
SMITH	Suzanne	-----	F	1848	3824	Place-9
SMITH	Bob	-----	M	1848	3825	Place-19
SMITH	Joseph	-----	M	1848	3826	Place-12
SMITH	Seonaid	-----	F	1848	3827	Place-15
SMITH	Briony	-----	F	1848	3828	Place-8
SMITH	James	-----	M	1848	3829	Place-0
SMITH	Sheila	-----	F	1848	3830	Place-15
SMITH	Paulo	-----	M	1848	3831	Place-10
SMITH	Briony	-----	F	1848	3832	Place-20
SMITH	Seonaid	-----	F	1848	3833	Place-6
SMITH	Sheila	-----	F	1848	3834	Place-12
SMITH	Sharon	-----	F	1848	3835	Place-0
SMITH	Seonaid	-----	F	1848	3836	Place-22
SMITH	Seonaid	-----	F	1848	3837	Place-9
SMITH	Bob	-----	M	1848	3838	Place-24
SMITH	Sheila	-----	F	1848	3839	Place-25
SMITH	James	-----	M	1848	3840	Place-24
SMITH	Seonaid	-----	F	1848	3841	Place-23
SMITH	Paulo	-----	M	1848	3842	Place-7
SMITH	Briony	-----	F	1848	3843	Place-18
SMITH	Briony	-----	F	1848	3844	Place-4
SMITH	Sarah	-----	F	1848	3845	Place-28
SMITH	Jacob	-----	M	1848	3846	Place-17
SMITH	Selina	-----	F	1849	3856	Place-10
SMITH	Shawn	-----	M	1849	3857	Place-17
SMITH	Seonaid	-----	F	1849	3858	Place-1
SMITH	Jenkins	-----	M	1849	3859	Place-13
SMITH	Sharon	-----	F	1849	3860	Place-20
SMITH	Sarah	-----	F	1849	3861	Place-14
SMITH	Briony	-----	F	1849	3862	Place-23
SMITH	Joseph	-----	M	1849	3863	Place-22
SMITH	Sheila	-----	F	1849	3864	Place-18
SMITH	Joseph	-----	M	1849	3865	Place-4
SMITH	Paulo	-----	M	1849	3866	Place-5
SMITH	Jenkins	-----	M	1849	3867	Place-26
SMITH	Susan	-----	F	1849	3868	Place-8
SMITH	Shawn	-----	M	1849	3869	Place-7
SMITH	Suzanne	-----	F	1849	3870	Place-20
SMITH	Bob	-----	M	1849	3871	Place-9
SMITH	Jenkins	-----	M	1849	3872	Place-29
SMITH	Sheila	-----	F	1849	3873	Place-28
SMITH	Selina	-----	F	1849	3874	Place-26
SMITH	Jim	-----	M	1849	3875	Place-10
SMITH	Joseph	-----	M	1849	3876	Place-23
SMITH	Selina	-----	F	1849	3877	Place-17
SMITH	Joseph	-----	M	1849	3878	Place-10
SMITH	Selina	-----	F	1849	3879	Place-24
SMITH	Susan	-----	F	1849	3880	Place-20
SMITH	Briony	-----	F	1849	3881	Place-26
SMITH	Paulo	-----	M	1849	3882	Place-0
SMITH	Briony	-----	F	1849	3883	Place-15
SMITH	James	-----	M	1849	3884	Place-12
SMITH	Sarah	-----	F	1849	3885	Place-23
SMITH	Jenkins	-----	M	1849	3886	Place-9
SMITH	Shawn	-----	M	1849	3887	Place-28
SMITH	James	-----	M	1849	3888	Place-4
SMITH	Sheila	-----	F	1849	3889	Place-12
SMITH	Sharon	-----	F	1849	3890	Place-22
SMITH	Bob	-----	M	1849	3891	Place-16
SMITH	Jacob	-----	M	1849	3892	Place-25
SMITH	Briony	-----	F	1849	3893	Place-17
SMITH	Sharon	-----	F	1849	3894	Place-18
SMITH	Paulo	-----	M	1849	3895	Place-15
SMITH	Sheila	-----	F	1849	3896	Place-27
SMITH	Jim	-----	M	1849	3897	Place-6
SMITH	Paulo	-----	M	1849	3898	Place-19
SMITH	Sharon	-----	F	1849	3899	Place-10
SMITH	Sharon	-----	F	1849	3900	Place-22
SMITH	James	-----	M	1849	3901	Place-9
SMITH	Selina	-----	F	1849	3902	Place-24
SMITH	Selina	-----	F	1849	3903	Place-5
SMITH	Bob	-----	M	1849	3904	Place-23
SMITH	Sharon	-----	F	1849	3905	Place-5
SMITH	Briony	-----	F	1849	3906	Place-15
SMITH	Briony	-----	F	1849	3907	Place-13
SMITH	Sheila	-----	F	1849	3908	Place-18
SMITH	Suzanne	-----	F	1849	3909	Place-17
SMITH	Jenkins	-----	M	1849	3910	Place-4
SMITH	Sarah	-----	F	1850	3920	Place-6
SMITH	Sarah	-----	F	1850	3921	Place-21
SMITH	Jim	-----	M	1850	3922	Place-28
SMITH	Selina	-----	F	1850	3923	Place-29
SMITH	Sharon	-----	F	1850	3924	Place-4
SMITH	Jenkins	-----	M	1850	3925	Place-29
SMITH	Sarah	-----	F	1850	3926	Place-7
SMITH	Susan	-----	F	1850	3927	Place-4
SMITH	Sharon	-----	F	1850	3928	Place-15
SMITH	Susan	-----	F	1850	3929	Place-19
SMITH	Bob	-----	M	1850	3930	Place-24
SMITH	Susan	-----	F	1850	3931	Place-16
SMITH	Suzanne	-----	F	1850	3932	Place-9
SMITH	Paulo	-----	M	1850	3933	Place-4
SMITH	Jenkins	-----	M	1850	3934	Place-14
SMITH	Sheila	-----	F	1850	3935	Place-5
SMITH	Joseph	-----	M	1850	3936	Place-7
SMITH	Sarah	-----	F	1850	3937	Place-4
SMITH	Sarah	-----	F	1850	3938	Place-21
SMITH	Susan	-----	F	1850	3939	Place-12
SMITH	Jenkins	-----	M	1850	3940	Place-10
SMITH	Seonaid	-----	F	1850	3941	Place-23
SMITH	Briony	-----	F	1850	3942	Place-27
SMITH	Shawn	-----	M	1850	3943	Place-22
SMITH	Joseph	-----	M	1850	3944	Place-0
SMITH	Paulo	-----	M	1850	3945	Place-1
SMITH	Jenkins	-----	M	1850	3946	Place-12
SMITH	Sharon	-----	F	1850	3947	Place-24
SMITH	James	-----	M	1850	3948	Place-7
SMITH	Briony	-----	F	1850	3949	Place-8
SMITH	Briony	-----	F	1850	3950	Place-23
SMITH	Paulo	-----	M	1850	3951	Place-7
SMITH	Shawn	-----	M	1850	3952	Place-28
SMITH	Briony	-----	F	1850	3953	Place-23
SMITH	Paulo	-----	M	1850	3954	Place-26
SMITH	Suzanne	-----	F	1850	3955	Place-7
SMITH	Suzanne	-----	F	1850	3956	Place-6
SMITH	Jacob	-----	M	1850	3957	Place-5
SMITH	Suzanne	-----	F	1850	3958	Place-28
SMITH	Joseph	-----	M	1850	3959	Place-0
SMITH	Bob	-----	M	1850	3960	Place-6
SMITH	Selina	-----	F	1850	3961	Place-23
SMITH	Jim	-----	M	1850	3962	Place-1
SMITH	Jim	-----	M	1850	3963	Place-6
SMITH	Sarah	-----	F	1850	3964	Place-12
SMITH	Jim	-----	M	1850	3965	Place-15
SMITH	Seonaid	-----	F	1850	3966	Place-5
SMITH	Susan	-----	F	1850	3967	Place-17
SMITH	Jacob	-----	M	1850	3968	Place-23
SMITH	Briony	-----	F	1850	3969	Place-23
SMITH	Suzanne	-----	F	1850	3970	Place-12
SMITH	Sarah	-----	F	1850	3971	Place-24
SMITH	Sheila	-----	F	1850	3972	Place-7
SMITH	Sharon	-----	F	1850	3973	Place-9
SMITH	Selina	-----	F	1850	3974	Place-16
SMITH	Sheila	-----	F	1850	3975	Place-10
SMITH	James	-----	M	1850	3976	Place-20
SMITH	Briony	-----	F	1850	3977	Place-18
SMITH	Suzanne	-----	F	1850	3978	Place-6
SMITH	Seonaid	-----	F	1850	3979	Place-19
SMITH	Selina	-----	F	1851	3988	Place-29
SMITH	Briony	-----	F	1851	3989	Place-5
SMITH	Sarah	-----	F	1851	3990	Place-10
SMITH	Selina	-----	F	1851	3991	Place-22
SMITH	Bob	-----	M	1851	3992	Place-26
SMITH	Seonaid	-----	F	1851	3993	Place-6
SMITH	Sheila	-----	F	1851	3994	Place-29
SMITH	Selina	-----	F	1851	3995	Place-29
SMITH	Suzanne	-----	F	1851	3996	Place-17
SMITH	Susan	-----	F	1851	3997	Place-13
SMITH	James	-----	M	1851	3998	Place-28
SMITH	Paulo	-----	M	1851	3999	Place-24
SMITH	Selina	-----	F	1851	4000	Place-4
SMITH	Susan	-----	F	1851	4001	Place-29
SMITH	Selina	-----	F	1851	4002	Place-17
SMITH	Seonaid	-----	F	1851	4003	Place-28
SMITH	Seonaid	-----	F	1851	4004	Place-3
SMITH	Sharon	-----	F	1851	4005	Place-29
SMITH	Seonaid	-----	F	1851	4006	Place-7
SMITH	Bob	-----	M	1851	4007	Place-5
SMITH	Paulo	-----	M	1851	4008	Place-20
SMITH	Jim	-----	M	1851	4009	Place-21
SMITH	Bob	-----	M	1851	4010	Place-10
SMITH	Jim	-----	M	1851	4011	Place-7
SMITH	Shawn	-----	M	1851	4012	Place-5
SMITH	Selina	-----	F	1851	4013	Place-7
SMITH	Briony	-----	F	1851	4014	Place-1
SMITH	Sharon	-----	F	1851	4015	Place-12
SMITH	Suzanne	-----	F	1851	4016	Place-10
SMITH	Sheila	-----	F	1851	4017	Place-2
SMITH	Paulo	-----	M	1851	4018	Place-8
SMITH	Suzanne	-----	F	1851	4019	Place-27
SMITH	Sheila	-----	F	1851	4020	Place-6
SMITH	Paulo	-----	M	1851	4021	Place-9
SMITH	Jim	-----	M	1851	4022	Place-23
SMITH	Jim	-----	M	1851	4023	Place-23
SMITH	Joseph	-----	M	1851	4024	Place-1
SMITH	Sheila	-----	F	1851	4025	Place-15
SMITH	Joseph	-----	M	1851	4026	Place-12
SMITH	Selina	-----	F	1851	4027	Place-1
SMITH	Bob	-----	M	1851	4028	Place-16
SMITH	Sharon	-----	F	1851	4029	Place-29
SMITH	Sharon	-----	F	1851	4030	Place-18
SMITH	Jenkins	-----	M	1851	4031	Place-25
SMITH	Briony	-----	F	1851	4032	Place-17
SMITH	Joseph	-----	M	1851	4033	Place-22
SMITH	Bob	-----	M	1851	4034	Place-6
SMITH	Bob	-----	M	1851	4035	Place-16
SMITH	Paulo	-----	M	1851	4036	Place-15
SMITH	Sharon	-----	F	1851	4037	Place-2
SMITH	Selina	-----	F	1851	4038	Place-22
SMITH	Bob	-----	M	1851	4039	Place-17
SMITH	Suzanne	-----	F	1851	4040	Place-4
SMITH	Selina	-----	F	1851	4041	Place-0
SMITH	Jenkins	-----	M	1852	4048	Place-25
SMITH	Jim	-----	M	1852	4049	Place-0
SMITH	Joseph	-----	M	1852	4050	Place-24
SMITH	Jenkins	-----	M	1852	4051	Place-20
SMITH	Briony	-----	F	1852	4052	Place-2
SMITH	Joseph	-----	M	1852	4053	Place-18
SMITH	Seonaid	-----	F	1852	4054	Place-9
SMITH	Suzanne	-----	F	1852	4055	Place-16
SMITH	Sheila	-----	F	1852	4056	Place-28
SMITH	Jim	-----	M	1852	4057	Place-27
SMITH	James	-----	M	1852	4058	Place-2
SMITH	Sarah	-----	F	1852	4059	Place-20
SMITH	Seonaid	-----	F	1852	4060	Place-8
SMITH	Joseph	-----	M	1852	4061	Place-10
SMITH	Shawn	-----	M	1852	4062	Place-28
SMITH	James	-----	M	1852	4063	Place-26
SMITH	Paulo	-----	M	1852	4064	Place-6
SMITH	Seonaid	-----	F	1852	4065	Place-23
SMITH	Sharon	-----	F	1852	4066	Place-20
SMITH	Bob	-----	M	1852	4067	Place-29
SMITH	Bob	-----	M	1852	4068	Place-7
SMITH	Jacob	-----	M	1852	4069	Place-15
SMITH	Susan	-----	F	1852	4070	Place-22
SMITH	James	-----	M	1852	4071	Place-10
SMITH	Paulo	-----	M	1852	4072	Place-20
SMITH	Selina	-----	F	1852	4073	Place-1
SMITH	Joseph	-----	M	1852	4074	Place-6
SMITH	Selina	-----	F	1852	4075	Place-22
SMITH	Suzanne	-----	F	1852	4076	Place-7
SMITH	Suzanne	-----	F	1852	4077	Place-8
SMITH	Paulo	-----	M	1852	4078	Place-15
SMITH	Suzanne	-----	F	1852	4079	Place-7
SMITH	Sheila	-----	F	1852	4080	Place-23
SMITH	Sheila	-----	F	1852	4081	Place-16
SMITH	Susan	-----	F	1852	4082	Place-10
SMITH	Susan	-----	F	1852	4083	Place-13
SMITH	James	-----	M	1852	4084	Place-25
SMITH	Bob	-----	M	1852	4085	Place-26
SMITH	James	-----	M	1852	4086	Place-13
SMITH	Selina	-----	F	1852	4087	Place-27
SMITH	Jenkins	-----	M	1852	4088	Place-25
SMITH	Jim	-----	M	1852	4089	Place-19
SMITH	Sharon	-----	F	1852	4090	Place-27
SMITH	Susan	-----	F	1852	4091	Place-7
SMITH	Briony	-----	F	1852	4092	Place-23
SMITH	Paulo	-----	M	1852	4093	Place-23
SMITH	Susan	-----	F	1852	4094	Place-23
SMITH	Susan	-----	F	1852	4095	Place-9
SMITH	Susan	-----	F	1852	4096	Place-4
SMITH	Jim	-----	M	1852	4097	Place-25
SMITH	Jim	-----	M	1852	4098	Place-2
SMITH	Jacob	-----	M	1852	4099	Place-0
SMITH	Sharon	-----	F	1852	4100	Place-27
SMITH	Selina	-----	F	1852	4101	Place-25
SMITH	James	-----	M	1852	4102	Place-26
SMITH	Shawn	-----	M	1852	4103	Place-13
SMITH	Shawn	-----	M	1852	4104	Place-24
SMITH	Susan	-----	F	1852	4105	Place-6
SMITH	Joseph	-----	M	1852	4106	Place-5
SMITH	Bob	-----	M	1852	4107	Place-24
SMITH	Sheila	-----	F	1852	4108	Place-6
SMITH	Paulo	-----	M	1852	4109	Place-3
SMITH	James	-----	M	1852	4110	Place-0
SMITH	Suzanne	-----	F	1852	4111	Place-4
SMITH	Joseph	-----	M	1852	4112	Place-0
SMITH	Seonaid	-----	F	1852	4113	Place-5
SMITH	Paulo	-----	M	1852	4114	Place-16
SMITH	Sarah	-----	F	1853	4120	Place-27
SMITH	James	-----	M	1853	4121	Place-18
SMITH	Selina	-----	F	1853	4122	Place-24
SMITH	Jacob	-----	M	1853	4123	Place-26
SMITH	Sharon	-----	F	1853	4124	Place-29
SMITH	Paulo	-----	M	1853	4125	Place-17
SMITH	Paulo	-----	M	1853	4126	Place-25
SMITH	Sarah	-----	F	1853	4127	Place-22
SMITH	Bob	-----	M	1853	4128	Place-2
SMITH	Shawn	-----	M	1853	4129	Place-28
SMITH	James	-----	M	1853	4130	Place-20
SMITH	Jenkins	-----	M	1853	4131	Place-2
SMITH	Shawn	-----	M	1853	4132	Place-9
SMITH	Briony	-----	F	1853	4133	Place-27
SMITH	Susan	-----	F	1853	4134	Place-18
SMITH	Suzanne	-----	F	1853	4135	Place-2
SMITH	Sheila	-----	F	1853	4136	Place-19
SMITH	Shawn	-----	M	1853	4137	Place-26
SMITH	Susan	-----	F	1853	4138	Place-11
SMITH	Sharon	-----	F	1853	4139	Place-6
SMITH	Jacob	-----	M	1853	4140	Place-18
SMITH	Joseph	-----	M	1853	4141	Place-6
SMITH	Sharon	-----	F	1853	4142	Place-28
SMITH	Sarah	-----	F	1853	4143	Place-28
SMITH	Sarah	-----	F	1853	4144	Place-24
SMITH	Sharon	-----	F	1853	4145	Place-28
SMITH	Shawn	-----	M	1853	4146	Place-20
SMITH	Jacob	-----	M	1853	4147	Place-29
SMITH	Shawn	-----	M	1853	4148	Place-10
SMITH	Jim	-----	M	1853	4149	Place-22
SMITH	Susan	-----	F	1853	4150	Place-13
SMITH	Susan	-----	F	1853	4151	Place-9
SMITH	Paulo	-----	M	1853	4152	Place-23
SMITH	Briony	-----	F	1853	4153	Place-15
SMITH	Briony	-----	F	1853	4154	Place-24
SMITH	Bob	-----	M	1853	4155	Place-28
SMITH	Jenkins	-----	M	1853	4156	Place-19
SMITH	Susan	-----	F	1853	4157	Place-16
SMITH	Susan	-----	F	1853	4158	Place-25
SMITH	Seonaid	-----	F	1853	4159	Place-20
SMITH	Joseph	-----	M	1853	4160	Place-23
SMITH	Suzanne	-----	F	1853	4161	Place-29
SMITH	Sheila	-----	F	1853	4162	Place-9
SMITH	Jacob	-----	M	1853	4163	Place-15
SMITH	Joseph	-----	M	1853	4164	Place-17
SMITH	Sharon	-----	F	1853	4165	Place-15
SMITH	Seonaid	-----	F	1853	4166	Place-6
SMITH	James	-----	M	1853	4167	Place-9
SMITH	Seonaid	-----	F	1853	4168	Place-15
SMITH	Joseph	-----	M	1853	4169	Place-17
SMITH	Susan	-----	F	1853	4170	Place-29
SMITH	Sharon	-----	F	1853	4171	Place-12
SMITH	Paulo	-----	M	1853	4172	Place-4
SMITH	Joseph	-----	M	1853	4173	Place-26
SMITH	Sarah	-----	F	1853	4174	Place-15
SMITH	Bob	-----	M	1853	4175	Place-16
SMITH	Joseph	-----	M	1853	4176	Place-25
SMITH	Suzanne	-----	F	1853	4177	Place-13
SMITH	Briony	-----	F	1853	4178	Place-20
SMITH	Jim	-----	M	1853	4179	Place-22
SMITH	Seonaid	-----	F	1853	4180	Place-0
SMITH	Sharon	-----	F	1853	4181	Place-22
SMITH	Selina	-----	F	1853	4182	Place-10
SMITH	Suzanne	-----	F	1853	4183	Place-24
SMITH	Jenkins	-----	M	1853	4184	Place-22
SMITH	Suzanne	-----	F	1853	4185	Place-17
SMITH	Bob	-----	M	1853	4186	Place-15
SMITH	Sharon	-----	F	1853	4187	Place-24
SMITH	Jacob	-----	M	1853	4188	Place-1
SMITH	Sheila	-----	F	1853	4189	Place-28
SMITH	Sharon	-----	F	1853	4190	Place-28
SMITH	Selina	-----	F	1853	4191	Place-15
SMITH	Seonaid	-----	F	1853	4192	Place-21
SMITH	Jacob	-----	M	1853	4193	Place-21
SMITH	Suzanne	-----	F	1853	4194	Place-9
SMITH	James	-----	M	1853	4195	Place-21
SMITH	Jacob	-----	M	1854	4199	Place-29
SMITH	Sharon	-----	F	1854	4200	Place-17
SMITH	James	-----	M	1854	4201	Place-18
SMITH	Jenkins	-----	M	1854	4202	Place-19
SMITH	Susan	-----	F	1854	4203	Place-23
SMITH	Shawn	-----	M	1854	4204	Place-8
SMITH	Seonaid	-----	F	1854	4205	Place-6
SMITH	Sarah	-----	F	1854	4206	Place-29
SMITH	Shawn	-----	M	1854	4207	Place-1
SMITH	Briony	-----	F	1854	4208	Place-0
SMITH	Selina	-----	F	1854	4209	Place-20
SMITH	Jenkins	-----	M	1854	4210	Place-22
SMITH	Selina	-----	F	1854	4211	Place-16
SMITH	Briony	-----	F	1854	4212	Place-13
SMITH	Sarah	-----	F	1854	4213	Place-2
SMITH	Seonaid	-----	F	1854	4214	Place-21
SMITH	Jenkins	-----	M	1854	4215	Place-14
SMITH	Jim	-----	M	1854	4216	Place-24
SMITH	Susan	-----	F	1854	4217	Place-29
SMITH	Joseph	-----	M	1854	4218	Place-20
SMITH	Joseph	-----	M	1854	4219	Place-18
SMITH	Selina	-----	F	1854	4220	Place-22
SMITH	Selina	-----	F	1854	4221	Place-24
SMITH	Jenkins	-----	M	1854	4222	Place-3
SMITH	Jacob	-----	M	1854	4223	Place-11
SMITH	Joseph	-----	M	1854	4224	Place-28
SMITH	Sharon	-----	F	1854	4225	Place-18
SMITH	Sharon	-----	F	1854	4226	Place-29
SMITH	James	-----	M	1854	4227	Place-5
SMITH	Suzanne	-----	F	1854	4228	Place-7
SMITH	Jim	-----	M	1854	4229	Place-21
SMITH	Jim	-----	M	1854	4230	Place-19
SMITH	Joseph	-----	M	1854	4231	Place-28
SMITH	Paulo	-----	M	1854	4232	Place-4
SMITH	Shawn	-----	M	1854	4233	Place-29
SMITH	Shawn	-----	M	1854	4234	Place-21
SMITH	Seonaid	-----	F	1854	4235	Place-3
SMITH	Joseph	-----	M	1854	4236	Place-15
SMITH	Susan	-----	F	1854	4237	Place-1
SMITH	Sarah	-----	F	1854	4238	Place-20
SMITH	Sharon	-----	F	1854	4239	Place-20
SMITH	Susan	-----	F	1854	4240	Place-13
SMITH	Sarah	-----	F	1854	4241	Place-25
SMITH	Jacob	-----	M	1854	4242	Place-14
SMITH	Selina	-----	F	1854	4243	Place-17
SMITH	Sheila	-----	F	1854	4244	Place-0
SMITH	Selina	-----	F	1854	4245	Place-9
SMITH	Selina	-----	F	1854	4246	Place-28
SMITH	Jenkins	-----	M	1854	4247	Place-8
SMITH	Paulo	-----	M	1854	4248	Place-22
SMITH	Seonaid	-----	F	1854	4249	Place-7
SMITH	Suzanne	-----	F	1854	4250	Place-10
SMITH	Jenkins	-----	M	1854	4251	Place-9
SMITH	Briony	-----	F	1854	4252	Place-24
SMITH	Selina	-----	F	1854	4253	Place-2
SMITH	Briony	-----	F	1854	4254	Place-8
SMITH	Jenkins	-----	M	1854	4255	Place-24
SMITH	James	-----	M	1854	4256	Place-14
SMITH	Shawn	-----	M	1854	4257	Place-13
SMITH	Joseph	-----	M	1854	4258	Place-25
SMITH	Bob	-----	M	1854	4259	Place-4
SMITH	Sarah	-----	F	1854	4260	Place-28
SMITH	Suzanne	-----	F	1854	4261	Place-21
SMITH	Jacob	-----	M	1854	4262	Place-19
SMITH	Jacob	-----	M	1855	4270	Place-3
SMITH	Briony	-----	F	1855	4271	Place-8
SMITH	Briony	-----	F	1855	4272	Place-25
SMITH	Jacob	-----	M	1855	4273	Place-2
SMITH	Jacob	-----	M	1855	4274	Place-13
SMITH	Bob	-----	M	1855	4275	Place-20
SMITH	Shawn	-----	M	1855	4276	Place-6
SMITH	Selina	-----	F	1855	4277	Place-1
SMITH	Bob	-----	M	1855	4278	Place-24
SMITH	James	-----	M	1855	4279	Place-26
SMITH	Shawn	-----	M	1855	4280	Place-8
SMITH	Briony	-----	F	1855	4281	Place-26
SMITH	Sharon	-----	F	1855	4282	Place-7
SMITH	Jim	-----	M	1855	4283	Place-2
SMITH	Sarah	-----	F	1855	4284	Place-2
SMITH	Sharon	-----	F	1855	4285	Place-6
SMITH	Jim	-----	M	1855	4286	Place-27
SMITH	Bob	-----	M	1855	4287	Place-3
SMITH	Briony	-----	F	1855	4288	Place-14
SMITH	Suzanne	-----	F	1855	4289	Place-9
SMITH	Joseph	-----	M	1855	4290	Place-10
SMITH	Paulo	-----	M	1855	4291	Place-26
SMITH	Selina	-----	F	1855	4292	Place-19
SMITH	Shawn	-----	M	1855	4293	Place-4
SMITH	Joseph	-----	M	1855	4294	Place-11
SMITH	Briony	-----	F	1855	4295	Place-21
SMITH	Jacob	-----	M	1855	4296	Place-28
SMITH	Briony	-----	F	1855	4297	Place-20
SMITH	Briony	-----	F	1855	4298	Place-21
SMITH	Susan	-----	F	1855	4299	Place-9
SMITH	Bob	-----	M	1855	4300	Place-8
SMITH	Sharon	-----	F	1855	4301	Place-23
SMITH	Jacob	-----	M	1855	4302	Place-6
SMITH	James	-----	M	1855	4303	Place-22
SMITH	Seonaid	-----	F	1855	4304	Place-14
SMITH	Jacob	-----	M	1855	4305	Place-21
SMITH	Shawn	-----	M	1855	4306	Place-21
SMITH	Shawn	-----	M	1855	4307	Place-15
SMITH	Jenkins	-----	M	1855	4308	Place-24
SMITH	Sarah	-----	F	1855	4309	Place-1
SMITH	Bob	-----	M	1855	4310	Place-2
SMITH	Jim	-----	M	1855	4311	Place-9
SMITH	Sheila	-----	F	1855	4312	Place-5
SMITH	Jim	-----	M	1855	4313	Place-17
SMITH	Sheila	-----	F	1855	4314	Place-29
SMITH	Briony	-----	F	1855	4315	Place-12
SMITH	Sarah	-----	F	1855	4316	Place-26
SMITH	James	-----	M	1855	4317	Place-25
SMITH	Bob	-----	M	1855	4318	Place-2
SMITH	Suzanne	-----	F	1855	4319	Place-17
SMITH	Paulo	-----	M	1855	4320	Place-20
SMITH	Jenkins	-----	M	1855	4321	Place-29
SMITH	Shawn	-----	M	1855	4322	Place-23
SMITH	Joseph	-----	M	1855	4323	Place-26
SMITH	Susan	-----	F	1855	4324	Place-22
SMITH	Jenkins	-----	M	1855	4325	Place-20
SMITH	Jim	-----	M	1855	4326	Place-4
SMITH	Susan	-----	F	1855	4327	Place-5
SMITH	Joseph	-----	M	1855	4328	Place-21
SMITH	Sarah	-----	F	1855	4329	Place-28
SMITH	Joseph	-----	M	1855	4330	Place-16
SMITH	Selina	-----	F	1855	4331	Place-13
SMITH	Seonaid	-----	F	1855	4332	Place-21
SMITH	Susan	-----	F	1855	4333	Place-15
SMITH	Briony	-----	F	1855	4334	Place-12
SMITH	Selina	-----	F	1855	4335	Place-24
SMITH	Jenkins	-----	M	1856	4342	Place-1
SMITH	Sarah	-----	F	1856	4343	Place-27
SMITH	James	-----	M	1856	4344	Place-12
SMITH	Briony	-----	F	1856	4345	Place-0
SMITH	Sarah	-----	F	1856	4346	Place-23
SMITH	Shawn	-----	M	1856	4347	Place-9
SMITH	Briony	-----	F	1856	4348	Place-0
SMITH	Jenkins	-----	M	1856	4349	Place-8
SMITH	Sarah	-----	F	1856	4350	Place-25
SMITH	Susan	-----	F	1856	4351	Place-21
SMITH	Sheila	-----	F	1856	4352	Place-19
SMITH	Suzanne	-----	F	1856	4353	Place-16
SMITH	Sarah	-----	F	1856	4354	Place-14
SMITH	Sharon	-----	F	1856	4355	Place-5
SMITH	Briony	-----	F	1856	4356	Place-26
SMITH	Shawn	-----	M	1856	4357	Place-24
SMITH	James	-----	M	1856	4358	Place-8
SMITH	Jim	-----	M	1856	4359	Place-23
SMITH	Jim	-----	M	1856	4360	Place-29
SMITH	Selina	-----	F	1856	4361	Place-26
SMITH	Seonaid	-----	F	1856	4362	Place-2
SMITH	Briony	-----	F	1856	4363	Place-22
SMITH	Sarah	-----	F	1856	4364	Place-13
SMITH	Bob	-----	M	1856	4365	Place-5
SMITH	Shawn	-----	M	1856	4366	Place-27
SMITH	Susan	-----	F	1856	4367	Place-1
SMITH	Sheila	-----	F	1856	4368	Place-0
SMITH	Bob	-----	M	1856	4369	Place-16
SMITH	James	-----	M	1856	4370	Place-2
SMITH	Joseph	-----	M	1856	4371	Place-19
SMITH	Jenkins	-----	M	1856	4372	Place-1
SMITH	Suzanne	-----	F	1856	4373	Place-25
SMITH	Jacob	-----	M	1856	4374	Place-6
SMITH	Paulo	-----	M	1856	4375	Place-17
SMITH	Sharon	-----	F	1856	4376	Place-1
SMITH	Suzanne	-----	F	1856	4377	Place-7
SMITH	Selina	-----	F	1856	4378	Place-1
SMITH	Sarah	-----	F	1856	4379	Place-4
SMITH	Briony	-----	F	1856	4380	Place-25
SMITH	Bob	-----	M	1856	4381	Place-27
SMITH	Sarah	-----	F	1856	4382	Place-29
SMITH	Jim	-----	M	1856	4383	Place-25
SMITH	Sheila	-----	F	1856	4384	Place-13
SMITH	Sheila	-----	F	1856	4385	Place-9
SMITH	Sheila	-----	F	1856	4386	Place-16
SMITH	Bob	-----	M	1856	4387	Place-5
SMITH	Sheila	-----	F	1856	4388	Place-18
SMITH	Jim	-----	M	1856	4389	Place-26
SMITH	Jacob	-----	M	1856	4390	Place-18
SMITH	Selina	-----	F	1856	4391	Place-19
SMITH	Sharon	-----	F	1856	4392	Place-18
SMITH	Joseph	-----	M	1856	4393	Place-27
SMITH	Briony	-----	F	1856	4394	Place-28
SMITH	Briony	-----	F	1856	4395	Place-25
SMITH	Seonaid	-----	F	1856	4396	Place-26
SMITH	Sarah	-----	F	1856	4397	Place-22
SMITH	Sheila	-----	F	1856	4398	Place-24
SMITH	Shawn	-----	M	1856	4399	Place-27
SMITH	Jacob	-----	M	1857	4410	Place-18
SMITH	Jenkins	-----	M	1857	4411	Place-16
SMITH	James	-----	M	1857	4412	Place-6
SMITH	Suzanne	-----	F	1857	4413	Place-20
SMITH	James	-----	M	1857	4414	Place-10
SMITH	Briony	-----	F	1857	4415	Place-17
SMITH	Joseph	-----	M	1857	4416	Place-11
SMITH	Jenkins	-----	M	1857	4417	Place-0
SMITH	Jenkins	-----	M	1857	4418	Place-24
SMITH	Briony	-----	F	1857	4419	Place-26
SMITH	Susan	-----	F	1857	4420	Place-13
SMITH	Briony	-----	F	1857	4421	Place-27
SMITH	Jenkins	-----	M	1857	4422	Place-7
SMITH	Paulo	-----	M	1857	4423	Place-7
SMITH	Seonaid	-----	F	1857	4424	Place-1
SMITH	Bob	-----	M	1857	4425	Place-29
SMITH	Briony	-----	F	1857	4426	Place-25
SMITH	Bob	-----	M	1857	4427	Place-2
SMITH	Jacob	-----	M	1857	4428	Place-14
SMITH	Suzanne	-----	F	1857	4429	Place-8
SMITH	Jim	-----	M	1857	4430	Place-3
SMITH	Paulo	-----	M	1857	4431	Place-26
SMITH	Suzanne	-----	F	1857	4432	Place-24
SMITH	Jim	-----	M	1857	4433	Place-20
SMITH	Susan	-----	F	1857	4434	Place-2
SMITH	Briony	-----	F	1857	4435	Place-3
SMITH	Joseph	-----	M	1857	4436	Place-22
SMITH	Susan	-----	F	1857	4437	Place-13
SMITH	Selina	-----	F	1857	4438	Place-2
SMITH	Shawn	-----	M	1857	4439	Place-16
SMITH	Sharon	-----	F	1857	4440	Place-6
SMITH	Sharon	-----	F	1857	4441	Place-18
SMITH	Bob	-----	M	1857	4442	Place-26
SMITH	Sarah	-----	F	1857	4443	Place-25
SMITH	Seonaid	-----	F	1857	4444	Place-27
SMITH	Jacob	-----	M	1857	4445	Place-19
SMITH	James	-----	M	1857	4446	Place-7
SMITH	Sharon	-----	F	1857	4447	Place-2
SMITH	Sarah	-----	F	1857	4448	Place-6
SMITH	Susan	-----	F	1857	4449	Place-15
SMITH	Joseph	-----	M	1857	4450	Place-23
SMITH	James	-----	M	1857	4451	Place-5
SMITH	Bob	-----	M	1857	4452	Place-6
SMITH	Briony	-----	F	1857	4453	Place-29
SMITH	Briony	-----	F	1857	4454	Place-28
SMITH	Susan	-----	F	1857	4455	Place-15
SMITH	Jenkins	-----	M	1857	4456	Place-16
SMITH	Seonaid	-----	F	1857	4457	Place-14
SMITH	Suzanne	-----	F	1857	4458	Place-14
SMITH	Briony	-----	F	1857	4459	Place-16
SMITH	Suzanne	-----	F	1857	4460	Place-27
SMITH	Joseph	-----	M	1857	4461	Place-4
SMITH	Paulo	-----	M	1857	4462	Place-24
SMITH	Jim	-----	M	1857	4463	Place-1
SMITH	Selina	-----	F	1857	4464	Place-25
SMITH	Bob	-----	M	1857	4465	Place-1
SMITH	Jacob	-----	M	1857	4466	Place-18
SMITH	Jim	-----	M	1857	4467	Place-7
SMITH	Shawn	-----	M	1857	4468	Place-2
SMITH	Briony	-----	F	1857	4469	Place-6
SMITH	Jim	-----	M	1857	4470	Place-28
SMITH	Paulo	-----	M	1857	4471	Place-0
SMITH	Briony	-----	F	1857	4472	Place-10
SMITH	Jenkins	-----	M	1857	4473	Place-24
SMITH	Jacob	-----	M	1857	4474	Place-28
SMITH	James	-----	M	1857	4475	Place-14
SMITH	Jacob	-----	M	1857	4476	Place-0
SMITH	Bob	-----	M	1857	4477	Place-21
SMITH	Shawn	-----	M	1857	4478	Place-0
SMITH	Selina	-----	F	1857	4479	Place-1
SMITH	Seonaid	-----	F	1857	4480	Place-25
SMITH	Selina	-----	F	1857	4481	Place-27
SMITH	Bob	-----	M	1857	4482	Place-11
SMITH	Susan	-----	F	1857	4483	Place-3
SMITH	Sarah	-----	F	1857	4484	Place-22
SMITH	Jacob	-----	M	1857	4485	Place-9
SMITH	Sarah	-----	F	1857	4486	Place-0
SMITH	Suzanne	-----	F	1857	4487	Place-5
SMITH	Bob	-----	M	1858	4497	Place-8
SMITH	Selina	-----	F	1858	4498	Place-21
SMITH	James	-----	M	1858	4499	Place-1
SMITH	Sharon	-----	F	1858	4500	Place-17
SMITH	Paulo	-----	M	1858	4501	Place-20
SMITH	Selina	-----	F	1858	4502	Place-16
SMITH	Bob	-----	M	1858	4503	Place-4
SMITH	Suzanne	-----	F	1858	4504	Place-23
SMITH	Selina	-----	F	1858	4505	Place-12
SMITH	Susan	-----	F	1858	4506	Place-12
SMITH	Selina	-----	F	1858	4507	Place-24
SMITH	Seonaid	-----	F	1858	4508	Place-0
SMITH	Joseph	-----	M	1858	4509	Place-23
SMITH	Sheila	-----	F	1858	4510	Place-24
SMITH	Jacob	-----	M	1858	4511	Place-9
SMITH	Susan	-----	F	1858	4512	Place-27
SMITH	Selina	-----	F	1858	4513	Place-27
SMITH	Shawn	-----	M	1858	4514	Place-1
SMITH	Shawn	-----	M	1858	4515	Place-20
SMITH	Susan	-----	F	1858	4516	Place-15
SMITH	Shawn	-----	M	1858	4517	Place-24
SMITH	Susan	-----	F	1858	4518	Place-12
SMITH	Bob	-----	M	1858	4519	Place-11
SMITH	James	-----	M	1858	4520	Place-9
SMITH	Sheila	-----	F	1858	4521	Place-1
SMITH	Selina	-----	F	1858	4522	Place-8
SMITH	Bob	-----	M	1858	4523	Place-14
SMITH	Briony	-----	F	1858	4524	Place-0
SMITH	Suzanne	-----	F	1858	4525	Place-10
SMITH	Suzanne	-----	F	1858	4526	Place-6
SMITH	James	-----	M	1858	4527	Place-1
SMITH	Sheila	-----	F	1858	4528	Place-4
SMITH	Bob	-----	M	1858	4529	Place-2
SMITH	Suzanne	-----	F	1858	4530	Place-6
SMITH	Seonaid	-----	F	1858	4531	Place-27
SMITH	Suzanne	-----	F	1858	4532	Place-21
SMITH	Suzanne	-----	F	1858	4533	Place-24
SMITH	Selina	-----	F	1858	4534	Place-29
SMITH	Sheila	-----	F	1858	4535	Place-21
SMITH	Sharon	-----	F	1858	4536	Place-0
SMITH	Sheila	-----	F	1858	4537	Place-24
SMITH	Briony	-----	F	1858	4538	Place-20
SMITH	Susan	-----	F	1858	4539	Place-1
SMITH	Seonaid	-----	F	1858	4540	Place-14
SMITH	Jacob	-----	M	1858	4541	Place-21
SMITH	Shawn	-----	M	1858	4542	Place-13
SMITH	Shawn	-----	M	1858	4543	Place-15
SMITH	Shawn	-----	M	1858	4544	Place-9
SMITH	Jenkins	-----	M	1858	4545	Place-1
SMITH	Paulo	-----	M	1858	4546	Place-14
SMITH	James	-----	M	1858	4547	Place-17
SMITH	Jim	-----	M	1858	4548	Place-29
SMITH	Jacob	-----	M	1858	4549	Place-9
SMITH	Sarah	-----	F	1858	4550	Place-12
SMITH	Briony	-----	F	1858	4551	Place-15
SMITH	Jacob	-----	M	1858	4552	Place-15
SMITH	Sharon	-----	F	1858	4553	Place-7
SMITH	Sharon	-----	F	1858	4554	Place-1
SMITH	Jim	-----	M	1858	4555	Place-14
SMITH	Paulo	-----	M	1858	4556	Place-18
SMITH	Susan	-----	F	1858	4557	Place-26
SMITH	Seonaid	-----	F	1858	4558	Place-16
SMITH	Suzanne	-----	F	1858	4559	Place-1
SMITH	Seonaid	-----	F	1858	4560	Place-3
SMITH	Sarah	-----	F	1858	4561	Place-28
SMITH	Joseph	-----	M	1858	4562	Place-22
SMITH	Selina	-----	F	1858	4563	Place-1
SMITH	Suzanne	-----	F	1859	4570	Place-15
SMITH	Sheila	-----	F	1859	4571	Place-28
SMITH	Briony	-----	F	1859	4572	Place-25
SMITH	Briony	-----	F	1859	4573	Place-12
SMITH	Jenkins	-----	M	1859	4574	Place-13
SMITH	Sharon	-----	F	1859	4575	Place-19
SMITH	Sharon	-----	F	1859	4576	Place-21
SMITH	Susan	-----	F	1859	4577	Place-21
SMITH	Briony	-----	F	1859	4578	Place-23
SMITH	Bob	-----	M	1859	4579	Place-16
SMITH	Selina	-----	F	1859	4580	Place-29
SMITH	Sheila	-----	F	1859	4581	Place-7
SMITH	Sarah	-----	F	1859	4582	Place-11
SMITH	Sarah	-----	F	1859	4583	Place-18
SMITH	Jenkins	-----	M	1859	4584	Place-24
SMITH	Paulo	-----	M	1859	4585	Place-0
SMITH	Susan	-----	F	1859	4586	Place-8
SMITH	Joseph	-----	M	1859	4587	Place-5
SMITH	Shawn	-----	M	1859	4588	Place-8
SMITH	Joseph	-----	M	1859	4589	Place-19
SMITH	Sarah	-----	F	1859	4590	Place-4
SMITH	Seonaid	-----	F	1859	4591	Place-18
SMITH	Selina	-----	F	1859	4592	Place-12
SMITH	Susan	-----	F	1859	4593	Place-25
SMITH	Jenkins	-----	M	1859	4594	Place-21
SMITH	Jim	-----	M	1859	4595	Place-16
SMITH	Sharon	-----	F	1859	4596	Place-20
SMITH	Sheila	-----	F	1859	4597	Place-13
SMITH	Paulo	-----	M	1859	4598	Place-20
SMITH	Shawn	-----	M	1859	4599	Place-12
SMITH	Paulo	-----	M	1859	4600	Place-26
SMITH	Sheila	-----	F	1859	4601	Place-17
SMITH	Susan	-----	F	1859	4602	Place-17
SMITH	Sarah	-----	F	1859	4603	Place-16
SMITH	Shawn	-----	M	1859	4604	Place-9
SMITH	Suzanne	-----	F	1859	4605	Place-25
SMITH	Jim	-----	M	1859	4606	Place-0
SMITH	Paulo	-----	M	1859	4607	Place-29
SMITH	Joseph	-----	M	1859	4608	Place-1
SMITH	Joseph	-----	M	1859	4609	Place-14
SMITH	Susan	-----	F	1859	4610	Place-9
SMITH	Bob	-----	M	1859	4611	Place-7
SMITH	Jim	-----	M	1859	4612	Place-4
SMITH	Suzanne	-----	F	1859	4613	Place-2
SMITH	Bob	-----	M	1859	4614	Place-9
SMITH	Paulo	-----	M	1859	4615	Place-15
SMITH	Sharon	-----	F	1859	4616	Place-6
SMITH	Paulo	-----	M	1859	4617	Place-23
SMITH	Susan	-----	F	1859	4618	Place-4
SMITH	Paulo	-----	M	1859	4619	Place-26
SMITH	Jenkins	-----	M	1859	4620	Place-15
SMITH	Susan	-----	F	1859	4621	Place-2
SMITH	Paulo	-----	M	1859	4622	Place-29
SMITH	Selina	-----	F	1859	4623	Place-20
SMITH	Paulo	-----	M	1859	4624	Place-11
SMITH	Jenkins	-----	M	1859	4625	Place-24
SMITH	Sharon	-----	F	1859	4626	Place-25
SMITH	Jacob	-----	M	1859	4627	Place-28
SMITH	Susan	-----	F	1859	4628	Place-22
SMITH	Seonaid	-----	F	1859	4629	Place-28
SMITH	Seonaid	-----	F	1859	4630	Place-26
SMITH	Jacob	-----	M	1860	4640	Place-13
SMITH	James	-----	M	1860	4641	Place-23
SMITH	Joseph	-----	M	1860	4642	Place-21
SMITH	Jacob	-----	M	1860	4643	Place-29
SMITH	Suzanne	-----	F	1860	4644	Place-18
SMITH	Jim	-----	M	1860	4645	Place-3
SMITH	Sharon	-----	F	1860	4646	Place-12
SMITH	Susan	-----	F	1860	4647	Place-9
SMITH	Seonaid	-----	F	1860	4648	Place-19
SMITH	Jacob	-----	M	1860	4649	Place-15
SMITH	Briony	-----	F	1860	4650	Place-16
SMITH	Sheila	-----	F	1860	4651	Place-15
SMITH	Shawn	-----	M	1860	4652	Place-25
SMITH	Jenkins	-----	M	1860	4653	Place-13
SMITH	Sharon	-----	F	1860	4654	Place-24
SMITH	Seonaid	-----	F	1860	4655	Place-8
SMITH	Jim	-----	M	1860	4656	Place-16
SMITH	Selina	-----	F	1860	4657	Place-18
SMITH	Bob	-----	M	1860	4658	Place-4
SMITH	Sarah	-----	F	1860	4659	Place-10
SMITH	James	-----	M	1860	4660	Place-17
SMITH	James	-----	M	1860	4661	Place-4
SMITH	Suzanne	-----	F	1860	4662	Place-18
SMITH	Sheila	-----	F	1860	4663	Place-11
SMITH	Jacob	-----	M	1860	4664	Place-8
SMITH	Jenkins	-----	M	1860	4665	Place-26
SMITH	Bob	-----	M	1860	4666	Place-12
SMITH	Jim	-----	M	1860	4667	Place-7
SMITH	Susan	-----	F	1860	4668	Place-18
SMITH	Jenkins	-----	M	1860	4669	Place-21
SMITH	Briony	-----	F	1860	4670	Place-6
SMITH	Seonaid	-----	F	1860	4671	Place-14
SMITH	Jenkins	-----	M	1860	4672	Place-5
SMITH	Paulo	-----	M	1860	4673	Place-19
SMITH	Sarah	-----	F	1860	4674	Place-23
SMITH	Jim	-----	M	1860	4675	Place-8
SMITH	Suzanne	-----	F	1860	4676	Place-21
SMITH	Briony	-----	F	1860	4677	Place-4
SMITH	Joseph	-----	M	1860	4678	Place-17
SMITH	Paulo	-----	M	1860	4679	Place-6
SMITH	Jacob	-----	M	1860	4680	Place-24
SMITH	Susan	-----	F	1860	4681	Place-25
SMITH	Jenkins	-----	M	1860	4682	Place-23
SMITH	Selina	-----	F	1860	4683	Place-26
SMITH	Jim	-----	M	1860	4684	Place-17
SMITH	Jacob	-----	M	1860	4685	Place-21
SMITH	Briony	-----	F	1860	4686	Place-3
SMITH	Sheila	-----	F	1860	4687	Place-29
SMITH	Susan	-----	F	1860	4688	Place-20
SMITH	Jacob	-----	M	1860	4689	Place-6
SMITH	Paulo	-----	M	1860	4690	Place-0
SMITH	Jenkins	-----	M	1860	4691	Place-25
SMITH	Selina	-----	F	1860	4692	Place-13
SMITH	Paulo	-----	M	1860	4693	Place-11
SMITH	Jenkins	-----	M	1860	4694	Place-6
SMITH	Seonaid	-----	F	1860	4695	Place-10
SMITH	Suzanne	-----	F	1860	4696	Place-7
SMITH	Paulo	-----	M	1860	4697	Place-28
SMITH	Shawn	-----	M	1860	4698	Place-4
SMITH	Seonaid	-----	F	1860	4699	Place-23
SMITH	Susan	-----	F	1860	4700	Place-5
SMITH	Sarah	-----	F	1860	4701	Place-22
SMITH	Shawn	-----	M	1860	4702	Place-12
SMITH	Joseph	-----	M	1860	4703	Place-28
SMITH	Jim	-----	M	1860	4704	Place-18
SMITH	Bob	-----	M	1860	4705	Place-26
SMITH	Sharon	-----	F	1860	4706	Place-22
SMITH	Shawn	-----	M	1860	4707	Place-21
SMITH	Sharon	-----	F	1860	4708	Place-22
SMITH	Shawn	-----	M	1860	4709	Place-18
SMITH	Sheila	-----	F	1860	4710	Place-13
SMITH	Jacob	-----	M	1860	4711	Place-6
SMITH	Joseph	-----	M	1860	4712	Place-0
SMITH	Paulo	-----	M	1860	4713	Place-26
SMITH	Selina	-----	F	1860	4714	Place-12
SMITH	Jim	-----	M	1861	4719	Place-7
SMITH	Shawn	-----	M	1861	4720	Place-0
SMITH	Jacob	-----	M	1861	4721	Place-16
SMITH	Jim	-----	M	1861	4722	Place-18
SMITH	Joseph	-----	M	1861	4723	Place-11
SMITH	Jacob	-----	M	1861	4724	Place-14
SMITH	Jenkins	-----	M	1861	4725	Place-26
SMITH	Jacob	-----	M	1861	4726	Place-27
SMITH	Jacob	-----	M	1861	4727	Place-9
SMITH	Briony	-----	F	1861	4728	Place-15
SMITH	Shawn	-----	M	1861	4729	Place-13
SMITH	James	-----	M	1861	4730	Place-16
SMITH	Jim	-----	M	1861	4731	Place-25
SMITH	Suzanne	-----	F	1861	4732	Place-29
SMITH	Susan	-----	F	1861	4733	Place-12
SMITH	Sheila	-----	F	1861	4734	Place-11
SMITH	Shawn	-----	M	1861	4735	Place-22
SMITH	Sarah	-----	F	1861	4736	Place-22
SMITH	Joseph	-----	M	1861	4737	Place-16
SMITH	Sheila	-----	F	1861	4738	Place-15
SMITH	Susan	-----	F	1861	4739	Place-17
SMITH	Sharon	-----	F	1861	4740	Place-28
SMITH	Sheila	-----	F	1861	4741	Place-4
SMITH	Sharon	-----	F	1861	4742	Place-13
SMITH	Shawn	-----	M	1861	4743	Place-23
SMITH	Shawn	-----	M	1861	4744	Place-19
SMITH	Paulo	-----	M	1861	4745	Place-10
SMITH	Joseph	-----	M	1861	4746	Place-11
SMITH	Sharon	-----	F	1861	4747	Place-29
SMITH	Sharon	-----	F	1861	4748	Place-23
SMITH	Bob	-----	M	1861	4749	Place-9
SMITH	Sheila	-----	F	1861	4750	Place-18
SMITH	Sheila	-----	F	1861	4751	Place-24
SMITH	Jenkins	-----	M	1861	4752	Place-26
SMITH	Sharon	-----	F	1861	4753	Place-14
SMITH	Jenkins	-----	M	1861	4754	Place-13
SMITH	Jenkins	-----	M	1861	4755	Place-20
SMITH	Selina	-----	F	1861	4756	Place-21
SMITH	Susan	-----	F	1861	4757	Place-1
SMITH	James	-----	M	1861	4758	Place-1
SMITH	Shawn	-----	M	1861	4759	Place-18
SMITH	Jacob	-----	M	1861	4760	Place-25
SMITH	Sharon	-----	F	1861	4761	Place-11
SMITH	Paulo	-----	M	1861	4762	Place-20
SMITH	Seonaid	-----	F	1861	4763	Place-9
SMITH	Sharon	-----	F	1861	4764	Place-13
SMITH	Susan	-----	F	1861	4765	Place-10
SMITH	James	-----	M	1861	4766	Place-4
SMITH	Sarah	-----	F	1861	4767	Place-7
SMITH	Bob	-----	M	1861	4768	Place-10
SMITH	Sheila	-----	F	1861	4769	Place-4
SMITH	Bob	-----	M	1861	4770	Place-20
SMITH	Shawn	-----	M	1861	4771	Place-29
SMITH	Briony	-----	F	1861	4772	Place-17
SMITH	Joseph	-----	M	1861	4773	Place-24
SMITH	Jacob	-----	M	1861	4774	Place-15
SMITH	Bob	-----	M	1861	4775	Place-6
SMITH	Briony	-----	F	1861	4776	Place-0
SMITH	Joseph	-----	M	1861	4777	Place-28
SMITH	Suzanne	-----	F	1861	4778	Place-21
SMITH	Jim	-----	M	1861	4779	Place-10
SMITH	Sheila	-----	F	1861	4780	Place-9
SMITH	Jenkins	-----	M	1861	4781	Place-25
SMITH	James	-----	M	1861	4782	Place-6
SMITH	James	-----	M	1861	4783	Place-22
SMITH	James	-----	M	1862	4792	Place-11
SMITH	Jacob	-----	M	1862	4793	Place-5
SMITH	James	-----	M	1862	4794	Place-4
SMITH	Jacob	-----	M	1862	4795	Place-15
SMITH	Shawn	-----	M	1862	4796	Place-8
SMITH	Briony	-----	F	1862	4797	Place-6
SMITH	Suzanne	-----	F	1862	4798	Place-7
SMITH	Sharon	-----	F	1862	4799	Place-4
SMITH	Jacob	-----	M	1862	4800	Place-8
SMITH	Sarah	-----	F	1862	4801	Place-27
SMITH	James	-----	M	1862	4802	Place-8
SMITH	Seonaid	-----	F	1862	4803	Place-0
SMITH	Jenkins	-----	M	1862	4804	Place-1
SMITH	James	-----	M	1862	4805	Place-7
SMITH	Shawn	-----	M	1862	4806	Place-14
SMITH	Seonaid	-----	F	1862	4807	Place-20
SMITH	Joseph	-----	M	1862	4808	Place-15
SMITH	Jenkins	-----	M	1862	4809	Place-25
SMITH	Briony	-----	F	1862	4810	Place-18
SMITH	Briony	-----	F	1862	4811	Place-17
SMITH	Susan	-----	F	1862	4812	Place-17
SMITH	Jim	-----	M	1862	4813	Place-10
SMITH	Seonaid	-----	F	1862	4814	Place-25
SMITH	Joseph	-----	M	1862	4815	Place-27
SMITH	Sharon	-----	F	1862	4816	Place-20
SMITH	Jim	-----	M	1862	4817	Place-8
SMITH	James	-----	M	1862	4818	Place-24
SMITH	Jim	-----	M	1862	4819	Place-12
SMITH	Joseph	-----	M	1862	4820	Place-19
SMITH	Sheila	-----	F	1862	4821	Place-14
SMITH	Suzanne	-----	F	1862	4822	Place-5
SMITH	Seonaid	-----	F	1862	4823	Place-6
SMITH	Selina	-----	F	1862	4824	Place-14
SMITH	Selina	-----	F	1862	4825	Place-25
SMITH	Susan	-----	F	1862	4826	Place-1
SMITH	Susan	-----	F	1862	4827	Place-15
SMITH	Sarah	-----	F	1862	4828	Place-0
SMITH	Briony	-----	F	1862	4829	Place-2
SMITH	Sarah	-----	F	1862	4830	Place-26
SMITH	Sharon	-----	F	1862	4831	Place-11
SMITH	Susan	-----	F	1862	4832	Place-7
SMITH	Susan	-----	F	1862	4833	Place-21
SMITH	Jacob	-----	M	1862	4834	Place-16
SMITH	Briony	-----	F	1862	4835	Place-6
SMITH	Susan	-----	F	1862	4836	Place-25
SMITH	Jacob	-----	M	1862	4837	Place-7
SMITH	Jacob	-----	M	1862	4838	Place-6
SMITH	Sharon	-----	F	1862	4839	Place-6
SMITH	Sheila	-----	F	1862	4840	Place-4
SMITH	Jenkins	-----	M	1862	4841	Place-9
SMITH	Jim	-----	M	1862	4842	Place-4
SMITH	Joseph	-----	M	1862	4843	Place-7
SMITH	Sheila	-----	F	1862	4844	Place-21
SMITH	Sharon	-----	F	1862	4845	Place-23
SMITH	Selina	-----	F	1862	4846	Place-0
SMITH	Jenkins	-----	M	1862	4847	Place-12
SMITH	Sarah	-----	F	1862	4848	Place-28
SMITH	Briony	-----	F	1862	4849	Place-14
SMITH	Joseph	-----	M	1862	4850	Place-29
SMITH	Susan	-----	F	1862	4851	Place-23
SMITH	Selina	-----	F	1862	4852	Place-12
SMITH	Paulo	-----	M	1862	4853	Place-4
SMITH	Suzanne	-----	F	1863	4864	Place-21
SMITH	Shawn	-----	M	1863	4865	Place-12
SMITH	Sarah	-----	F	1863	4866	Place-23
SMITH	James	-----	M	1863	4867	Place-3
SMITH	Suzanne	-----	F	1863	4868	Place-3
SMITH	Selina	-----	F	1863	4869	Place-13
SMITH	Jacob	-----	M	1863	4870	Place-1
SMITH	Susan	-----	F	1863	4871	Place-11
SMITH	Sheila	-----	F	1863	4872	Place-2
SMITH	Briony	-----	F	1863	4873	Place-29
SMITH	James	-----	M	1863	4874	Place-25
SMITH	Sarah	-----	F	1863	4875	Place-25
SMITH	James	-----	M	1863	4876	Place-21
SMITH	Seonaid	-----	F	1863	4877	Place-29
SMITH	Bob	-----	M	1863	4878	Place-27
SMITH	Selina	-----	F	1863	4879	Place-1
SMITH	Suzanne	-----	F	1863	4880	Place-8
SMITH	Jim	-----	M	1863	4881	Place-8
SMITH	Jenkins	-----	M	1863	4882	Place-9
SMITH	Sheila	-----	F	1863	4883	Place-27
SMITH	Paulo	-----	M	1863	4884	Place-28
SMITH	Sheila	-----	F	1863	4885	Place-6
SMITH	Seonaid	-----	F	1863	4886	Place-6
SMITH	James	-----	M	1863	4887	Place-21
SMITH	Shawn	-----	M	1863	4888	Place-16
SMITH	Sarah	-----	F	1863	4889	Place-18
SMITH	Sheila	-----	F	1863	4890	Place-17
SMITH	Jacob	-----	M	1863	4891	Place-6
SMITH	Jenkins	-----	M	1863	4892	Place-28
SMITH	Briony	-----	F	1863	4893	Place-14
SMITH	Shawn	-----	M	1863	4894	Place-25
SMITH	Jim	-----	M	1863	4895	Place-16
SMITH	James	-----	M	1863	4896	Place-29
SMITH	Susan	-----	F	1863	4897	Place-3
SMITH	Joseph	-----	M	1863	4898	Place-11
SMITH	Joseph	-----	M	1863	4899	Place-19
SMITH	Jim	-----	M	1863	4900	Place-22
SMITH	Bob	-----	M	1863	4901	Place-8
SMITH	Jenkins	-----	M	1863	4902	Place-7
SMITH	Jenkins	-----	M	1863	4903	Place-18
SMITH	Sarah	-----	F	1863	4904	Place-13
SMITH	Susan	-----	F	1863	4905	Place-13
SMITH	Suzanne	-----	F	1863	4906	Place-18
SMITH	Jim	-----	M	1863	4907	Place-5
SMITH	Jenkins	-----	M	1863	4908	Place-6
SMITH	Sheila	-----	F	1863	4909	Place-2
SMITH	Jacob	-----	M	1863	4910	Place-20
SMITH	Briony	-----	F	1863	4911	Place-10
SMITH	Suzanne	-----	F	1863	4912	Place-29
SMITH	Seonaid	-----	F	1863	4913	Place-18
SMITH	Sarah	-----	F	1863	4914	Place-20
SMITH	James	-----	M	1863	4915	Place-29
SMITH	Sarah	-----	F	1863	4916	Place-4
SMITH	Seonaid	-----	F	1863	4917	Place-9
SMITH	Susan	-----	F	1863	4918	Place-12
SMITH	James	-----	M	1863	4919	Place-17
SMITH	Jacob	-----	M	1863	4920	Place-15
SMITH	Shawn	-----	M	1863	4921	Place-15
SMITH	Sarah	-----	F	1863	4922	Place-0
SMITH	Shawn	-----	M	1863	4923	Place-24
SMITH	Suzanne	-----	F	1863	4924	Place-6
SMITH	Jim	-----	M	1863	4925	Place-7
SMITH	Suzanne	-----	F	1863	4926	Place-25
SMITH	Selina	-----	F	1863	4927	Place-1
SMITH	Sarah	-----	F	1863	4928	Place-12
SMITH	Bob	-----	M	1863	4929	Place-8
SMITH	Paulo	-----	M	1863	4930	Place-17
SMITH	Paulo	-----	M	1863	4931	Place-29
SMITH	Selina	-----	F	1863	4932	Place-23
SMITH	Seonaid	-----	F	1863	4933	Place-14
SMITH	James	-----	M	1863	4934	Place-4
SMITH	Jacob	-----	M	1863	4935	Place-21
SMITH	Paulo	-----	M	1863	4936	Place-9
SMITH	Sheila	-----	F	1863	4937	Place-7
SMITH	Bob	-----	M	1863	4938	Place-11
SMITH	Jenkins	-----	M	1863	4939	Place-28
SMITH	Susan	-----	F	1863	4940	Place-3
SMITH	Sarah	-----	F	1863	4941	Place-7
SMITH	Briony	-----	F	1863	4942	Place-28
SMITH	Seonaid	-----	F	1863	4943	Place-12
SMITH	Jacob	-----	M	1863	4944	Place-5
SMITH	Susan	-----	F	1864	4955	Place-13
SMITH	Sheila	-----	F	1864	4956	Place-24
SMITH	Briony	-----	F	1864	4957	Place-7
SMITH	Jenkins	-----	M	1864	4958	Place-11
SMITH	Jenkins	-----	M	1864	4959	Place-16
SMITH	Jenkins	-----	M	1864	4960	Place-4
SMITH	Suzanne	-----	F	1864	4961	Place-21
SMITH	Jacob	-----	M	1864	4962	Place-2
SMITH	Selina	-----	F	1864	4963	Place-0
SMITH	Sheila	-----	F	1864	4964	Place-21
SMITH	Bob	-----	M	1864	4965	Place-24
SMITH	Seonaid	-----	F	1864	4966	Place-16
SMITH	Susan	-----	F	1864	4967	Place-2
SMITH	Jenkins	-----	M	1864	4968	Place-20
SMITH	Sarah	-----	F	1864	4969	Place-0
SMITH	James	-----	M	1864	4970	Place-2
SMITH	Suzanne	-----	F	1864	4971	Place-9
SMITH	Susan	-----	F	1864	4972	Place-21
SMITH	Selina	-----	F	1864	4973	Place-9
SMITH	Shawn	-----	M	1864	4974	Place-4
SMITH	Shawn	-----	M	1864	4975	Place-26
SMITH	Sarah	-----	F	1864	4976	Place-10
SMITH	Selina	-----	F	1864	4977	Place-20
SMITH	Selina	-----	F	1864	4978	Place-0
SMITH	Briony	-----	F	1864	4979	Place-20
SMITH	Sheila	-----	F	1864	4980	Place-19
SMITH	Selina	-----	F	1864	4981	Place-4
SMITH	Sheila	-----	F	1864	4982	Place-24
SMITH	Briony	-----	F	1864	4983	Place-0
SMITH	Jim	-----	M	1864	4984	Place-28
SMITH	Briony	-----	F	1864	4985	Place-29
SMITH	Joseph	-----	M	1864	4986	Place-21
SMITH	Joseph	-----	M	1864	4987	Place-25
SMITH	Briony	-----	F	1864	4988	Place-13
SMITH	Sarah	-----	F	1864	4989	Place-23
SMITH	Jenkins	-----	M	1864	4990	Place-7
SMITH	Joseph	-----	M	1864	4991	Place-18
SMITH	Seonaid	-----	F	1864	4992	Place-21
SMITH	Seonaid	-----	F	1864	4993	Place-1
SMITH	Joseph	-----	M	1864	4994	Place-17
SMITH	Jenkins	-----	M	1864	4995	Place-13
SMITH	Jenkins	-----	M	1864	4996	Place-18
SMITH	Bob	-----	M	1864	4997	Place-27
SMITH	Seonaid	-----	F	1864	4998	Place-20
SMITH	Joseph	-----	M	1864	4999	Place-4
SMITH	Joseph	-----	M	1864	5000	Place-22
SMITH	Jenkins	-----	M	1864	5001	Place-2
SMITH	Sheila	-----	F	1864	5002	Place-23
SMITH	Sarah	-----	F	1864	5003	Place-3
SMITH	Sharon	-----	F	1864	5004	Place-20
SMITH	Seonaid	-----	F	1864	5005	Place-5
SMITH	Paulo	-----	M	1864	5006	Place-12
SMITH	Briony	-----	F	1864	5007	Place-1
SMITH	Seonaid	-----	F	1864	5008	Place-1
SMITH	Briony	-----	F	1864	5009	Place-10
SMITH	Paulo	-----	M	1864	5010	Place-10
SMITH	Sheila	-----	F	1864	5011	Place-24
SMITH	Sarah	-----	F	1864	5012	Place-6
SMITH	Bob	-----	M	1864	5013	Place-14
SMITH	Shawn	-----	M	1864	5014	Place-21
SMITH	Jim	-----	M	1864	5015	Place-28
SMITH	James	-----	M	1864	5016	Place-15
SMITH	Suzanne	-----	F	1864	5017	Place-28
SMITH	Shawn	-----	M	1864	5018	Place-27
SMITH	Sharon	-----	F	1864	5019	Place-18
SMITH	Shawn	-----	M	1864	5020	Place-14
SMITH	Selina	-----	F	1864	5021	Place-0
SMITH	Selina	-----	F	1864	5022	Place-7
SMITH	Sarah	-----	F	1864	5023	Place-9
SMITH	Sarah	-----	F	1864	5024	Place-28
SMITH	James	-----	M	1865	5039	Place-28
SMITH	Jacob	-----	M	1865	5040	Place-7
SMITH	Sheila	-----	F	1865	5041	Place-8
SMITH	Shawn	-----	M	1865	5042	Place-17
SMITH	Sharon	-----	F	1865	5043	Place-15
SMITH	Sheila	-----	F	1865	5044	Place-15
SMITH	Shawn	-----	M	1865	5045	Place-13
SMITH	Seonaid	-----	F	1865	5046	Place-24
SMITH	Sarah	-----	F	1865	5047	Place-14
SMITH	Seonaid	-----	F	1865	5048	Place-21
SMITH	Selina	-----	F	1865	5049	Place-0
SMITH	Sarah	-----	F	1865	5050	Place-17
SMITH	Joseph	-----	M	1865	5051	Place-21
SMITH	Sheila	-----	F	1865	5052	Place-21
SMITH	Sarah	-----	F	1865	5053	Place-27
SMITH	Selina	-----	F	1865	5054	Place-24
SMITH	Shawn	-----	M	1865	5055	Place-2
SMITH	Bob	-----	M	1865	5056	Place-23
SMITH	Sheila	-----	F	1865	5057	Place-7
SMITH	Bob	-----	M	1865	5058	Place-15
SMITH	Joseph	-----	M	1865	5059	Place-7
SMITH	Sheila	-----	F	1865	5060	Place-13
SMITH	Selina	-----	F	1865	5061	Place-6
SMITH	Sheila	-----	F	1865	5062	Place-20
SMITH	Susan	-----	F	1865	5063	Place-13
SMITH	Bob	-----	M	1865	5064	Place-29
SMITH	Selina	-----	F	1865	5065	Place-0
SMITH	Shawn	-----	M	1865	5066	Place-25
SMITH	Jenkins	-----	M	1865	5067	Place-21
SMITH	Jacob	-----	M	1865	5068	Place-17
SMITH	Briony	-----	F	1865	5069	Place-29
SMITH	Joseph	-----	M	1865	5070	Place-16
SMITH	Susan	-----	F	1865	5071	Place-22
SMITH	Sarah	-----	F	1865	5072	Place-9
SMITH	Sheila	-----	F	1865	5073	Place-18
SMITH	Paulo	-----	M	1865	5074	Place-10
SMITH	Joseph	-----	M	1865	5075	Place-7
SMITH	Paulo	-----	M	1865	5076	Place-7
SMITH	Briony	-----	F	1865	5077	Place-27
SMITH	Jenkins	-----	M	1865	5078	Place-3
SMITH	Susan	-----	F	1865	5079	Place-2
SMITH	Jenkins	-----	M	1865	5080	Place-29
SMITH	Shawn	-----	M	1865	5081	Place-24
SMITH	Sarah	-----	F	1865	5082	Place-18
SMITH	Joseph	-----	M	1865	5083	Place-7
SMITH	Sharon	-----	F	1865	5084	Place-25
SMITH	Sarah	-----	F	1865	5085	Place-7
SMITH	Jenkins	-----	M	1865	5086	Place-4
SMITH	Jim	-----	M	1865	5087	Place-20
SMITH	Joseph	-----	M	1865	5088	Place-14
SMITH	Joseph	-----	M	1865	5089	Place-10
SMITH	Jacob	-----	M	1865	5090	Place-19
SMITH	Paulo	-----	M	1865	5091	Place-15
SMITH	Paulo	-----	M	1865	5092	Place-10
SMITH	James	-----	M	1865	5093	Place-0
SMITH	Jenkins	-----	M	1865	5094	Place-7
SMITH	Joseph	-----	M	1865	5095	Place-21
SMITH	Bob	-----	M	1865	5096	Place-28
SMITH	Jim	-----	M	1865	5097	Place-27
SMITH	Selina	-----	F	1865	5098	Place-22
SMITH	Briony	-----	F	1865	5099	Place-1
SMITH	Sheila	-----	F	1865	5100	Place-13
SMITH	Sarah	-----	F	1865	5101	Place-14
SMITH	Suzanne	-----	F	1865	5102	Place-14
SMITH	Paulo	-----	M	1865	5103	Place-2
SMITH	Sarah	-----	F	1865	5104	Place-23
SMITH	Briony	-----	F	1865	5105	Place-13
SMITH	Susan	-----	F	1865	5106	Place-6
SMITH	Paulo	-----	M	1865	5107	Place-2
SMITH	Shawn	-----	M	1866	5119	Place-7
SMITH	Bob	-----	M	1866	5120	Place-23
SMITH	Shawn	-----	M	1866	5121	Place-6
SMITH	Joseph	-----	M	1866	5122	Place-5
SMITH	Jacob	-----	M	1866	5123	Place-13
SMITH	Susan	-----	F	1866	5124	Place-27
SMITH	Susan	-----	F	1866	5125	Place-17
SMITH	Susan	-----	F	1866	5126	Place-26
SMITH	Briony	-----	F	1866	5127	Place-26
SMITH	Selina	-----	F	1866	5128	Place-5
SMITH	Jim	-----	M	1866	5129	Place-7
SMITH	Paulo	-----	M	1866	5130	Place-8
SMITH	Susan	-----	F	1866	5131	Place-14
SMITH	Joseph	-----	M	1866	5132	Place-18
SMITH	Sarah	-----	F	1866	5133	Place-4
SMITH	James	-----	M	1866	5134	Place-26
SMITH	Shawn	-----	M	1866	5135	Place-20
SMITH	Sharon	-----	F	1866	5136	Place-7
SMITH	Sheila	-----	F	1866	5137	Place-21
SMITH	Sarah	-----	F	1866	5138	Place-16
SMITH	Shawn	-----	M	1866	5139	Place-11
SMITH	Jacob	-----	M	1866	5140	Place-10
SMITH	Selina	-----	F	1866	5141	Place-11
SMITH	Seonaid	-----	F	1866	5142	Place-21
SMITH	Jacob	-----	M	1866	5143	Place-7
SMITH	Joseph	-----	M	1866	5144	Place-10
SMITH	Shawn	-----	M	1866	5145	Place-0
SMITH	Suzanne	-----	F	1866	5146	Place-27
SMITH	Briony	-----	F	1866	5147	Place-6
SMITH	James	-----	M	1866	5148	Place-10
SMITH	Sharon	-----	F	1866	5149	Place-16
SMITH	Seonaid	-----	F	1866	5150	Place-16
SMITH	Briony	-----	F	1866	5151	Place-17
SMITH	Jenkins	-----	M	1866	5152	Place-9
SMITH	Sheila	-----	F	1866	5153	Place-5
SMITH	Joseph	-----	M	1866	5154	Place-7
SMITH	Jacob	-----	M	1866	5155	Place-17
SMITH	Jim	-----	M	1866	5156	Place-10
SMITH	Briony	-----	F	1866	5157	Place-8
SMITH	Jim	-----	M	1866	5158	Place-4
SMITH	Suzanne	-----	F	1866	5159	Place-28
SMITH	Sarah	-----	F	1866	5160	Place-13
SMITH	Suzanne	-----	F	1866	5161	Place-14
SMITH	Jim	-----	M	1866	5162	Place-12
SMITH	Selina	-----	F	1866	5163	Place-3
SMITH	Suzanne	-----	F	1866	5164	Place-0
SMITH	Jenkins	-----	M	1866	5165	Place-13
SMITH	Jacob	-----	M	1866	5166	Place-21
SMITH	Seonaid	-----	F	1866	5167	Place-0
SMITH	Shawn	-----	M	1866	5168	Place-26
SMITH	Bob	-----	M	1866	5169	Place-28
SMITH	Sarah	-----	F	1866	5170	Place-3
SMITH	Paulo	-----	M	1866	5171	Place-1
SMITH	Sarah	-----	F	1866	5172	Place-6
SMITH	Paulo	-----	M	1866	5173	Place-7
SMITH	Briony	-----	F	1866	5174	Place-0
SMITH	Joseph	-----	M	1866	5175	Place-11
SMITH	Jenkins	-----	M	1866	5176	Place-27
SMITH	Susan	-----	F	1866	5177	Place-22
SMITH	Suzanne	-----	F	1866	5178	Place-10
SMITH	Shawn	-----	M	1866	5179	Place-4
SMITH	Briony	-----	F	1866	5180	Place-23
SMITH	Jim	-----	M	1866	5181	Place-4
SMITH	Joseph	-----	M	1866	5182	Place-23
SMITH	Jacob	-----	M	1866	5183	Place-27
SMITH	Jacob	-----	M	1866	5184	Place-17
SMITH	Jacob	-----	M	1866	5185	Place-2
SMITH	Sarah	-----	F	1866	5186	Place-1
SMITH	Sarah	-----	F	1866	5187	Place-23
SMITH	Susan	-----	F	1866	5188	Place-4
SMITH	Jim	-----	M	1867	5201	Place-9
SMITH	Jim	-----	M	1867	5202	Place-24
SMITH	Joseph	-----	M	1867	5203	Place-23
SMITH	Jacob	-----	M	1867	5204	Place-22
SMITH	Sarah	-----	F	1867	5205	Place-1
SMITH	James	-----	M	1867	5206	Place-24
SMITH	Seonaid	-----	F	1867	5207	Place-22
SMITH	Suzanne	-----	F	1867	5208	Place-28
SMITH	Jenkins	-----	M	1867	5209	Place-7
SMITH	Bob	-----	M	1867	5210	Place-19
SMITH	Paulo	-----	M	1867	5211	Place-19
SMITH	Jim	-----	M	1867	5212	Place-24
SMITH	Shawn	-----	M	1867	5213	Place-27
SMITH	James	-----	M	1867	5214	Place-4
SMITH	James	-----	M	1867	5215	Place-23
SMITH	Sheila	-----	F	1867	5216	Place-28
SMITH	Selina	-----	F	1867	5217	Place-5
SMITH	Jenkins	-----	M	1867	5218	Place-9
SMITH	Jenkins	-----	M	1867	5219	Place-22
SMITH	Joseph	-----	M	1867	5220	Place-12
SMITH	Susan	-----	F	1867	5221	Place-16
SMITH	Sarah	-----	F	1867	5222	Place-16
SMITH	Jenkins	-----	M	1867	5223	Place-13
SMITH	Sharon	-----	F	1867	5224	Place-21
SMITH	Briony	-----	F	1867	5225	Place-2
SMITH	Sarah	-----	F	1867	5226	Place-2
SMITH	Joseph	-----	M	1867	5227	Place-25
SMITH	Jacob	-----	M	1867	5228	Place-14
SMITH	Jim	-----	M	1867	5229	Place-26
SMITH	Suzanne	-----	F	1867	5230	Place-21
SMITH	Paulo	-----	M	1867	5231	Place-11
SMITH	Briony	-----	F	1867	5232	Place-0
SMITH	Jenkins	-----	M	1867	5233	Place-19
SMITH	Sharon	-----	F	1867	5234	Place-29
SMITH	Suzanne	-----	F	1867	5235	Place-9
SMITH	Sarah	-----	F	1867	5236	Place-25
SMITH	Bob	-----	M	1867	5237	Place-17
SMITH	Jim	-----	M	1867	5238	Place-2
SMITH	Sarah	-----	F	1867	5239	Place-2
SMITH	Shawn	-----	M	1867	5240	Place-11
SMITH	Sarah	-----	F	1867	5241	Place-9
SMITH	Suzanne	-----	F	1867	5242	Place-12
SMITH	Sharon	-----	F	1867	5243	Place-12
SMITH	Shawn	-----	M	1867	5244	Place-11
SMITH	Joseph	-----	M	1867	5245	Place-14
SMITH	Jacob	-----	M	1867	5246	Place-19
SMITH	Suzanne	-----	F	1867	5247	Place-8
SMITH	Bob	-----	M	1867	5248	Place-2
SMITH	James	-----	M	1867	5249	Place-1
SMITH	Jacob	-----	M	1867	5250	Place-29
SMITH	Briony	-----	F	1867	5251	Place-20
SMITH	Susan	-----	F	1867	5252	Place-11
SMITH	Suzanne	-----	F	1867	5253	Place-1
SMITH	Jacob	-----	M	1867	5254	Place-28
SMITH	Briony	-----	F	1867	5255	Place-15
SMITH	Seonaid	-----	F	1867	5256	Place-15
SMITH	Jacob	-----	M	1867	5257	Place-21
SMITH	Shawn	-----	M	1867	5258	Place-10
SMITH	Paulo	-----	M	1867	5259	Place-7
SMITH	Sharon	-----	F	1867	5260	Place-4
SMITH	Jenkins	-----	M	1867	5261	Place-7
SMITH	Joseph	-----	M	1867	5262	Place-13
SMITH	Sarah	-----	F	1867	5263	Place-27
SMITH	Jenkins	-----	M	1867	5264	Place-22
SMITH	Jacob	-----	M	1867	5265	Place-27
SMITH	Jenkins	-----	M	1867	5266	Place-13
SMITH	Sheila	-----	F	1867	5267	Place-4
SMITH	Jim	-----	M	1867	5268	Place-23
SMITH	Joseph	-----	M	1867	5269	Place-11
SMITH	James	-----	M	1867	5270	Place-3
SMITH	Joseph	-----	M	1867	5271	Place-5
SMITH	Sheila	-----	F	1867	5272	Place-17
SMITH	Joseph	-----	M	1867	5273	Place-27
SMITH	Susan	-----	F	1867	5274	Place-26
SMITH	Briony	-----	F	1867	5275	Place-13
SMITH	Paulo	-----	M	1867	5276	Place-27
SMITH	Jacob	-----	M	1867	5277	Place-5
SMITH	Suzanne	-----	F	1867	5278	Place-7
SMITH	Susan	-----	F	1867	5279	Place-11
SMITH	Jim	-----	M	1868	5292	Place-16
SMITH	Joseph	-----	M	1868	5293	Place-2
SMITH	Sheila	-----	F	1868	5294	Place-11
SMITH	Susan	-----	F	1868	5295	Place-12
SMITH	Shawn	-----	M	1868	5296	Place-15
SMITH	Jacob	-----	M	1868	5297	Place-28
SMITH	Suzanne	-----	F	1868	5298	Place-2
SMITH	Shawn	-----	M	1868	5299	Place-0
SMITH	Bob	-----	M	1868	5300	Place-23
SMITH	Susan	-----	F	1868	5301	Place-2
SMITH	Jim	-----	M	1868	5302	Place-11
SMITH	Briony	-----	F	1868	5303	Place-19
SMITH	Shawn	-----	M	1868	5304	Place-26
SMITH	Jacob	-----	M	1868	5305	Place-6
SMITH	Sharon	-----	F	1868	5306	Place-26
SMITH	Jenkins	-----	M	1868	5307	Place-2
SMITH	Jenkins	-----	M	1868	5308	Place-9
SMITH	Sarah	-----	F	1868	5309	Place-28
SMITH	Joseph	-----	M	1868	5310	Place-24
SMITH	Sharon	-----	F	1868	5311	Place-24
SMITH	Jenkins	-----	M	1868	5312	Place-19
SMITH	Shawn	-----	M	1868	5313	Place-17
SMITH	Shawn	-----	M	1868	5314	Place-21
SMITH	Jim	-----	M	1868	5315	Place-23
SMITH	Briony	-----	F	1868	5316	Place-7
SMITH	Joseph	-----	M	1868	5317	Place-14
SMITH	Sharon	-----	F	1868	5318	Place-3
SMITH	Selina	-----	F	1868	5319	Place-5
SMITH	Susan	-----	F	1868	5320	Place-8
SMITH	Bob	-----	M	1868	5321	Place-17
SMITH	Joseph	-----	M	1868	5322	Place-12
SMITH	Jacob	-----	M	1868	5323	Place-10
SMITH	Bob	-----	M	1868	5324	Place-21
SMITH	Sarah	-----	F	1868	5325	Place-21
SMITH	Paulo	-----	M	1868	5326	Place-17
SMITH	Sharon	-----	F	1868	5327	Place-18
SMITH	Jenkins	-----	M	1868	5328	Place-13
SMITH	Suzanne	-----	F	1868	5329	Place-0
SMITH	Sharon	-----	F	1868	5330	Place-2
SMITH	Briony	-----	F	1868	5331	Place-9
SMITH	Shawn	-----	M	1868	5332	Place-0
SMITH	Selina	-----	F	1868	5333	Place-23
SMITH	Briony	-----	F	1868	5334	Place-23
SMITH	Briony	-----	F	1868	5335	Place-7
SMITH	Bob	-----	M	1868	5336	Place-22
SMITH	Seonaid	-----	F	1868	5337	Place-5
SMITH	Jim	-----	M	1868	5338	Place-14
SMITH	Briony	-----	F	1868	5339	Place-10
SMITH	Joseph	-----	M	1868	5340	Place-19
SMITH	Paulo	-----	M	1868	5341	Place-9
SMITH	Bob	-----	M	1868	5342	Place-28
SMITH	Sheila	-----	F	1868	5343	Place-20
SMITH	Jacob	-----	M	1868	5344	Place-0
SMITH	Sarah	-----	F	1868	5345	Place-7
SMITH	Selina	-----	F	1868	5346	Place-12
SMITH	Sarah	-----	F	1868	5347	Place-14
SMITH	Briony	-----	F	1868	5348	Place-13
SMITH	Sheila	-----	F	1868	5349	Place-16
SMITH	Briony	-----	F	1868	5350	Place-21
SMITH	Joseph	-----	M	1868	5351	Place-23
SMITH	Seonaid	-----	F	1868	5352	Place-0
SMITH	Jenkins	-----	M	1868	5353	Place-6
SMITH	Sarah	-----	F	1868	5354	Place-3
SMITH	Sharon	-----	F	1868	5355	Place-10
SMITH	Sheila	-----	F	1868	5356	Place-21
SMITH	Bob	-----	M	1868	5357	Place-15
SMITH	Shawn	-----	M	1868	5358	Place-8
SMITH	Jacob	-----	M	1868	5359	Place-22
SMITH	Jim	-----	M	1868	5360	Place-21
SMITH	Jim	-----	M	1868	5361	Place-12
SMITH	Suzanne	-----	F	1868	5362	Place-6
SMITH	James	-----	M	1868	5363	Place-21
SMITH	Bob	-----	M	1868	5364	Place-7
SMITH	Jim	-----	M	1868	5365	Place-5
SMITH	Jim	-----	M	1868	5366	Place-28
SMITH	James	-----	M	1868	5367	Place-7
SMITH	Selina	-----	F	1868	5368	Place-18
SMITH	Paulo	-----	M	1868	5369	Place-28
SMITH	Selina	-----	F	1868	5370	Place-15
SMITH	Joseph	-----	M	1868	5371	Place-10
SMITH	Paulo	-----	M	1868	5372	Place-13
SMITH	Jim	-----	M	1868	5373	Place-12
SMITH	Joseph	-----	M	1869	5383	Place-23
SMITH	Susan	-----	F	1869	5384	Place-4
SMITH	Paulo	-----	M	1869	5385	Place-15
SMITH	Seonaid	-----	F	1869	5386	Place-3
SMITH	Sheila	-----	F	1869	5387	Place-19
SMITH	Selina	-----	F	1869	5388	Place-28
SMITH	Susan	-----	F	1869	5389	Place-4
SMITH	Sheila	-----	F	1869	5390	Place-0
SMITH	Seonaid	-----	F	1869	5391	Place-3
SMITH	Bob	-----	M	1869	5392	Place-3
SMITH	Susan	-----	F	1869	5393	Place-20
SMITH	Jenkins	-----	M	1869	5394	Place-7
SMITH	Sarah	-----	F	1869	5395	Place-15
SMITH	Bob	-----	M	1869	5396	Place-13
SMITH	Sheila	-----	F	1869	5397	Place-9
SMITH	Shawn	-----	M	1869	5398	Place-16
SMITH	Shawn	-----	M	1869	5399	Place-2
SMITH	Susan	-----	F	1869	5400	Place-8
SMITH	Selina	-----	F	1869	5401	Place-5
SMITH	Shawn	-----	M	1869	5402	Place-2
SMITH	Joseph	-----	M	1869	5403	Place-0
SMITH	Jenkins	-----	M	1869	5404	Place-22
SMITH	Shawn	-----	M	1869	5405	Place-7
SMITH	Jim	-----	M	1869	5406	Place-26
SMITH	Susan	-----	F	1869	5407	Place-10
SMITH	Bob	-----	M	1869	5408	Place-28
SMITH	Sheila	-----	F	1869	5409	Place-17
SMITH	Jim	-----	M	1869	5410	Place-2
SMITH	Briony	-----	F	1869	5411	Place-23
SMITH	Suzanne	-----	F	1869	5412	Place-26
SMITH	Joseph	-----	M	1869	5413	Place-5
SMITH	James	-----	M	1869	5414	Place-24
SMITH	Suzanne	-----	F	1869	5415	Place-17
SMITH	Sheila	-----	F	1869	5416	Place-28
SMITH	Sheila	-----	F	1869	5417	Place-20
SMITH	Sheila	-----	F	1869	5418	Place-12
SMITH	Selina	-----	F	1869	5419	Place-17
SMITH	Paulo	-----	M	1869	5420	Place-26
SMITH	Shawn	-----	M	1869	5421	Place-28
SMITH	Sheila	-----	F	1869	5422	Place-22
SMITH	Sharon	-----	F	1869	5423	Place-13
SMITH	Selina	-----	F	1869	5424	Place-17
SMITH	Susan	-----	F	1869	5425	Place-20
SMITH	Joseph	-----	M	1869	5426	Place-21
SMITH	Sharon	-----	F	1869	5427	Place-4
SMITH	Jenkins	-----	M	1869	5428	Place-24
SMITH	Jenkins	-----	M	1869	5429	Place-7
SMITH	Joseph	-----	M	1869	5430	Place-11
SMITH	Bob	-----	M	1869	5431	Place-8
SMITH	Bob	-----	M	1869	5432	Place-26
SMITH	Paulo	-----	M	1869	5433	Place-7
SMITH	Susan	-----	F	1869	5434	Place-0
SMITH	Sheila	-----	F	1869	5435	Place-14
SMITH	Seonaid	-----	F	1869	5436	Place-17
SMITH	Joseph	-----	M	1869	5437	Place-10
SMITH	Suzanne	-----	F	1869	5438	Place-25
SMITH	Selina	-----	F	1869	5439	Place-12
SMITH	Selina	-----	F	1869	5440	Place-17
SMITH	Susan	-----	F	1869	5441	Place-17
SMITH	Bob	-----	M	1869	5442	Place-6
SMITH	Sharon	-----	F	1869	5443	Place-18
SMITH	Shawn	-----	M	1869	5444	Place-21
SMITH	Selina	-----	F	1869	5445	Place-18
SMITH	Seonaid	-----	F	1869	5446	Place-14
SMITH	Jacob	-----	M	1869	5447	Place-16
SMITH	Briony	-----	F	1869	5448	Place-8
SMITH	Paulo	-----	M	1869	5449	Place-2
SMITH	Bob	-----	M	1869	5450	Place-12
SMITH	Susan	-----	F	1869	5451	Place-29
SMITH	Sarah	-----	F	1869	5452	Place-29
SMITH	Bob	-----	M	1869	5453	Place-21
SMITH	Suzanne	-----	F	1869	5454	Place-0
SMITH	Selina	-----	F	1869	5455	Place-13
SMITH	Shawn	-----	M	1869	5456	Place-25
SMITH	Paulo	-----	M	1869	5457	Place-6
SMITH	Sharon	-----	F	1869	5458	Place-5
SMITH	Jenkins	-----	M	1869	5459	Place-9
SMITH	Shawn	-----	M	1869	5460	Place-11
SMITH	Susan	-----	F	1869	5461	Place-22
SMITH	Briony	-----	F	1869	5462	Place-4
SMITH	Sharon	-----	F	1869	5463	Place-5
SMITH	Seonaid	-----	F	1869	5464	Place-23
SMITH	Suzanne	-----	F	1869	5465	Place-6
SMITH	Briony	-----	F	1869	5466	Place-11
SMITH	Sheila	-----	F	1869	5467	Place-22
SMITH	Sharon	-----	F	1869	5468	Place-20
SMITH	Suzanne	-----	F	1869	5469	Place-22
SMITH	Sheila	-----	F	1869	5470	Place-5
SMITH	Jenkins	-----	M	1869	5471	Place-20
SMITH	Jenkins	-----	M	1870	5482	Place-18
SMITH	Sarah	-----	F	1870	5483	Place-16
SMITH	Briony	-----	F	1870	5484	Place-6
SMITH	Jenkins	-----	M	1870	5485	Place-2
SMITH	Sharon	-----	F	1870	5486	Place-27
SMITH	Joseph	-----	M	1870	5487	Place-14
SMITH	Paulo	-----	M	1870	5488	Place-9
SMITH	Seonaid	-----	F	1870	5489	Place-2
SMITH	Paulo	-----	M	1870	5490	Place-4
SMITH	Suzanne	-----	F	1870	5491	Place-13
SMITH	Sharon	-----	F	1870	5492	Place-4
SMITH	Joseph	-----	M	1870	5493	Place-21
SMITH	Suzanne	-----	F	1870	5494	Place-3
SMITH	Sheila	-----	F	1870	5495	Place-24
SMITH	Sharon	-----	F	1870	5496	Place-0
SMITH	Jacob	-----	M	1870	5497	Place-13
SMITH	Jim	-----	M	1870	5498	Place-1
SMITH	James	-----	M	1870	5499	Place-3
SMITH	Seonaid	-----	F	1870	5500	Place-7
SMITH	Jacob	-----	M	1870	5501	Place-16
SMITH	Susan	-----	F	1870	5502	Place-6
SMITH	Sharon	-----	F	1870	5503	Place-3
SMITH	Bob	-----	M	1870	5504	Place-9
SMITH	Sharon	-----	F	1870	5505	Place-17
SMITH	Sarah	-----	F	1870	5506	Place-22
SMITH	Jacob	-----	M	1870	5507	Place-6
SMITH	Selina	-----	F	1870	5508	Place-2
SMITH	Sharon	-----	F	1870	5509	Place-2
SMITH	Sarah	-----	F	1870	5510	Place-26
SMITH	Suzanne	-----	F	1870	5511	Place-15
SMITH	Seonaid	-----	F	1870	5512	Place-2
SMITH	Joseph	-----	M	1870	5513	Place-20
SMITH	Shawn	-----	M	1870	5514	Place-22
SMITH	Seonaid	-----	F	1870	5515	Place-7
SMITH	Sarah	-----	F	1870	5516	Place-17
SMITH	Paulo	-----	M	1870	5517	Place-14
SMITH	Jacob	-----	M	1870	5518	Place-20
SMITH	Suzanne	-----	F	1870	5519	Place-6
SMITH	Jim	-----	M	1870	5520	Place-7
SMITH	Shawn	-----	M	1870	5521	Place-21
SMITH	Susan	-----	F	1870	5522	Place-22
SMITH	Selina	-----	F	1870	5523	Place-23
SMITH	Jenkins	-----	M	1870	5524	Place-21
SMITH	James	-----	M	1870	5525	Place-27
SMITH	Jacob	-----	M	1870	5526	Place-13
SMITH	Jacob	-----	M	1870	5527	Place-21
SMITH	Selina	-----	F	1870	5528	Place-8
SMITH	Sharon	-----	F	1870	5529	Place-3
SMITH	Bob	-----	M	1870	5530	Place-9
SMITH	Suzanne	-----	F	1870	5531	Place-18
SMITH	Sharon	-----	F	1870	5532	Place-23
SMITH	Seonaid	-----	F	1870	5533	Place-8
SMITH	Jacob	-----	M	1870	5534	Place-3
SMITH	Paulo	-----	M	1870	5535	Place-7
SMITH	Sheila	-----	F	1870	5536	Place-25
SMITH	Selina	-----	F	1870	5537	Place-27
SMITH	Bob	-----	M	1870	5538	Place-13
SMITH	Paulo	-----	M	1870	5539	Place-11
SMITH	Susan	-----	F	1870	5540	Place-2
SMITH	Sharon	-----	F	1870	5541	Place-18
SMITH	Suzanne	-----	F	1870	5542	Place-17
SMITH	Jacob	-----	M	1870	5543	Place-8
SMITH	Shawn	-----	M	1870	5544	Place-24
SMITH	Sarah	-----	F	1870	5545	Place-8
SMITH	Susan	-----	F	1870	5546	Place-13
SMITH	Shawn	-----	M	1870	5547	Place-16
SMITH	Selina	-----	F	1870	5548	Place-10
SMITH	Jenkins	-----	M	1870	5549	Place-28
SMITH	Selina	-----	F	1870	5550	Place-21
SMITH	Sarah	-----	F	1870	5551	Place-6
SMITH	Briony	-----	F	1870	5552	Place-28
SMITH	Shawn	-----	M	1870	5553	Place-13
SMITH	Seonaid	-----	F	1870	5554	Place-23
SMITH	Shawn	-----	M	1870	5555	Place-7
SMITH	Jacob	-----	M	1870	5556	Place-6
SMITH	Sarah	-----	F	1870	5557	Place-26
SMITH	Briony	-----	F	1870	5558	Place-23
SMITH	Suzanne	-----	F	1870	5559	Place-15
SMITH	Sarah	-----	F	1870	5560	Place-20
SMITH	Jacob	-----	M	1870	5561	Place-4
SMITH	Seonaid	-----	F	1870	5562	Place-4
SMITH	Seonaid	-----	F	1870	5563	Place-23
SMITH	Joseph	-----	M	1870	5564	Place-5
SMITH	Seonaid	-----	F	1870	5565	Place-4
SMITH	Selina	-----	F	1870	5566	Place-17
SMITH	Selina	-----	F	1871	5573	Place-23
SMITH	Sarah	-----	F	1871	5574	Place-16
SMITH	Susan	-----	F	1871	5575	Place-3
SMITH	Susan	-----	F	1871	5576	Place-13
SMITH	Sharon	-----	F	1871	5577	Place-12
SMITH	Briony	-----	F	1871	5578	Place-1
SMITH	James	-----	M	1871	5579	Place-0
SMITH	Selina	-----	F	1871	5580	Place-28
SMITH	Joseph	-----	M	1871	5581	Place-5
SMITH	Shawn	-----	M	1871	5582	Place-27
SMITH	Sharon	-----	F	1871	5583	Place-21
SMITH	Bob	-----	M	1871	5584	Place-15
SMITH	Seonaid	-----	F	1871	5585	Place-2
SMITH	Seonaid	-----	F	1871	5586	Place-27
SMITH	Joseph	-----	M	1871	5587	Place-6
SMITH	Selina	-----	F	1871	5588	Place-26
SMITH	Shawn	-----	M	1871	5589	Place-17
SMITH	James	-----	M	1871	5590	Place-19
SMITH	Sarah	-----	F	1871	5591	Place-7
SMITH	Sheila	-----	F	1871	5592	Place-28
SMITH	Briony	-----	F	1871	5593	Place-13
SMITH	Sarah	-----	F	1871	5594	Place-16
SMITH	James	-----	M	1871	5595	Place-9
SMITH	Jacob	-----	M	1871	5596	Place-29
SMITH	Jenkins	-----	M	1871	5597	Place-3
SMITH	Selina	-----	F	1871	5598	Place-9
SMITH	Shawn	-----	M	1871	5599	Place-16
SMITH	Susan	-----	F	1871	5600	Place-8
SMITH	Joseph	-----	M	1871	5601	Place-15
SMITH	Paulo	-----	M	1871	5602	Place-2
SMITH	Seonaid	-----	F	1871	5603	Place-9
SMITH	Jacob	-----	M	1871	5604	Place-19
SMITH	Bob	-----	M	1871	5605	Place-1
SMITH	Sharon	-----	F	1871	5606	Place-3
SMITH	Sarah	-----	F	1871	5607	Place-11
SMITH	Jim	-----	M	1871	5608	Place-2
SMITH	Sheila	-----	F	1871	5609	Place-8
SMITH	Jim	-----	M	1871	5610	Place-3
SMITH	Jacob	-----	M	1871	5611	Place-17
SMITH	Jenkins	-----	M	1871	5612	Place-9
SMITH	James	-----	M	1871	5613	Place-15
SMITH	Suzanne	-----	F	1871	5614	Place-28
SMITH	Jacob	-----	M	1871	5615	Place-22
SMITH	Shawn	-----	M	1871	5616	Place-19
SMITH	Suzanne	-----	F	1871	5617	Place-25
SMITH	Shawn	-----	M	1871	5618	Place-8
SMITH	Selina	-----	F	1871	5619	Place-22
SMITH	Jenkins	-----	M	1871	5620	Place-9
SMITH	Susan	-----	F	1871	5621	Place-6
SMITH	Sarah	-----	F	1871	5622	Place-11
SMITH	Briony	-----	F	1871	5623	Place-11
SMITH	Paulo	-----	M	1871	5624	Place-8
SMITH	Paulo	-----	M	1871	5625	Place-23
SMITH	Briony	-----	F	1871	5626	Place-26
SMITH	James	-----	M	1871	5627	Place-29
SMITH	Sharon	-----	F	1871	5628	Place-1
SMITH	Jenkins	-----	M	1871	5629	Place-4
SMITH	Sarah	-----	F	1871	5630	Place-22
SMITH	Bob	-----	M	1871	5631	Place-5
SMITH	Sarah	-----	F	1871	5632	Place-23
SMITH	Bob	-----	M	1871	5633	Place-28
SMITH	Sheila	-----	F	1871	5634	Place-14
SMITH	Selina	-----	F	1871	5635	Place-8
SMITH	Paulo	-----	M	1871	5636	Place-1
SMITH	Sheila	-----	F	1871	5637	Place-11
SMITH	Susan	-----	F	1871	5638	Place-11
SMITH	Seonaid	-----	F	1871	5639	Place-8
SMITH	Selina	-----	F	1871	5640	Place-26
SMITH	Jacob	-----	M	1871	5641	Place-22
SMITH	Seonaid	-----	F	1871	5642	Place-6
SMITH	Susan	-----	F	1871	5643	Place-11
SMITH	Bob	-----	M	1871	5644	Place-13
SMITH	Jenkins	-----	M	1871	5645	Place-0
SMITH	Jenkins	-----	M	1871	5646	Place-17
SMITH	Jacob	-----	M	1871	5647	Place-23
SMITH	Jim	-----	M	1871	5648	Place-1
SMITH	Seonaid	-----	F	1871	5649	Place-27
SMITH	Jacob	-----	M	1871	5650	Place-23
SMITH	Sheila	-----	F	1871	5651	Place-12
SMITH	Sarah	-----	F	1871	5652	Place-13
SMITH	Jacob	-----	M	1871	5653	Place-7
SMITH	Seonaid	-----	F	1871	5654	Place-6
SMITH	Briony	-----	F	1871	5655	Place-6
SMITH	Sharon	-----	F	1871	5656	Place-25
SMITH	Jacob	-----	M	1872	5662	Place-12
SMITH	Sheila	-----	F	1872	5663	Place-3
SMITH	Joseph	-----	M	1872	5664	Place-14
SMITH	James	-----	M	1872	5665	Place-2
SMITH	Seonaid	-----	F	1872	5666	Place-15
SMITH	Briony	-----	F	1872	5667	Place-27
SMITH	James	-----	M	1872	5668	Place-11
SMITH	Suzanne	-----	F	1872	5669	Place-6
SMITH	Sharon	-----	F	1872	5670	Place-12
SMITH	Briony	-----	F	1872	5671	Place-29
SMITH	Selina	-----	F	1872	5672	Place-0
SMITH	Joseph	-----	M	1872	5673	Place-8
SMITH	Shawn	-----	M	1872	5674	Place-24
SMITH	Jenkins	-----	M	1872	5675	Place-28
SMITH	Sheila	-----	F	1872	5676	Place-19
SMITH	Seonaid	-----	F	1872	5677	Place-15
SMITH	Suzanne	-----	F	1872	5678	Place-25
SMITH	Sheila	-----	F	1872	5679	Place-0
SMITH	Jenkins	-----	M	1872	5680	Place-23
SMITH	Seonaid	-----	F	1872	5681	Place-5
SMITH	Sarah	-----	F	1872	5682	Place-28
SMITH	Suzanne	-----	F	1872	5683	Place-3
SMITH	Bob	-----	M	1872	5684	Place-14
SMITH	Paulo	-----	M	1872	5685	Place-23
SMITH	Briony	-----	F	1872	5686	Place-18
SMITH	James	-----	M	1872	5687	Place-6
SMITH	Seonaid	-----	F	1872	5688	Place-25
SMITH	Seonaid	-----	F	1872	5689	Place-4
SMITH	Paulo	-----	M	1872	5690	Place-28
SMITH	Susan	-----	F	1872	5691	Place-16
SMITH	Shawn	-----	M	1872	5692	Place-15
SMITH	Joseph	-----	M	1872	5693	Place-23
SMITH	Susan	-----	F	1872	5694	Place-8
SMITH	Suzanne	-----	F	1872	5695	Place-25
SMITH	Sharon	-----	F	1872	5696	Place-4
SMITH	Suzanne	-----	F	1872	5697	Place-25
SMITH	Jim	-----	M	1872	5698	Place-0
SMITH	Sharon	-----	F	1872	5699	Place-26
SMITH	Paulo	-----	M	1872	5700	Place-11
SMITH	Suzanne	-----	F	1872	5701	Place-14
SMITH	Selina	-----	F	1872	5702	Place-14
SMITH	Sarah	-----	F	1872	5703	Place-7
SMITH	Briony	-----	F	1872	5704	Place-5
SMITH	Briony	-----	F	1872	5705	Place-7
SMITH	Jenkins	-----	M	1872	5706	Place-19
SMITH	Shawn	-----	M	1872	5707	Place-9
SMITH	Selina	-----	F	1872	5708	Place-20
SMITH	Suzanne	-----	F	1872	5709	Place-9
SMITH	Seonaid	-----	F	1872	5710	Place-22
SMITH	Susan	-----	F	1872	5711	Place-16
SMITH	Paulo	-----	M	1872	5712	Place-12
SMITH	Sarah	-----	F	1872	5713	Place-19
SMITH	Briony	-----	F	1872	5714	Place-24
SMITH	Briony	-----	F	1872	5715	Place-10
SMITH	Jim	-----	M	1872	5716	Place-12
SMITH	Briony	-----	F	1872	5717	Place-22
SMITH	Joseph	-----	M	1872	5718	Place-6
SMITH	Paulo	-----	M	1872	5719	Place-16
SMITH	Shawn	-----	M	1872	5720	Place-23
SMITH	Susan	-----	F	1872	5721	Place-22
SMITH	Susan	-----	F	1872	5722	Place-13
SMITH	Bob	-----	M	1872	5723	Place-4
SMITH	Paulo	-----	M	1872	5724	Place-7
SMITH	Joseph	-----	M	1872	5725	Place-5
SMITH	Selina	-----	F	1872	5726	Place-21
SMITH	Paulo	-----	M	1872	5727	Place-12
SMITH	Jacob	-----	M	1872	5728	Place-2
SMITH	Jenkins	-----	M	1872	5729	Place-18
SMITH	Jenkins	-----	M	1872	5730	Place-28
SMITH	Sarah	-----	F	1872	5731	Place-21
SMITH	Jenkins	-----	M	1872	5732	Place-18
SMITH	Susan	-----	F	1872	5733	Place-12
SMITH	Joseph	-----	M	1872	5734	Place-13
SMITH	Sharon	-----	F	1872	5735	Place-24
SMITH	Briony	-----	F	1872	5736	Place-20
SMITH	Jim	-----	M	1872	5737	Place-10
SMITH	Suzanne	-----	F	1872	5738	Place-25
SMITH	Susan	-----	F	1872	5739	Place-6
SMITH	Jenkins	-----	M	1872	5740	Place-6
SMITH	Jim	-----	M	1872	5741	Place-0
SMITH	Selina	-----	F	1872	5742	Place-0
SMITH	Selina	-----	F	1872	5743	Place-29
SMITH	Briony	-----	F	1872	5744	Place-7
SMITH	Selina	-----	F	1872	5745	Place-7
SMITH	Sharon	-----	F	1872	5746	Place-27
SMITH	Jenkins	-----	M	1872	5747	Place-28
SMITH	Susan	-----	F	1872	5748	Place-15
SMITH	Jacob	-----	M	1872	5749	Place-4
SMITH	Jim	-----	M	1872	5750	Place-10
SMITH	Sheila	-----	F	1872	5751	Place-15
SMITH	Seonaid	-----	F	1872	5752	Place-20
SMITH	Jenkins	-----	M	1872	5753	Place-9
SMITH	Susan	-----	F	1872	5754	Place-3
SMITH	Susan	-----	F	1872	5755	Place-0
SMITH	Jacob	-----	M	1872	5756	Place-28
SMITH	Paulo	-----	M	1873	5772	Place-6
SMITH	Briony	-----	F	1873	5773	Place-25
SMITH	Briony	-----	F	1873	5774	Place-27
SMITH	Sheila	-----	F	1873	5775	Place-29
SMITH	Bob	-----	M	1873	5776	Place-14
SMITH	Seonaid	-----	F	1873	5777	Place-20
SMITH	Sharon	-----	F	1873	5778	Place-18
SMITH	Susan	-----	F	1873	5779	Place-16
SMITH	Sharon	-----	F	1873	5780	Place-26
SMITH	Bob	-----	M	1873	5781	Place-12
SMITH	Suzanne	-----	F	1873	5782	Place-14
SMITH	Susan	-----	F	1873	5783	Place-14
SMITH	Paulo	-----	M	1873	5784	Place-3
SMITH	Jenkins	-----	M	1873	5785	Place-18
SMITH	Shawn	-----	M	1873	5786	Place-14
SMITH	Selina	-----	F	1873	5787	Place-26
SMITH	Sharon	-----	F	1873	5788	Place-12
SMITH	Joseph	-----	M	1873	5789	Place-29
SMITH	Jacob	-----	M	1873	5790	Place-7
SMITH	Sheila	-----	F	1873	5791	Place-29
SMITH	Shawn	-----	M	1873	5792	Place-10
SMITH	Jenkins	-----	M	1873	5793	Place-7
SMITH	James	-----	M	1873	5794	Place-8
SMITH	Suzanne	-----	F	1873	5795	Place-12
SMITH	Jacob	-----	M	1873	5796	Place-23
SMITH	Jenkins	-----	M	1873	5797	Place-4
SMITH	Sharon	-----	F	1873	5798	Place-28
SMITH	Sharon	-----	F	1873	5799	Place-17
SMITH	Joseph	-----	M	1873	5800	Place-24
SMITH	Sheila	-----	F	1873	5801	Place-25
SMITH	Bob	-----	M	1873	5802	Place-19
SMITH	Shawn	-----	M	1873	5803	Place-13
SMITH	Sarah	-----	F	1873	5804	Place-6
SMITH	Shawn	-----	M	1873	5805	Place-12
SMITH	Sarah	-----	F	1873	5806	Place-23
SMITH	Suzanne	-----	F	1873	5807	Place-2
SMITH	Sheila	-----	F	1873	5808	Place-24
SMITH	James	-----	M	1873	5809	Place-25
SMITH	Seonaid	-----	F	1873	5810	Place-29
SMITH	Jim	-----	M	1873	5811	Place-11
SMITH	Jenkins	-----	M	1873	5812	Place-7
SMITH	Jacob	-----	M	1873	5813	Place-23
SMITH	Selina	-----	F	1873	5814	Place-1
SMITH	Susan	-----	F	1873	5815	Place-26
SMITH	Jacob	-----	M	1873	5816	Place-15
SMITH	Sharon	-----	F	1873	5817	Place-22
SMITH	James	-----	M	1873	5818	Place-9
SMITH	Susan	-----	F	1873	5819	Place-5
SMITH	Bob	-----	M	1873	5820	Place-8
SMITH	Bob	-----	M	1873	5821	Place-2
SMITH	Paulo	-----	M	1873	5822	Place-23
SMITH	Joseph	-----	M	1873	5823	Place-7
SMITH	James	-----	M	1873	5824	Place-25
SMITH	Shawn	-----	M	1873	5825	Place-24
SMITH	Paulo	-----	M	1873	5826	Place-0
SMITH	Seonaid	-----	F	1873	5827	Place-0
SMITH	Paulo	-----	M	1873	5828	Place-29
SMITH	Jenkins	-----	M	1873	5829	Place-17
SMITH	Susan	-----	F	1873	5830	Place-21
SMITH	Shawn	-----	M	1873	5831	Place-10
SMITH	Jacob	-----	M	1873	5832	Place-6
SMITH	James	-----	M	1873	5833	Place-22
SMITH	Sheila	-----	F	1873	5834	Place-7
SMITH	Jacob	-----	M	1873	5835	Place-15
SMITH	James	-----	M	1873	5836	Place-5
SMITH	Briony	-----	F	1873	5837	Place-0
SMITH	Sarah	-----	F	1873	5838	Place-20
SMITH	Jenkins	-----	M	1873	5839	Place-16
SMITH	Bob	-----	M	1873	5840	Place-21
SMITH	Sharon	-----	F	1873	5841	Place-5
SMITH	Paulo	-----	M	1873	5842	Place-13
SMITH	Joseph	-----	M	1873	5843	Place-11
SMITH	Suzanne	-----	F	1873	5844	Place-26
SMITH	Seonaid	-----	F	1873	5845	Place-29
SMITH	Joseph	-----	M	1873	5846	Place-24
SMITH	Seonaid	-----	F	1873	5847	Place-0
SMITH	James	-----	M	1873	5848	Place-4
SMITH	James	-----	M	1873	5849	Place-23
SMITH	Seonaid	-----	F	1873	5850	Place-3
SMITH	Seonaid	-----	F	1873	5851	Place-27
SMITH	Jenkins	-----	M	1873	5852	Place-6
SMITH	Briony	-----	F	1873	5853	Place-23
SMITH	Jacob	-----	M	1873	5854	Place-6
SMITH	Paulo	-----	M	1873	5855	Place-24
SMITH	Selina	-----	F	1873	5856	Place-25
SMITH	Sarah	-----	F	1873	5857	Place-21
SMITH	Sharon	-----	F	1873	5858	Place-5
SMITH	Paulo	-----	M	1873	5859	Place-4
SMITH	Joseph	-----	M	1874	5876	Place-6
SMITH	Seonaid	-----	F	1874	5877	Place-5
SMITH	Jacob	-----	M	1874	5878	Place-0
SMITH	Suzanne	-----	F	1874	5879	Place-22
SMITH	James	-----	M	1874	5880	Place-7
SMITH	Shawn	-----	M	1874	5881	Place-0
SMITH	Sarah	-----	F	1874	5882	Place-4
SMITH	Sheila	-----	F	1874	5883	Place-17
SMITH	Suzanne	-----	F	1874	5884	Place-24
SMITH	Susan	-----	F	1874	5885	Place-17
SMITH	Paulo	-----	M	1874	5886	Place-8
SMITH	Jim	-----	M	1874	5887	Place-14
SMITH	James	-----	M	1874	5888	Place-14
SMITH	Suzanne	-----	F	1874	5889	Place-16
SMITH	Joseph	-----	M	1874	5890	Place-7
SMITH	James	-----	M	1874	5891	Place-6
SMITH	Briony	-----	F	1874	5892	Place-27
SMITH	Selina	-----	F	1874	5893	Place-22
SMITH	Sheila	-----	F	1874	5894	Place-11
SMITH	Bob	-----	M	1874	5895	Place-1
SMITH	James	-----	M	1874	5896	Place-29
SMITH	Jenkins	-----	M	1874	5897	Place-19
SMITH	Jacob	-----	M	1874	5898	Place-13
SMITH	Shawn	-----	M	1874	5899	Place-8
SMITH	Shawn	-----	M	1874	5900	Place-13
SMITH	Shawn	-----	M	1874	5901	Place-28
SMITH	Suzanne	-----	F	1874	5902	Place-26
SMITH	Briony	-----	F	1874	5903	Place-10
SMITH	Paulo	-----	M	1874	5904	Place-27
SMITH	Jenkins	-----	M	1874	5905	Place-12
SMITH	Susan	-----	F	1874	5906	Place-2
SMITH	Susan	-----	F	1874	5907	Place-3
SMITH	Paulo	-----	M	1874	5908	Place-23
SMITH	Bob	-----	M	1874	5909	Place-11
SMITH	Jim	-----	M	1874	5910	Place-21
SMITH	Jenkins	-----	M	1874	5911	Place-2
SMITH	Suzanne	-----	F	1874	5912	Place-24
SMITH	Paulo	-----	M	1874	5913	Place-4
SMITH	Selina	-----	F	1874	5914	Place-19
SMITH	Bob	-----	M	1874	5915	Place-5
SMITH	Briony	-----	F	1874	5916	Place-12
SMITH	Shawn	-----	M	1874	5917	Place-24
SMITH	Briony	-----	F	1874	5918	Place-6
SMITH	Seonaid	-----	F	1874	5919	Place-18
SMITH	Shawn	-----	M	1874	5920	Place-16
SMITH	Paulo	-----	M	1874	5921	Place-11
SMITH	Selina	-----	F	1874	5922	Place-2
SMITH	Sarah	-----	F	1874	5923	Place-22
SMITH	Jacob	-----	M	1874	5924	Place-19
SMITH	Bob	-----	M	1874	5925	Place-10
SMITH	Paulo	-----	M	1874	5926	Place-27
SMITH	Sarah	-----	F	1874	5927	Place-11
SMITH	Joseph	-----	M	1874	5928	Place-15
SMITH	Sheila	-----	F	1874	5929	Place-9
SMITH	Joseph	-----	M	1874	5930	Place-7
SMITH	James	-----	M	1874	5931	Place-16
SMITH	Jacob	-----	M	1874	5932	Place-25
SMITH	Jim	-----	M	1874	5933	Place-13
SMITH	Susan	-----	F	1874	5934	Place-29
SMITH	Susan	-----	F	1874	5935	Place-7
SMITH	Seonaid	-----	F	1874	5936	Place-25
SMITH	Suzanne	-----	F	1874	5937	Place-21
SMITH	Bob	-----	M	1874	5938	Place-11
SMITH	Jim	-----	M	1874	5939	Place-3
SMITH	Sheila	-----	F	1874	5940	Place-8
SMITH	Suzanne	-----	F	1874	5941	Place-13
SMITH	Shawn	-----	M	1874	5942	Place-5
SMITH	Paulo	-----	M	1874	5943	Place-26
SMITH	Selina	-----	F	1874	5944	Place-17
SMITH	Seonaid	-----	F	1874	5945	Place-7
SMITH	Jenkins	-----	M	1874	5946	Place-27
SMITH	Paulo	-----	M	1874	5947	Place-27
SMITH	Jim	-----	M	1874	5948	Place-22
SMITH	Sarah	-----	F	1874	5949	Place-5
SMITH	Suzanne	-----	F	1874	5950	Place-2
SMITH	Seonaid	-----	F	1874	5951	Place-9
SMITH	Susan	-----	F	1875	5966	Place-5
SMITH	Briony	-----	F	1875	5967	Place-9
SMITH	Seonaid	-----	F	1875	5968	Place-6
SMITH	Jacob	-----	M	1875	5969	Place-12
SMITH	Seonaid	-----	F	1875	5970	Place-18
SMITH	Sharon	-----	F	1875	5971	Place-8
SMITH	Paulo	-----	M	1875	5972	Place-0
SMITH	Bob	-----	M	1875	5973	Place-21
SMITH	Briony	-----	F	1875	5974	Place-9
SMITH	Shawn	-----	M	1875	5975	Place-17
SMITH	Jenkins	-----	M	1875	5976	Place-12
SMITH	Sharon	-----	F	1875	5977	Place-29
SMITH	Sarah	-----	F	1875	5978	Place-7
SMITH	Shawn	-----	M	1875	5979	Place-3
SMITH	Jim	-----	M	1875	5980	Place-13
SMITH	Seonaid	-----	F	1875	5981	Place-24
SMITH	Jenkins	-----	M	1875	5982	Place-3
SMITH	Paulo	-----	M	1875	5983	Place-21
SMITH	Jenkins	-----	M	1875	5984	Place-13
SMITH	Susan	-----	F	1875	5985	Place-14
SMITH	Briony	-----	F	1875	5986	Place-14
SMITH	Jenkins	-----	M	1875	5987	Place-18
SMITH	Selina	-----	F	1875	5988	Place-18
SMITH	Selina	-----	F	1875	5989	Place-8
SMITH	Jim	-----	M	1875	5990	Place-20
SMITH	Sharon	-----	F	1875	5991	Place-21
SMITH	Sharon	-----	F	1875	5992	Place-7
SMITH	Jenkins	-----	M	1875	5993	Place-2
SMITH	Suzanne	-----	F	1875	5994	Place-3
SMITH	Paulo	-----	M	1875	5995	Place-19
SMITH	Selina	-----	F	1875	5996	Place-19
SMITH	Susan	-----	F	1875	5997	Place-8
SMITH	Sarah	-----	F	1875	5998	Place-26
SMITH	Sharon	-----	F	1875	5999	Place-13
SMITH	Jenkins	-----	M	1875	6000	Place-14
SMITH	Shawn	-----	M	1875	6001	Place-12
SMITH	Jenkins	-----	M	1875	6002	Place-16
SMITH	Paulo	-----	M	1875	6003	Place-2
SMITH	Shawn	-----	M	1875	6004	Place-8
SMITH	Jim	-----	M	1875	6005	Place-4
SMITH	Bob	-----	M	1875	6006	Place-7
SMITH	Bob	-----	M	1875	6007	Place-20
SMITH	Seonaid	-----	F	1875	6008	Place-21
SMITH	Jenkins	-----	M	1875	6009	Place-25
SMITH	Sarah	-----	F	1875	6010	Place-13
SMITH	Sarah	-----	F	1875	6011	Place-29
SMITH	Susan	-----	F	1875	6012	Place-23
SMITH	Bob	-----	M	1875	6013	Place-2
SMITH	Selina	-----	F	1875	6014	Place-18
SMITH	Bob	-----	M	1875	6015	Place-1
SMITH	Selina	-----	F	1875	6016	Place-19
SMITH	Suzanne	-----	F	1875	6017	Place-5
SMITH	Sheila	-----	F	1875	6018	Place-12
SMITH	Briony	-----	F	1875	6019	Place-2
SMITH	Shawn	-----	M	1875	6020	Place-21
SMITH	Paulo	-----	M	1875	6021	Place-18
SMITH	Paulo	-----	M	1875	6022	Place-27
SMITH	Sarah	-----	F	1875	6023	Place-6
SMITH	Suzanne	-----	F	1875	6024	Place-21
SMITH	Jim	-----	M	1875	6025	Place-0
SMITH	Sharon	-----	F	1875	6026	Place-19
SMITH	Jenkins	-----	M	1875	6027	Place-9
SMITH	Sarah	-----	F	1875	6028	Place-16
SMITH	Bob	-----	M	1875	6029	Place-23
SMITH	James	-----	M	1875	6030	Place-8
SMITH	Sheila	-----	F	1875	6031	Place-5
SMITH	Bob	-----	M	1875	6032	Place-7
SMITH	James	-----	M	1875	6033	Place-11
SMITH	Sarah	-----	F	1875	6034	Place-26
SMITH	Shawn	-----	M	1875	6035	Place-1
SMITH	Jacob	-----	M	1875	6036	Place-11
SMITH	Joseph	-----	M	1875	6037	Place-5
SMITH	Jim	-----	M	1875	6038	Place-7
SMITH	James	-----	M	1875	6039	Place-20
SMITH	Briony	-----	F	1875	6040	Place-27
SMITH	Shawn	-----	M	1875	6041	Place-6
SMITH	Susan	-----	F	1875	6042	Place-7
SMITH	Sheila	-----	F	1875	6043	Place-20
SMITH	Seonaid	-----	F	1875	6044	Place-21
SMITH	Bob	-----	M	1875	6045	Place-23
SMITH	Shawn	-----	M	1875	6046	Place-9
SMITH	Susan	-----	F	1875	6047	Place-20
SMITH	Sharon	-----	F	1875	6048	Place-22
SMITH	Sharon	-----	F	1875	6049	Place-10
SMITH	Joseph	-----	M	1875	6050	Place-13
SMITH	Sarah	-----	F	1875	6051	Place-25
SMITH	Seonaid	-----	F	1875	6052	Place-15
SMITH	Paulo	-----	M	1875	6053	Place-10
SMITH	Susan	-----	F	1875	6054	Place-19
SMITH	Bob	-----	M	1875	6055	Place-24
SMITH	Jacob	-----	M	1875	6056	Place-27
SMITH	Jacob	-----	M	1875	6057	Place-25
SMITH	Shawn	-----	M	1876	6074	Place-11
SMITH	Sheila	-----	F	1876	6075	Place-29
SMITH	Paulo	-----	M	1876	6076	Place-13
SMITH	Sheila	-----	F	1876	6077	Place-17
SMITH	Shawn	-----	M	1876	6078	Place-10
SMITH	Joseph	-----	M	1876	6079	Place-19
SMITH	Joseph	-----	M	1876	6080	Place-23
SMITH	Selina	-----	F	1876	6081	Place-5
SMITH	Sheila	-----	F	1876	6082	Place-6
SMITH	Briony	-----	F	1876	6083	Place-1
SMITH	Jenkins	-----	M	1876	6084	Place-9
SMITH	Selina	-----	F	1876	6085	Place-10
SMITH	Sheila	-----	F	1876	6086	Place-1
SMITH	Selina	-----	F	1876	6087	Place-1
SMITH	Jacob	-----	M	1876	6088	Place-6
SMITH	Jacob	-----	M	1876	6089	Place-19
SMITH	Susan	-----	F	1876	6090	Place-25
SMITH	Selina	-----	F	1876	6091	Place-22
SMITH	Sharon	-----	F	1876	6092	Place-16
SMITH	Sarah	-----	F	1876	6093	Place-6
SMITH	Jacob	-----	M	1876	6094	Place-8
SMITH	Sheila	-----	F	1876	6095	Place-12
SMITH	Jenkins	-----	M	1876	6096	Place-22
SMITH	Briony	-----	F	1876	6097	Place-6
SMITH	Selina	-----	F	1876	6098	Place-20
SMITH	Seonaid	-----	F	1876	6099	Place-6
SMITH	Jenkins	-----	M	1876	6100	Place-7
SMITH	Bob	-----	M	1876	6101	Place-14
SMITH	Paulo	-----	M	1876	6102	Place-24
SMITH	Joseph	-----	M	1876	6103	Place-10
SMITH	Paulo	-----	M	1876	6104	Place-26
SMITH	Seonaid	-----	F	1876	6105	Place-22
SMITH	Sarah	-----	F	1876	6106	Place-27
SMITH	Suzanne	-----	F	1876	6107	Place-15
SMITH	James	-----	M	1876	6108	Place-3
SMITH	Shawn	-----	M	1876	6109	Place-2
SMITH	Shawn	-----	M	1876	6110	Place-0
SMITH	Suzanne	-----	F	1876	6111	Place-12
SMITH	Suzanne	-----	F	1876	6112	Place-9
SMITH	Selina	-----	F	1876	6113	Place-15
SMITH	Sarah	-----	F	1876	6114	Place-11
SMITH	Jim	-----	M	1876	6115	Place-8
SMITH	Sharon	-----	F	1876	6116	Place-9
SMITH	Bob	-----	M	1876	6117	Place-27
SMITH	Briony	-----	F	1876	6118	Place-20
SMITH	Paulo	-----	M	1876	6119	Place-3
SMITH	Shawn	-----	M	1876	6120	Place-3
SMITH	Sheila	-----	F	1876	6121	Place-20
SMITH	Sharon	-----	F	1876	6122	Place-13
SMITH	James	-----	M	1876	6123	Place-8
SMITH	James	-----	M	1876	6124	Place-29
SMITH	Briony	-----	F	1876	6125	Place-19
SMITH	Briony	-----	F	1876	6126	Place-27
SMITH	Briony	-----	F	1876	6127	Place-2
SMITH	Seonaid	-----	F	1876	6128	Place-1
SMITH	Joseph	-----	M	1876	6129	Place-12
SMITH	Shawn	-----	M	1876	6130	Place-5
SMITH	Suzanne	-----	F	1876	6131	Place-18
SMITH	Jenkins	-----	M	1876	6132	Place-27
SMITH	Selina	-----	F	1876	6133	Place-13
SMITH	Joseph	-----	M	1876	6134	Place-9
SMITH	Jacob	-----	M	1876	6135	Place-7
SMITH	Shawn	-----	M	1876	6136	Place-14
SMITH	Bob	-----	M	1876	6137	Place-18
SMITH	Sarah	-----	F	1876	6138	Place-8
SMITH	Sharon	-----	F	1876	6139	Place-22
SMITH	Sheila	-----	F	1876	6140	Place-6
SMITH	Sarah	-----	F	1876	6141	Place-27
SMITH	Selina	-----	F	1876	6142	Place-22
SMITH	Bob	-----	M	1876	6143	Place-6
SMITH	Jacob	-----	M	1876	6144	Place-23
SMITH	Jim	-----	M	1876	6145	Place-6
SMITH	Joseph	-----	M	1876	6146	Place-7
SMITH	Sharon	-----	F	1876	6147	Place-29
SMITH	Joseph	-----	M	1876	6148	Place-7
SMITH	Sharon	-----	F	1876	6149	Place-4
SMITH	Suzanne	-----	F	1876	6150	Place-9
SMITH	Shawn	-----	M	1876	6151	Place-14
SMITH	Bob	-----	M	1876	6152	Place-24
SMITH	Briony	-----	F	1876	6153	Place-26
SMITH	Seonaid	-----	F	1876	6154	Place-26
SMITH	Sarah	-----	F	1876	6155	Place-27
SMITH	Joseph	-----	M	1876	6156	Place-4
SMITH	Jenkins	-----	M	1876	6157	Place-1
SMITH	Bob	-----	M	1877	6169	Place-5
SMITH	Sharon	-----	F	1877	6170	Place-24
SMITH	Paulo	-----	M	1877	6171	Place-22
SMITH	Suzanne	-----	F	1877	6172	Place-20
SMITH	Jacob	-----	M	1877	6173	Place-18
SMITH	Sharon	-----	F	1877	6174	Place-21
SMITH	Jim	-----	M	1877	6175	Place-21
SMITH	Jim	-----	M	1877	6176	Place-2
SMITH	Sharon	-----	F	1877	6177	Place-16
SMITH	Sheila	-----	F	1877	6178	Place-2
SMITH	Paulo	-----	M	1877	6179	Place-11
SMITH	Sharon	-----	F	1877	6180	Place-29
SMITH	Seonaid	-----	F	1877	6181	Place-12
SMITH	Shawn	-----	M	1877	6182	Place-1
SMITH	Jacob	-----	M	1877	6183	Place-16
SMITH	Jim	-----	M	1877	6184	Place-26
SMITH	Paulo	-----	M	1877	6185	Place-16
SMITH	Paulo	-----	M	1877	6186	Place-13
SMITH	Seonaid	-----	F	1877	6187	Place-15
SMITH	Bob	-----	M	1877	6188	Place-26
SMITH	Susan	-----	F	1877	6189	Place-24
SMITH	Jim	-----	M	1877	6190	Place-15
SMITH	Jacob	-----	M	1877	6191	Place-23
SMITH	Bob	-----	M	1877	6192	Place-29
SMITH	Briony	-----	F	1877	6193	Place-19
SMITH	Joseph	-----	M	1877	6194	Place-10
SMITH	Selina	-----	F	1877	6195	Place-25
SMITH	Joseph	-----	M	1877	6196	Place-19
SMITH	Jacob	-----	M	1877	6197	Place-1
SMITH	Selina	-----	F	1877	6198	Place-10
SMITH	Sarah	-----	F	1877	6199	Place-29
SMITH	Seonaid	-----	F	1877	6200	Place-13
SMITH	Jenkins	-----	M	1877	6201	Place-0
SMITH	Sharon	-----	F	1877	6202	Place-25
SMITH	Bob	-----	M	1877	6203	Place-27
SMITH	Sharon	-----	F	1877	6204	Place-19
SMITH	Sharon	-----	F	1877	6205	Place-9
SMITH	Suzanne	-----	F	1877	6206	Place-12
SMITH	Paulo	-----	M	1877	6207	Place-15
SMITH	Jenkins	-----	M	1877	6208	Place-4
SMITH	Susan	-----	F	1877	6209	Place-7
SMITH	Jenkins	-----	M	1877	6210	Place-16
SMITH	Joseph	-----	M	1877	6211	Place-0
SMITH	Bob	-----	M	1877	6212	Place-14
SMITH	Briony	-----	F	1877	6213	Place-6
SMITH	Shawn	-----	M	1877	6214	Place-18
SMITH	Selina	-----	F	1877	6215	Place-24
SMITH	Sharon	-----	F	1877	6216	Place-7
SMITH	Bob	-----	M	1877	6217	Place-20
SMITH	Jenkins	-----	M	1877	6218	Place-10
SMITH	Selina	-----	F	1877	6219	Place-29
SMITH	Shawn	-----	M	1877	6220	Place-13
SMITH	Shawn	-----	M	1877	6221	Place-19
SMITH	Shawn	-----	M	1877	6222	Place-18
SMITH	Susan	-----	F	1877	6223	Place-4
SMITH	Joseph	-----	M	1877	6224	Place-23
SMITH	Joseph	-----	M	1877	6225	Place-23
SMITH	Jenkins	-----	M	1877	6226	Place-3
SMITH	James	-----	M	1877	6227	Place-13
SMITH	Sheila	-----	F	1877	6228	Place-24
SMITH	Jenkins	-----	M	1877	6229	Place-19
SMITH	Jacob	-----	M	1877	6230	Place-7
SMITH	Jacob	-----	M	1877	6231	Place-20
SMITH	Briony	-----	F	1877	6232	Place-25
SMITH	Seonaid	-----	F	1877	6233	Place-25
SMITH	Sheila	-----	F	1877	6234	Place-26
SMITH	Sharon	-----	F	1877	6235	Place-1
SMITH	Briony	-----	F	1877	6236	Place-15
SMITH	James	-----	M	1877	6237	Place-5
SMITH	Paulo	-----	M	1877	6238	Place-4
SMITH	Briony	-----	F	1877	6239	Place-12
SMITH	Sheila	-----	F	1877	6240	Place-11
SMITH	Suzanne	-----	F	1877	6241	Place-0
SMITH	Jenkins	-----	M	1877	6242	Place-19
SMITH	Bob	-----	M	1877	6243	Place-14
SMITH	Suzanne	-----	F	1877	6244	Place-11
SMITH	Susan	-----	F	1877	6245	Place-25
SMITH	Sarah	-----	F	1877	6246	Place-29
SMITH	Sarah	-----	F	1877	6247	Place-4
SMITH	James	-----	M	1877	6248	Place-6
SMITH	Suzanne	-----	F	1877	6249	Place-6
SMITH	Shawn	-----	M	1877	6250	Place-13
SMITH	Paulo	-----	M	1877	6251	Place-5
SMITH	Sheila	-----	F	1877	6252	Place-9
SMITH	Sharon	-----	F	1877	6253	Place-14
SMITH	Seonaid	-----	F	1877	6254	Place-23
SMITH	Jacob	-----	M	1877	6255	Place-29
SMITH	Sheila	-----	F	1877	6256	Place-16
SMITH	Paulo	-----	M	1877	6257	Place-26
SMITH	Joseph	-----	M	1877	6258	Place-25
SMITH	Sarah	-----	F	1877	6259	Place-25
SMITH	Sarah	-----	F	1877	6260	Place-21
SMITH	Seonaid	-----	F	1877	6261	Place-24
SMITH	Suzanne	-----	F	1877	6262	Place-18
SMITH	Bob	-----	M	1878	6275	Place-6
SMITH	Shawn	-----	M	1878	6276	Place-6
SMITH	Sharon	-----	F	1878	6277	Place-11
SMITH	Jenkins	-----	M	1878	6278	Place-28
SMITH	Briony	-----	F	1878	6279	Place-12
SMITH	Selina	-----	F	1878	6280	Place-20
SMITH	Shawn	-----	M	1878	6281	Place-17
SMITH	Selina	-----	F	1878	6282	Place-6
SMITH	Jacob	-----	M	1878	6283	Place-18
SMITH	Paulo	-----	M	1878	6284	Place-17
SMITH	Sharon	-----	F	1878	6285	Place-17
SMITH	Shawn	-----	M	1878	6286	Place-17
SMITH	Sheila	-----	F	1878	6287	Place-29
SMITH	Jenkins	-----	M	1878	6288	Place-27
SMITH	Suzanne	-----	F	1878	6289	Place-21
SMITH	Seonaid	-----	F	1878	6290	Place-8
SMITH	Seonaid	-----	F	1878	6291	Place-16
SMITH	Bob	-----	M	1878	6292	Place-5
SMITH	Bob	-----	M	1878	6293	Place-4
SMITH	Joseph	-----	M	1878	6294	Place-11
SMITH	Sheila	-----	F	1878	6295	Place-29
SMITH	Selina	-----	F	1878	6296	Place-1
SMITH	Bob	-----	M	1878	6297	Place-13
SMITH	Selina	-----	F	1878	6298	Place-7
SMITH	Sarah	-----	F	1878	6299	Place-2
SMITH	Jenkins	-----	M	1878	6300	Place-8
SMITH	Joseph	-----	M	1878	6301	Place-24
SMITH	Bob	-----	M	1878	6302	Place-18
SMITH	Shawn	-----	M	1878	6303	Place-25
SMITH	Sheila	-----	F	1878	6304	Place-23
SMITH	Susan	-----	F	1878	6305	Place-10
SMITH	Seonaid	-----	F	1878	6306	Place-1
SMITH	Sharon	-----	F	1878	6307	Place-13
SMITH	Sharon	-----	F	1878	6308	Place-16
SMITH	James	-----	M	1878	6309	Place-23
SMITH	Briony	-----	F	1878	6310	Place-18
SMITH	Jenkins	-----	M	1878	6311	Place-28
SMITH	Sheila	-----	F	1878	6312	Place-10
SMITH	Shawn	-----	M	1878	6313	Place-10
SMITH	Jim	-----	M	1878	6314	Place-23
SMITH	Jacob	-----	M	1878	6315	Place-5
SMITH	Sarah	-----	F	1878	6316	Place-27
SMITH	Selina	-----	F	1878	6317	Place-13
SMITH	Sheila	-----	F	1878	6318	Place-19
SMITH	Shawn	-----	M	1878	6319	Place-17
SMITH	Jacob	-----	M	1878	6320	Place-1
SMITH	Paulo	-----	M	1878	6321	Place-9
SMITH	Jim	-----	M	1878	6322	Place-0
SMITH	Sarah	-----	F	1878	6323	Place-19
SMITH	Sheila	-----	F	1878	6324	Place-6
SMITH	Joseph	-----	M	1878	6325	Place-27
SMITH	Sheila	-----	F	1878	6326	Place-29
SMITH	Paulo	-----	M	1878	6327	Place-13
SMITH	Jacob	-----	M	1878	6328	Place-24
SMITH	Paulo	-----	M	1878	6329	Place-7
SMITH	Briony	-----	F	1878	6330	Place-15
SMITH	Seonaid	-----	F	1878	6331	Place-24
SMITH	Joseph	-----	M	1878	6332	Place-21
SMITH	Bob	-----	M	1878	6333	Place-17
SMITH	Sharon	-----	F	1878	6334	Place-16
SMITH	Selina	-----	F	1878	6335	Place-0
SMITH	Bob	-----	M	1878	6336	Place-14
SMITH	Jim	-----	M	1878	6337	Place-15
SMITH	Selina	-----	F	1878	6338	Place-27
SMITH	James	-----	M	1878	6339	Place-11
SMITH	Jenkins	-----	M	1878	6340	Place-6
SMITH	Jim	-----	M	1878	6341	Place-17
SMITH	Jenkins	-----	M	1878	6342	Place-28
SMITH	Seonaid	-----	F	1878	6343	Place-8
SMITH	Jacob	-----	M	1878	6344	Place-3
SMITH	Jim	-----	M	1878	6345	Place-12
SMITH	Sarah	-----	F	1878	6346	Place-9
SMITH	Sarah	-----	F	1878	6347	Place-4
SMITH	Sheila	-----	F	1878	6348	Place-19
SMITH	Paulo	-----	M	1878	6349	Place-13
SMITH	Sharon	-----	F	1878	6350	Place-17
SMITH	Susan	-----	F	1878	6351	Place-24
SMITH	Jim	-----	M	1878	6352	Place-9
SMITH	Susan	-----	F	1878	6353	Place-28
SMITH	Paulo	-----	M	1878	6354	Place-29
SMITH	Briony	-----	F	1878	6355	Place-24
SMITH	Jacob	-----	M	1878	6356	Place-11
SMITH	Briony	-----	F	1878	6357	Place-10
SMITH	James	-----	M	1878	6358	Place-9
SMITH	Paulo	-----	M	1878	6359	Place-1
SMITH	Sheila	-----	F	1878	6360	Place-23
SMITH	Jim	-----	M	1878	6361	Place-21
SMITH	Selina	-----	F	1878	6362	Place-19
SMITH	Jacob	-----	M	1878	6363	Place-10
SMITH	Selina	-----	F	1878	6364	Place-26
SMITH	Paulo	-----	M	1878	6365	Place-10
SMITH	James	-----	M	1878	6366	Place-7
SMITH	Selina	-----	F	1878	6367	Place-27
SMITH	Sarah	-----	F	1878	6368	Place-25
SMITH	Jacob	-----	M	1878	6369	Place-13
SMITH	Seonaid	-----	F	1878	6370	Place-22
SMITH	Susan	-----	F	1878	6371	Place-6
SMITH	Sheila	-----	F	1878	6372	Place-28
SMITH	Briony	-----	F	1878	6373	Place-28
SMITH	Suzanne	-----	F	1878	6374	Place-2
SMITH	Sharon	-----	F	1878	6375	Place-9
SMITH	Briony	-----	F	1878	6376	Place-23
SMITH	Sheila	-----	F	1878	6377	Place-25
SMITH	Suzanne	-----	F	1878	6378	Place-24
SMITH	Sarah	-----	F	1878	6379	Place-16
SMITH	Jacob	-----	M	1878	6380	Place-2
SMITH	Sarah	-----	F	1878	6381	Place-0
SMITH	Susan	-----	F	1878	6382	Place-21
SMITH	Selina	-----	F	1878	6383	Place-17
SMITH	Seonaid	-----	F	1878	6384	Place-1
SMITH	Jim	-----	M	1878	6385	Place-9
SMITH	Jacob	-----	M	1878	6386	Place-29
SMITH	Sharon	-----	F	1879	6398	Place-5
SMITH	Briony	-----	F	1879	6399	Place-3
SMITH	Jenkins	-----	M	1879	6400	Place-9
SMITH	Jacob	-----	M	1879	6401	Place-29
SMITH	Paulo	-----	M	1879	6402	Place-2
SMITH	Shawn	-----	M	1879	6403	Place-26
SMITH	Briony	-----	F	1879	6404	Place-11
SMITH	Susan	-----	F	1879	6405	Place-17
SMITH	Jim	-----	M	1879	6406	Place-26
SMITH	Jacob	-----	M	1879	6407	Place-4
SMITH	Suzanne	-----	F	1879	6408	Place-22
SMITH	Bob	-----	M	1879	6409	Place-25
SMITH	James	-----	M	1879	6410	Place-11
SMITH	James	-----	M	1879	6411	Place-23
SMITH	Briony	-----	F	1879	6412	Place-21
SMITH	Paulo	-----	M	1879	6413	Place-17
SMITH	Jacob	-----	M	1879	6414	Place-8
SMITH	Sharon	-----	F	1879	6415	Place-8
SMITH	Jacob	-----	M	1879	6416	Place-16
SMITH	Joseph	-----	M	1879	6417	Place-22
SMITH	Jacob	-----	M	1879	6418	Place-26
SMITH	Jim	-----	M	1879	6419	Place-2
SMITH	Sheila	-----	F	1879	6420	Place-11
SMITH	Seonaid	-----	F	1879	6421	Place-1
SMITH	Jim	-----	M	1879	6422	Place-12
SMITH	Briony	-----	F	1879	6423	Place-7
SMITH	Bob	-----	M	1879	6424	Place-23
SMITH	Sarah	-----	F	1879	6425	Place-10
SMITH	Jenkins	-----	M	1879	6426	Place-0
SMITH	Bob	-----	M	1879	6427	Place-8
SMITH	Sharon	-----	F	1879	6428	Place-28
SMITH	Jacob	-----	M	1879	6429	Place-3
SMITH	Paulo	-----	M	1879	6430	Place-29
SMITH	Susan	-----	F	1879	6431	Place-27
SMITH	Sharon	-----	F	1879	6432	Place-10
SMITH	Jenkins	-----	M	1879	6433	Place-1
SMITH	Jacob	-----	M	1879	6434	Place-23
SMITH	Sarah	-----	F	1879	6435	Place-13
SMITH	Seonaid	-----	F	1879	6436	Place-12
SMITH	Joseph	-----	M	1879	6437	Place-9
SMITH	James	-----	M	1879	6438	Place-22
SMITH	Seonaid	-----	F	1879	6439	Place-25
SMITH	James	-----	M	1879	6440	Place-29
SMITH	Joseph	-----	M	1879	6441	Place-6
SMITH	Suzanne	-----	F	1879	6442	Place-16
SMITH	Suzanne	-----	F	1879	6443	Place-0
SMITH	Joseph	-----	M	1879	6444	Place-14
SMITH	Paulo	-----	M	1879	6445	Place-13
SMITH	Paulo	-----	M	1879	6446	Place-15
SMITH	Jenkins	-----	M	1879	6447	Place-24
SMITH	Paulo	-----	M	1879	6448	Place-27
SMITH	Joseph	-----	M	1879	6449	Place-13
SMITH	Shawn	-----	M	1879	6450	Place-21
SMITH	Jacob	-----	M	1879	6451	Place-8
SMITH	Joseph	-----	M	1879	6452	Place-23
SMITH	Sarah	-----	F	1879	6453	Place-19
SMITH	Sheila	-----	F	1879	6454	Place-17
SMITH	Joseph	-----	M	1879	6455	Place-10
SMITH	Briony	-----	F	1879	6456	Place-29
SMITH	Selina	-----	F	1879	6457	Place-12
SMITH	Sarah	-----	F	1879	6458	Place-5
SMITH	Briony	-----	F	1879	6459	Place-7
SMITH	Briony	-----	F	1879	6460	Place-12
SMITH	Shawn	-----	M	1879	6461	Place-8
SMITH	Jenkins	-----	M	1879	6462	Place-23
SMITH	Selina	-----	F	1879	6463	Place-24
SMITH	Susan	-----	F	1879	6464	Place-5
SMITH	Briony	-----	F	1879	6465	Place-20
SMITH	Jenkins	-----	M	1879	6466	Place-26
SMITH	Selina	-----	F	1879	6467	Place-19
SMITH	Susan	-----	F	1879	6468	Place-7
SMITH	Suzanne	-----	F	1879	6469	Place-5
SMITH	Seonaid	-----	F	1879	6470	Place-29
SMITH	James	-----	M	1879	6471	Place-21
SMITH	Jacob	-----	M	1879	6472	Place-21
SMITH	Suzanne	-----	F	1879	6473	Place-21
SMITH	Jacob	-----	M	1879	6474	Place-18
SMITH	Briony	-----	F	1879	6475	Place-26
SMITH	Sheila	-----	F	1879	6476	Place-10
SMITH	Seonaid	-----	F	1879	6477	Place-11
SMITH	Jacob	-----	M	1879	6478	Place-23
SMITH	Susan	-----	F	1879	6479	Place-19
SMITH	Bob	-----	M	1879	6480	Place-21
SMITH	Jim	-----	M	1879	6481	Place-10
SMITH	Paulo	-----	M	1879	6482	Place-21
SMITH	Sarah	-----	F	1879	6483	Place-7
SMITH	James	-----	M	1879	6484	Place-22
SMITH	Sheila	-----	F	1879	6485	Place-22
SMITH	Joseph	-----	M	1879	6486	Place-28
SMITH	Selina	-----	F	1879	6487	Place-29
SMITH	Seonaid	-----	F	1879	6488	Place-25
SMITH	Briony	-----	F	1879	6489	Place-4
SMITH	Sharon	-----	F	1879	6490	Place-21
SMITH	Bob	-----	M	1879	6491	Place-23
SMITH	James	-----	M	1879	6492	Place-20
SMITH	Joseph	-----	M	1879	6493	Place-1
SMITH	James	-----	M	1879	6494	Place-12
SMITH	Seonaid	-----	F	1879	6495	Place-13
SMITH	Susan	-----	F	1879	6496	Place-20
SMITH	James	-----	M	1879	6497	Place-9
SMITH	Sharon	-----	F	1879	6498	Place-29
SMITH	Bob	-----	M	1879	6499	Place-22
SMITH	Bob	-----	M	1880	6508	Place-22
SMITH	Sheila	-----	F	1880	6509	Place-22
SMITH	Susan	-----	F	1880	6510	Place-15
SMITH	Sarah	-----	F	1880	6511	Place-20
SMITH	Paulo	-----	M	1880	6512	Place-23
SMITH	Sarah	-----	F	1880	6513	Place-27
SMITH	Suzanne	-----	F	1880	6514	Place-16
SMITH	Bob	-----	M	1880	6515	Place-26
SMITH	Susan	-----	F	1880	6516	Place-23
SMITH	Suzanne	-----	F	1880	6517	Place-27
SMITH	Shawn	-----	M	1880	6518	Place-22
SMITH	Joseph	-----	M	1880	6519	Place-2
SMITH	Bob	-----	M	1880	6520	Place-11
SMITH	Briony	-----	F	1880	6521	Place-11
SMITH	James	-----	M	1880	6522	Place-17
SMITH	Sharon	-----	F	1880	6523	Place-12
SMITH	Sharon	-----	F	1880	6524	Place-19
SMITH	Selina	-----	F	1880	6525	Place-27
SMITH	Sharon	-----	F	1880	6526	Place-21
SMITH	Jim	-----	M	1880	6527	Place-14
SMITH	Shawn	-----	M	1880	6528	Place-23
SMITH	Seonaid	-----	F	1880	6529	Place-17
SMITH	Selina	-----	F	1880	6530	Place-21
SMITH	Sheila	-----	F	1880	6531	Place-16
SMITH	Shawn	-----	M	1880	6532	Place-5
SMITH	Jacob	-----	M	1880	6533	Place-22
SMITH	Selina	-----	F	1880	6534	Place-25
SMITH	James	-----	M	1880	6535	Place-10
SMITH	Jenkins	-----	M	1880	6536	Place-28
SMITH	Suzanne	-----	F	1880	6537	Place-26
SMITH	Seonaid	-----	F	1880	6538	Place-3
SMITH	Sharon	-----	F	1880	6539	Place-29
SMITH	Joseph	-----	M	1880	6540	Place-8
SMITH	Sheila	-----	F	1880	6541	Place-0
SMITH	Selina	-----	F	1880	6542	Place-17
SMITH	Jacob	-----	M	1880	6543	Place-10
SMITH	Shawn	-----	M	1880	6544	Place-23
SMITH	Bob	-----	M	1880	6545	Place-1
SMITH	James	-----	M	1880	6546	Place-12
SMITH	Jacob	-----	M	1880	6547	Place-25
SMITH	Jim	-----	M	1880	6548	Place-24
SMITH	Jacob	-----	M	1880	6549	Place-7
SMITH	Selina	-----	F	1880	6550	Place-29
SMITH	Jim	-----	M	1880	6551	Place-4
SMITH	Seonaid	-----	F	1880	6552	Place-17
SMITH	Bob	-----	M	1880	6553	Place-29
SMITH	Jenkins	-----	M	1880	6554	Place-17
SMITH	Jenkins	-----	M	1880	6555	Place-6
SMITH	Shawn	-----	M	1880	6556	Place-27
SMITH	Jacob	-----	M	1880	6557	Place-29
SMITH	Joseph	-----	M	1880	6558	Place-22
SMITH	Sheila	-----	F	1880	6559	Place-21
SMITH	James	-----	M	1880	6560	Place-14
SMITH	Sheila	-----	F	1880	6561	Place-11
SMITH	Suzanne	-----	F	1880	6562	Place-9
SMITH	Jenkins	-----	M	1880	6563	Place-26
SMITH	Joseph	-----	M	1880	6564	Place-18
SMITH	Jenkins	-----	M	1880	6565	Place-9
SMITH	Seonaid	-----	F	1880	6566	Place-8
SMITH	Sheila	-----	F	1880	6567	Place-23
SMITH	Selina	-----	F	1880	6568	Place-3
SMITH	Briony	-----	F	1880	6569	Place-13
SMITH	Susan	-----	F	1880	6570	Place-23
SMITH	Selina	-----	F	1880	6571	Place-11
SMITH	Jim	-----	M	1880	6572	Place-15
SMITH	James	-----	M	1880	6573	Place-17
SMITH	Suzanne	-----	F	1880	6574	Place-25
SMITH	Seonaid	-----	F	1880	6575	Place-7
SMITH	Sarah	-----	F	1880	6576	Place-6
SMITH	James	-----	M	1880	6577	Place-21
SMITH	Suzanne	-----	F	1880	6578	Place-6
SMITH	Joseph	-----	M	1880	6579	Place-27
SMITH	Seonaid	-----	F	1880	6580	Place-22
SMITH	Sharon	-----	F	1880	6581	Place-23
SMITH	Susan	-----	F	1880	6582	Place-7
SMITH	Briony	-----	F	1880	6583	Place-25
SMITH	Bob	-----	M	1880	6584	Place-27
SMITH	Susan	-----	F	1880	6585	Place-2
SMITH	Bob	-----	M	1880	6586	Place-1
SMITH	Briony	-----	F	1880	6587	Place-10
SMITH	Sarah	-----	F	1880	6588	Place-20
SMITH	Bob	-----	M	1880	6589	Place-20
SMITH	Jim	-----	M	1880	6590	Place-29
SMITH	Jacob	-----	M	1880	6591	Place-11
SMITH	Joseph	-----	M	1880	6592	Place-13
SMITH	Jenkins	-----	M	1880	6593	Place-25
SMITH	Jenkins	-----	M	1880	6594	Place-28
SMITH	Sarah	-----	F	1881	6608	Place-2
SMITH	Paulo	-----	M	1881	6609	Place-25
SMITH	Suzanne	-----	F	1881	6610	Place-7
SMITH	Bob	-----	M	1881	6611	Place-21
SMITH	Selina	-----	F	1881	6612	Place-6
SMITH	Sharon	-----	F	1881	6613	Place-9
SMITH	Jenkins	-----	M	1881	6614	Place-11
SMITH	James	-----	M	1881	6615	Place-24
SMITH	Jim	-----	M	1881	6616	Place-1
SMITH	Joseph	-----	M	1881	6617	Place-22
SMITH	Suzanne	-----	F	1881	6618	Place-14
SMITH	Jenkins	-----	M	1881	6619	Place-29
SMITH	James	-----	M	1881	6620	Place-2
SMITH	James	-----	M	1881	6621	Place-22
SMITH	Jacob	-----	M	1881	6622	Place-12
SMITH	Susan	-----	F	1881	6623	Place-20
SMITH	Bob	-----	M	1881	6624	Place-0
SMITH	Seonaid	-----	F	1881	6625	Place-22
SMITH	James	-----	M	1881	6626	Place-25
SMITH	Paulo	-----	M	1881	6627	Place-8
SMITH	Shawn	-----	M	1881	6628	Place-6
SMITH	Sarah	-----	F	1881	6629	Place-15
SMITH	Jenkins	-----	M	1881	6630	Place-3
SMITH	Suzanne	-----	F	1881	6631	Place-20
SMITH	Seonaid	-----	F	1881	6632	Place-2
SMITH	Sharon	-----	F	1881	6633	Place-12
SMITH	Paulo	-----	M	1881	6634	Place-26
SMITH	Bob	-----	M	1881	6635	Place-5
SMITH	Shawn	-----	M	1881	6636	Place-29
SMITH	Shawn	-----	M	1881	6637	Place-12
SMITH	Selina	-----	F	1881	6638	Place-17
SMITH	James	-----	M	1881	6639	Place-25
SMITH	James	-----	M	1881	6640	Place-1
SMITH	Susan	-----	F	1881	6641	Place-7
SMITH	Sharon	-----	F	1881	6642	Place-27
SMITH	Jenkins	-----	M	1881	6643	Place-14
SMITH	Sarah	-----	F	1881	6644	Place-20
SMITH	Susan	-----	F	1881	6645	Place-2
SMITH	Jacob	-----	M	1881	6646	Place-13
SMITH	James	-----	M	1881	6647	Place-22
SMITH	Sheila	-----	F	1881	6648	Place-13
SMITH	Jenkins	-----	M	1881	6649	Place-24
SMITH	Paulo	-----	M	1881	6650	Place-17
SMITH	Sharon	-----	F	1881	6651	Place-19
SMITH	Shawn	-----	M	1881	6652	Place-8
SMITH	Bob	-----	M	1881	6653	Place-5
SMITH	Susan	-----	F	1881	6654	Place-26
SMITH	Briony	-----	F	1881	6655	Place-12
SMITH	Selina	-----	F	1881	6656	Place-17
SMITH	Sharon	-----	F	1881	6657	Place-29
SMITH	Paulo	-----	M	1881	6658	Place-4
SMITH	Sheila	-----	F	1881	6659	Place-14
SMITH	Jenkins	-----	M	1881	6660	Place-16
SMITH	Selina	-----	F	1881	6661	Place-2
SMITH	Seonaid	-----	F	1881	6662	Place-18
SMITH	Sarah	-----	F	1881	6663	Place-6
SMITH	Sharon	-----	F	1881	6664	Place-10
SMITH	Bob	-----	M	1881	6665	Place-8
SMITH	Jacob	-----	M	1881	6666	Place-13
SMITH	Paulo	-----	M	1881	6667	Place-1
SMITH	Bob	-----	M	1881	6668	Place-10
SMITH	Jenkins	-----	M	1881	6669	Place-16
SMITH	Susan	-----	F	1881	6670	Place-11
SMITH	Bob	-----	M	1881	6671	Place-11
SMITH	Joseph	-----	M	1881	6672	Place-19
SMITH	Paulo	-----	M	1881	6673	Place-29
SMITH	Suzanne	-----	F	1881	6674	Place-24
SMITH	Sarah	-----	F	1881	6675	Place-15
SMITH	Shawn	-----	M	1881	6676	Place-22
SMITH	Shawn	-----	M	1881	6677	Place-28
SMITH	Sarah	-----	F	1881	6678	Place-5
SMITH	Bob	-----	M	1881	6679	Place-23
SMITH	Sarah	-----	F	1881	6680	Place-8
SMITH	Sarah	-----	F	1881	6681	Place-23
SMITH	Jacob	-----	M	1881	6682	Place-3
SMITH	Jenkins	-----	M	1881	6683	Place-23
SMITH	Jacob	-----	M	1881	6684	Place-26
SMITH	Shawn	-----	M	1881	6685	Place-19
SMITH	Bob	-----	M	1881	6686	Place-21
SMITH	Paulo	-----	M	1881	6687	Place-19
SMITH	Briony	-----	F	1881	6688	Place-10
SMITH	James	-----	M	1881	6689	Place-18
SMITH	Joseph	-----	M	1881	6690	Place-27
SMITH	Suzanne	-----	F	1881	6691	Place-25
SMITH	Bob	-----	M	1881	6692	Place-19
SMITH	Suzanne	-----	F	1881	6693	Place-9
SMITH	Jenkins	-----	M	1881	6694	Place-1
SMITH	James	-----	M	1881	6695	Place-7
SMITH	James	-----	M	1881	6696	Place-11
SMITH	Sarah	-----	F	1881	6697	Place-17
SMITH	Seonaid	-----	F	1881	6698	Place-25
SMITH	Suzanne	-----	F	1881	6699	Place-19
SMITH	Sharon	-----	F	1881	6700	Place-21
SMITH	Selina	-----	F	1881	6701	Place-22
SMITH	Seonaid	-----	F	1881	6702	Place-10
SMITH	Selina	-----	F	1881	6703	Place-25
SMITH	Sheila	-----	F	1881	6704	Place-26
SMITH	Joseph	-----	M	1881	6705	Place-28
SMITH	Sharon	-----	F	1881	6706	Place-21
SMITH	Joseph	-----	M	1881	6707	Place-2
SMITH	Joseph	-----	M	1881	6708	Place-23
SMITH	Joseph	-----	M	1881	6709	Place-7
SMITH	Briony	-----	F	1881	6710	Place-13
SMITH	James	-----	M	1881	6711	Place-25
SMITH	Joseph	-----	M	1881	6712	Place-14
SMITH	Suzanne	-----	F	1881	6713	Place-10
SMITH	Briony	-----	F	1881	6714	Place-15
SMITH	Bob	-----	M	1881	6715	Place-20
SMITH	Suzanne	-----	F	1881	6716	Place-3
SMITH	Paulo	-----	M	1881	6717	Place-3
SMITH	Jenkins	-----	M	1881	6718	Place-10
SMITH	Briony	-----	F	1881	6719	Place-18
SMITH	Jacob	-----	M	1881	6720	Place-7
SMITH	Paulo	-----	M	1881	6721	Place-26
SMITH	Sarah	-----	F	1881	6722	Place-25
SMITH	Bob	-----	M	1882	6735	Place-6
SMITH	Jenkins	-----	M	1882	6736	Place-5
SMITH	Paulo	-----	M	1882	6737	Place-23
SMITH	Suzanne	-----	F	1882	6738	Place-17
SMITH	Paulo	-----	M	1882	6739	Place-12
SMITH	Suzanne	-----	F	1882	6740	Place-3
SMITH	Paulo	-----	M	1882	6741	Place-20
SMITH	Briony	-----	F	1882	6742	Place-24
SMITH	Seonaid	-----	F	1882	6743	Place-14
SMITH	Shawn	-----	M	1882	6744	Place-26
SMITH	Paulo	-----	M	1882	6745	Place-7
SMITH	Sarah	-----	F	1882	6746	Place-20
SMITH	Jacob	-----	M	1882	6747	Place-26
SMITH	Seonaid	-----	F	1882	6748	Place-14
SMITH	Seonaid	-----	F	1882	6749	Place-29
SMITH	Bob	-----	M	1882	6750	Place-9
SMITH	Shawn	-----	M	1882	6751	Place-12
SMITH	Joseph	-----	M	1882	6752	Place-13
SMITH	James	-----	M	1882	6753	Place-26
SMITH	James	-----	M	1882	6754	Place-5
SMITH	Shawn	-----	M	1882	6755	Place-12
SMITH	Bob	-----	M	1882	6756	Place-8
SMITH	Sarah	-----	F	1882	6757	Place-6
SMITH	James	-----	M	1882	6758	Place-16
SMITH	Suzanne	-----	F	1882	6759	Place-14
SMITH	Briony	-----	F	1882	6760	Place-17
SMITH	Jacob	-----	M	1882	6761	Place-17
SMITH	Paulo	-----	M	1882	6762	Place-22
SMITH	James	-----	M	1882	6763	Place-23
SMITH	Suzanne	-----	F	1882	6764	Place-1
SMITH	Selina	-----	F	1882	6765	Place-7
SMITH	Jim	-----	M	1882	6766	Place-17
SMITH	Jim	-----	M	1882	6767	Place-20
SMITH	Seonaid	-----	F	1882	6768	Place-2
SMITH	Selina	-----	F	1882	6769	Place-27
SMITH	Susan	-----	F	1882	6770	Place-12
SMITH	Jenkins	-----	M	1882	6771	Place-17
SMITH	Sharon	-----	F	1882	6772	Place-17
SMITH	Paulo	-----	M	1882	6773	Place-7
SMITH	Sarah	-----	F	1882	6774	Place-22
SMITH	Suzanne	-----	F	1882	6775	Place-27
SMITH	Susan	-----	F	1882	6776	Place-21
SMITH	Sharon	-----	F	1882	6777	Place-14
SMITH	Suzanne	-----	F	1882	6778	Place-7
SMITH	Sharon	-----	F	1882	6779	Place-29
SMITH	Bob	-----	M	1882	6780	Place-28
SMITH	James	-----	M	1882	6781	Place-16
SMITH	Seonaid	-----	F	1882	6782	Place-5
SMITH	Jim	-----	M	1882	6783	Place-4
SMITH	Briony	-----	F	1882	6784	Place-16
SMITH	Bob	-----	M	1882	6785	Place-21
SMITH	Shawn	-----	M	1882	6786	Place-15
SMITH	Seonaid	-----	F	1882	6787	Place-7
SMITH	Sarah	-----	F	1882	6788	Place-12
SMITH	Suzanne	-----	F	1882	6789	Place-3
SMITH	Susan	-----	F	1882	6790	Place-17
SMITH	Sarah	-----	F	1882	6791	Place-6
SMITH	Selina	-----	F	1882	6792	Place-10
SMITH	Sharon	-----	F	1882	6793	Place-23
SMITH	Seonaid	-----	F	1882	6794	Place-27
SMITH	Bob	-----	M	1882	6795	Place-11
SMITH	Selina	-----	F	1882	6796	Place-28
SMITH	Jim	-----	M	1882	6797	Place-2
SMITH	Jacob	-----	M	1882	6798	Place-5
SMITH	Shawn	-----	M	1882	6799	Place-17
SMITH	Briony	-----	F	1882	6800	Place-12
SMITH	Sharon	-----	F	1882	6801	Place-4
SMITH	Selina	-----	F	1882	6802	Place-21
SMITH	Jacob	-----	M	1882	6803	Place-0
SMITH	Sheila	-----	F	1882	6804	Place-22
SMITH	Suzanne	-----	F	1882	6805	Place-21
SMITH	Sarah	-----	F	1882	6806	Place-20
SMITH	Briony	-----	F	1882	6807	Place-21
SMITH	Susan	-----	F	1882	6808	Place-25
SMITH	Selina	-----	F	1882	6809	Place-21
SMITH	Selina	-----	F	1882	6810	Place-9
SMITH	Joseph	-----	M	1882	6811	Place-16
SMITH	Paulo	-----	M	1882	6812	Place-4
SMITH	Shawn	-----	M	1882	6813	Place-10
SMITH	Shawn	-----	M	1882	6814	Place-25
SMITH	Sarah	-----	F	1882	6815	Place-2
SMITH	Jacob	-----	M	1882	6816	Place-26
SMITH	Joseph	-----	M	1882	6817	Place-7
SMITH	Sarah	-----	F	1882	6818	Place-27
SMITH	Briony	-----	F	1882	6819	Place-15
SMITH	Joseph	-----	M	1882	6820	Place-6
SMITH	Sharon	-----	F	1883	6835	Place-14
SMITH	James	-----	M	1883	6836	Place-26
SMITH	Paulo	-----	M	1883	6837	Place-14
SMITH	Jenkins	-----	M	1883	6838	Place-29
SMITH	Shawn	-----	M	1883	6839	Place-6
SMITH	Sheila	-----	F	1883	6840	Place-4
SMITH	Jim	-----	M	1883	6841	Place-22
SMITH	Jenkins	-----	M	1883	6842	Place-11
SMITH	Jim	-----	M	1883	6843	Place-9
SMITH	Bob	-----	M	1883	6844	Place-3
SMITH	Jacob	-----	M	1883	6845	Place-16
SMITH	Seonaid	-----	F	1883	6846	Place-1
SMITH	Jenkins	-----	M	1883	6847	Place-15
SMITH	Jim	-----	M	1883	6848	Place-22
SMITH	Jenkins	-----	M	1883	6849	Place-23
SMITH	Jacob	-----	M	1883	6850	Place-10
SMITH	Susan	-----	F	1883	6851	Place-5
SMITH	Selina	-----	F	1883	6852	Place-17
SMITH	Shawn	-----	M	1883	6853	Place-18
SMITH	Paulo	-----	M	1883	6854	Place-26
SMITH	Briony	-----	F	1883	6855	Place-14
SMITH	Jenkins	-----	M	1883	6856	Place-26
SMITH	Susan	-----	F	1883	6857	Place-5
SMITH	Jenkins	-----	M	1883	6858	Place-24
SMITH	Suzanne	-----	F	1883	6859	Place-9
SMITH	Briony	-----	F	1883	6860	Place-0
SMITH	Jacob	-----	M	1883	6861	Place-13
SMITH	Bob	-----	M	1883	6862	Place-10
SMITH	Jacob	-----	M	1883	6863	Place-7
SMITH	James	-----	M	1883	6864	Place-0
SMITH	Jacob	-----	M	1883	6865	Place-16
SMITH	Jacob	-----	M	1883	6866	Place-20
SMITH	Joseph	-----	M	1883	6867	Place-14
SMITH	Suzanne	-----	F	1883	6868	Place-26
SMITH	Joseph	-----	M	1883	6869	Place-26
SMITH	Seonaid	-----	F	1883	6870	Place-11
SMITH	Seonaid	-----	F	1883	6871	Place-26
SMITH	Sarah	-----	F	1883	6872	Place-19
SMITH	Bob	-----	M	1883	6873	Place-1
SMITH	Susan	-----	F	1883	6874	Place-7
SMITH	Jacob	-----	M	1883	6875	Place-12
SMITH	James	-----	M	1883	6876	Place-27
SMITH	Seonaid	-----	F	1883	6877	Place-28
SMITH	Sarah	-----	F	1883	6878	Place-14
SMITH	Jim	-----	M	1883	6879	Place-18
SMITH	Shawn	-----	M	1883	6880	Place-25
SMITH	Briony	-----	F	1883	6881	Place-11
SMITH	Suzanne	-----	F	1883	6882	Place-24
SMITH	Jacob	-----	M	1883	6883	Place-4
SMITH	Jim	-----	M	1883	6884	Place-1
SMITH	Briony	-----	F	1883	6885	Place-1
SMITH	Joseph	-----	M	1883	6886	Place-21
SMITH	Paulo	-----	M	1883	6887	Place-4
SMITH	Bob	-----	M	1883	6888	Place-13
SMITH	Bob	-----	M	1883	6889	Place-16
SMITH	Suzanne	-----	F	1883	6890	Place-13
SMITH	Seonaid	-----	F	1883	6891	Place-11
SMITH	Susan	-----	F	1883	6892	Place-0
SMITH	Seonaid	-----	F	1883	6893	Place-22
SMITH	James	-----	M	1883	6894	Place-13
SMITH	Sharon	-----	F	1883	6895	Place-10
SMITH	Bob	-----	M	1883	6896	Place-27
SMITH	Sarah	-----	F	1883	6897	Place-3
SMITH	Jacob	-----	M	1883	6898	Place-9
SMITH	Sharon	-----	F	1883	6899	Place-5
SMITH	Joseph	-----	M	1883	6900	Place-18
SMITH	Jim	-----	M	1883	6901	Place-26
SMITH	James	-----	M	1883	6902	Place-7
SMITH	Jacob	-----	M	1883	6903	Place-5
SMITH	Seonaid	-----	F	1883	6904	Place-4
SMITH	Seonaid	-----	F	1883	6905	Place-17
SMITH	Seonaid	-----	F	1883	6906	Place-13
SMITH	Joseph	-----	M	1883	6907	Place-22
SMITH	Joseph	-----	M	1883	6908	Place-22
SMITH	Seonaid	-----	F	1883	6909	Place-25
SMITH	Sheila	-----	F	1883	6910	Place-7
SMITH	Sheila	-----	F	1883	6911	Place-5
SMITH	Seonaid	-----	F	1883	6912	Place-4
SMITH	James	-----	M	1883	6913	Place-21
SMITH	Susan	-----	F	1883	6914	Place-29
SMITH	Bob	-----	M	1883	6915	Place-24
SMITH	Shawn	-----	M	1883	6916	Place-23
SMITH	Suzanne	-----	F	1883	6917	Place-4
SMITH	Susan	-----	F	1883	6918	Place-20
SMITH	Susan	-----	F	1883	6919	Place-5
SMITH	Suzanne	-----	F	1883	6920	Place-13
SMITH	Jacob	-----	M	1883	6921	Place-28
SMITH	Paulo	-----	M	1883	6922	Place-11
SMITH	Sheila	-----	F	1883	6923	Place-4
SMITH	Susan	-----	F	1883	6924	Place-3
SMITH	Seonaid	-----	F	1883	6925	Place-4
SMITH	Seonaid	-----	F	1883	6926	Place-9
SMITH	Briony	-----	F	1883	6927	Place-20
SMITH	James	-----	M	1883	6928	Place-3
SMITH	Sharon	-----	F	1883	6929	Place-28
SMITH	Seonaid	-----	F	1884	6947	Place-7
SMITH	Suzanne	-----	F	1884	6948	Place-3
SMITH	Bob	-----	M	1884	6949	Place-14
SMITH	Joseph	-----	M	1884	6950	Place-22
SMITH	Sheila	-----	F	1884	6951	Place-27
SMITH	Shawn	-----	M	1884	6952	Place-24
SMITH	Joseph	-----	M	1884	6953	Place-7
SMITH	Jacob	-----	M	1884	6954	Place-1
SMITH	James	-----	M	1884	6955	Place-9
SMITH	Shawn	-----	M	1884	6956	Place-29
SMITH	Paulo	-----	M	1884	6957	Place-28
SMITH	Shawn	-----	M	1884	6958	Place-6
SMITH	Suzanne	-----	F	1884	6959	Place-24
SMITH	Jim	-----	M	1884	6960	Place-16
SMITH	Susan	-----	F	1884	6961	Place-18
SMITH	Jenkins	-----	M	1884	6962	Place-4
SMITH	Bob	-----	M	1884	6963	Place-7
SMITH	Joseph	-----	M	1884	6964	Place-12
SMITH	Jenkins	-----	M	1884	6965	Place-22
SMITH	James	-----	M	1884	6966	Place-7
SMITH	Shawn	-----	M	1884	6967	Place-9
SMITH	Joseph	-----	M	1884	6968	Place-4
SMITH	Jacob	-----	M	1884	6969	Place-29
SMITH	Sharon	-----	F	1884	6970	Place-13
SMITH	Paulo	-----	M	1884	6971	Place-6
SMITH	Sarah	-----	F	1884	6972	Place-29
SMITH	Shawn	-----	M	1884	6973	Place-22
SMITH	James	-----	M	1884	6974	Place-6
SMITH	Suzanne	-----	F	1884	6975	Place-23
SMITH	Briony	-----	F	1884	6976	Place-21
SMITH	Sharon	-----	F	1884	6977	Place-7
SMITH	Paulo	-----	M	1884	6978	Place-6
SMITH	Joseph	-----	M	1884	6979	Place-8
SMITH	Paulo	-----	M	1884	6980	Place-18
SMITH	Jacob	-----	M	1884	6981	Place-28
SMITH	Paulo	-----	M	1884	6982	Place-26
SMITH	Seonaid	-----	F	1884	6983	Place-25
SMITH	Susan	-----	F	1884	6984	Place-21
SMITH	Susan	-----	F	1884	6985	Place-6
SMITH	James	-----	M	1884	6986	Place-27
SMITH	James	-----	M	1884	6987	Place-28
SMITH	Susan	-----	F	1884	6988	Place-1
SMITH	Paulo	-----	M	1884	6989	Place-19
SMITH	Paulo	-----	M	1884	6990	Place-14
SMITH	Sarah	-----	F	1884	6991	Place-15
SMITH	Sheila	-----	F	1884	6992	Place-9
SMITH	Selina	-----	F	1884	6993	Place-20
SMITH	Briony	-----	F	1884	6994	Place-1
SMITH	Jacob	-----	M	1884	6995	Place-27
SMITH	Joseph	-----	M	1884	6996	Place-6
SMITH	Susan	-----	F	1884	6997	Place-26
SMITH	Sarah	-----	F	1884	6998	Place-21
SMITH	Joseph	-----	M	1884	6999	Place-6
SMITH	Paulo	-----	M	1884	7000	Place-17
SMITH	Shawn	-----	M	1884	7001	Place-17
SMITH	Paulo	-----	M	1884	7002	Place-26
SMITH	Seonaid	-----	F	1884	7003	Place-19
SMITH	Joseph	-----	M	1884	7004	Place-7
SMITH	Seonaid	-----	F	1884	7005	Place-17
SMITH	Sarah	-----	F	1884	7006	Place-27
SMITH	James	-----	M	1884	7007	Place-23
SMITH	Jacob	-----	M	1884	7008	Place-28
SMITH	Sheila	-----	F	1884	7009	Place-17
SMITH	Bob	-----	M	1884	7010	Place-7
SMITH	Selina	-----	F	1884	7011	Place-3
SMITH	Jim	-----	M	1884	7012	Place-5
SMITH	Jacob	-----	M	1884	7013	Place-22
SMITH	Shawn	-----	M	1884	7014	Place-23
SMITH	Joseph	-----	M	1884	7015	Place-8
SMITH	Susan	-----	F	1884	7016	Place-23
SMITH	Paulo	-----	M	1884	7017	Place-0
SMITH	Briony	-----	F	1884	7018	Place-0
SMITH	Paulo	-----	M	1884	7019	Place-25
SMITH	James	-----	M	1884	7020	Place-5
SMITH	Jenkins	-----	M	1884	7021	Place-26
SMITH	Shawn	-----	M	1884	7022	Place-17
SMITH	Selina	-----	F	1884	7023	Place-11
SMITH	Paulo	-----	M	1884	7024	Place-0
SMITH	Sarah	-----	F	1884	7025	Place-21
SMITH	Sharon	-----	F	1884	7026	Place-22
SMITH	Selina	-----	F	1884	7027	Place-0
SMITH	Sheila	-----	F	1884	7028	Place-6
SMITH	Paulo	-----	M	1884	7029	Place-8
SMITH	Jacob	-----	M	1884	7030	Place-17
SMITH	Paulo	-----	M	1884	7031	Place-0
SMITH	Susan	-----	F	1884	7032	Place-6
SMITH	Jenkins	-----	M	1884	7033	Place-7
SMITH	Sharon	-----	F	1884	7034	Place-29
SMITH	Joseph	-----	M	1884	7035	Place-13
SMITH	James	-----	M	1884	7036	Place-24
SMITH	Bob	-----	M	1884	7037	Place-11
SMITH	Suzanne	-----	F	1884	7038	Place-20
SMITH	Joseph	-----	M	1884	7039	Place-22
SMITH	Seonaid	-----	F	1884	7040	Place-10
SMITH	Suzanne	-----	F	1884	7041	Place-6
SMITH	Jacob	-----	M	1884	7042	Place-25
SMITH	Bob	-----	M	1884	7043	Place-18
SMITH	Shawn	-----	M	1884	7044	Place-3
SMITH	Bob	-----	M	1884	7045	Place-11
SMITH	Shawn	-----	M	1884	7046	Place-23
SMITH	James	-----	M	1884	7047	Place-3
SMITH	Suzanne	-----	F	1884	7048	Place-27
SMITH	Paulo	-----	M	1884	7049	Place-17
SMITH	Susan	-----	F	1884	7050	Place-21
SMITH	Sharon	-----	F	1884	7051	Place-24
SMITH	Sarah	-----	F	1884	7052	Place-24
SMITH	Seonaid	-----	F	1884	7053	Place-10
SMITH	Paulo	-----	M	1884	7054	Place-28
SMITH	Sharon	-----	F	1884	7055	Place-13
SMITH	Susan	-----	F	1885	7071	Place-13
SMITH	Sharon	-----	F	1885	7072	Place-10
SMITH	Selina	-----	F	1885	7073	Place-13
SMITH	Briony	-----	F	1885	7074	Place-5
SMITH	Joseph	-----	M	1885	7075	Place-3
SMITH	Sharon	-----	F	1885	7076	Place-28
SMITH	Seonaid	-----	F	1885	7077	Place-29
SMITH	Suzanne	-----	F	1885	7078	Place-15
SMITH	Sarah	-----	F	1885	7079	Place-21
SMITH	Jim	-----	M	1885	7080	Place-7
SMITH	Susan	-----	F	1885	7081	Place-17
SMITH	James	-----	M	1885	7082	Place-5
SMITH	Briony	-----	F	1885	7083	Place-17
SMITH	Sarah	-----	F	1885	7084	Place-22
SMITH	Sharon	-----	F	1885	7085	Place-22
SMITH	Selina	-----	F	1885	7086	Place-8
SMITH	Sharon	-----	F	1885	7087	Place-24
SMITH	Susan	-----	F	1885	7088	Place-8
SMITH	Seonaid	-----	F	1885	7089	Place-12
SMITH	Jacob	-----	M	1885	7090	Place-13
SMITH	Sharon	-----	F	1885	7091	Place-20
SMITH	Seonaid	-----	F	1885	7092	Place-5
SMITH	Sharon	-----	F	1885	7093	Place-27
SMITH	Joseph	-----	M	1885	7094	Place-24
SMITH	Susan	-----	F	1885	7095	Place-9
SMITH	Jenkins	-----	M	1885	7096	Place-16
SMITH	Suzanne	-----	F	1885	7097	Place-6
SMITH	Bob	-----	M	1885	7098	Place-29
SMITH	Bob	-----	M	1885	7099	Place-11
SMITH	Sheila	-----	F	1885	7100	Place-28
SMITH	Seonaid	-----	F	1885	7101	Place-16
SMITH	James	-----	M	1885	7102	Place-26
SMITH	Seonaid	-----	F	1885	7103	Place-27
SMITH	Sharon	-----	F	1885	7104	Place-20
SMITH	Sheila	-----	F	1885	7105	Place-2
SMITH	Seonaid	-----	F	1885	7106	Place-22
SMITH	James	-----	M	1885	7107	Place-0
SMITH	Selina	-----	F	1885	7108	Place-29
SMITH	Jim	-----	M	1885	7109	Place-6
SMITH	Susan	-----	F	1885	7110	Place-9
SMITH	Briony	-----	F	1885	7111	Place-21
SMITH	Susan	-----	F	1885	7112	Place-9
SMITH	Jacob	-----	M	1885	7113	Place-13
SMITH	Suzanne	-----	F	1885	7114	Place-2
SMITH	Jim	-----	M	1885	7115	Place-5
SMITH	James	-----	M	1885	7116	Place-17
SMITH	Jacob	-----	M	1885	7117	Place-3
SMITH	Briony	-----	F	1885	7118	Place-27
SMITH	Jacob	-----	M	1885	7119	Place-6
SMITH	Shawn	-----	M	1885	7120	Place-21
SMITH	Jenkins	-----	M	1885	7121	Place-18
SMITH	James	-----	M	1885	7122	Place-25
SMITH	Jenkins	-----	M	1885	7123	Place-21
SMITH	Susan	-----	F	1885	7124	Place-24
SMITH	Joseph	-----	M	1885	7125	Place-14
SMITH	Jim	-----	M	1885	7126	Place-11
SMITH	Bob	-----	M	1885	7127	Place-6
SMITH	Sheila	-----	F	1885	7128	Place-24
SMITH	Paulo	-----	M	1885	7129	Place-0
SMITH	Selina	-----	F	1885	7130	Place-1
SMITH	James	-----	M	1885	7131	Place-18
SMITH	Sarah	-----	F	1885	7132	Place-12
SMITH	Joseph	-----	M	1885	7133	Place-23
SMITH	Sheila	-----	F	1885	7134	Place-6
SMITH	Shawn	-----	M	1885	7135	Place-16
SMITH	Jim	-----	M	1885	7136	Place-5
SMITH	Suzanne	-----	F	1885	7137	Place-17
SMITH	Selina	-----	F	1885	7138	Place-25
SMITH	Sheila	-----	F	1885	7139	Place-8
SMITH	Sharon	-----	F	1885	7140	Place-11
SMITH	Sheila	-----	F	1885	7141	Place-27
SMITH	Sharon	-----	F	1885	7142	Place-22
SMITH	Briony	-----	F	1885	7143	Place-7
SMITH	Jenkins	-----	M	1885	7144	Place-7
SMITH	Sheila	-----	F	1885	7145	Place-8
SMITH	Sheila	-----	F	1885	7146	Place-24
SMITH	Shawn	-----	M	1885	7147	Place-18
SMITH	Bob	-----	M	1885	7148	Place-0
SMITH	James	-----	M	1885	7149	Place-15
SMITH	Suzanne	-----	F	1885	7150	Place-3
SMITH	Seonaid	-----	F	1885	7151	Place-14
SMITH	Joseph	-----	M	1885	7152	Place-29
SMITH	James	-----	M	1885	7153	Place-26
SMITH	Briony	-----	F	1885	7154	Place-5
SMITH	Suzanne	-----	F	1885	7155	Place-23
SMITH	Jenkins	-----	M	1885	7156	Place-6
SMITH	Paulo	-----	M	1885	7157	Place-26
SMITH	Jim	-----	M	1885	7158	Place-22
SMITH	James	-----	M	1885	7159	Place-20
SMITH	Jim	-----	M	1885	7160	Place-9
SMITH	Briony	-----	F	1885	7161	Place-25
SMITH	James	-----	M	1885	7162	Place-14
SMITH	Shawn	-----	M	1885	7163	Place-20
SMITH	Suzanne	-----	F	1885	7164	Place-9
SMITH	Sarah	-----	F	1885	7165	Place-5
SMITH	Jenkins	-----	M	1885	7166	Place-22
SMITH	Sharon	-----	F	1885	7167	Place-13
SMITH	Sarah	-----	F	1885	7168	Place-28
SMITH	Joseph	-----	M	1885	7169	Place-1
SMITH	Joseph	-----	M	1885	7170	Place-3
SMITH	Sharon	-----	F	1885	7171	Place-8
SMITH	Briony	-----	F	1885	7172	Place-21
SMITH	Sarah	-----	F	1885	7173	Place-20
SMITH	Selina	-----	F	1885	7174	Place-20
SMITH	Shawn	-----	M	1885	7175	Place-21
SMITH	Jacob	-----	M	1885	7176	Place-17
SMITH	Jacob	-----	M	1885	7177	Place-24
SMITH	Jim	-----	M	1886	7199	Place-25
SMITH	Bob	-----	M	1886	7200	Place-24
SMITH	Selina	-----	F	1886	7201	Place-9
SMITH	Jim	-----	M	1886	7202	Place-25
SMITH	Seonaid	-----	F	1886	7203	Place-15
SMITH	Jenkins	-----	M	1886	7204	Place-4
SMITH	Susan	-----	F	1886	7205	Place-15
SMITH	Selina	-----	F	1886	7206	Place-29
SMITH	Sheila	-----	F	1886	7207	Place-17
SMITH	Jim	-----	M	1886	7208	Place-17
SMITH	Seonaid	-----	F	1886	7209	Place-26
SMITH	Sharon	-----	F	1886	7210	Place-26
SMITH	Sheila	-----	F	1886	7211	Place-13
SMITH	Suzanne	-----	F	1886	7212	Place-25
SMITH	Paulo	-----	M	1886	7213	Place-21
SMITH	Briony	-----	F	1886	7214	Place-21
SMITH	Briony	-----	F	1886	7215	Place-13
SMITH	Selina	-----	F	1886	7216	Place-17
SMITH	Sarah	-----	F	1886	7217	Place-14
SMITH	Paulo	-----	M	1886	7218	Place-17
SMITH	Jim	-----	M	1886	7219	Place-6
SMITH	Sheila	-----	F	1886	7220	Place-2
SMITH	Briony	-----	F	1886	7221	Place-21
SMITH	Suzanne	-----	F	1886	7222	Place-12
SMITH	James	-----	M	1886	7223	Place-25
SMITH	Sharon	-----	F	1886	7224	Place-18
SMITH	Sheila	-----	F	1886	7225	Place-13
SMITH	Sheila	-----	F	1886	7226	Place-27
SMITH	Briony	-----	F	1886	7227	Place-24
SMITH	Sharon	-----	F	1886	7228	Place-7
SMITH	James	-----	M	1886	7229	Place-27
SMITH	Briony	-----	F	1886	7230	Place-19
SMITH	Jim	-----	M	1886	7231	Place-10
SMITH	Joseph	-----	M	1886	7232	Place-22
SMITH	Seonaid	-----	F	1886	7233	Place-12
SMITH	Suzanne	-----	F	1886	7234	Place-18
SMITH	Jim	-----	M	1886	7235	Place-10
SMITH	Bob	-----	M	1886	7236	Place-23
SMITH	Jacob	-----	M	1886	7237	Place-6
SMITH	Sheila	-----	F	1886	7238	Place-13
SMITH	Seonaid	-----	F	1886	7239	Place-7
SMITH	Sharon	-----	F	1886	7240	Place-6
SMITH	Jenkins	-----	M	1886	7241	Place-2
SMITH	Jim	-----	M	1886	7242	Place-4
SMITH	Briony	-----	F	1886	7243	Place-29
SMITH	Suzanne	-----	F	1886	7244	Place-9
SMITH	Paulo	-----	M	1886	7245	Place-3
SMITH	Bob	-----	M	1886	7246	Place-21
SMITH	Jim	-----	M	1886	7247	Place-9
SMITH	Briony	-----	F	1886	7248	Place-21
SMITH	Suzanne	-----	F	1886	7249	Place-29
SMITH	Susan	-----	F	1886	7250	Place-15
SMITH	Briony	-----	F	1886	7251	Place-17
SMITH	James	-----	M	1886	7252	Place-6
SMITH	Paulo	-----	M	1886	7253	Place-20
SMITH	Sharon	-----	F	1886	7254	Place-18
SMITH	Suzanne	-----	F	1886	7255	Place-29
SMITH	Jim	-----	M	1886	7256	Place-17
SMITH	Selina	-----	F	1886	7257	Place-27
SMITH	Seonaid	-----	F	1886	7258	Place-1
SMITH	Selina	-----	F	1886	7259	Place-22
SMITH	Seonaid	-----	F	1886	7260	Place-6
SMITH	Seonaid	-----	F	1886	7261	Place-27
SMITH	Joseph	-----	M	1886	7262	Place-0
SMITH	Joseph	-----	M	1886	7263	Place-26
SMITH	James	-----	M	1886	7264	Place-20
SMITH	Jenkins	-----	M	1886	7265	Place-17
SMITH	Sharon	-----	F	1886	7266	Place-11
SMITH	Jacob	-----	M	1886	7267	Place-23
SMITH	Jenkins	-----	M	1886	7268	Place-21
SMITH	Joseph	-----	M	1886	7269	Place-17
SMITH	Sharon	-----	F	1886	7270	Place-16
SMITH	Paulo	-----	M	1886	7271	Place-8
SMITH	Paulo	-----	M	1886	7272	Place-20
SMITH	Sharon	-----	F	1886	7273	Place-0
SMITH	Selina	-----	F	1886	7274	Place-26
SMITH	Jenkins	-----	M	1886	7275	Place-26
SMITH	Suzanne	-----	F	1886	7276	Place-9
SMITH	Shawn	-----	M	1886	7277	Place-19
SMITH	Selina	-----	F	1886	7278	Place-11
SMITH	Jenkins	-----	M	1886	7279	Place-21
SMITH	Briony	-----	F	1886	7280	Place-15
SMITH	Joseph	-----	M	1886	7281	Place-6
SMITH	Jacob	-----	M	1886	7282	Place-13
SMITH	Joseph	-----	M	1886	7283	Place-27
SMITH	Bob	-----	M	1886	7284	Place-0
SMITH	Selina	-----	F	1886	7285	Place-23
SMITH	Sheila	-----	F	1886	7286	Place-12
SMITH	Sheila	-----	F	1886	7287	Place-13
SMITH	Seonaid	-----	F	1886	7288	Place-4
SMITH	Joseph	-----	M	1886	7289	Place-8
SMITH	Joseph	-----	M	1886	7290	Place-24
SMITH	Jacob	-----	M	1886	7291	Place-9
SMITH	Bob	-----	M	1886	7292	Place-28
SMITH	Briony	-----	F	1886	7293	Place-21
SMITH	James	-----	M	1886	7294	Place-26
SMITH	Sharon	-----	F	1886	7295	Place-10
SMITH	Jenkins	-----	M	1886	7296	Place-21
SMITH	Sharon	-----	F	1886	7297	Place-24
SMITH	Bob	-----	M	1886	7298	Place-16
SMITH	Shawn	-----	M	1886	7299	Place-13
SMITH	Jim	-----	M	1886	7300	Place-25
SMITH	Suzanne	-----	F	1886	7301	Place-27
SMITH	Sharon	-----	F	1886	7302	Place-4
SMITH	Sheila	-----	F	1886	7303	Place-14
SMITH	Seonaid	-----	F	1886	7304	Place-18
SMITH	Jacob	-----	M	1886	7305	Place-20
SMITH	Sarah	-----	F	1886	7306	Place-29
SMITH	Sheila	-----	F	1886	7307	Place-1
SMITH	Jacob	-----	M	1886	7308	Place-20
SMITH	James	-----	M	1886	7309	Place-13
SMITH	Sarah	-----	F	1886	7310	Place-25
SMITH	Briony	-----	F	1886	7311	Place-6
SMITH	Selina	-----	F	1886	7312	Place-12
SMITH	Jim	-----	M	1886	7313	Place-17
SMITH	Sheila	-----	F	1886	7314	Place-7
SMITH	Joseph	-----	M	1886	7315	Place-28
SMITH	Paulo	-----	M	1887	7333	Place-15
SMITH	Shawn	-----	M	1887	7334	Place-12
SMITH	Selina	-----	F	1887	7335	Place-26
SMITH	Bob	-----	M	1887	7336	Place-23
SMITH	Bob	-----	M	1887	7337	Place-1
SMITH	Jenkins	-----	M	1887	7338	Place-8
SMITH	Jenkins	-----	M	1887	7339	Place-25
SMITH	Joseph	-----	M	1887	7340	Place-17
SMITH	Sharon	-----	F	1887	7341	Place-14
SMITH	Seonaid	-----	F	1887	7342	Place-21
SMITH	Jim	-----	M	1887	7343	Place-24
SMITH	Susan	-----	F	1887	7344	Place-16
SMITH	Sharon	-----	F	1887	7345	Place-8
SMITH	Bob	-----	M	1887	7346	Place-15
SMITH	Joseph	-----	M	1887	7347	Place-22
SMITH	Jim	-----	M	1887	7348	Place-9
SMITH	Sheila	-----	F	1887	7349	Place-18
SMITH	Shawn	-----	M	1887	7350	Place-25
SMITH	Jim	-----	M	1887	7351	Place-15
SMITH	Shawn	-----	M	1887	7352	Place-15
SMITH	Paulo	-----	M	1887	7353	Place-1
SMITH	Jenkins	-----	M	1887	7354	Place-17
SMITH	Jacob	-----	M	1887	7355	Place-13
SMITH	James	-----	M	1887	7356	Place-17
SMITH	Jacob	-----	M	1887	7357	Place-3
SMITH	Sheila	-----	F	1887	7358	Place-2
SMITH	James	-----	M	1887	7359	Place-29
SMITH	Paulo	-----	M	1887	7360	Place-17
SMITH	Briony	-----	F	1887	7361	Place-12
SMITH	James	-----	M	1887	7362	Place-15
SMITH	Jacob	-----	M	1887	7363	Place-14
SMITH	Paulo	-----	M	1887	7364	Place-8
SMITH	Seonaid	-----	F	1887	7365	Place-12
SMITH	Joseph	-----	M	1887	7366	Place-13
SMITH	Briony	-----	F	1887	7367	Place-16
SMITH	Jim	-----	M	1887	7368	Place-10
SMITH	Jenkins	-----	M	1887	7369	Place-16
SMITH	Briony	-----	F	1887	7370	Place-23
SMITH	Briony	-----	F	1887	7371	Place-14
SMITH	James	-----	M	1887	7372	Place-2
SMITH	Sarah	-----	F	1887	7373	Place-29
SMITH	Joseph	-----	M	1887	7374	Place-23
SMITH	Bob	-----	M	1887	7375	Place-20
SMITH	Jim	-----	M	1887	7376	Place-21
SMITH	Jacob	-----	M	1887	7377	Place-3
SMITH	Shawn	-----	M	1887	7378	Place-20
SMITH	Shawn	-----	M	1887	7379	Place-18
SMITH	Selina	-----	F	1887	7380	Place-25
SMITH	Jacob	-----	M	1887	7381	Place-27
SMITH	Sarah	-----	F	1887	7382	Place-7
SMITH	Jim	-----	M	1887	7383	Place-5
SMITH	Paulo	-----	M	1887	7384	Place-18
SMITH	James	-----	M	1887	7385	Place-20
SMITH	James	-----	M	1887	7386	Place-0
SMITH	Sharon	-----	F	1887	7387	Place-12
SMITH	James	-----	M	1887	7388	Place-27
SMITH	Briony	-----	F	1887	7389	Place-27
SMITH	Bob	-----	M	1887	7390	Place-4
SMITH	Sharon	-----	F	1887	7391	Place-26
SMITH	Jim	-----	M	1887	7392	Place-17
SMITH	Sharon	-----	F	1887	7393	Place-8
SMITH	Sarah	-----	F	1887	7394	Place-27
SMITH	Jenkins	-----	M	1887	7395	Place-3
SMITH	Briony	-----	F	1887	7396	Place-22
SMITH	Sharon	-----	F	1887	7397	Place-8
SMITH	Sheila	-----	F	1887	7398	Place-16
SMITH	Paulo	-----	M	1887	7399	Place-10
SMITH	James	-----	M	1887	7400	Place-0
SMITH	Bob	-----	M	1887	7401	Place-0
SMITH	Jenkins	-----	M	1887	7402	Place-22
SMITH	Sheila	-----	F	1887	7403	Place-26
SMITH	Seonaid	-----	F	1887	7404	Place-10
SMITH	Jim	-----	M	1887	7405	Place-13
SMITH	Seonaid	-----	F	1887	7406	Place-26
SMITH	Briony	-----	F	1887	7407	Place-12
SMITH	Bob	-----	M	1887	7408	Place-1
SMITH	Briony	-----	F	1887	7409	Place-15
SMITH	Selina	-----	F	1887	7410	Place-4
SMITH	Briony	-----	F	1887	7411	Place-19
SMITH	Selina	-----	F	1887	7412	Place-24
SMITH	Selina	-----	F	1887	7413	Place-23
SMITH	Paulo	-----	M	1887	7414	Place-3
SMITH	Selina	-----	F	1887	7415	Place-11
SMITH	Suzanne	-----	F	1887	7416	Place-6
SMITH	Suzanne	-----	F	1887	7417	Place-5
SMITH	Joseph	-----	M	1887	7418	Place-24
SMITH	Selina	-----	F	1887	7419	Place-27
SMITH	Paulo	-----	M	1887	7420	Place-4
SMITH	Paulo	-----	M	1887	7421	Place-25
SMITH	Jenkins	-----	M	1887	7422	Place-22
SMITH	Selina	-----	F	1887	7423	Place-11
SMITH	Joseph	-----	M	1887	7424	Place-10
SMITH	Shawn	-----	M	1887	7425	Place-9
SMITH	Joseph	-----	M	1887	7426	Place-16
SMITH	Sheila	-----	F	1887	7427	Place-6
SMITH	Paulo	-----	M	1887	7428	Place-9
SMITH	Selina	-----	F	1887	7429	Place-22
SMITH	Sharon	-----	F	1887	7430	Place-23
SMITH	James	-----	M	1887	7431	Place-21
SMITH	Jacob	-----	M	1887	7432	Place-10
SMITH	Shawn	-----	M	1887	7433	Place-23
SMITH	Jim	-----	M	1888	7447	Place-8
SMITH	Suzanne	-----	F	1888	7448	Place-27
SMITH	Jacob	-----	M	1888	7449	Place-2
SMITH	Seonaid	-----	F	1888	7450	Place-27
SMITH	Paulo	-----	M	1888	7451	Place-0
SMITH	Jacob	-----	M	1888	7452	Place-21
SMITH	Suzanne	-----	F	1888	7453	Place-18
SMITH	Suzanne	-----	F	1888	7454	Place-6
SMITH	Paulo	-----	M	1888	7455	Place-24
SMITH	Paulo	-----	M	1888	7456	Place-24
SMITH	Sheila	-----	F	1888	7457	Place-11
SMITH	Sarah	-----	F	1888	7458	Place-28
SMITH	Sarah	-----	F	1888	7459	Place-19
SMITH	Sharon	-----	F	1888	7460	Place-25
SMITH	Selina	-----	F	1888	7461	Place-15
SMITH	Paulo	-----	M	1888	7462	Place-8
SMITH	James	-----	M	1888	7463	Place-8
SMITH	Suzanne	-----	F	1888	7464	Place-14
SMITH	Shawn	-----	M	1888	7465	Place-7
SMITH	Sheila	-----	F	1888	7466	Place-18
SMITH	Sarah	-----	F	1888	7467	Place-0
SMITH	Sharon	-----	F	1888	7468	Place-23
SMITH	Briony	-----	F	1888	7469	Place-24
SMITH	Paulo	-----	M	1888	7470	Place-8
SMITH	Jim	-----	M	1888	7471	Place-4
SMITH	Jenkins	-----	M	1888	7472	Place-4
SMITH	Susan	-----	F	1888	7473	Place-13
SMITH	Briony	-----	F	1888	7474	Place-23
SMITH	Seonaid	-----	F	1888	7475	Place-26
SMITH	Selina	-----	F	1888	7476	Place-2
SMITH	Susan	-----	F	1888	7477	Place-6
SMITH	Sarah	-----	F	1888	7478	Place-25
SMITH	Sharon	-----	F	1888	7479	Place-20
SMITH	Bob	-----	M	1888	7480	Place-14
SMITH	Sharon	-----	F	1888	7481	Place-19
SMITH	Shawn	-----	M	1888	7482	Place-7
SMITH	Seonaid	-----	F	1888	7483	Place-17
SMITH	Bob	-----	M	1888	7484	Place-22
SMITH	Joseph	-----	M	1888	7485	Place-6
SMITH	Sheila	-----	F	1888	7486	Place-1
SMITH	Sarah	-----	F	1888	7487	Place-26
SMITH	Selina	-----	F	1888	7488	Place-7
SMITH	Jenkins	-----	M	1888	7489	Place-11
SMITH	Shawn	-----	M	1888	7490	Place-23
SMITH	Briony	-----	F	1888	7491	Place-16
SMITH	Joseph	-----	M	1888	7492	Place-7
SMITH	Selina	-----	F	1888	7493	Place-7
SMITH	Joseph	-----	M	1888	7494	Place-4
SMITH	Shawn	-----	M	1888	7495	Place-6
SMITH	Sarah	-----	F	1888	7496	Place-21
SMITH	Jim	-----	M	1888	7497	Place-13
SMITH	Briony	-----	F	1888	7498	Place-23
SMITH	Joseph	-----	M	1888	7499	Place-19
SMITH	Joseph	-----	M	1888	7500	Place-8
SMITH	Sarah	-----	F	1888	7501	Place-26
SMITH	Jenkins	-----	M	1888	7502	Place-17
SMITH	Shawn	-----	M	1888	7503	Place-22
SMITH	Paulo	-----	M	1888	7504	Place-7
SMITH	Jacob	-----	M	1888	7505	Place-5
SMITH	Sharon	-----	F	1888	7506	Place-9
SMITH	Shawn	-----	M	1888	7507	Place-13
SMITH	Seonaid	-----	F	1888	7508	Place-22
SMITH	Jacob	-----	M	1888	7509	Place-12
SMITH	Suzanne	-----	F	1888	7510	Place-16
SMITH	Selina	-----	F	1888	7511	Place-6
SMITH	Bob	-----	M	1888	7512	Place-27
SMITH	James	-----	M	1888	7513	Place-0
SMITH	Sarah	-----	F	1888	7514	Place-5
SMITH	Briony	-----	F	1888	7515	Place-28
SMITH	Jenkins	-----	M	1888	7516	Place-17
SMITH	Shawn	-----	M	1888	7517	Place-20
SMITH	Sarah	-----	F	1888	7518	Place-4
SMITH	Susan	-----	F	1888	7519	Place-11
SMITH	Joseph	-----	M	1888	7520	Place-25
SMITH	Sharon	-----	F	1888	7521	Place-6
SMITH	James	-----	M	1888	7522	Place-23
SMITH	Shawn	-----	M	1888	7523	Place-19
SMITH	Bob	-----	M	1888	7524	Place-27
SMITH	Jim	-----	M	1888	7525	Place-21
SMITH	Jim	-----	M	1888	7526	Place-9
SMITH	Bob	-----	M	1888	7527	Place-1
SMITH	Suzanne	-----	F	1888	7528	Place-10
SMITH	Joseph	-----	M	1888	7529	Place-26
SMITH	Jacob	-----	M	1888	7530	Place-19
SMITH	Selina	-----	F	1888	7531	Place-25
SMITH	Jenkins	-----	M	1888	7532	Place-26
SMITH	Bob	-----	M	1888	7533	Place-23
SMITH	Selina	-----	F	1888	7534	Place-16
SMITH	Shawn	-----	M	1888	7535	Place-9
SMITH	Paulo	-----	M	1888	7536	Place-28
SMITH	Sarah	-----	F	1888	7537	Place-6
SMITH	Shawn	-----	M	1888	7538	Place-4
SMITH	Suzanne	-----	F	1888	7539	Place-21
SMITH	Seonaid	-----	F	1888	7540	Place-22
SMITH	Sheila	-----	F	1888	7541	Place-9
SMITH	Sharon	-----	F	1888	7542	Place-18
SMITH	Bob	-----	M	1888	7543	Place-27
SMITH	Paulo	-----	M	1888	7544	Place-3
SMITH	Paulo	-----	M	1888	7545	Place-5
SMITH	Jacob	-----	M	1888	7546	Place-6
SMITH	Jacob	-----	M	1888	7547	Place-17
SMITH	Jacob	-----	M	1888	7548	Place-2
SMITH	Sarah	-----	F	1888	7549	Place-15
SMITH	Sheila	-----	F	1888	7550	Place-4
SMITH	Sarah	-----	F	1888	7551	Place-1
SMITH	Susan	-----	F	1888	7552	Place-0
SMITH	Sarah	-----	F	1888	7553	Place-15
SMITH	Susan	-----	F	1888	7554	Place-5
SMITH	Bob	-----	M	1888	7555	Place-12
SMITH	Seonaid	-----	F	1888	7556	Place-2
SMITH	Suzanne	-----	F	1889	7577	Place-4
SMITH	Bob	-----	M	1889	7578	Place-23
SMITH	James	-----	M	1889	7579	Place-29
SMITH	James	-----	M	1889	7580	Place-5
SMITH	James	-----	M	1889	7581	Place-4
SMITH	Joseph	-----	M	1889	7582	Place-17
SMITH	Susan	-----	F	1889	7583	Place-11
SMITH	Selina	-----	F	1889	7584	Place-7
SMITH	Sarah	-----	F	1889	7585	Place-17
SMITH	James	-----	M	1889	7586	Place-8
SMITH	Suzanne	-----	F	1889	7587	Place-3
SMITH	Jim	-----	M	1889	7588	Place-9
SMITH	Jacob	-----	M	1889	7589	Place-8
SMITH	Joseph	-----	M	1889	7590	Place-5
SMITH	Seonaid	-----	F	1889	7591	Place-17
SMITH	Jacob	-----	M	1889	7592	Place-28
SMITH	Paulo	-----	M	1889	7593	Place-28
SMITH	Paulo	-----	M	1889	7594	Place-1
SMITH	Sharon	-----	F	1889	7595	Place-1
SMITH	Suzanne	-----	F	1889	7596	Place-21
SMITH	Bob	-----	M	1889	7597	Place-15
SMITH	Jenkins	-----	M	1889	7598	Place-25
SMITH	Bob	-----	M	1889	7599	Place-0
SMITH	Suzanne	-----	F	1889	7600	Place-24
SMITH	Sarah	-----	F	1889	7601	Place-25
SMITH	Bob	-----	M	1889	7602	Place-17
SMITH	Briony	-----	F	1889	7603	Place-0
SMITH	Jenkins	-----	M	1889	7604	Place-29
SMITH	Jenkins	-----	M	1889	7605	Place-28
SMITH	Paulo	-----	M	1889	7606	Place-5
SMITH	Susan	-----	F	1889	7607	Place-21
SMITH	Jenkins	-----	M	1889	7608	Place-29
SMITH	Joseph	-----	M	1889	7609	Place-20
SMITH	Selina	-----	F	1889	7610	Place-26
SMITH	Sarah	-----	F	1889	7611	Place-23
SMITH	James	-----	M	1889	7612	Place-22
SMITH	Sharon	-----	F	1889	7613	Place-21
SMITH	Bob	-----	M	1889	7614	Place-1
SMITH	Sheila	-----	F	1889	7615	Place-26
SMITH	Seonaid	-----	F	1889	7616	Place-22
SMITH	Bob	-----	M	1889	7617	Place-25
SMITH	Shawn	-----	M	1889	7618	Place-2
SMITH	Sheila	-----	F	1889	7619	Place-21
SMITH	Suzanne	-----	F	1889	7620	Place-12
SMITH	Bob	-----	M	1889	7621	Place-16
SMITH	Jenkins	-----	M	1889	7622	Place-17
SMITH	Briony	-----	F	1889	7623	Place-7
SMITH	Jacob	-----	M	1889	7624	Place-11
SMITH	Shawn	-----	M	1889	7625	Place-8
SMITH	Suzanne	-----	F	1889	7626	Place-15
SMITH	Sarah	-----	F	1889	7627	Place-20
SMITH	Jenkins	-----	M	1889	7628	Place-26
SMITH	Susan	-----	F	1889	7629	Place-7
SMITH	Jenkins	-----	M	1889	7630	Place-14
SMITH	Sarah	-----	F	1889	7631	Place-6
SMITH	Sarah	-----	F	1889	7632	Place-14
SMITH	Susan	-----	F	1889	7633	Place-18
SMITH	Joseph	-----	M	1889	7634	Place-0
SMITH	Seonaid	-----	F	1889	7635	Place-5
SMITH	James	-----	M	1889	7636	Place-24
SMITH	Suzanne	-----	F	1889	7637	Place-12
SMITH	Susan	-----	F	1889	7638	Place-17
SMITH	Jacob	-----	M	1889	7639	Place-8
SMITH	Jenkins	-----	M	1889	7640	Place-6
SMITH	Jim	-----	M	1889	7641	Place-2
SMITH	Joseph	-----	M	1889	7642	Place-17
SMITH	Seonaid	-----	F	1889	7643	Place-9
SMITH	Shawn	-----	M	1889	7644	Place-3
SMITH	Jenkins	-----	M	1889	7645	Place-3
SMITH	Jim	-----	M	1889	7646	Place-6
SMITH	Briony	-----	F	1889	7647	Place-2
SMITH	Paulo	-----	M	1889	7648	Place-14
SMITH	Jim	-----	M	1889	7649	Place-17
SMITH	Selina	-----	F	1889	7650	Place-27
SMITH	Joseph	-----	M	1889	7651	Place-12
SMITH	Sarah	-----	F	1889	7652	Place-11
SMITH	Jacob	-----	M	1889	7653	Place-27
SMITH	James	-----	M	1889	7654	Place-20
SMITH	Susan	-----	F	1889	7655	Place-1
SMITH	Jim	-----	M	1889	7656	Place-26
SMITH	Suzanne	-----	F	1889	7657	Place-26
SMITH	Shawn	-----	M	1889	7658	Place-9
SMITH	Jim	-----	M	1889	7659	Place-19
SMITH	Jim	-----	M	1889	7660	Place-0
SMITH	Sharon	-----	F	1889	7661	Place-24
SMITH	James	-----	M	1889	7662	Place-14
SMITH	Sarah	-----	F	1889	7663	Place-0
SMITH	Joseph	-----	M	1889	7664	Place-8
SMITH	Jenkins	-----	M	1889	7665	Place-0
SMITH	Sharon	-----	F	1889	7666	Place-23
SMITH	Briony	-----	F	1889	7667	Place-6
SMITH	Jim	-----	M	1889	7668	Place-11
SMITH	Susan	-----	F	1889	7669	Place-2
SMITH	Sarah	-----	F	1889	7670	Place-4
SMITH	Suzanne	-----	F	1889	7671	Place-16
SMITH	Bob	-----	M	1889	7672	Place-4
SMITH	Susan	-----	F	1889	7673	Place-3
SMITH	Sheila	-----	F	1889	7674	Place-25
SMITH	Selina	-----	F	1889	7675	Place-13
SMITH	Sheila	-----	F	1889	7676	Place-28
SMITH	Bob	-----	M	1889	7677	Place-13
SMITH	Briony	-----	F	1889	7678	Place-7
SMITH	Joseph	-----	M	1889	7679	Place-24
SMITH	Paulo	-----	M	1889	7680	Place-15
SMITH	Shawn	-----	M	1889	7681	Place-21
SMITH	Susan	-----	F	1889	7682	Place-15
SMITH	Briony	-----	F	1889	7683	Place-7
SMITH	Seonaid	-----	F	1889	7684	Place-9
SMITH	Selina	-----	F	1889	7685	Place-7
SMITH	Jacob	-----	M	1889	7686	Place-17
SMITH	Jim	-----	M	1889	7687	Place-7
SMITH	Joseph	-----	M	1889	7688	Place-10
SMITH	James	-----	M	1889	7689	Place-2
SMITH	Paulo	-----	M	1889	7690	Place-25
SMITH	Sheila	-----	F	1890	7702	Place-12
SMITH	Joseph	-----	M	1890	7703	Place-13
SMITH	Sharon	-----	F	1890	7704	Place-18
SMITH	Shawn	-----	M	1890	7705	Place-19
SMITH	Jim	-----	M	1890	7706	Place-23
SMITH	Suzanne	-----	F	1890	7707	Place-11
SMITH	James	-----	M	1890	7708	Place-3
SMITH	Susan	-----	F	1890	7709	Place-28
SMITH	Bob	-----	M	1890	7710	Place-1
SMITH	Jenkins	-----	M	1890	7711	Place-15
SMITH	Shawn	-----	M	1890	7712	Place-21
SMITH	Jacob	-----	M	1890	7713	Place-21
SMITH	Jacob	-----	M	1890	7714	Place-12
SMITH	Selina	-----	F	1890	7715	Place-19
SMITH	Selina	-----	F	1890	7716	Place-1
SMITH	Joseph	-----	M	1890	7717	Place-2
SMITH	Sarah	-----	F	1890	7718	Place-1
SMITH	James	-----	M	1890	7719	Place-15
SMITH	Joseph	-----	M	1890	7720	Place-15
SMITH	Bob	-----	M	1890	7721	Place-19
SMITH	Sheila	-----	F	1890	7722	Place-12
SMITH	Jenkins	-----	M	1890	7723	Place-18
SMITH	Susan	-----	F	1890	7724	Place-27
SMITH	Shawn	-----	M	1890	7725	Place-18
SMITH	Jacob	-----	M	1890	7726	Place-23
SMITH	Jim	-----	M	1890	7727	Place-29
SMITH	Bob	-----	M	1890	7728	Place-27
SMITH	Briony	-----	F	1890	7729	Place-16
SMITH	Sarah	-----	F	1890	7730	Place-8
SMITH	Seonaid	-----	F	1890	7731	Place-24
SMITH	Paulo	-----	M	1890	7732	Place-23
SMITH	Joseph	-----	M	1890	7733	Place-2
SMITH	Jim	-----	M	1890	7734	Place-13
SMITH	Shawn	-----	M	1890	7735	Place-15
SMITH	Suzanne	-----	F	1890	7736	Place-7
SMITH	Paulo	-----	M	1890	7737	Place-20
SMITH	Briony	-----	F	1890	7738	Place-2
SMITH	Jenkins	-----	M	1890	7739	Place-20
SMITH	Jim	-----	M	1890	7740	Place-25
SMITH	Sharon	-----	F	1890	7741	Place-3
SMITH	Suzanne	-----	F	1890	7742	Place-28
SMITH	Shawn	-----	M	1890	7743	Place-0
SMITH	Sarah	-----	F	1890	7744	Place-26
SMITH	Joseph	-----	M	1890	7745	Place-15
SMITH	Paulo	-----	M	1890	7746	Place-14
SMITH	Suzanne	-----	F	1890	7747	Place-4
SMITH	Jim	-----	M	1890	7748	Place-5
SMITH	Briony	-----	F	1890	7749	Place-3
SMITH	Seonaid	-----	F	1890	7750	Place-21
SMITH	Briony	-----	F	1890	7751	Place-22
SMITH	Susan	-----	F	1890	7752	Place-29
SMITH	Sharon	-----	F	1890	7753	Place-15
SMITH	Briony	-----	F	1890	7754	Place-22
SMITH	Jim	-----	M	1890	7755	Place-12
SMITH	Briony	-----	F	1890	7756	Place-28
SMITH	Sarah	-----	F	1890	7757	Place-10
SMITH	Suzanne	-----	F	1890	7758	Place-23
SMITH	Suzanne	-----	F	1890	7759	Place-15
SMITH	Sheila	-----	F	1890	7760	Place-29
SMITH	Seonaid	-----	F	1890	7761	Place-18
SMITH	Joseph	-----	M	1890	7762	Place-0
SMITH	Selina	-----	F	1890	7763	Place-27
SMITH	Sarah	-----	F	1890	7764	Place-6
SMITH	Jim	-----	M	1890	7765	Place-1
SMITH	Selina	-----	F	1890	7766	Place-22
SMITH	Jacob	-----	M	1890	7767	Place-9
SMITH	Bob	-----	M	1890	7768	Place-7
SMITH	Sheila	-----	F	1890	7769	Place-2
SMITH	Bob	-----	M	1890	7770	Place-3
SMITH	Sarah	-----	F	1890	7771	Place-0
SMITH	Sheila	-----	F	1890	7772	Place-11
SMITH	Susan	-----	F	1890	7773	Place-26
SMITH	Briony	-----	F	1890	7774	Place-27
SMITH	Jacob	-----	M	1890	7775	Place-21
SMITH	Briony	-----	F	1890	7776	Place-21
SMITH	Joseph	-----	M	1890	7777	Place-8
SMITH	Joseph	-----	M	1890	7778	Place-0
SMITH	Jim	-----	M	1890	7779	Place-10
SMITH	Selina	-----	F	1890	7780	Place-10
SMITH	Sheila	-----	F	1890	7781	Place-13
SMITH	Jim	-----	M	1890	7782	Place-17
SMITH	Paulo	-----	M	1890	7783	Place-29
SMITH	Jim	-----	M	1890	7784	Place-7
SMITH	Selina	-----	F	1890	7785	Place-17
SMITH	Bob	-----	M	1890	7786	Place-8
SMITH	Jenkins	-----	M	1890	7787	Place-28
SMITH	Selina	-----	F	1890	7788	Place-7
SMITH	Bob	-----	M	1890	7789	Place-20
SMITH	Bob	-----	M	1890	7790	Place-13
SMITH	Susan	-----	F	1890	7791	Place-13
SMITH	Seonaid	-----	F	1890	7792	Place-23
SMITH	Sarah	-----	F	1890	7793	Place-20
SMITH	Jenkins	-----	M	1890	7794	Place-25
SMITH	Sharon	-----	F	1890	7795	Place-6
SMITH	Seonaid	-----	F	1890	7796	Place-1
SMITH	Joseph	-----	M	1890	7797	Place-0
SMITH	Shawn	-----	M	1890	7798	Place-28
SMITH	Sharon	-----	F	1890	7799	Place-17
SMITH	Paulo	-----	M	1890	7800	Place-28
SMITH	Jenkins	-----	M	1890	7801	Place-25
SMITH	Jenkins	-----	M	1890	7802	Place-0
SMITH	Briony	-----	F	1890	7803	Place-29
SMITH	Sharon	-----	F	1890	7804	Place-22
SMITH	Susan	-----	F	1891	7823	Place-26
SMITH	Jim	-----	M	1891	7824	Place-0
SMITH	Briony	-----	F	1891	7825	Place-25
SMITH	Sarah	-----	F	1891	7826	Place-13
SMITH	Sarah	-----	F	1891	7827	Place-23
SMITH	Jacob	-----	M	1891	7828	Place-3
SMITH	Bob	-----	M	1891	7829	Place-4
SMITH	Susan	-----	F	1891	7830	Place-28
SMITH	Jacob	-----	M	1891	7831	Place-5
SMITH	Suzanne	-----	F	1891	7832	Place-5
SMITH	Jenkins	-----	M	1891	7833	Place-14
SMITH	Jim	-----	M	1891	7834	Place-6
SMITH	Sharon	-----	F	1891	7835	Place-22
SMITH	Joseph	-----	M	1891	7836	Place-29
SMITH	Jenkins	-----	M	1891	7837	Place-17
SMITH	Briony	-----	F	1891	7838	Place-24
SMITH	Susan	-----	F	1891	7839	Place-14
SMITH	Bob	-----	M	1891	7840	Place-8
SMITH	Seonaid	-----	F	1891	7841	Place-0
SMITH	Suzanne	-----	F	1891	7842	Place-3
SMITH	Briony	-----	F	1891	7843	Place-18
SMITH	Jim	-----	M	1891	7844	Place-0
SMITH	James	-----	M	1891	7845	Place-23
SMITH	Joseph	-----	M	1891	7846	Place-21
SMITH	Selina	-----	F	1891	7847	Place-8
SMITH	Selina	-----	F	1891	7848	Place-2
SMITH	Sharon	-----	F	1891	7849	Place-15
SMITH	James	-----	M	1891	7850	Place-8
SMITH	Joseph	-----	M	1891	7851	Place-6
SMITH	Sheila	-----	F	1891	7852	Place-5
SMITH	Joseph	-----	M	1891	7853	Place-17
SMITH	Sharon	-----	F	1891	7854	Place-11
SMITH	Shawn	-----	M	1891	7855	Place-28
SMITH	Sharon	-----	F	1891	7856	Place-5
SMITH	Shawn	-----	M	1891	7857	Place-23
SMITH	Seonaid	-----	F	1891	7858	Place-16
SMITH	Sheila	-----	F	1891	7859	Place-13
SMITH	Susan	-----	F	1891	7860	Place-24
SMITH	Selina	-----	F	1891	7861	Place-22
SMITH	Sharon	-----	F	1891	7862	Place-15
SMITH	Jacob	-----	M	1891	7863	Place-5
SMITH	Jim	-----	M	1891	7864	Place-8
SMITH	Joseph	-----	M	1891	7865	Place-8
SMITH	Seonaid	-----	F	1891	7866	Place-14
SMITH	Selina	-----	F	1891	7867	Place-8
SMITH	Sharon	-----	F	1891	7868	Place-28
SMITH	Selina	-----	F	1891	7869	Place-26
SMITH	Paulo	-----	M	1891	7870	Place-26
SMITH	Jim	-----	M	1891	7871	Place-24
SMITH	James	-----	M	1891	7872	Place-28
SMITH	Sheila	-----	F	1891	7873	Place-4
SMITH	Seonaid	-----	F	1891	7874	Place-17
SMITH	Suzanne	-----	F	1891	7875	Place-15
SMITH	Sarah	-----	F	1891	7876	Place-27
SMITH	Shawn	-----	M	1891	7877	Place-24
SMITH	Bob	-----	M	1891	7878	Place-2
SMITH	James	-----	M	1891	7879	Place-7
SMITH	Jacob	-----	M	1891	7880	Place-29
SMITH	Jenkins	-----	M	1891	7881	Place-27
SMITH	Selina	-----	F	1891	7882	Place-23
SMITH	Seonaid	-----	F	1891	7883	Place-22
SMITH	Jacob	-----	M	1891	7884	Place-25
SMITH	Jenkins	-----	M	1891	7885	Place-20
SMITH	Selina	-----	F	1891	7886	Place-29
SMITH	James	-----	M	1891	7887	Place-7
SMITH	Bob	-----	M	1891	7888	Place-29
SMITH	Suzanne	-----	F	1891	7889	Place-9
SMITH	Suzanne	-----	F	1891	7890	Place-14
SMITH	Sarah	-----	F	1891	7891	Place-6
SMITH	James	-----	M	1891	7892	Place-16
SMITH	Selina	-----	F	1891	7893	Place-0
SMITH	Paulo	-----	M	1891	7894	Place-0
SMITH	Paulo	-----	M	1891	7895	Place-17
SMITH	Bob	-----	M	1891	7896	Place-19
SMITH	Joseph	-----	M	1891	7897	Place-17
SMITH	Susan	-----	F	1891	7898	Place-21
SMITH	Paulo	-----	M	1891	7899	Place-9
SMITH	Sharon	-----	F	1891	7900	Place-25
SMITH	Briony	-----	F	1891	7901	Place-26
SMITH	Sarah	-----	F	1891	7902	Place-9
SMITH	Bob	-----	M	1891	7903	Place-25
SMITH	Jim	-----	M	1891	7904	Place-11
SMITH	Jim	-----	M	1891	7905	Place-19
SMITH	Seonaid	-----	F	1891	7906	Place-0
SMITH	Jenkins	-----	M	1891	7907	Place-0
SMITH	James	-----	M	1891	7908	Place-14
SMITH	Jenkins	-----	M	1891	7909	Place-11
SMITH	Jenkins	-----	M	1891	7910	Place-9
SMITH	Sarah	-----	F	1891	7911	Place-10
SMITH	Sharon	-----	F	1891	7912	Place-13
SMITH	Bob	-----	M	1891	7913	Place-28
SMITH	Seonaid	-----	F	1891	7914	Place-21
SMITH	Joseph	-----	M	1891	7915	Place-4
SMITH	James	-----	M	1891	7916	Place-0
SMITH	Suzanne	-----	F	1891	7917	Place-23
SMITH	Seonaid	-----	F	1891	7918	Place-22
SMITH	Selina	-----	F	1891	7919	Place-3
SMITH	Jim	-----	M	1891	7920	Place-21
SMITH	Joseph	-----	M	1891	7921	Place-0
SMITH	Selina	-----	F	1891	7922	Place-28
SMITH	Joseph	-----	M	1891	7923	Place-23
SMITH	Susan	-----	F	1891	7924	Place-3
SMITH	James	-----	M	1891	7925	Place-28
SMITH	Jim	-----	M	1891	7926	Place-16
SMITH	Joseph	-----	M	1891	7927	Place-6
SMITH	Seonaid	-----	F	1891	7928	Place-8
SMITH	Suzanne	-----	F	1891	7929	Place-6
SMITH	Jacob	-----	M	1891	7930	Place-29
SMITH	Sheila	-----	F	1891	7931	Place-2
SMITH	Sharon	-----	F	1891	7932	Place-6
SMITH	Sharon	-----	F	1891	7933	Place-15
SMITH	Bob	-----	M	1892	7954	Place-9
SMITH	Jim	-----	M	1892	7955	Place-27
SMITH	Paulo	-----	M	1892	7956	Place-0
SMITH	Shawn	-----	M	1892	7957	Place-11
SMITH	Susan	-----	F	1892	7958	Place-22
SMITH	James	-----	M	1892	7959	Place-23
SMITH	Seonaid	-----	F	1892	7960	Place-17
SMITH	James	-----	M	1892	7961	Place-23
SMITH	Sarah	-----	F	1892	7962	Place-22
SMITH	Seonaid	-----	F	1892	7963	Place-8
SMITH	Selina	-----	F	1892	7964	Place-21
SMITH	Seonaid	-----	F	1892	7965	Place-18
SMITH	Briony	-----	F	1892	7966	Place-16
SMITH	Suzanne	-----	F	1892	7967	Place-18
SMITH	Jim	-----	M	1892	7968	Place-19
SMITH	Suzanne	-----	F	1892	7969	Place-5
SMITH	Sheila	-----	F	1892	7970	Place-1
SMITH	Suzanne	-----	F	1892	7971	Place-13
SMITH	Jim	-----	M	1892	7972	Place-7
SMITH	Jim	-----	M	1892	7973	Place-22
SMITH	Seonaid	-----	F	1892	7974	Place-20
SMITH	Bob	-----	M	1892	7975	Place-6
SMITH	Briony	-----	F	1892	7976	Place-8
SMITH	Jenkins	-----	M	1892	7977	Place-4
SMITH	James	-----	M	1892	7978	Place-0
SMITH	Seonaid	-----	F	1892	7979	Place-16
SMITH	Jim	-----	M	1892	7980	Place-23
SMITH	James	-----	M	1892	7981	Place-22
SMITH	James	-----	M	1892	7982	Place-28
SMITH	Briony	-----	F	1892	7983	Place-27
SMITH	Susan	-----	F	1892	7984	Place-12
SMITH	Briony	-----	F	1892	7985	Place-21
SMITH	Suzanne	-----	F	1892	7986	Place-24
SMITH	Susan	-----	F	1892	7987	Place-27
SMITH	Sheila	-----	F	1892	7988	Place-27
SMITH	Jenkins	-----	M	1892	7989	Place-9
SMITH	James	-----	M	1892	7990	Place-25
SMITH	Bob	-----	M	1892	7991	Place-0
SMITH	Selina	-----	F	1892	7992	Place-17
SMITH	Selina	-----	F	1892	7993	Place-11
SMITH	Jacob	-----	M	1892	7994	Place-10
SMITH	Jim	-----	M	1892	7995	Place-6
SMITH	Jenkins	-----	M	1892	7996	Place-13
SMITH	Shawn	-----	M	1892	7997	Place-1
SMITH	Selina	-----	F	1892	7998	Place-6
SMITH	Shawn	-----	M	1892	7999	Place-17
SMITH	Seonaid	-----	F	1892	8000	Place-12
SMITH	Paulo	-----	M	1892	8001	Place-19
SMITH	Sarah	-----	F	1892	8002	Place-2
SMITH	Selina	-----	F	1892	8003	Place-15
SMITH	Selina	-----	F	1892	8004	Place-22
SMITH	Briony	-----	F	1892	8005	Place-24
SMITH	Sharon	-----	F	1892	8006	Place-25
SMITH	Jenkins	-----	M	1892	8007	Place-23
SMITH	Briony	-----	F	1892	8008	Place-9
SMITH	Bob	-----	M	1892	8009	Place-8
SMITH	Shawn	-----	M	1892	8010	Place-9
SMITH	Suzanne	-----	F	1892	8011	Place-15
SMITH	Bob	-----	M	1892	8012	Place-26
SMITH	Sarah	-----	F	1892	8013	Place-29
SMITH	James	-----	M	1892	8014	Place-5
SMITH	Jenkins	-----	M	1892	8015	Place-24
SMITH	Briony	-----	F	1892	8016	Place-13
SMITH	Paulo	-----	M	1892	8017	Place-25
SMITH	Selina	-----	F	1892	8018	Place-15
SMITH	Joseph	-----	M	1892	8019	Place-25
SMITH	Briony	-----	F	1892	8020	Place-13
SMITH	Selina	-----	F	1892	8021	Place-0
SMITH	Paulo	-----	M	1892	8022	Place-3
SMITH	Bob	-----	M	1892	8023	Place-28
SMITH	Sharon	-----	F	1892	8024	Place-5
SMITH	Susan	-----	F	1892	8025	Place-11
SMITH	Seonaid	-----	F	1892	8026	Place-23
SMITH	James	-----	M	1892	8027	Place-2
SMITH	Sarah	-----	F	1892	8028	Place-13
SMITH	Jenkins	-----	M	1892	8029	Place-13
SMITH	Shawn	-----	M	1892	8030	Place-25
SMITH	Sheila	-----	F	1892	8031	Place-10
SMITH	Briony	-----	F	1892	8032	Place-25
SMITH	Sharon	-----	F	1892	8033	Place-24
SMITH	Seonaid	-----	F	1892	8034	Place-14
SMITH	Seonaid	-----	F	1892	8035	Place-13
SMITH	Bob	-----	M	1892	8036	Place-29
SMITH	Jacob	-----	M	1892	8037	Place-23
SMITH	Shawn	-----	M	1892	8038	Place-17
SMITH	Joseph	-----	M	1892	8039	Place-8
SMITH	Joseph	-----	M	1892	8040	Place-16
SMITH	Jacob	-----	M	1892	8041	Place-25
SMITH	Susan	-----	F	1892	8042	Place-20
SMITH	Seonaid	-----	F	1892	8043	Place-27
SMITH	Susan	-----	F	1892	8044	Place-4
SMITH	Paulo	-----	M	1892	8045	Place-22
SMITH	James	-----	M	1892	8046	Place-28
SMITH	Susan	-----	F	1892	8047	Place-16
SMITH	Susan	-----	F	1892	8048	Place-6
SMITH	Jacob	-----	M	1892	8049	Place-23
SMITH	Seonaid	-----	F	1892	8050	Place-27
SMITH	Jacob	-----	M	1892	8051	Place-15
SMITH	Selina	-----	F	1892	8052	Place-15
SMITH	Jacob	-----	M	1892	8053	Place-5
SMITH	Sarah	-----	F	1892	8054	Place-24
SMITH	Suzanne	-----	F	1892	8055	Place-12
SMITH	Selina	-----	F	1892	8056	Place-21
SMITH	Selina	-----	F	1892	8057	Place-25
SMITH	James	-----	M	1892	8058	Place-2
SMITH	Sheila	-----	F	1892	8059	Place-22
SMITH	Paulo	-----	M	1892	8060	Place-16
SMITH	Paulo	-----	M	1892	8061	Place-16
SMITH	Susan	-----	F	1892	8062	Place-21
SMITH	Bob	-----	M	1892	8063	Place-27
SMITH	Jim	-----	M	1892	8064	Place-25
SMITH	Seonaid	-----	F	1892	8065	Place-8
SMITH	Jim	-----	M	1892	8066	Place-1
SMITH	Selina	-----	F	1892	8067	Place-9
SMITH	Bob	-----	M	1892	8068	Place-21
SMITH	Briony	-----	F	1892	8069	Place-18
SMITH	Joseph	-----	M	1892	8070	Place-0
SMITH	Jim	-----	M	1892	8071	Place-13
SMITH	Selina	-----	F	1892	8072	Place-0
SMITH	Joseph	-----	M	1892	8073	Place-8
SMITH	Seonaid	-----	F	1892	8074	Place-26
SMITH	James	-----	M	1892	8075	Place-23
SMITH	James	-----	M	1892	8076	Place-29
SMITH	Selina	-----	F	1892	8077	Place-2
SMITH	Sarah	-----	F	1892	8078	Place-22
SMITH	James	-----	M	1892	8079	Place-8
SMITH	Suzanne	-----	F	1892	8080	Place-25
SMITH	Bob	-----	M	1892	8081	Place-9
SMITH	Jacob	-----	M	1892	8082	Place-4
SMITH	Selina	-----	F	1892	8083	Place-23
SMITH	Joseph	-----	M	1892	8084	Place-29
SMITH	Briony	-----	F	1892	8085	Place-28
SMITH	Jenkins	-----	M	1892	8086	Place-5
SMITH	Jenkins	-----	M	1892	8087	Place-24
SMITH	Bob	-----	M	1892	8088	Place-1
SMITH	Sharon	-----	F	1892	8089	Place-24
SMITH	Suzanne	-----	F	1892	8090	Place-19
SMITH	Jenkins	-----	M	1892	8091	Place-15
SMITH	Selina	-----	F	1892	8092	Place-17
SMITH	Joseph	-----	M	1892	8093	Place-1
SMITH	James	-----	M	1892	8094	Place-13
SMITH	Selina	-----	F	1892	8095	Place-6
SMITH	Selina	-----	F	1892	8096	Place-22
SMITH	Susan	-----	F	1892	8097	Place-28
SMITH	Suzanne	-----	F	1892	8098	Place-23
SMITH	James	-----	M	1892	8099	Place-16
SMITH	Jenkins	-----	M	1892	8100	Place-7
SMITH	Jenkins	-----	M	1892	8101	Place-14
SMITH	Selina	-----	F	1892	8102	Place-3
SMITH	Joseph	-----	M	1892	8103	Place-14
SMITH	Paulo	-----	M	1892	8104	Place-12
SMITH	Briony	-----	F	1892	8105	Place-7
SMITH	Jacob	-----	M	1892	8106	Place-10
SMITH	Paulo	-----	M	1892	8107	Place-11
SMITH	Jim	-----	M	1893	8122	Place-25
SMITH	Suzanne	-----	F	1893	8123	Place-29
SMITH	Bob	-----	M	1893	8124	Place-21
SMITH	Bob	-----	M	1893	8125	Place-19
SMITH	Selina	-----	F	1893	8126	Place-11
SMITH	Seonaid	-----	F	1893	8127	Place-13
SMITH	James	-----	M	1893	8128	Place-14
SMITH	Sarah	-----	F	1893	8129	Place-11
SMITH	Shawn	-----	M	1893	8130	Place-8
SMITH	Bob	-----	M	1893	8131	Place-1
SMITH	Shawn	-----	M	1893	8132	Place-7
SMITH	Selina	-----	F	1893	8133	Place-27
SMITH	Sheila	-----	F	1893	8134	Place-9
SMITH	Selina	-----	F	1893	8135	Place-22
SMITH	Joseph	-----	M	1893	8136	Place-22
SMITH	Bob	-----	M	1893	8137	Place-29
SMITH	Sharon	-----	F	1893	8138	Place-6
SMITH	Seonaid	-----	F	1893	8139	Place-16
SMITH	Sheila	-----	F	1893	8140	Place-20
SMITH	Bob	-----	M	1893	8141	Place-8
SMITH	Jacob	-----	M	1893	8142	Place-2
SMITH	Sharon	-----	F	1893	8143	Place-26
SMITH	Bob	-----	M	1893	8144	Place-27
SMITH	Sharon	-----	F	1893	8145	Place-5
SMITH	Jacob	-----	M	1893	8146	Place-12
SMITH	Sarah	-----	F	1893	8147	Place-25
SMITH	Suzanne	-----	F	1893	8148	Place-28
SMITH	Briony	-----	F	1893	8149	Place-27
SMITH	Selina	-----	F	1893	8150	Place-12
SMITH	Briony	-----	F	1893	8151	Place-3
SMITH	Suzanne	-----	F	1893	8152	Place-7
SMITH	James	-----	M	1893	8153	Place-22
SMITH	Briony	-----	F	1893	8154	Place-9
SMITH	Briony	-----	F	1893	8155	Place-27
SMITH	Susan	-----	F	1893	8156	Place-19
SMITH	Suzanne	-----	F	1893	8157	Place-29
SMITH	Bob	-----	M	1893	8158	Place-12
SMITH	Sharon	-----	F	1893	8159	Place-27
SMITH	Sharon	-----	F	1893	8160	Place-15
SMITH	Suzanne	-----	F	1893	8161	Place-13
SMITH	Seonaid	-----	F	1893	8162	Place-8
SMITH	Sharon	-----	F	1893	8163	Place-23
SMITH	Briony	-----	F	1893	8164	Place-3
SMITH	Bob	-----	M	1893	8165	Place-1
SMITH	Jenkins	-----	M	1893	8166	Place-16
SMITH	Sarah	-----	F	1893	8167	Place-1
SMITH	Bob	-----	M	1893	8168	Place-23
SMITH	Susan	-----	F	1893	8169	Place-29
SMITH	Paulo	-----	M	1893	8170	Place-20
SMITH	Suzanne	-----	F	1893	8171	Place-21
SMITH	Bob	-----	M	1893	8172	Place-16
SMITH	Sheila	-----	F	1893	8173	Place-2
SMITH	James	-----	M	1893	8174	Place-6
SMITH	Seonaid	-----	F	1893	8175	Place-19
SMITH	Susan	-----	F	1893	8176	Place-24
SMITH	Joseph	-----	M	1893	8177	Place-18
SMITH	Shawn	-----	M	1893	8178	Place-20
SMITH	Sharon	-----	F	1893	8179	Place-25
SMITH	Seonaid	-----	F	1893	8180	Place-13
SMITH	Sarah	-----	F	1893	8181	Place-16
SMITH	Sarah	-----	F	1893	8182	Place-22
SMITH	Seonaid	-----	F	1893	8183	Place-7
SMITH	Selina	-----	F	1893	8184	Place-16
SMITH	Jim	-----	M	1893	8185	Place-21
SMITH	Sarah	-----	F	1893	8186	Place-24
SMITH	Jenkins	-----	M	1893	8187	Place-25
SMITH	Susan	-----	F	1893	8188	Place-9
SMITH	Jacob	-----	M	1893	8189	Place-8
SMITH	Seonaid	-----	F	1893	8190	Place-21
SMITH	Susan	-----	F	1893	8191	Place-20
SMITH	James	-----	M	1893	8192	Place-26
SMITH	Jacob	-----	M	1893	8193	Place-15
SMITH	Briony	-----	F	1893	8194	Place-28
SMITH	James	-----	M	1893	8195	Place-4
SMITH	Bob	-----	M	1893	8196	Place-10
SMITH	Bob	-----	M	1893	8197	Place-17
SMITH	Sarah	-----	F	1893	8198	Place-2
SMITH	Paulo	-----	M	1893	8199	Place-14
SMITH	Sharon	-----	F	1893	8200	Place-13
SMITH	James	-----	M	1893	8201	Place-17
SMITH	Seonaid	-----	F	1893	8202	Place-21
SMITH	Sheila	-----	F	1893	8203	Place-8
SMITH	Shawn	-----	M	1893	8204	Place-8
SMITH	Bob	-----	M	1893	8205	Place-7
SMITH	Sarah	-----	F	1893	8206	Place-7
SMITH	Sharon	-----	F	1893	8207	Place-6
SMITH	Paulo	-----	M	1893	8208	Place-10
SMITH	Jacob	-----	M	1893	8209	Place-9
SMITH	Bob	-----	M	1893	8210	Place-15
SMITH	Shawn	-----	M	1893	8211	Place-15
SMITH	Jim	-----	M	1893	8212	Place-29
SMITH	Bob	-----	M	1893	8213	Place-13
SMITH	Jacob	-----	M	1893	8214	Place-9
SMITH	Seonaid	-----	F	1893	8215	Place-21
SMITH	Paulo	-----	M	1893	8216	Place-13
SMITH	Sarah	-----	F	1893	8217	Place-27
SMITH	Jenkins	-----	M	1893	8218	Place-4
SMITH	Sharon	-----	F	1893	8219	Place-28
SMITH	Briony	-----	F	1893	8220	Place-26
SMITH	Paulo	-----	M	1893	8221	Place-8
SMITH	Briony	-----	F	1893	8222	Place-8
SMITH	Sharon	-----	F	1893	8223	Place-13
SMITH	Susan	-----	F	1893	8224	Place-10
SMITH	Shawn	-----	M	1893	8225	Place-23
SMITH	Susan	-----	F	1893	8226	Place-25
SMITH	Bob	-----	M	1893	8227	Place-24
SMITH	James	-----	M	1893	8228	Place-15
SMITH	Jim	-----	M	1893	8229	Place-3
SMITH	Selina	-----	F	1893	8230	Place-11
SMITH	Susan	-----	F	1893	8231	Place-19
SMITH	Jacob	-----	M	1893	8232	Place-28
SMITH	Susan	-----	F	1893	8233	Place-7
SMITH	Sarah	-----	F	1893	8234	Place-25
SMITH	Briony	-----	F	1893	8235	Place-6
SMITH	Shawn	-----	M	1893	8236	Place-23
SMITH	Sarah	-----	F	1893	8237	Place-8
SMITH	Shawn	-----	M	1893	8238	Place-29
SMITH	Shawn	-----	M	1893	8239	Place-22
SMITH	Selina	-----	F	1893	8240	Place-6
SMITH	Jim	-----	M	1893	8241	Place-8
SMITH	Sheila	-----	F	1893	8242	Place-7
SMITH	Bob	-----	M	1893	8243	Place-9
SMITH	Jim	-----	M	1893	8244	Place-3
SMITH	Selina	-----	F	1893	8245	Place-11
SMITH	Paulo	-----	M	1893	8246	Place-13
SMITH	Seonaid	-----	F	1893	8247	Place-11
SMITH	Sarah	-----	F	1893	8248	Place-2
SMITH	Paulo	-----	M	1894	8266	Place-17
SMITH	Suzanne	-----	F	1894	8267	Place-15
SMITH	Briony	-----	F	1894	8268	Place-2
SMITH	Paulo	-----	M	1894	8269	Place-7
SMITH	Briony	-----	F	1894	8270	Place-27
SMITH	Suzanne	-----	F	1894	8271	Place-11
SMITH	Sheila	-----	F	1894	8272	Place-4
SMITH	Sarah	-----	F	1894	8273	Place-22
SMITH	Sarah	-----	F	1894	8274	Place-26
SMITH	Jacob	-----	M	1894	8275	Place-2
SMITH	Selina	-----	F	1894	8276	Place-22
SMITH	Jim	-----	M	1894	8277	Place-1
SMITH	Jenkins	-----	M	1894	8278	Place-16
SMITH	Susan	-----	F	1894	8279	Place-13
SMITH	Suzanne	-----	F	1894	8280	Place-27
SMITH	Jacob	-----	M	1894	8281	Place-26
SMITH	Jim	-----	M	1894	8282	Place-10
SMITH	Sharon	-----	F	1894	8283	Place-27
SMITH	Selina	-----	F	1894	8284	Place-22
SMITH	Paulo	-----	M	1894	8285	Place-24
SMITH	Jenkins	-----	M	1894	8286	Place-22
SMITH	Sarah	-----	F	1894	8287	Place-6
SMITH	Joseph	-----	M	1894	8288	Place-14
SMITH	Bob	-----	M	1894	8289	Place-17
SMITH	Bob	-----	M	1894	8290	Place-26
SMITH	Susan	-----	F	1894	8291	Place-20
SMITH	Susan	-----	F	1894	8292	Place-9
SMITH	Joseph	-----	M	1894	8293	Place-23
SMITH	Suzanne	-----	F	1894	8294	Place-16
SMITH	Jacob	-----	M	1894	8295	Place-23
SMITH	Briony	-----	F	1894	8296	Place-18
SMITH	Paulo	-----	M	1894	8297	Place-4
SMITH	Selina	-----	F	1894	8298	Place-8
SMITH	Suzanne	-----	F	1894	8299	Place-6
SMITH	Shawn	-----	M	1894	8300	Place-28
SMITH	Jim	-----	M	1894	8301	Place-11
SMITH	Bob	-----	M	1894	8302	Place-0
SMITH	Selina	-----	F	1894	8303	Place-6
SMITH	Joseph	-----	M	1894	8304	Place-0
SMITH	Jacob	-----	M	1894	8305	Place-25
SMITH	James	-----	M	1894	8306	Place-3
SMITH	Jenkins	-----	M	1894	8307	Place-27
SMITH	James	-----	M	1894	8308	Place-3
SMITH	Paulo	-----	M	1894	8309	Place-1
SMITH	Shawn	-----	M	1894	8310	Place-0
SMITH	Sharon	-----	F	1894	8311	Place-21
SMITH	Jacob	-----	M	1894	8312	Place-1
SMITH	Jim	-----	M	1894	8313	Place-3
SMITH	Bob	-----	M	1894	8314	Place-18
SMITH	Jenkins	-----	M	1894	8315	Place-2
SMITH	Sarah	-----	F	1894	8316	Place-16
SMITH	Sharon	-----	F	1894	8317	Place-1
SMITH	Jim	-----	M	1894	8318	Place-11
SMITH	Joseph	-----	M	1894	8319	Place-4
SMITH	Susan	-----	F	1894	8320	Place-18
SMITH	Shawn	-----	M	1894	8321	Place-19
SMITH	Suzanne	-----	F	1894	8322	Place-24
SMITH	Seonaid	-----	F	1894	8323	Place-21
SMITH	Selina	-----	F	1894	8324	Place-13
SMITH	James	-----	M	1894	8325	Place-0
SMITH	Susan	-----	F	1894	8326	Place-3
SMITH	Susan	-----	F	1894	8327	Place-7
SMITH	Jim	-----	M	1894	8328	Place-0
SMITH	Jim	-----	M	1894	8329	Place-28
SMITH	Selina	-----	F	1894	8330	Place-14
SMITH	Briony	-----	F	1894	8331	Place-14
SMITH	Bob	-----	M	1894	8332	Place-4
SMITH	Briony	-----	F	1894	8333	Place-10
SMITH	Seonaid	-----	F	1894	8334	Place-25
SMITH	James	-----	M	1894	8335	Place-10
SMITH	Paulo	-----	M	1894	8336	Place-15
SMITH	Jim	-----	M	1894	8337	Place-17
SMITH	Sharon	-----	F	1894	8338	Place-11
SMITH	Seonaid	-----	F	1894	8339	Place-14
SMITH	James	-----	M	1894	8340	Place-12
SMITH	Paulo	-----	M	1894	8341	Place-24
SMITH	Suzanne	-----	F	1894	8342	Place-12
SMITH	Shawn	-----	M	1894	8343	Place-11
SMITH	Suzanne	-----	F	1894	8344	Place-14
SMITH	Selina	-----	F	1894	8345	Place-8
SMITH	Joseph	-----	M	1894	8346	Place-16
SMITH	James	-----	M	1894	8347	Place-27
SMITH	Joseph	-----	M	1894	8348	Place-29
SMITH	Shawn	-----	M	1894	8349	Place-19
SMITH	Paulo	-----	M	1894	8350	Place-6
SMITH	Selina	-----	F	1894	8351	Place-5
SMITH	Bob	-----	M	1894	8352	Place-20
SMITH	Jacob	-----	M	1894	8353	Place-13
SMITH	Sharon	-----	F	1894	8354	Place-26
SMITH	Jim	-----	M	1894	8355	Place-27
SMITH	Jim	-----	M	1894	8356	Place-1
SMITH	Sarah	-----	F	1894	8357	Place-17
SMITH	Suzanne	-----	F	1894	8358	Place-0
SMITH	Briony	-----	F	1894	8359	Place-0
SMITH	Sharon	-----	F	1894	8360	Place-23
SMITH	Sheila	-----	F	1894	8361	Place-22
SMITH	Jim	-----	M	1894	8362	Place-3
SMITH	Sarah	-----	F	1894	8363	Place-27
SMITH	Jacob	-----	M	1894	8364	Place-29
SMITH	Jacob	-----	M	1894	8365	Place-4
SMITH	Suzanne	-----	F	1894	8366	Place-25
SMITH	Joseph	-----	M	1894	8367	Place-23
SMITH	Paulo	-----	M	1894	8368	Place-29
SMITH	Joseph	-----	M	1894	8369	Place-0
SMITH	Briony	-----	F	1894	8370	Place-21
SMITH	Paulo	-----	M	1894	8371	Place-0
SMITH	Susan	-----	F	1894	8372	Place-23
SMITH	Shawn	-----	M	1894	8373	Place-17
SMITH	Briony	-----	F	1894	8374	Place-7
SMITH	Selina	-----	F	1894	8375	Place-4
SMITH	Bob	-----	M	1894	8376	Place-9
SMITH	Briony	-----	F	1894	8377	Place-8
SMITH	Selina	-----	F	1894	8378	Place-8
SMITH	Jacob	-----	M	1894	8379	Place-24
SMITH	Jacob	-----	M	1894	8380	Place-14
SMITH	Sarah	-----	F	1894	8381	Place-12
SMITH	Jacob	-----	M	1894	8382	Place-22
SMITH	Jacob	-----	M	1894	8383	Place-21
SMITH	James	-----	M	1894	8384	Place-8
SMITH	Bob	-----	M	1895	8395	Place-6
SMITH	Seonaid	-----	F	1895	8396	Place-16
SMITH	James	-----	M	1895	8397	Place-25
SMITH	James	-----	M	1895	8398	Place-11
SMITH	Seonaid	-----	F	1895	8399	Place-25
SMITH	Susan	-----	F	1895	8400	Place-27
SMITH	Jim	-----	M	1895	8401	Place-28
SMITH	Jenkins	-----	M	1895	8402	Place-15
SMITH	Selina	-----	F	1895	8403	Place-3
SMITH	Sheila	-----	F	1895	8404	Place-7
SMITH	Jim	-----	M	1895	8405	Place-20
SMITH	Bob	-----	M	1895	8406	Place-1
SMITH	Susan	-----	F	1895	8407	Place-14
SMITH	Jacob	-----	M	1895	8408	Place-14
SMITH	Selina	-----	F	1895	8409	Place-26
SMITH	Jacob	-----	M	1895	8410	Place-11
SMITH	Briony	-----	F	1895	8411	Place-27
SMITH	Paulo	-----	M	1895	8412	Place-5
SMITH	Seonaid	-----	F	1895	8413	Place-0
SMITH	Sharon	-----	F	1895	8414	Place-22
SMITH	Suzanne	-----	F	1895	8415	Place-10
SMITH	Briony	-----	F	1895	8416	Place-14
SMITH	James	-----	M	1895	8417	Place-16
SMITH	Jacob	-----	M	1895	8418	Place-27
SMITH	Seonaid	-----	F	1895	8419	Place-9
SMITH	Briony	-----	F	1895	8420	Place-11
SMITH	Paulo	-----	M	1895	8421	Place-27
SMITH	Bob	-----	M	1895	8422	Place-7
SMITH	Susan	-----	F	1895	8423	Place-3
SMITH	Susan	-----	F	1895	8424	Place-12
SMITH	Briony	-----	F	1895	8425	Place-5
SMITH	Sheila	-----	F	1895	8426	Place-18
SMITH	Jim	-----	M	1895	8427	Place-21
SMITH	Selina	-----	F	1895	8428	Place-7
SMITH	Paulo	-----	M	1895	8429	Place-28
SMITH	Selina	-----	F	1895	8430	Place-15
SMITH	Joseph	-----	M	1895	8431	Place-24
SMITH	Jim	-----	M	1895	8432	Place-2
SMITH	Sarah	-----	F	1895	8433	Place-6
SMITH	Briony	-----	F	1895	8434	Place-6
SMITH	Selina	-----	F	1895	8435	Place-25
SMITH	Susan	-----	F	1895	8436	Place-28
SMITH	Paulo	-----	M	1895	8437	Place-22
SMITH	Susan	-----	F	1895	8438	Place-26
SMITH	Suzanne	-----	F	1895	8439	Place-27
SMITH	Jacob	-----	M	1895	8440	Place-17
SMITH	James	-----	M	1895	8441	Place-22
SMITH	Joseph	-----	M	1895	8442	Place-29
SMITH	Sarah	-----	F	1895	8443	Place-8
SMITH	Paulo	-----	M	1895	8444	Place-13
SMITH	Sarah	-----	F	1895	8445	Place-21
SMITH	Jacob	-----	M	1895	8446	Place-1
SMITH	Joseph	-----	M	1895	8447	Place-6
SMITH	Sharon	-----	F	1895	8448	Place-21
SMITH	Jim	-----	M	1895	8449	Place-0
SMITH	Sheila	-----	F	1895	8450	Place-11
SMITH	Seonaid	-----	F	1895	8451	Place-15
SMITH	James	-----	M	1895	8452	Place-18
SMITH	Joseph	-----	M	1895	8453	Place-25
SMITH	Susan	-----	F	1895	8454	Place-12
SMITH	Sarah	-----	F	1895	8455	Place-15
SMITH	Selina	-----	F	1895	8456	Place-10
SMITH	Shawn	-----	M	1895	8457	Place-19
SMITH	Jim	-----	M	1895	8458	Place-12
SMITH	Paulo	-----	M	1895	8459	Place-14
SMITH	Joseph	-----	M	1895	8460	Place-2
SMITH	Bob	-----	M	1895	8461	Place-23
SMITH	Sharon	-----	F	1895	8462	Place-5
SMITH	Sarah	-----	F	1895	8463	Place-24
SMITH	Sheila	-----	F	1895	8464	Place-26
SMITH	Seonaid	-----	F	1895	8465	Place-8
SMITH	Suzanne	-----	F	1895	8466	Place-15
SMITH	Jim	-----	M	1895	8467	Place-24
SMITH	Jim	-----	M	1895	8468	Place-29
SMITH	Jacob	-----	M	1895	8469	Place-20
SMITH	Jim	-----	M	1895	8470	Place-28
SMITH	Selina	-----	F	1895	8471	Place-21
SMITH	James	-----	M	1895	8472	Place-28
SMITH	Briony	-----	F	1895	8473	Place-10
SMITH	Sharon	-----	F	1895	8474	Place-25
SMITH	Paulo	-----	M	1895	8475	Place-2
SMITH	Sheila	-----	F	1895	8476	Place-16
SMITH	Sharon	-----	F	1895	8477	Place-8
SMITH	Paulo	-----	M	1895	8478	Place-12
SMITH	Briony	-----	F	1895	8479	Place-25
SMITH	Jim	-----	M	1895	8480	Place-20
SMITH	Susan	-----	F	1895	8481	Place-24
SMITH	Seonaid	-----	F	1895	8482	Place-7
SMITH	Sarah	-----	F	1895	8483	Place-10
SMITH	Jim	-----	M	1895	8484	Place-3
SMITH	Sheila	-----	F	1895	8485	Place-29
SMITH	Bob	-----	M	1895	8486	Place-22
SMITH	Sarah	-----	F	1895	8487	Place-19
SMITH	Briony	-----	F	1895	8488	Place-29
SMITH	Selina	-----	F	1895	8489	Place-21
SMITH	Briony	-----	F	1895	8490	Place-0
SMITH	Jenkins	-----	M	1895	8491	Place-1
SMITH	James	-----	M	1895	8492	Place-3
SMITH	Sarah	-----	F	1895	8493	Place-4
SMITH	Susan	-----	F	1895	8494	Place-26
SMITH	James	-----	M	1895	8495	Place-15
SMITH	Jacob	-----	M	1895	8496	Place-28
SMITH	Shawn	-----	M	1895	8497	Place-27
SMITH	Paulo	-----	M	1895	8498	Place-1
SMITH	Bob	-----	M	1895	8499	Place-18
SMITH	Paulo	-----	M	1895	8500	Place-28
SMITH	Sheila	-----	F	1895	8501	Place-24
SMITH	Susan	-----	F	1895	8502	Place-3
SMITH	Paulo	-----	M	1895	8503	Place-7
SMITH	Bob	-----	M	1895	8504	Place-6
SMITH	James	-----	M	1895	8505	Place-6
SMITH	Paulo	-----	M	1895	8506	Place-17
SMITH	Briony	-----	F	1895	8507	Place-9
SMITH	Joseph	-----	M	1895	8508	Place-12
SMITH	Joseph	-----	M	1895	8509	Place-13
SMITH	Briony	-----	F	1895	8510	Place-23
SMITH	Briony	-----	F	1895	8511	Place-25
SMITH	Jacob	-----	M	1895	8512	Place-12
SMITH	Shawn	-----	M	1895	8513	Place-7
SMITH	Sarah	-----	F	1895	8514	Place-4
SMITH	Shawn	-----	M	1896	8529	Place-6
SMITH	Seonaid	-----	F	1896	8530	Place-12
SMITH	Sheila	-----	F	1896	8531	Place-5
SMITH	Jim	-----	M	1896	8532	Place-10
SMITH	Paulo	-----	M	1896	8533	Place-17
SMITH	James	-----	M	1896	8534	Place-28
SMITH	Shawn	-----	M	1896	8535	Place-13
SMITH	Jacob	-----	M	1896	8536	Place-5
SMITH	Joseph	-----	M	1896	8537	Place-27
SMITH	Joseph	-----	M	1896	8538	Place-27
SMITH	Sharon	-----	F	1896	8539	Place-28
SMITH	Jacob	-----	M	1896	8540	Place-17
SMITH	Suzanne	-----	F	1896	8541	Place-27
SMITH	Selina	-----	F	1896	8542	Place-10
SMITH	Bob	-----	M	1896	8543	Place-6
SMITH	Seonaid	-----	F	1896	8544	Place-4
SMITH	Susan	-----	F	1896	8545	Place-25
SMITH	Jacob	-----	M	1896	8546	Place-0
SMITH	Joseph	-----	M	1896	8547	Place-1
SMITH	Sharon	-----	F	1896	8548	Place-17
SMITH	Suzanne	-----	F	1896	8549	Place-12
SMITH	Sarah	-----	F	1896	8550	Place-2
SMITH	Joseph	-----	M	1896	8551	Place-2
SMITH	Sarah	-----	F	1896	8552	Place-0
SMITH	Bob	-----	M	1896	8553	Place-7
SMITH	Shawn	-----	M	1896	8554	Place-21
SMITH	Susan	-----	F	1896	8555	Place-24
SMITH	Jim	-----	M	1896	8556	Place-16
SMITH	James	-----	M	1896	8557	Place-20
SMITH	Bob	-----	M	1896	8558	Place-22
SMITH	Jim	-----	M	1896	8559	Place-13
SMITH	Susan	-----	F	1896	8560	Place-25
SMITH	Sharon	-----	F	1896	8561	Place-20
SMITH	Paulo	-----	M	1896	8562	Place-2
SMITH	Suzanne	-----	F	1896	8563	Place-4
SMITH	Shawn	-----	M	1896	8564	Place-7
SMITH	Paulo	-----	M	1896	8565	Place-29
SMITH	Suzanne	-----	F	1896	8566	Place-4
SMITH	Shawn	-----	M	1896	8567	Place-6
SMITH	Suzanne	-----	F	1896	8568	Place-6
SMITH	Paulo	-----	M	1896	8569	Place-28
SMITH	Paulo	-----	M	1896	8570	Place-27
SMITH	Joseph	-----	M	1896	8571	Place-15
SMITH	Selina	-----	F	1896	8572	Place-11
SMITH	Shawn	-----	M	1896	8573	Place-11
SMITH	Bob	-----	M	1896	8574	Place-3
SMITH	Jim	-----	M	1896	8575	Place-5
SMITH	Sharon	-----	F	1896	8576	Place-14
SMITH	Briony	-----	F	1896	8577	Place-22
SMITH	Jacob	-----	M	1896	8578	Place-28
SMITH	Jacob	-----	M	1896	8579	Place-23
SMITH	Sheila	-----	F	1896	8580	Place-3
SMITH	Sheila	-----	F	1896	8581	Place-17
SMITH	Sarah	-----	F	1896	8582	Place-9
SMITH	Sharon	-----	F	1896	8583	Place-29
SMITH	Sarah	-----	F	1896	8584	Place-7
SMITH	Sarah	-----	F	1896	8585	Place-13
SMITH	Jacob	-----	M	1896	8586	Place-3
SMITH	Shawn	-----	M	1896	8587	Place-12
SMITH	Susan	-----	F	1896	8588	Place-28
SMITH	Susan	-----	F	1896	8589	Place-15
SMITH	Seonaid	-----	F	1896	8590	Place-11
SMITH	Selina	-----	F	1896	8591	Place-17
SMITH	Jenkins	-----	M	1896	8592	Place-25
SMITH	Suzanne	-----	F	1896	8593	Place-5
SMITH	Seonaid	-----	F	1896	8594	Place-29
SMITH	Shawn	-----	M	1896	8595	Place-25
SMITH	Jacob	-----	M	1896	8596	Place-15
SMITH	Sarah	-----	F	1896	8597	Place-27
SMITH	Susan	-----	F	1896	8598	Place-0
SMITH	Sharon	-----	F	1896	8599	Place-25
SMITH	Suzanne	-----	F	1896	8600	Place-29
SMITH	Sharon	-----	F	1896	8601	Place-24
SMITH	Sharon	-----	F	1896	8602	Place-21
SMITH	Sarah	-----	F	1896	8603	Place-23
SMITH	James	-----	M	1896	8604	Place-2
SMITH	Sharon	-----	F	1896	8605	Place-25
SMITH	Jim	-----	M	1896	8606	Place-0
SMITH	Selina	-----	F	1896	8607	Place-24
SMITH	Jacob	-----	M	1896	8608	Place-15
SMITH	Briony	-----	F	1896	8609	Place-16
SMITH	Shawn	-----	M	1896	8610	Place-6
SMITH	Sharon	-----	F	1896	8611	Place-29
SMITH	Jim	-----	M	1896	8612	Place-14
SMITH	Joseph	-----	M	1896	8613	Place-0
SMITH	Suzanne	-----	F	1896	8614	Place-7
SMITH	Selina	-----	F	1896	8615	Place-19
SMITH	Bob	-----	M	1896	8616	Place-20
SMITH	Susan	-----	F	1896	8617	Place-20
SMITH	Joseph	-----	M	1896	8618	Place-6
SMITH	Joseph	-----	M	1896	8619	Place-11
SMITH	Sarah	-----	F	1896	8620	Place-15
SMITH	Susan	-----	F	1896	8621	Place-0
SMITH	Sheila	-----	F	1896	8622	Place-4
SMITH	Bob	-----	M	1896	8623	Place-9
SMITH	Jenkins	-----	M	1896	8624	Place-0
SMITH	Sarah	-----	F	1896	8625	Place-7
SMITH	James	-----	M	1896	8626	Place-21
SMITH	Bob	-----	M	1896	8627	Place-15
SMITH	Bob	-----	M	1896	8628	Place-7
SMITH	Paulo	-----	M	1896	8629	Place-16
SMITH	Sheila	-----	F	1896	8630	Place-2
SMITH	Selina	-----	F	1896	8631	Place-6
SMITH	Paulo	-----	M	1896	8632	Place-24
SMITH	Jenkins	-----	M	1896	8633	Place-16
SMITH	Jim	-----	M	1896	8634	Place-15
SMITH	Seonaid	-----	F	1896	8635	Place-12
SMITH	Seonaid	-----	F	1896	8636	Place-26
SMITH	Briony	-----	F	1896	8637	Place-2
SMITH	Jacob	-----	M	1896	8638	Place-14
SMITH	James	-----	M	1896	8639	Place-18
SMITH	Sheila	-----	F	1896	8640	Place-27
SMITH	Susan	-----	F	1896	8641	Place-20
SMITH	Sheila	-----	F	1896	8642	Place-3
SMITH	Shawn	-----	M	1896	8643	Place-22
SMITH	Selina	-----	F	1896	8644	Place-27
SMITH	Jenkins	-----	M	1896	8645	Place-22
SMITH	Briony	-----	F	1896	8646	Place-19
SMITH	Susan	-----	F	1896	8647	Place-24
SMITH	Sharon	-----	F	1896	8648	Place-4
SMITH	Paulo	-----	M	1896	8649	Place-29
SMITH	Jacob	-----	M	1896	8650	Place-25
SMITH	Jim	-----	M	1897	8666	Place-20
SMITH	Briony	-----	F	1897	8667	Place-29
SMITH	Susan	-----	F	1897	8668	Place-4
SMITH	Selina	-----	F	1897	8669	Place-21
SMITH	Selina	-----	F	1897	8670	Place-25
SMITH	Jacob	-----	M	1897	8671	Place-15
SMITH	James	-----	M	1897	8672	Place-14
SMITH	Jacob	-----	M	1897	8673	Place-15
SMITH	Jacob	-----	M	1897	8674	Place-7
SMITH	Jacob	-----	M	1897	8675	Place-29
SMITH	Jim	-----	M	1897	8676	Place-22
SMITH	Jacob	-----	M	1897	8677	Place-3
SMITH	Suzanne	-----	F	1897	8678	Place-13
SMITH	Paulo	-----	M	1897	8679	Place-9
SMITH	Joseph	-----	M	1897	8680	Place-2
SMITH	Joseph	-----	M	1897	8681	Place-17
SMITH	Suzanne	-----	F	1897	8682	Place-6
SMITH	Jacob	-----	M	1897	8683	Place-17
SMITH	Jacob	-----	M	1897	8684	Place-18
SMITH	Sharon	-----	F	1897	8685	Place-5
SMITH	Jacob	-----	M	1897	8686	Place-29
SMITH	Selina	-----	F	1897	8687	Place-21
SMITH	Seonaid	-----	F	1897	8688	Place-14
SMITH	Selina	-----	F	1897	8689	Place-27
SMITH	Sharon	-----	F	1897	8690	Place-28
SMITH	Joseph	-----	M	1897	8691	Place-18
SMITH	Briony	-----	F	1897	8692	Place-6
SMITH	Joseph	-----	M	1897	8693	Place-16
SMITH	Paulo	-----	M	1897	8694	Place-2
SMITH	Shawn	-----	M	1897	8695	Place-16
SMITH	Joseph	-----	M	1897	8696	Place-1
SMITH	Jenkins	-----	M	1897	8697	Place-7
SMITH	James	-----	M	1897	8698	Place-14
SMITH	Jenkins	-----	M	1897	8699	Place-27
SMITH	Sarah	-----	F	1897	8700	Place-16
SMITH	Jim	-----	M	1897	8701	Place-7
SMITH	Briony	-----	F	1897	8702	Place-29
SMITH	Suzanne	-----	F	1897	8703	Place-17
SMITH	James	-----	M	1897	8704	Place-12
SMITH	Joseph	-----	M	1897	8705	Place-13
SMITH	James	-----	M	1897	8706	Place-25
SMITH	Jenkins	-----	M	1897	8707	Place-4
SMITH	Paulo	-----	M	1897	8708	Place-27
SMITH	Selina	-----	F	1897	8709	Place-3
SMITH	Jacob	-----	M	1897	8710	Place-21
SMITH	Joseph	-----	M	1897	8711	Place-23
SMITH	Seonaid	-----	F	1897	8712	Place-18
SMITH	Seonaid	-----	F	1897	8713	Place-27
SMITH	Jenkins	-----	M	1897	8714	Place-22
SMITH	Bob	-----	M	1897	8715	Place-15
SMITH	Susan	-----	F	1897	8716	Place-3
SMITH	Sarah	-----	F	1897	8717	Place-3
SMITH	James	-----	M	1897	8718	Place-0
SMITH	Seonaid	-----	F	1897	8719	Place-8
SMITH	Seonaid	-----	F	1897	8720	Place-21
SMITH	Bob	-----	M	1897	8721	Place-16
SMITH	Sheila	-----	F	1897	8722	Place-7
SMITH	Suzanne	-----	F	1897	8723	Place-1
SMITH	Jenkins	-----	M	1897	8724	Place-6
SMITH	Suzanne	-----	F	1897	8725	Place-15
SMITH	Briony	-----	F	1897	8726	Place-6
SMITH	Seonaid	-----	F	1897	8727	Place-19
SMITH	Selina	-----	F	1897	8728	Place-25
SMITH	Jacob	-----	M	1897	8729	Place-10
SMITH	Briony	-----	F	1897	8730	Place-17
SMITH	Sheila	-----	F	1897	8731	Place-11
SMITH	Sharon	-----	F	1897	8732	Place-9
SMITH	Briony	-----	F	1897	8733	Place-5
SMITH	Briony	-----	F	1897	8734	Place-20
SMITH	Bob	-----	M	1897	8735	Place-25
SMITH	Paulo	-----	M	1897	8736	Place-21
SMITH	Sheila	-----	F	1897	8737	Place-20
SMITH	Shawn	-----	M	1897	8738	Place-20
SMITH	Sheila	-----	F	1897	8739	Place-21
SMITH	Bob	-----	M	1897	8740	Place-12
SMITH	Shawn	-----	M	1897	8741	Place-14
SMITH	Sarah	-----	F	1897	8742	Place-22
SMITH	Bob	-----	M	1897	8743	Place-15
SMITH	Jacob	-----	M	1897	8744	Place-16
SMITH	Jacob	-----	M	1897	8745	Place-6
SMITH	Suzanne	-----	F	1897	8746	Place-16
SMITH	Seonaid	-----	F	1897	8747	Place-14
SMITH	Susan	-----	F	1897	8748	Place-23
SMITH	Selina	-----	F	1897	8749	Place-25
SMITH	Shawn	-----	M	1897	8750	Place-6
SMITH	Joseph	-----	M	1897	8751	Place-11
SMITH	Seonaid	-----	F	1897	8752	Place-16
SMITH	Jenkins	-----	M	1897	8753	Place-13
SMITH	James	-----	M	1897	8754	Place-26
SMITH	Joseph	-----	M	1897	8755	Place-9
SMITH	Paulo	-----	M	1897	8756	Place-21
SMITH	James	-----	M	1897	8757	Place-15
SMITH	Seonaid	-----	F	1897	8758	Place-1
SMITH	Paulo	-----	M	1897	8759	Place-0
SMITH	Selina	-----	F	1897	8760	Place-2
SMITH	Jim	-----	M	1897	8761	Place-28
SMITH	Sarah	-----	F	1897	8762	Place-4
SMITH	Suzanne	-----	F	1897	8763	Place-23
SMITH	Sarah	-----	F	1897	8764	Place-3
SMITH	Sheila	-----	F	1897	8765	Place-10
SMITH	Sharon	-----	F	1897	8766	Place-7
SMITH	Shawn	-----	M	1897	8767	Place-2
SMITH	James	-----	M	1897	8768	Place-28
SMITH	Shawn	-----	M	1897	8769	Place-28
SMITH	Briony	-----	F	1897	8770	Place-2
SMITH	Jacob	-----	M	1897	8771	Place-0
SMITH	Suzanne	-----	F	1897	8772	Place-13
SMITH	Sarah	-----	F	1897	8773	Place-2
SMITH	Selina	-----	F	1897	8774	Place-8
SMITH	Sheila	-----	F	1897	8775	Place-18
SMITH	Briony	-----	F	1897	8776	Place-20
SMITH	Suzanne	-----	F	1897	8777	Place-22
SMITH	Sheila	-----	F	1897	8778	Place-23
SMITH	Sheila	-----	F	1897	8779	Place-24
SMITH	James	-----	M	1897	8780	Place-3
SMITH	Sarah	-----	F	1897	8781	Place-16
SMITH	Shawn	-----	M	1897	8782	Place-18
SMITH	Shawn	-----	M	1897	8783	Place-25
SMITH	Briony	-----	F	1897	8784	Place-28
SMITH	James	-----	M	1897	8785	Place-1
SMITH	Shawn	-----	M	1897	8786	Place-4
SMITH	Jim	-----	M	1898	8808	Place-28
SMITH	Jenkins	-----	M	1898	8809	Place-18
SMITH	Susan	-----	F	1898	8810	Place-21
SMITH	Paulo	-----	M	1898	8811	Place-4
SMITH	Sharon	-----	F	1898	8812	Place-18
SMITH	Sharon	-----	F	1898	8813	Place-11
SMITH	Seonaid	-----	F	1898	8814	Place-7
SMITH	Joseph	-----	M	1898	8815	Place-12
SMITH	James	-----	M	1898	8816	Place-16
SMITH	Jenkins	-----	M	1898	8817	Place-26
SMITH	Jim	-----	M	1898	8818	Place-25
SMITH	Briony	-----	F	1898	8819	Place-15
SMITH	Joseph	-----	M	1898	8820	Place-21
SMITH	Sheila	-----	F	1898	8821	Place-3
SMITH	Jenkins	-----	M	1898	8822	Place-26
SMITH	Susan	-----	F	1898	8823	Place-29
SMITH	Sheila	-----	F	1898	8824	Place-29
SMITH	Joseph	-----	M	1898	8825	Place-5
SMITH	Shawn	-----	M	1898	8826	Place-24
SMITH	Joseph	-----	M	1898	8827	Place-15
SMITH	Jim	-----	M	1898	8828	Place-29
SMITH	Suzanne	-----	F	1898	8829	Place-0
SMITH	Jacob	-----	M	1898	8830	Place-8
SMITH	Bob	-----	M	1898	8831	Place-14
SMITH	Sarah	-----	F	1898	8832	Place-20
SMITH	Paulo	-----	M	1898	8833	Place-28
SMITH	Sarah	-----	F	1898	8834	Place-0
SMITH	Shawn	-----	M	1898	8835	Place-26
SMITH	Seonaid	-----	F	1898	8836	Place-26
SMITH	Suzanne	-----	F	1898	8837	Place-12
SMITH	Seonaid	-----	F	1898	8838	Place-10
SMITH	Jacob	-----	M	1898	8839	Place-18
SMITH	Jacob	-----	M	1898	8840	Place-8
SMITH	Selina	-----	F	1898	8841	Place-28
SMITH	Selina	-----	F	1898	8842	Place-21
SMITH	Shawn	-----	M	1898	8843	Place-7
SMITH	Joseph	-----	M	1898	8844	Place-7
SMITH	Jenkins	-----	M	1898	8845	Place-14
SMITH	Jim	-----	M	1898	8846	Place-1
SMITH	Seonaid	-----	F	1898	8847	Place-7
SMITH	Paulo	-----	M	1898	8848	Place-12
SMITH	Jim	-----	M	1898	8849	Place-16
SMITH	Briony	-----	F	1898	8850	Place-17
SMITH	James	-----	M	1898	8851	Place-10
SMITH	Susan	-----	F	1898	8852	Place-25
SMITH	Suzanne	-----	F	1898	8853	Place-2
SMITH	Sharon	-----	F	1898	8854	Place-23
SMITH	Suzanne	-----	F	1898	8855	Place-29
SMITH	James	-----	M	1898	8856	Place-14
SMITH	Sharon	-----	F	1898	8857	Place-8
SMITH	Paulo	-----	M	1898	8858	Place-6
SMITH	James	-----	M	1898	8859	Place-26
SMITH	Sharon	-----	F	1898	8860	Place-4
SMITH	Jenkins	-----	M	1898	8861	Place-6
SMITH	Bob	-----	M	1898	8862	Place-22
SMITH	Sheila	-----	F	1898	8863	Place-5
SMITH	Jenkins	-----	M	1898	8864	Place-18
SMITH	Jenkins	-----	M	1898	8865	Place-1
SMITH	Jacob	-----	M	1898	8866	Place-9
SMITH	Joseph	-----	M	1898	8867	Place-17
SMITH	Bob	-----	M	1898	8868	Place-15
SMITH	Jacob	-----	M	1898	8869	Place-3
SMITH	Briony	-----	F	1898	8870	Place-2
SMITH	Suzanne	-----	F	1898	8871	Place-17
SMITH	Susan	-----	F	1898	8872	Place-12
SMITH	Jenkins	-----	M	1898	8873	Place-9
SMITH	Paulo	-----	M	1898	8874	Place-24
SMITH	Joseph	-----	M	1898	8875	Place-5
SMITH	Sarah	-----	F	1898	8876	Place-14
SMITH	Shawn	-----	M	1898	8877	Place-24
SMITH	Shawn	-----	M	1898	8878	Place-19
SMITH	Susan	-----	F	1898	8879	Place-12
SMITH	Shawn	-----	M	1898	8880	Place-28
SMITH	Briony	-----	F	1898	8881	Place-17
SMITH	Sarah	-----	F	1898	8882	Place-21
SMITH	Jim	-----	M	1898	8883	Place-27
SMITH	Briony	-----	F	1898	8884	Place-29
SMITH	Jim	-----	M	1898	8885	Place-24
SMITH	Paulo	-----	M	1898	8886	Place-14
SMITH	Sarah	-----	F	1898	8887	Place-29
SMITH	Shawn	-----	M	1898	8888	Place-3
SMITH	Jacob	-----	M	1898	8889	Place-16
SMITH	Jacob	-----	M	1898	8890	Place-13
SMITH	Sheila	-----	F	1898	8891	Place-0
SMITH	Bob	-----	M	1898	8892	Place-28
SMITH	Jenkins	-----	M	1898	8893	Place-0
SMITH	Jim	-----	M	1898	8894	Place-27
SMITH	Jim	-----	M	1898	8895	Place-13
SMITH	Jim	-----	M	1898	8896	Place-24
SMITH	Jenkins	-----	M	1898	8897	Place-23
SMITH	Briony	-----	F	1898	8898	Place-7
SMITH	Joseph	-----	M	1898	8899	Place-28
SMITH	Paulo	-----	M	1898	8900	Place-15
SMITH	Paulo	-----	M	1898	8901	Place-14
SMITH	Sarah	-----	F	1898	8902	Place-24
SMITH	Sharon	-----	F	1898	8903	Place-0
SMITH	Sheila	-----	F	1898	8904	Place-20
SMITH	Jenkins	-----	M	1898	8905	Place-18
SMITH	Suzanne	-----	F	1898	8906	Place-23
SMITH	Briony	-----	F	1898	8907	Place-7
SMITH	Selina	-----	F	1898	8908	Place-10
SMITH	James	-----	M	1898	8909	Place-10
SMITH	Susan	-----	F	1898	8910	Place-24
SMITH	Suzanne	-----	F	1898	8911	Place-19
SMITH	Briony	-----	F	1898	8912	Place-26
SMITH	James	-----	M	1898	8913	Place-1
SMITH	Jenkins	-----	M	1898	8914	Place-0
SMITH	Briony	-----	F	1898	8915	Place-21
SMITH	Sarah	-----	F	1899	8936	Place-8
SMITH	Sheila	-----	F	1899	8937	Place-22
SMITH	Bob	-----	M	1899	8938	Place-18
SMITH	Paulo	-----	M	1899	8939	Place-28
SMITH	Briony	-----	F	1899	8940	Place-18
SMITH	Jenkins	-----	M	1899	8941	Place-6
SMITH	Briony	-----	F	1899	8942	Place-23
SMITH	Jacob	-----	M	1899	8943	Place-27
SMITH	Shawn	-----	M	1899	8944	Place-17
SMITH	Paulo	-----	M	1899	8945	Place-15
SMITH	Jim	-----	M	1899	8946	Place-11
SMITH	Jacob	-----	M	1899	8947	Place-17
SMITH	Bob	-----	M	1899	8948	Place-7
SMITH	Sharon	-----	F	1899	8949	Place-4
SMITH	Suzanne	-----	F	1899	8950	Place-14
SMITH	Selina	-----	F	1899	8951	Place-15
SMITH	Briony	-----	F	1899	8952	Place-8
SMITH	Seonaid	-----	F	1899	8953	Place-23
SMITH	Joseph	-----	M	1899	8954	Place-8
SMITH	Jacob	-----	M	1899	8955	Place-24
SMITH	Sharon	-----	F	1899	8956	Place-10
SMITH	Briony	-----	F	1899	8957	Place-22
SMITH	Suzanne	-----	F	1899	8958	Place-7
SMITH	Bob	-----	M	1899	8959	Place-15
SMITH	Joseph	-----	M	1899	8960	Place-22
SMITH	Susan	-----	F	1899	8961	Place-13
SMITH	Susan	-----	F	1899	8962	Place-21
SMITH	Paulo	-----	M	1899	8963	Place-12
SMITH	Jacob	-----	M	1899	8964	Place-6
SMITH	Seonaid	-----	F	1899	8965	Place-27
SMITH	Sarah	-----	F	1899	8966	Place-14
SMITH	James	-----	M	1899	8967	Place-3
SMITH	Sharon	-----	F	1899	8968	Place-20
SMITH	Bob	-----	M	1899	8969	Place-16
SMITH	Sheila	-----	F	1899	8970	Place-29
SMITH	Jim	-----	M	1899	8971	Place-7
SMITH	Selina	-----	F	1899	8972	Place-18
SMITH	Paulo	-----	M	1899	8973	Place-22
SMITH	Sarah	-----	F	1899	8974	Place-15
SMITH	Briony	-----	F	1899	8975	Place-1
SMITH	Seonaid	-----	F	1899	8976	Place-29
SMITH	Sarah	-----	F	1899	8977	Place-8
SMITH	Briony	-----	F	1899	8978	Place-17
SMITH	Sharon	-----	F	1899	8979	Place-20
SMITH	Sarah	-----	F	1899	8980	Place-13
SMITH	Bob	-----	M	1899	8981	Place-9
SMITH	Bob	-----	M	1899	8982	Place-22
SMITH	Sharon	-----	F	1899	8983	Place-29
SMITH	Susan	-----	F	1899	8984	Place-5
SMITH	Briony	-----	F	1899	8985	Place-28
SMITH	Sharon	-----	F	1899	8986	Place-5
SMITH	Sheila	-----	F	1899	8987	Place-11
SMITH	Sarah	-----	F	1899	8988	Place-21
SMITH	Shawn	-----	M	1899	8989	Place-27
SMITH	Jim	-----	M	1899	8990	Place-28
SMITH	Briony	-----	F	1899	8991	Place-20
SMITH	Joseph	-----	M	1899	8992	Place-6
SMITH	Paulo	-----	M	1899	8993	Place-9
SMITH	Jim	-----	M	1899	8994	Place-16
SMITH	Seonaid	-----	F	1899	8995	Place-16
SMITH	Jenkins	-----	M	1899	8996	Place-7
SMITH	Bob	-----	M	1899	8997	Place-19
SMITH	Sheila	-----	F	1899	8998	Place-10
SMITH	Sheila	-----	F	1899	8999	Place-15
SMITH	Suzanne	-----	F	1899	9000	Place-12
SMITH	Susan	-----	F	1899	9001	Place-1
SMITH	Briony	-----	F	1899	9002	Place-2
SMITH	Bob	-----	M	1899	9003	Place-26
SMITH	Susan	-----	F	1899	9004	Place-12
SMITH	Sharon	-----	F	1899	9005	Place-5
SMITH	Sharon	-----	F	1899	9006	Place-17
SMITH	Sheila	-----	F	1899	9007	Place-28
SMITH	Sheila	-----	F	1899	9008	Place-22
SMITH	Briony	-----	F	1899	9009	Place-13
SMITH	Jim	-----	M	1899	9010	Place-15
SMITH	Sharon	-----	F	1899	9011	Place-25
SMITH	Selina	-----	F	1899	9012	Place-27
SMITH	Jenkins	-----	M	1899	9013	Place-10
SMITH	Paulo	-----	M	1899	9014	Place-7
SMITH	Sharon	-----	F	1899	9015	Place-21
SMITH	Sarah	-----	F	1899	9016	Place-9
SMITH	James	-----	M	1899	9017	Place-8
SMITH	Sheila	-----	F	1899	9018	Place-6
SMITH	Sharon	-----	F	1899	9019	Place-6
SMITH	Seonaid	-----	F	1899	9020	Place-28
SMITH	Seonaid	-----	F	1899	9021	Place-17
SMITH	Selina	-----	F	1899	9022	Place-15
SMITH	Jacob	-----	M	1899	9023	Place-4
SMITH	Bob	-----	M	1899	9024	Place-6
SMITH	Sheila	-----	F	1899	9025	Place-18
SMITH	Joseph	-----	M	1899	9026	Place-3
SMITH	Sarah	-----	F	1899	9027	Place-12
SMITH	Joseph	-----	M	1899	9028	Place-24
SMITH	Selina	-----	F	1899	9029	Place-25
SMITH	Suzanne	-----	F	1899	9030	Place-20
SMITH	Briony	-----	F	1899	9031	Place-19
SMITH	Suzanne	-----	F	1899	9032	Place-27
SMITH	Selina	-----	F	1899	9033	Place-2
SMITH	Sharon	-----	F	1899	9034	Place-10
SMITH	Sharon	-----	F	1899	9035	Place-14
SMITH	Jacob	-----	M	1899	9036	Place-15
SMITH	Bob	-----	M	1899	9037	Place-5
SMITH	Joseph	-----	M	1899	9038	Place-6
SMITH	Sheila	-----	F	1899	9039	Place-28
SMITH	Sharon	-----	F	1899	9040	Place-27
SMITH	Sheila	-----	F	1899	9041	Place-12
SMITH	Sharon	-----	F	1899	9042	Place-7
SMITH	Paulo	-----	M	1899	9043	Place-1
SMITH	Jacob	-----	M	1899	9044	Place-0
SMITH	Shawn	-----	M	1899	9045	Place-28
SMITH	James	-----	M	1899	9046	Place-10
SMITH	Jenkins	-----	M	1899	9047	Place-15
SMITH	Jim	-----	M	1899	9048	Place-0
SMITH	Suzanne	-----	F	1899	9049	Place-7
SMITH	Jenkins	-----	M	1899	9050	Place-6
SMITH	Seonaid	-----	F	1899	9051	Place-16
SMITH	Briony	-----	F	1899	9052	Place-8
SMITH	Bob	-----	M	1899	9053	Place-24
SMITH	Jenkins	-----	M	1899	9054	Place-0
SMITH	Shawn	-----	M	1899	9055	Place-0
SMITH	Briony	-----	F	1899	9056	Place-6
SMITH	Jim	-----	M	1899	9057	Place-5
SMITH	Seonaid	-----	F	1899	9058	Place-8
SMITH	Suzanne	-----	F	1899	9059	Place-8
SMITH	Selina	-----	F	1899	9060	Place-6
SMITH	Sarah	-----	F	1899	9061	Place-22
SMITH	Briony	-----	F	1899	9062	Place-16
SMITH	Sheila	-----	F	1899	9063	Place-23
SMITH	Joseph	-----	M	1899	9064	Place-23
SMITH	Selina	-----	F	1899	9065	Place-24
SMITH	Sarah	-----	F	1899	9066	Place-7
SMITH	Sheila	-----	F	1899	9067	Place-18
SMITH	Sharon	-----	F	1899	9068	Place-10
SMITH	Jim	-----	M	1899	9069	Place-0
SMITH	Joseph	-----	M	1899	9070	Place-24
SMITH	Jim	-----	M	1899	9071	Place-10
SMITH	Briony	-----	F	1899	9072	Place-17
SMITH	Suzanne	-----	F	1899	9073	Place-22
SMITH	Briony	-----	F	1899	9074	Place-26
SMITH	Bob	-----	M	1899	9075	Place-19
SMITH	Jim	-----	M	1900	9097	Place-27
SMITH	Jim	-----	M	1900	9098	Place-21
SMITH	Sarah	-----	F	1900	9099	Place-11
SMITH	Jim	-----	M	1900	9100	Place-16
SMITH	Shawn	-----	M	1900	9101	Place-11
SMITH	Paulo	-----	M	1900	9102	Place-22
SMITH	Sharon	-----	F	1900	9103	Place-3
SMITH	Sarah	-----	F	1900	9104	Place-12
SMITH	James	-----	M	1900	9105	Place-4
SMITH	Sheila	-----	F	1900	9106	Place-29
SMITH	Shawn	-----	M	1900	9107	Place-4
SMITH	Sharon	-----	F	1900	9108	Place-16
SMITH	Sarah	-----	F	1900	9109	Place-18
SMITH	Susan	-----	F	1900	9110	Place-26
SMITH	Selina	-----	F	1900	9111	Place-8
SMITH	James	-----	M	1900	9112	Place-26
SMITH	Shawn	-----	M	1900	9113	Place-9
SMITH	Paulo	-----	M	1900	9114	Place-19
SMITH	Sheila	-----	F	1900	9115	Place-8
SMITH	Briony	-----	F	1900	9116	Place-14
SMITH	Jacob	-----	M	1900	9117	Place-11
SMITH	Suzanne	-----	F	1900	9118	Place-20
SMITH	Suzanne	-----	F	1900	9119	Place-1
SMITH	Sarah	-----	F	1900	9120	Place-6
SMITH	Selina	-----	F	1900	9121	Place-27
SMITH	Shawn	-----	M	1900	9122	Place-23
SMITH	Sharon	-----	F	1900	9123	Place-11
SMITH	Shawn	-----	M	1900	9124	Place-7
SMITH	Jenkins	-----	M	1900	9125	Place-28
SMITH	Jim	-----	M	1900	9126	Place-15
SMITH	Jenkins	-----	M	1900	9127	Place-15
SMITH	Shawn	-----	M	1900	9128	Place-11
SMITH	Briony	-----	F	1900	9129	Place-23
SMITH	Bob	-----	M	1900	9130	Place-0
SMITH	Jim	-----	M	1900	9131	Place-10
SMITH	Seonaid	-----	F	1900	9132	Place-19
SMITH	Suzanne	-----	F	1900	9133	Place-13
SMITH	Jenkins	-----	M	1900	9134	Place-11
SMITH	Jacob	-----	M	1900	9135	Place-27
SMITH	Briony	-----	F	1900	9136	Place-6
SMITH	Suzanne	-----	F	1900	9137	Place-17
SMITH	Shawn	-----	M	1900	9138	Place-0
SMITH	Jacob	-----	M	1900	9139	Place-29
SMITH	Sharon	-----	F	1900	9140	Place-28
SMITH	Suzanne	-----	F	1900	9141	Place-29
SMITH	Sarah	-----	F	1900	9142	Place-21
SMITH	Selina	-----	F	1900	9143	Place-7
SMITH	Jacob	-----	M	1900	9144	Place-1
SMITH	Sheila	-----	F	1900	9145	Place-10
SMITH	Shawn	-----	M	1900	9146	Place-17
SMITH	Joseph	-----	M	1900	9147	Place-13
SMITH	Susan	-----	F	1900	9148	Place-25
SMITH	Jenkins	-----	M	1900	9149	Place-29
SMITH	Briony	-----	F	1900	9150	Place-22
SMITH	Shawn	-----	M	1900	9151	Place-17
SMITH	Shawn	-----	M	1900	9152	Place-17
SMITH	Sheila	-----	F	1900	9153	Place-12
SMITH	Sharon	-----	F	1900	9154	Place-22
SMITH	Selina	-----	F	1900	9155	Place-6
SMITH	James	-----	M	1900	9156	Place-21
SMITH	Selina	-----	F	1900	9157	Place-3
SMITH	Briony	-----	F	1900	9158	Place-10
SMITH	Joseph	-----	M	1900	9159	Place-29
SMITH	James	-----	M	1900	9160	Place-0
SMITH	Jacob	-----	M	1900	9161	Place-12
SMITH	Suzanne	-----	F	1900	9162	Place-5
SMITH	Sheila	-----	F	1900	9163	Place-14
SMITH	Selina	-----	F	1900	9164	Place-6
SMITH	Jacob	-----	M	1900	9165	Place-13
SMITH	Selina	-----	F	1900	9166	Place-6
SMITH	Susan	-----	F	1900	9167	Place-28
SMITH	Sheila	-----	F	1900	9168	Place-28
SMITH	Sarah	-----	F	1900	9169	Place-5
SMITH	Paulo	-----	M	1900	9170	Place-25
SMITH	Sharon	-----	F	1900	9171	Place-11
SMITH	Bob	-----	M	1900	9172	Place-0
SMITH	Suzanne	-----	F	1900	9173	Place-27
SMITH	Selina	-----	F	1900	9174	Place-17
SMITH	Jim	-----	M	1900	9175	Place-17
SMITH	Briony	-----	F	1900	9176	Place-18
SMITH	James	-----	M	1900	9177	Place-27
SMITH	Briony	-----	F	1900	9178	Place-27
SMITH	Sarah	-----	F	1900	9179	Place-22
SMITH	Jacob	-----	M	1900	9180	Place-5
SMITH	Jenkins	-----	M	1900	9181	Place-29
SMITH	Sharon	-----	F	1900	9182	Place-10
SMITH	Briony	-----	F	1900	9183	Place-19
SMITH	Sheila	-----	F	1900	9184	Place-20
SMITH	Jacob	-----	M	1900	9185	Place-4
SMITH	Briony	-----	F	1900	9186	Place-28
SMITH	Shawn	-----	M	1900	9187	Place-23
SMITH	Selina	-----	F	1900	9188	Place-15
SMITH	Seonaid	-----	F	1900	9189	Place-6
SMITH	Sheila	-----	F	1900	9190	Place-8
SMITH	Seonaid	-----	F	1900	9191	Place-24
SMITH	Jenkins	-----	M	1900	9192	Place-16
SMITH	Seonaid	-----	F	1900	9193	Place-6
SMITH	Seonaid	-----	F	1900	9194	Place-27
SMITH	Shawn	-----	M	1900	9195	Place-21
SMITH	Selina	-----	F	1900	9196	Place-16
SMITH	Sharon	-----	F	1900	9197	Place-7
SMITH	Selina	-----	F	1900	9198	Place-21
SMITH	Joseph	-----	M	1900	9199	Place-8
SMITH	Sheila	-----	F	1900	9200	Place-25
SMITH	Shawn	-----	M	1900	9201	Place-5
SMITH	Sheila	-----	F	1900	9202	Place-4
SMITH	Selina	-----	F	1900	9203	Place-0
SMITH	Seonaid	-----	F	1900	9204	Place-21
SMITH	Suzanne	-----	F	1900	9205	Place-28
SMITH	Briony	-----	F	1900	9206	Place-15
SMITH	Jim	-----	M	1900	9207	Place-19
SMITH	Jenkins	-----	M	1900	9208	Place-26
SMITH	Joseph	-----	M	1900	9209	Place-2
SMITH	Jim	-----	M	1900	9210	Place-12
SMITH	Shawn	-----	M	1900	9211	Place-24
SMITH	Shawn	-----	M	1900	9212	Place-0
SMITH	Jenkins	-----	M	1900	9213	Place-2
SMITH	Susan	-----	F	1900	9214	Place-21
SMITH	Bob	-----	M	1900	9215	Place-25
SMITH	Sarah	-----	F	1900	9216	Place-6
SMITH	Sarah	-----	F	1900	9217	Place-22
SMITH	Joseph	-----	M	1900	9218	Place-4
SMITH	Briony	-----	F	1900	9219	Place-19
SMITH	Susan	-----	F	1900	9220	Place-13
SMITH	Bob	-----	M	1900	9221	Place-19
SMITH	Joseph	-----	M	1900	9222	Place-25
SMITH	Seonaid	-----	F	1900	9223	Place-28
SMITH	James	-----	M	1900	9224	Place-27
SMITH	Briony	-----	F	1900	9225	Place-24
SMITH	Jacob	-----	M	1900	9226	Place-1
SMITH	Joseph	-----	M	1900	9227	Place-8
SMITH	Sharon	-----	F	1900	9228	Place-19
SMITH	Jenkins	-----	M	1900	9229	Place-9
SMITH	Sheila	-----	F	1900	9230	Place-13
SMITH	Jenkins	-----	M	1900	9231	Place-24
SMITH	Seonaid	-----	F	1900	9232	Place-15
SMITH	Jenkins	-----	M	1901	9249	Place-5
SMITH	Jenkins	-----	M	1901	9250	Place-8
SMITH	Briony	-----	F	1901	9251	Place-13
SMITH	Sarah	-----	F	1901	9252	Place-24
SMITH	Jim	-----	M	1901	9253	Place-28
SMITH	Jacob	-----	M	1901	9254	Place-29
SMITH	Shawn	-----	M	1901	9255	Place-17
SMITH	James	-----	M	1901	9256	Place-14
SMITH	Selina	-----	F	1901	9257	Place-9
SMITH	Susan	-----	F	1901	9258	Place-15
SMITH	Jacob	-----	M	1901	9259	Place-1
SMITH	Sharon	-----	F	1901	9260	Place-28
SMITH	Jacob	-----	M	1901	9261	Place-8
SMITH	Sharon	-----	F	1901	9262	Place-0
SMITH	Suzanne	-----	F	1901	9263	Place-11
SMITH	Suzanne	-----	F	1901	9264	Place-25
SMITH	James	-----	M	1901	9265	Place-29
SMITH	Suzanne	-----	F	1901	9266	Place-0
SMITH	Joseph	-----	M	1901	9267	Place-8
SMITH	Seonaid	-----	F	1901	9268	Place-18
SMITH	Seonaid	-----	F	1901	9269	Place-27
SMITH	Sheila	-----	F	1901	9270	Place-6
SMITH	Shawn	-----	M	1901	9271	Place-26
SMITH	Sharon	-----	F	1901	9272	Place-23
SMITH	James	-----	M	1901	9273	Place-14
SMITH	Susan	-----	F	1901	9274	Place-19
SMITH	Suzanne	-----	F	1901	9275	Place-11
SMITH	Bob	-----	M	1901	9276	Place-18
SMITH	Bob	-----	M	1901	9277	Place-6
SMITH	Jacob	-----	M	1901	9278	Place-18
SMITH	Shawn	-----	M	1901	9279	Place-15
SMITH	Sarah	-----	F	1901	9280	Place-11
SMITH	Susan	-----	F	1901	9281	Place-1
SMITH	Bob	-----	M	1901	9282	Place-28
SMITH	Jim	-----	M	1901	9283	Place-23
SMITH	Bob	-----	M	1901	9284	Place-2
SMITH	Sharon	-----	F	1901	9285	Place-15
SMITH	Seonaid	-----	F	1901	9286	Place-12
SMITH	Shawn	-----	M	1901	9287	Place-15
SMITH	Shawn	-----	M	1901	9288	Place-4
SMITH	Seonaid	-----	F	1901	9289	Place-6
SMITH	Sarah	-----	F	1901	9290	Place-26
SMITH	Sheila	-----	F	1901	9291	Place-6
SMITH	James	-----	M	1901	9292	Place-15
SMITH	Sarah	-----	F	1901	9293	Place-12
SMITH	Selina	-----	F	1901	9294	Place-25
SMITH	Susan	-----	F	1901	9295	Place-10
SMITH	James	-----	M	1901	9296	Place-16
SMITH	Sheila	-----	F	1901	9297	Place-6
SMITH	Bob	-----	M	1901	9298	Place-29
SMITH	Sheila	-----	F	1901	9299	Place-22
SMITH	Shawn	-----	M	1901	9300	Place-21
SMITH	Jenkins	-----	M	1901	9301	Place-29
SMITH	Jenkins	-----	M	1901	9302	Place-11
SMITH	Susan	-----	F	1901	9303	Place-3
SMITH	Selina	-----	F	1901	9304	Place-19
SMITH	Shawn	-----	M	1901	9305	Place-23
SMITH	Bob	-----	M	1901	9306	Place-22
SMITH	Jacob	-----	M	1901	9307	Place-3
SMITH	Paulo	-----	M	1901	9308	Place-3
SMITH	Paulo	-----	M	1901	9309	Place-13
SMITH	Jenkins	-----	M	1901	9310	Place-17
SMITH	Sharon	-----	F	1901	9311	Place-22
SMITH	Jim	-----	M	1901	9312	Place-21
SMITH	Joseph	-----	M	1901	9313	Place-10
SMITH	Sharon	-----	F	1901	9314	Place-8
SMITH	Susan	-----	F	1901	9315	Place-6
SMITH	Briony	-----	F	1901	9316	Place-10
SMITH	Jenkins	-----	M	1901	9317	Place-3
SMITH	Paulo	-----	M	1901	9318	Place-16
SMITH	Suzanne	-----	F	1901	9319	Place-20
SMITH	Sheila	-----	F	1901	9320	Place-16
SMITH	Seonaid	-----	F	1901	9321	Place-16
SMITH	James	-----	M	1901	9322	Place-29
SMITH	Joseph	-----	M	1901	9323	Place-0
SMITH	Shawn	-----	M	1901	9324	Place-12
SMITH	Susan	-----	F	1901	9325	Place-5
SMITH	Jacob	-----	M	1901	9326	Place-9
SMITH	Jenkins	-----	M	1901	9327	Place-16
SMITH	Sheila	-----	F	1901	9328	Place-17
SMITH	Joseph	-----	M	1901	9329	Place-0
SMITH	Suzanne	-----	F	1901	9330	Place-24
SMITH	Jim	-----	M	1901	9331	Place-21
SMITH	James	-----	M	1901	9332	Place-21
SMITH	Sheila	-----	F	1901	9333	Place-28
SMITH	Joseph	-----	M	1901	9334	Place-25
SMITH	Selina	-----	F	1901	9335	Place-13
SMITH	Paulo	-----	M	1901	9336	Place-7
SMITH	Jenkins	-----	M	1901	9337	Place-9
SMITH	Jim	-----	M	1901	9338	Place-18
SMITH	Susan	-----	F	1901	9339	Place-23
SMITH	Jenkins	-----	M	1901	9340	Place-4
SMITH	Sheila	-----	F	1901	9341	Place-15
SMITH	Sharon	-----	F	1901	9342	Place-22
SMITH	Selina	-----	F	1901	9343	Place-23
SMITH	Jenkins	-----	M	1901	9344	Place-22
SMITH	Joseph	-----	M	1901	9345	Place-17
SMITH	Jenkins	-----	M	1901	9346	Place-19
SMITH	Jacob	-----	M	1901	9347	Place-1
SMITH	Sarah	-----	F	1901	9348	Place-8
SMITH	Jenkins	-----	M	1901	9349	Place-29
SMITH	Selina	-----	F	1901	9350	Place-3
SMITH	Sheila	-----	F	1901	9351	Place-19
SMITH	Jacob	-----	M	1901	9352	Place-28
SMITH	Jenkins	-----	M	1901	9353	Place-0
SMITH	Jacob	-----	M	1901	9354	Place-20
SMITH	Seonaid	-----	F	1901	9355	Place-10
SMITH	Selina	-----	F	1901	9356	Place-15
SMITH	James	-----	M	1901	9357	Place-24
SMITH	Joseph	-----	M	1901	9358	Place-7
SMITH	Sarah	-----	F	1901	9359	Place-22
SMITH	James	-----	M	1901	9360	Place-29
SMITH	Jacob	-----	M	1901	9361	Place-7
SMITH	Sarah	-----	F	1901	9362	Place-8
SMITH	Jenkins	-----	M	1901	9363	Place-23
SMITH	Joseph	-----	M	1901	9364	Place-0
SMITH	Susan	-----	F	1901	9365	Place-25
SMITH	Sarah	-----	F	1901	9366	Place-10
SMITH	Susan	-----	F	1901	9367	Place-15
SMITH	Susan	-----	F	1901	9368	Place-27
SMITH	Shawn	-----	M	1901	9369	Place-3
SMITH	Sarah	-----	F	1901	9370	Place-8
SMITH	Paulo	-----	M	1901	9371	Place-2
SMITH	Bob	-----	M	1901	9372	Place-25
SMITH	Paulo	-----	M	1901	9373	Place-7
SMITH	Sarah	-----	F	1901	9374	Place-5
SMITH	Jacob	-----	M	1901	9375	Place-21
SMITH	Jacob	-----	M	1901	9376	Place-1
SMITH	Jacob	-----	M	1901	9377	Place-14
SMITH	Bob	-----	M	1901	9378	Place-22
SMITH	Sarah	-----	F	1901	9379	Place-19
SMITH	James	-----	M	1901	9380	Place-24
SMITH	Seonaid	-----	F	1901	9381	Place-21
SMITH	Jenkins	-----	M	1901	9382	Place-0
SMITH	Briony	-----	F	1901	9383	Place-13
SMITH	Sarah	-----	F	1901	9384	Place-22
SMITH	Jacob	-----	M	1901	9385	Place-12
SMITH	Shawn	-----	M	1901	9386	Place-29
SMITH	Jacob	-----	M	1901	9387	Place-26
SMITH	Jacob	-----	M	1901	9388	Place-17
SMITH	Shawn	-----	M	1901	9389	Place-2
SMITH	James	-----	M	1901	9390	Place-17
SMITH	Seonaid	-----	F	1901	9391	Place-16
SMITH	Sharon	-----	F	1901	9392	Place-5
SMITH	Paulo	-----	M	1901	9393	Place-12
SMITH	Seonaid	-----	F	1901	9394	Place-20
SMITH	Paulo	-----	M	1901	9395	Place-21
SMITH	Bob	-----	M	1901	9396	Place-15
SMITH	Selina	-----	F	1902	9408	Place-9
SMITH	Seonaid	-----	F	1902	9409	Place-10
SMITH	Sheila	-----	F	1902	9410	Place-20
SMITH	Seonaid	-----	F	1902	9411	Place-1
SMITH	Seonaid	-----	F	1902	9412	Place-4
SMITH	Susan	-----	F	1902	9413	Place-13
SMITH	Sharon	-----	F	1902	9414	Place-13
SMITH	Sarah	-----	F	1902	9415	Place-26
SMITH	Sarah	-----	F	1902	9416	Place-13
SMITH	Sheila	-----	F	1902	9417	Place-29
SMITH	Jenkins	-----	M	1902	9418	Place-13
SMITH	Briony	-----	F	1902	9419	Place-22
SMITH	Sharon	-----	F	1902	9420	Place-12
SMITH	Jacob	-----	M	1902	9421	Place-8
SMITH	Sharon	-----	F	1902	9422	Place-22
SMITH	Paulo	-----	M	1902	9423	Place-23
SMITH	Jim	-----	M	1902	9424	Place-25
SMITH	Shawn	-----	M	1902	9425	Place-10
SMITH	Bob	-----	M	1902	9426	Place-4
SMITH	Shawn	-----	M	1902	9427	Place-6
SMITH	Paulo	-----	M	1902	9428	Place-21
SMITH	Paulo	-----	M	1902	9429	Place-22
SMITH	Jacob	-----	M	1902	9430	Place-13
SMITH	Jim	-----	M	1902	9431	Place-4
SMITH	Jenkins	-----	M	1902	9432	Place-19
SMITH	Jacob	-----	M	1902	9433	Place-16
SMITH	Jim	-----	M	1902	9434	Place-27
SMITH	Selina	-----	F	1902	9435	Place-7
SMITH	Jim	-----	M	1902	9436	Place-6
SMITH	Sharon	-----	F	1902	9437	Place-28
SMITH	Sharon	-----	F	1902	9438	Place-24
SMITH	Bob	-----	M	1902	9439	Place-23
SMITH	Paulo	-----	M	1902	9440	Place-23
SMITH	Paulo	-----	M	1902	9441	Place-16
SMITH	Sheila	-----	F	1902	9442	Place-23
SMITH	Selina	-----	F	1902	9443	Place-28
SMITH	Jenkins	-----	M	1902	9444	Place-5
SMITH	Jenkins	-----	M	1902	9445	Place-3
SMITH	Sharon	-----	F	1902	9446	Place-14
SMITH	Paulo	-----	M	1902	9447	Place-24
SMITH	Sarah	-----	F	1902	9448	Place-7
SMITH	Jacob	-----	M	1902	9449	Place-15
SMITH	James	-----	M	1902	9450	Place-17
SMITH	Jenkins	-----	M	1902	9451	Place-16
SMITH	Jenkins	-----	M	1902	9452	Place-3
SMITH	Sheila	-----	F	1902	9453	Place-10
SMITH	Joseph	-----	M	1902	9454	Place-5
SMITH	Seonaid	-----	F	1902	9455	Place-22
SMITH	Bob	-----	M	1902	9456	Place-15
SMITH	Suzanne	-----	F	1902	9457	Place-13
SMITH	Sheila	-----	F	1902	9458	Place-25
SMITH	Briony	-----	F	1902	9459	Place-9
SMITH	Joseph	-----	M	1902	9460	Place-28
SMITH	Bob	-----	M	1902	9461	Place-5
SMITH	Briony	-----	F	1902	9462	Place-5
SMITH	Sharon	-----	F	1902	9463	Place-4
SMITH	Briony	-----	F	1902	9464	Place-22
SMITH	Suzanne	-----	F	1902	9465	Place-14
SMITH	James	-----	M	1902	9466	Place-9
SMITH	Joseph	-----	M	1902	9467	Place-25
SMITH	Shawn	-----	M	1902	9468	Place-11
SMITH	Joseph	-----	M	1902	9469	Place-18
SMITH	Briony	-----	F	1902	9470	Place-14
SMITH	Jim	-----	M	1902	9471	Place-29
SMITH	Paulo	-----	M	1902	9472	Place-0
SMITH	James	-----	M	1902	9473	Place-2
SMITH	Jacob	-----	M	1902	9474	Place-23
SMITH	Jenkins	-----	M	1902	9475	Place-6
SMITH	Briony	-----	F	1902	9476	Place-22
SMITH	Seonaid	-----	F	1902	9477	Place-11
SMITH	Paulo	-----	M	1902	9478	Place-9
SMITH	Jenkins	-----	M	1902	9479	Place-7
SMITH	Jim	-----	M	1902	9480	Place-23
SMITH	Suzanne	-----	F	1902	9481	Place-18
SMITH	Shawn	-----	M	1902	9482	Place-23
SMITH	Selina	-----	F	1902	9483	Place-3
SMITH	Bob	-----	M	1902	9484	Place-22
SMITH	Briony	-----	F	1902	9485	Place-3
SMITH	Seonaid	-----	F	1902	9486	Place-27
SMITH	Susan	-----	F	1902	9487	Place-22
SMITH	Briony	-----	F	1902	9488	Place-17
SMITH	Suzanne	-----	F	1902	9489	Place-21
SMITH	Sheila	-----	F	1902	9490	Place-8
SMITH	Seonaid	-----	F	1902	9491	Place-17
SMITH	James	-----	M	1902	9492	Place-23
SMITH	James	-----	M	1902	9493	Place-27
SMITH	Selina	-----	F	1902	9494	Place-19
SMITH	Jacob	-----	M	1902	9495	Place-10
SMITH	Shawn	-----	M	1902	9496	Place-20
SMITH	Selina	-----	F	1902	9497	Place-9
SMITH	Shawn	-----	M	1902	9498	Place-23
SMITH	Paulo	-----	M	1902	9499	Place-2
SMITH	Sharon	-----	F	1902	9500	Place-20
SMITH	Shawn	-----	M	1902	9501	Place-17
SMITH	Joseph	-----	M	1902	9502	Place-14
SMITH	Jim	-----	M	1902	9503	Place-29
SMITH	Bob	-----	M	1902	9504	Place-6
SMITH	Bob	-----	M	1902	9505	Place-11
SMITH	Joseph	-----	M	1902	9506	Place-26
SMITH	Jim	-----	M	1902	9507	Place-26
SMITH	Jacob	-----	M	1902	9508	Place-14
SMITH	Sharon	-----	F	1902	9509	Place-10
SMITH	Jim	-----	M	1902	9510	Place-19
SMITH	Briony	-----	F	1902	9511	Place-9
SMITH	Sharon	-----	F	1902	9512	Place-10
SMITH	Selina	-----	F	1902	9513	Place-6
SMITH	Shawn	-----	M	1902	9514	Place-19
SMITH	Selina	-----	F	1902	9515	Place-20
SMITH	Seonaid	-----	F	1902	9516	Place-23
SMITH	Susan	-----	F	1902	9517	Place-9
SMITH	Sarah	-----	F	1902	9518	Place-29
SMITH	James	-----	M	1902	9519	Place-17
SMITH	Susan	-----	F	1902	9520	Place-21
SMITH	Bob	-----	M	1902	9521	Place-4
SMITH	James	-----	M	1902	9522	Place-4
SMITH	Susan	-----	F	1902	9523	Place-22
SMITH	Jenkins	-----	M	1902	9524	Place-0
SMITH	James	-----	M	1902	9525	Place-1
SMITH	Seonaid	-----	F	1902	9526	Place-21
SMITH	Bob	-----	M	1903	9551	Place-24
SMITH	Susan	-----	F	1903	9552	Place-18
SMITH	Jim	-----	M	1903	9553	Place-22
SMITH	Jacob	-----	M	1903	9554	Place-5
SMITH	Selina	-----	F	1903	9555	Place-11
SMITH	Briony	-----	F	1903	9556	Place-24
SMITH	Joseph	-----	M	1903	9557	Place-17
SMITH	Bob	-----	M	1903	9558	Place-9
SMITH	Jim	-----	M	1903	9559	Place-26
SMITH	Bob	-----	M	1903	9560	Place-5
SMITH	Sharon	-----	F	1903	9561	Place-19
SMITH	Selina	-----	F	1903	9562	Place-8
SMITH	Bob	-----	M	1903	9563	Place-17
SMITH	Sheila	-----	F	1903	9564	Place-3
SMITH	Sheila	-----	F	1903	9565	Place-21
SMITH	Seonaid	-----	F	1903	9566	Place-12
SMITH	Sarah	-----	F	1903	9567	Place-14
SMITH	Jacob	-----	M	1903	9568	Place-23
SMITH	Briony	-----	F	1903	9569	Place-25
SMITH	James	-----	M	1903	9570	Place-19
SMITH	Jim	-----	M	1903	9571	Place-12
SMITH	Bob	-----	M	1903	9572	Place-23
SMITH	Jim	-----	M	1903	9573	Place-12
SMITH	Jim	-----	M	1903	9574	Place-13
SMITH	Briony	-----	F	1903	9575	Place-11
SMITH	Selina	-----	F	1903	9576	Place-26
SMITH	Sheila	-----	F	1903	9577	Place-3
SMITH	Jim	-----	M	1903	9578	Place-17
SMITH	Briony	-----	F	1903	9579	Place-8
SMITH	Sharon	-----	F	1903	9580	Place-7
SMITH	Jenkins	-----	M	1903	9581	Place-24
SMITH	Sheila	-----	F	1903	9582	Place-13
SMITH	Paulo	-----	M	1903	9583	Place-16
SMITH	Bob	-----	M	1903	9584	Place-4
SMITH	Suzanne	-----	F	1903	9585	Place-15
SMITH	Seonaid	-----	F	1903	9586	Place-22
SMITH	Jim	-----	M	1903	9587	Place-6
SMITH	Seonaid	-----	F	1903	9588	Place-20
SMITH	Selina	-----	F	1903	9589	Place-3
SMITH	Sarah	-----	F	1903	9590	Place-29
SMITH	Seonaid	-----	F	1903	9591	Place-15
SMITH	Jenkins	-----	M	1903	9592	Place-23
SMITH	James	-----	M	1903	9593	Place-18
SMITH	Briony	-----	F	1903	9594	Place-8
SMITH	Joseph	-----	M	1903	9595	Place-16
SMITH	Seonaid	-----	F	1903	9596	Place-4
SMITH	Shawn	-----	M	1903	9597	Place-24
SMITH	Briony	-----	F	1903	9598	Place-0
SMITH	Sarah	-----	F	1903	9599	Place-28
SMITH	Jenkins	-----	M	1903	9600	Place-0
SMITH	Sheila	-----	F	1903	9601	Place-7
SMITH	Sarah	-----	F	1903	9602	Place-9
SMITH	Briony	-----	F	1903	9603	Place-17
SMITH	Jenkins	-----	M	1903	9604	Place-1
SMITH	Jenkins	-----	M	1903	9605	Place-17
SMITH	Sharon	-----	F	1903	9606	Place-20
SMITH	Jenkins	-----	M	1903	9607	Place-12
SMITH	Jenkins	-----	M	1903	9608	Place-27
SMITH	Sharon	-----	F	1903	9609	Place-6
SMITH	Jenkins	-----	M	1903	9610	Place-6
SMITH	Jim	-----	M	1903	9611	Place-25
SMITH	Seonaid	-----	F	1903	9612	Place-18
SMITH	Sarah	-----	F	1903	9613	Place-22
SMITH	James	-----	M	1903	9614	Place-17
SMITH	James	-----	M	1903	9615	Place-25
SMITH	Paulo	-----	M	1903	9616	Place-29
SMITH	Sheila	-----	F	1903	9617	Place-3
SMITH	Suzanne	-----	F	1903	9618	Place-0
SMITH	Sarah	-----	F	1903	9619	Place-3
SMITH	Jenkins	-----	M	1903	9620	Place-13
SMITH	Sharon	-----	F	1903	9621	Place-26
SMITH	Suzanne	-----	F	1903	9622	Place-5
SMITH	Briony	-----	F	1903	9623	Place-24
SMITH	Paulo	-----	M	1903	9624	Place-4
SMITH	Jacob	-----	M	1903	9625	Place-0
SMITH	Sharon	-----	F	1903	9626	Place-28
SMITH	James	-----	M	1903	9627	Place-22
SMITH	Bob	-----	M	1903	9628	Place-9
SMITH	Jim	-----	M	1903	9629	Place-8
SMITH	Seonaid	-----	F	1903	9630	Place-26
SMITH	Bob	-----	M	1903	9631	Place-2
SMITH	Paulo	-----	M	1903	9632	Place-12
SMITH	Selina	-----	F	1903	9633	Place-17
SMITH	Selina	-----	F	1903	9634	Place-0
SMITH	Paulo	-----	M	1903	9635	Place-26
SMITH	Sheila	-----	F	1903	9636	Place-13
SMITH	Seonaid	-----	F	1903	9637	Place-28
SMITH	Paulo	-----	M	1903	9638	Place-5
SMITH	Jim	-----	M	1903	9639	Place-23
SMITH	Sharon	-----	F	1903	9640	Place-19
SMITH	Susan	-----	F	1903	9641	Place-21
SMITH	Jenkins	-----	M	1903	9642	Place-21
SMITH	Sheila	-----	F	1903	9643	Place-8
SMITH	Briony	-----	F	1903	9644	Place-17
SMITH	Sharon	-----	F	1903	9645	Place-1
SMITH	Jacob	-----	M	1903	9646	Place-19
SMITH	Susan	-----	F	1903	9647	Place-15
SMITH	Sharon	-----	F	1903	9648	Place-8
SMITH	Sharon	-----	F	1903	9649	Place-10
SMITH	Bob	-----	M	1903	9650	Place-21
SMITH	Sharon	-----	F	1903	9651	Place-2
SMITH	Jim	-----	M	1903	9652	Place-10
SMITH	Selina	-----	F	1903	9653	Place-24
SMITH	Sharon	-----	F	1903	9654	Place-6
SMITH	Sheila	-----	F	1903	9655	Place-24
SMITH	Seonaid	-----	F	1903	9656	Place-3
SMITH	James	-----	M	1903	9657	Place-24
SMITH	Suzanne	-----	F	1903	9658	Place-23
SMITH	Sarah	-----	F	1903	9659	Place-15
SMITH	Bob	-----	M	1903	9660	Place-26
SMITH	Selina	-----	F	1903	9661	Place-25
SMITH	Sarah	-----	F	1903	9662	Place-19
SMITH	Susan	-----	F	1903	9663	Place-16
SMITH	Seonaid	-----	F	1903	9664	Place-23
SMITH	Sharon	-----	F	1903	9665	Place-8
SMITH	Susan	-----	F	1903	9666	Place-10
SMITH	Sarah	-----	F	1903	9667	Place-4
SMITH	Sharon	-----	F	1903	9668	Place-0
SMITH	James	-----	M	1903	9669	Place-6
SMITH	Paulo	-----	M	1903	9670	Place-17
SMITH	Sarah	-----	F	1903	9671	Place-14
SMITH	Joseph	-----	M	1903	9672	Place-17
SMITH	Bob	-----	M	1903	9673	Place-12
SMITH	Selina	-----	F	1903	9674	Place-17
SMITH	James	-----	M	1903	9675	Place-23
SMITH	Bob	-----	M	1903	9676	Place-5
SMITH	Briony	-----	F	1903	9677	Place-21
SMITH	Bob	-----	M	1903	9678	Place-26
SMITH	James	-----	M	1903	9679	Place-16
SMITH	Jacob	-----	M	1903	9680	Place-29
SMITH	Sharon	-----	F	1903	9681	Place-6
SMITH	Shawn	-----	M	1903	9682	Place-21
SMITH	Sharon	-----	F	1903	9683	Place-11
SMITH	Jenkins	-----	M	1903	9684	Place-24
SMITH	Bob	-----	M	1903	9685	Place-10
SMITH	Jim	-----	M	1904	9706	Place-5
SMITH	Sheila	-----	F	1904	9707	Place-25
SMITH	Susan	-----	F	1904	9708	Place-28
SMITH	Jim	-----	M	1904	9709	Place-4
SMITH	Jenkins	-----	M	1904	9710	Place-14
SMITH	Jenkins	-----	M	1904	9711	Place-6
SMITH	Briony	-----	F	1904	9712	Place-24
SMITH	Paulo	-----	M	1904	9713	Place-17
SMITH	Seonaid	-----	F	1904	9714	Place-16
SMITH	Jenkins	-----	M	1904	9715	Place-15
SMITH	Jim	-----	M	1904	9716	Place-14
SMITH	James	-----	M	1904	9717	Place-3
SMITH	Selina	-----	F	1904	9718	Place-22
SMITH	Sheila	-----	F	1904	9719	Place-17
SMITH	James	-----	M	1904	9720	Place-15
SMITH	Suzanne	-----	F	1904	9721	Place-15
SMITH	James	-----	M	1904	9722	Place-26
SMITH	Shawn	-----	M	1904	9723	Place-12
SMITH	Briony	-----	F	1904	9724	Place-25
SMITH	James	-----	M	1904	9725	Place-19
SMITH	Jacob	-----	M	1904	9726	Place-4
SMITH	Paulo	-----	M	1904	9727	Place-5
SMITH	Sarah	-----	F	1904	9728	Place-10
SMITH	Selina	-----	F	1904	9729	Place-26
SMITH	Jenkins	-----	M	1904	9730	Place-18
SMITH	Sarah	-----	F	1904	9731	Place-8
SMITH	Jenkins	-----	M	1904	9732	Place-2
SMITH	Briony	-----	F	1904	9733	Place-26
SMITH	Paulo	-----	M	1904	9734	Place-11
SMITH	Shawn	-----	M	1904	9735	Place-1
SMITH	Jacob	-----	M	1904	9736	Place-14
SMITH	Seonaid	-----	F	1904	9737	Place-6
SMITH	Paulo	-----	M	1904	9738	Place-16
SMITH	Suzanne	-----	F	1904	9739	Place-4
SMITH	Sheila	-----	F	1904	9740	Place-2
SMITH	Sarah	-----	F	1904	9741	Place-13
SMITH	Joseph	-----	M	1904	9742	Place-23
SMITH	Joseph	-----	M	1904	9743	Place-4
SMITH	Selina	-----	F	1904	9744	Place-14
SMITH	Bob	-----	M	1904	9745	Place-29
SMITH	Suzanne	-----	F	1904	9746	Place-18
SMITH	Briony	-----	F	1904	9747	Place-29
SMITH	Selina	-----	F	1904	9748	Place-29
SMITH	Sharon	-----	F	1904	9749	Place-16
SMITH	Jim	-----	M	1904	9750	Place-3
SMITH	Susan	-----	F	1904	9751	Place-4
SMITH	Jim	-----	M	1904	9752	Place-0
SMITH	Briony	-----	F	1904	9753	Place-6
SMITH	Paulo	-----	M	1904	9754	Place-1
SMITH	Seonaid	-----	F	1904	9755	Place-4
SMITH	Bob	-----	M	1904	9756	Place-2
SMITH	Paulo	-----	M	1904	9757	Place-18
SMITH	Jenkins	-----	M	1904	9758	Place-29
SMITH	Sharon	-----	F	1904	9759	Place-24
SMITH	Seonaid	-----	F	1904	9760	Place-4
SMITH	Bob	-----	M	1904	9761	Place-15
SMITH	Shawn	-----	M	1904	9762	Place-12
SMITH	Jacob	-----	M	1904	9763	Place-15
SMITH	Joseph	-----	M	1904	9764	Place-18
SMITH	Susan	-----	F	1904	9765	Place-5
SMITH	Paulo	-----	M	1904	9766	Place-20
SMITH	Sharon	-----	F	1904	9767	Place-26
SMITH	Susan	-----	F	1904	9768	Place-18
SMITH	James	-----	M	1904	9769	Place-11
SMITH	Sheila	-----	F	1904	9770	Place-16
SMITH	Sheila	-----	F	1904	9771	Place-6
SMITH	Sheila	-----	F	1904	9772	Place-8
SMITH	Sheila	-----	F	1904	9773	Place-14
SMITH	Sheila	-----	F	1904	9774	Place-13
SMITH	Sheila	-----	F	1904	9775	Place-7
SMITH	Sheila	-----	F	1904	9776	Place-22
SMITH	Sarah	-----	F	1904	9777	Place-22
SMITH	Jim	-----	M	1904	9778	Place-16
SMITH	Sheila	-----	F	1904	9779	Place-25
SMITH	Selina	-----	F	1904	9780	Place-29
SMITH	Shawn	-----	M	1904	9781	Place-14
SMITH	Shawn	-----	M	1904	9782	Place-28
SMITH	Shawn	-----	M	1904	9783	Place-29
SMITH	Paulo	-----	M	1904	9784	Place-5
SMITH	Jenkins	-----	M	1904	9785	Place-8
SMITH	Suzanne	-----	F	1904	9786	Place-20
SMITH	Sharon	-----	F	1904	9787	Place-19
SMITH	Bob	-----	M	1904	9788	Place-25
SMITH	James	-----	M	1904	9789	Place-2
SMITH	Jenkins	-----	M	1904	9790	Place-10
SMITH	Bob	-----	M	1904	9791	Place-4
SMITH	Joseph	-----	M	1904	9792	Place-9
SMITH	Jim	-----	M	1904	9793	Place-23
SMITH	Sarah	-----	F	1904	9794	Place-21
SMITH	Suzanne	-----	F	1904	9795	Place-9
SMITH	Jim	-----	M	1904	9796	Place-28
SMITH	Suzanne	-----	F	1904	9797	Place-1
SMITH	Jenkins	-----	M	1904	9798	Place-15
SMITH	Jenkins	-----	M	1904	9799	Place-23
SMITH	Seonaid	-----	F	1904	9800	Place-26
SMITH	Paulo	-----	M	1904	9801	Place-2
SMITH	Jenkins	-----	M	1904	9802	Place-2
SMITH	Jim	-----	M	1904	9803	Place-11
SMITH	Jacob	-----	M	1904	9804	Place-21
SMITH	Suzanne	-----	F	1904	9805	Place-6
SMITH	Joseph	-----	M	1904	9806	Place-1
SMITH	Jim	-----	M	1904	9807	Place-23
SMITH	Briony	-----	F	1904	9808	Place-16
SMITH	Jenkins	-----	M	1904	9809	Place-9
SMITH	Selina	-----	F	1904	9810	Place-24
SMITH	Selina	-----	F	1904	9811	Place-29
SMITH	James	-----	M	1904	9812	Place-10
SMITH	Paulo	-----	M	1904	9813	Place-19
SMITH	Seonaid	-----	F	1904	9814	Place-21
SMITH	Sheila	-----	F	1904	9815	Place-22
SMITH	Paulo	-----	M	1904	9816	Place-11
SMITH	Suzanne	-----	F	1904	9817	Place-19
SMITH	James	-----	M	1904	9818	Place-17
SMITH	James	-----	M	1904	9819	Place-7
SMITH	Selina	-----	F	1904	9820	Place-3
SMITH	Selina	-----	F	1904	9821	Place-1
SMITH	Selina	-----	F	1904	9822	Place-5
SMITH	Susan	-----	F	1904	9823	Place-16
SMITH	Suzanne	-----	F	1904	9824	Place-21
SMITH	Briony	-----	F	1904	9825	Place-21
SMITH	Selina	-----	F	1904	9826	Place-14
SMITH	Paulo	-----	M	1904	9827	Place-22
SMITH	Briony	-----	F	1904	9828	Place-0
SMITH	Joseph	-----	M	1904	9829	Place-28
SMITH	Shawn	-----	M	1904	9830	Place-7
SMITH	Sharon	-----	F	1904	9831	Place-6
SMITH	Susan	-----	F	1904	9832	Place-9
SMITH	Briony	-----	F	1904	9833	Place-21
SMITH	Briony	-----	F	1904	9834	Place-14
SMITH	Seonaid	-----	F	1904	9835	Place-11
SMITH	Jacob	-----	M	1905	9852	Place-5
SMITH	Jim	-----	M	1905	9853	Place-7
SMITH	Selina	-----	F	1905	9854	Place-9
SMITH	Suzanne	-----	F	1905	9855	Place-5
SMITH	Jacob	-----	M	1905	9856	Place-8
SMITH	Seonaid	-----	F	1905	9857	Place-22
SMITH	Selina	-----	F	1905	9858	Place-8
SMITH	Sheila	-----	F	1905	9859	Place-5
SMITH	Jim	-----	M	1905	9860	Place-14
SMITH	Jim	-----	M	1905	9861	Place-4
SMITH	Sheila	-----	F	1905	9862	Place-17
SMITH	Paulo	-----	M	1905	9863	Place-17
SMITH	Seonaid	-----	F	1905	9864	Place-2
SMITH	Seonaid	-----	F	1905	9865	Place-6
SMITH	Jacob	-----	M	1905	9866	Place-26
SMITH	Sharon	-----	F	1905	9867	Place-17
SMITH	Jim	-----	M	1905	9868	Place-17
SMITH	Selina	-----	F	1905	9869	Place-0
SMITH	Sharon	-----	F	1905	9870	Place-21
SMITH	Bob	-----	M	1905	9871	Place-11
SMITH	Jenkins	-----	M	1905	9872	Place-24
SMITH	Sharon	-----	F	1905	9873	Place-3
SMITH	Bob	-----	M	1905	9874	Place-3
SMITH	Sarah	-----	F	1905	9875	Place-7
SMITH	Briony	-----	F	1905	9876	Place-4
SMITH	Joseph	-----	M	1905	9877	Place-13
SMITH	Paulo	-----	M	1905	9878	Place-1
SMITH	Sharon	-----	F	1905	9879	Place-14
SMITH	Bob	-----	M	1905	9880	Place-13
SMITH	Briony	-----	F	1905	9881	Place-25
SMITH	Joseph	-----	M	1905	9882	Place-0
SMITH	Sarah	-----	F	1905	9883	Place-8
SMITH	Susan	-----	F	1905	9884	Place-1
SMITH	Jenkins	-----	M	1905	9885	Place-28
SMITH	Bob	-----	M	1905	9886	Place-10
SMITH	Susan	-----	F	1905	9887	Place-22
SMITH	Joseph	-----	M	1905	9888	Place-11
SMITH	Joseph	-----	M	1905	9889	Place-28
SMITH	Paulo	-----	M	1905	9890	Place-18
SMITH	Sharon	-----	F	1905	9891	Place-26
SMITH	James	-----	M	1905	9892	Place-8
SMITH	Jenkins	-----	M	1905	9893	Place-10
SMITH	Sharon	-----	F	1905	9894	Place-7
SMITH	Sheila	-----	F	1905	9895	Place-19
SMITH	James	-----	M	1905	9896	Place-1
SMITH	Seonaid	-----	F	1905	9897	Place-5
SMITH	Sarah	-----	F	1905	9898	Place-12
SMITH	Joseph	-----	M	1905	9899	Place-22
SMITH	Jacob	-----	M	1905	9900	Place-2
SMITH	Jenkins	-----	M	1905	9901	Place-16
SMITH	Susan	-----	F	1905	9902	Place-22
SMITH	Sharon	-----	F	1905	9903	Place-23
SMITH	Paulo	-----	M	1905	9904	Place-13
SMITH	Jacob	-----	M	1905	9905	Place-17
SMITH	Seonaid	-----	F	1905	9906	Place-11
SMITH	James	-----	M	1905	9907	Place-8
SMITH	Sharon	-----	F	1905	9908	Place-24
SMITH	James	-----	M	1905	9909	Place-0
SMITH	Selina	-----	F	1905	9910	Place-6
SMITH	Jim	-----	M	1905	9911	Place-28
SMITH	Jacob	-----	M	1905	9912	Place-23
SMITH	Paulo	-----	M	1905	9913	Place-13
SMITH	Shawn	-----	M	1905	9914	Place-9
SMITH	Suzanne	-----	F	1905	9915	Place-9
SMITH	Suzanne	-----	F	1905	9916	Place-27
SMITH	Susan	-----	F	1905	9917	Place-24
SMITH	Paulo	-----	M	1905	9918	Place-0
SMITH	Paulo	-----	M	1905	9919	Place-28
SMITH	Susan	-----	F	1905	9920	Place-25
SMITH	Sarah	-----	F	1905	9921	Place-11
SMITH	Briony	-----	F	1905	9922	Place-22
SMITH	Briony	-----	F	1905	9923	Place-21
SMITH	Selina	-----	F	1905	9924	Place-24
SMITH	Bob	-----	M	1905	9925	Place-15
SMITH	Briony	-----	F	1905	9926	Place-12
SMITH	Sheila	-----	F	1905	9927	Place-6
SMITH	Susan	-----	F	1905	9928	Place-28
SMITH	Shawn	-----	M	1905	9929	Place-16
SMITH	Jacob	-----	M	1905	9930	Place-11
SMITH	Sheila	-----	F	1905	9931	Place-17
SMITH	Sheila	-----	F	1905	9932	Place-14
SMITH	Briony	-----	F	1905	9933	Place-0
SMITH	Selina	-----	F	1905	9934	Place-17
SMITH	Briony	-----	F	1905	9935	Place-6
SMITH	Suzanne	-----	F	1905	9936	Place-10
SMITH	Jacob	-----	M	1905	9937	Place-18
SMITH	Sharon	-----	F	1905	9938	Place-12
SMITH	Shawn	-----	M	1905	9939	Place-21
SMITH	Sarah	-----	F	1905	9940	Place-17
SMITH	Susan	-----	F	1905	9941	Place-15
SMITH	Joseph	-----	M	1905	9942	Place-26
SMITH	Sheila	-----	F	1905	9943	Place-6
SMITH	Bob	-----	M	1905	9944	Place-5
SMITH	Susan	-----	F	1905	9945	Place-5
SMITH	Jim	-----	M	1905	9946	Place-4
SMITH	Selina	-----	F	1905	9947	Place-15
SMITH	Joseph	-----	M	1905	9948	Place-0
SMITH	Paulo	-----	M	1905	9949	Place-22
SMITH	Briony	-----	F	1905	9950	Place-25
SMITH	Seonaid	-----	F	1905	9951	Place-14
SMITH	Sarah	-----	F	1905	9952	Place-29
SMITH	Paulo	-----	M	1905	9953	Place-29
SMITH	Joseph	-----	M	1905	9954	Place-24
SMITH	Jacob	-----	M	1905	9955	Place-1
SMITH	Seonaid	-----	F	1905	9956	Place-25
SMITH	Paulo	-----	M	1905	9957	Place-11
SMITH	Jim	-----	M	1905	9958	Place-9
SMITH	Suzanne	-----	F	1905	9959	Place-21
SMITH	James	-----	M	1905	9960	Place-10
SMITH	Jacob	-----	M	1905	9961	Place-23
SMITH	Jacob	-----	M	1905	9962	Place-1
SMITH	Paulo	-----	M	1905	9963	Place-3
SMITH	Sharon	-----	F	1905	9964	Place-1
SMITH	Susan	-----	F	1905	9965	Place-26
SMITH	Bob	-----	M	1905	9966	Place-15
SMITH	James	-----	M	1905	9967	Place-2
SMITH	James	-----	M	1905	9968	Place-25
SMITH	Sharon	-----	F	1905	9969	Place-1
SMITH	Jim	-----	M	1905	9970	Place-25
SMITH	Shawn	-----	M	1905	9971	Place-15
SMITH	Briony	-----	F	1905	9972	Place-6
SMITH	Seonaid	-----	F	1905	9973	Place-17
SMITH	Joseph	-----	M	1905	9974	Place-11
SMITH	Susan	-----	F	1905	9975	Place-16
SMITH	Suzanne	-----	F	1905	9976	Place-19
SMITH	Sarah	-----	F	1905	9977	Place-14
SMITH	Bob	-----	M	1905	9978	Place-2
SMITH	Shawn	-----	M	1905	9979	Place-13
SMITH	Paulo	-----	M	1905	9980	Place-0
SMITH	Susan	-----	F	1905	9981	Place-14
SMITH	Jenkins	-----	M	1905	9982	Place-8
SMITH	Jim	-----	M	1905	9983	Place-0
SMITH	Paulo	-----	M	1905	9984	Place-21
SMITH	Jacob	-----	M	1905	9985	Place-26
SMITH	Jim	-----	M	1905	9986	Place-2
SMITH	Joseph	-----	M	1905	9987	Place-8
SMITH	James	-----	M	1905	9988	Place-7
SMITH	Briony	-----	F	1905	9989	Place-10
SMITH	Bob	-----	M	1905	9990	Place-0
SMITH	Jim	-----	M	1905	9991	Place-24
SMITH	Sharon	-----	F	1905	9992	Place-25
SMITH	Sarah	-----	F	1905	9993	Place-19
SMITH	James	-----	M	1905	9994	Place-17
SMITH	Bob	-----	M	1905	9995	Place-24
SMITH	Seonaid	-----	F	1905	9996	Place-23
SMITH	Bob	-----	M	1905	9997	Place-26
SMITH	Jacob	-----	M	1905	9998	Place-16
SMITH	Shawn	-----	M	1905	9999	Place-1
SMITH	Sharon	-----	F	1905	10000	Place-3
SMITH	Jenkins	-----	M	1905	10001	Place-22
SMITH	Joseph	-----	M	1905	10002	Place-27
SMITH	Susan	-----	F	1905	10003	Place-4
SMITH	Jim	-----	M	1905	10004	Place-6
SMITH	Suzanne	-----	F	1905	10005	Place-18
SMITH	Sarah	-----	F	1905	10006	Place-17
SMITH	Jacob	-----	M	1905	10007	Place-24
SMITH	Sheila	-----	F	1905	10008	Place-27
SMITH	Sarah	-----	F	1905	10009	Place-23
SMITH	Paulo	-----	M	1905	10010	Place-14
SMITH	Bob	-----	M	1905	10011	Place-20
SMITH	Jim	-----	M	1905	10012	Place-17
SMITH	Sharon	-----	F	1905	10013	Place-27
SMITH	Suzanne	-----	F	1905	10014	Place-23
SMITH	Jacob	-----	M	1905	10015	Place-22
SMITH	Shawn	-----	M	1905	10016	Place-12
SMITH	Susan	-----	F	1905	10017	Place-12
SMITH	James	-----	M	1906	10035	Place-17
SMITH	Selina	-----	F	1906	10036	Place-14
SMITH	James	-----	M	1906	10037	Place-11
SMITH	Sharon	-----	F	1906	10038	Place-10
SMITH	Jim	-----	M	1906	10039	Place-9
SMITH	Selina	-----	F	1906	10040	Place-17
SMITH	Jacob	-----	M	1906	10041	Place-26
SMITH	Paulo	-----	M	1906	10042	Place-1
SMITH	Jacob	-----	M	1906	10043	Place-21
SMITH	Bob	-----	M	1906	10044	Place-25
SMITH	Sheila	-----	F	1906	10045	Place-13
SMITH	Paulo	-----	M	1906	10046	Place-16
SMITH	Paulo	-----	M	1906	10047	Place-29
SMITH	Jacob	-----	M	1906	10048	Place-20
SMITH	Joseph	-----	M	1906	10049	Place-25
SMITH	Selina	-----	F	1906	10050	Place-23
SMITH	Seonaid	-----	F	1906	10051	Place-9
SMITH	Sheila	-----	F	1906	10052	Place-27
SMITH	Jenkins	-----	M	1906	10053	Place-5
SMITH	Sharon	-----	F	1906	10054	Place-15
SMITH	Jenkins	-----	M	1906	10055	Place-5
SMITH	Sheila	-----	F	1906	10056	Place-14
SMITH	Seonaid	-----	F	1906	10057	Place-23
SMITH	James	-----	M	1906	10058	Place-14
SMITH	Jacob	-----	M	1906	10059	Place-17
SMITH	Jacob	-----	M	1906	10060	Place-3
SMITH	Paulo	-----	M	1906	10061	Place-10
SMITH	Susan	-----	F	1906	10062	Place-16
SMITH	Selina	-----	F	1906	10063	Place-10
SMITH	Joseph	-----	M	1906	10064	Place-26
SMITH	Selina	-----	F	1906	10065	Place-3
SMITH	Seonaid	-----	F	1906	10066	Place-13
SMITH	Suzanne	-----	F	1906	10067	Place-4
SMITH	Seonaid	-----	F	1906	10068	Place-10
SMITH	Sheila	-----	F	1906	10069	Place-9
SMITH	Suzanne	-----	F	1906	10070	Place-11
SMITH	Selina	-----	F	1906	10071	Place-20
SMITH	Jim	-----	M	1906	10072	Place-5
SMITH	Shawn	-----	M	1906	10073	Place-28
SMITH	James	-----	M	1906	10074	Place-11
SMITH	Selina	-----	F	1906	10075	Place-26
SMITH	James	-----	M	1906	10076	Place-0
SMITH	Sarah	-----	F	1906	10077	Place-1
SMITH	Suzanne	-----	F	1906	10078	Place-6
SMITH	Jim	-----	M	1906	10079	Place-12
SMITH	Jacob	-----	M	1906	10080	Place-18
SMITH	Sharon	-----	F	1906	10081	Place-9
SMITH	Jim	-----	M	1906	10082	Place-26
SMITH	Jenkins	-----	M	1906	10083	Place-28
SMITH	Susan	-----	F	1906	10084	Place-1
SMITH	James	-----	M	1906	10085	Place-6
SMITH	Seonaid	-----	F	1906	10086	Place-9
SMITH	Joseph	-----	M	1906	10087	Place-3
SMITH	James	-----	M	1906	10088	Place-8
SMITH	Jacob	-----	M	1906	10089	Place-23
SMITH	Sheila	-----	F	1906	10090	Place-26
SMITH	Suzanne	-----	F	1906	10091	Place-14
SMITH	Seonaid	-----	F	1906	10092	Place-18
SMITH	Jim	-----	M	1906	10093	Place-26
SMITH	Joseph	-----	M	1906	10094	Place-6
SMITH	Jacob	-----	M	1906	10095	Place-6
SMITH	James	-----	M	1906	10096	Place-16
SMITH	Briony	-----	F	1906	10097	Place-2
SMITH	Jenkins	-----	M	1906	10098	Place-5
SMITH	Paulo	-----	M	1906	10099	Place-1
SMITH	Sheila	-----	F	1906	10100	Place-26
SMITH	Joseph	-----	M	1906	10101	Place-8
SMITH	Joseph	-----	M	1906	10102	Place-22
SMITH	Shawn	-----	M	1906	10103	Place-6
SMITH	Bob	-----	M	1906	10104	Place-17
SMITH	Sheila	-----	F	1906	10105	Place-7
SMITH	Susan	-----	F	1906	10106	Place-4
SMITH	Jacob	-----	M	1906	10107	Place-22
SMITH	Joseph	-----	M	1906	10108	Place-17
SMITH	Sarah	-----	F	1906	10109	Place-22
SMITH	Sheila	-----	F	1906	10110	Place-15
SMITH	Sarah	-----	F	1906	10111	Place-6
SMITH	Briony	-----	F	1906	10112	Place-11
SMITH	Sheila	-----	F	1906	10113	Place-15
SMITH	Jenkins	-----	M	1906	10114	Place-18
SMITH	Jenkins	-----	M	1906	10115	Place-3
SMITH	Shawn	-----	M	1906	10116	Place-29
SMITH	Sharon	-----	F	1906	10117	Place-1
SMITH	Sheila	-----	F	1906	10118	Place-20
SMITH	Shawn	-----	M	1906	10119	Place-25
SMITH	Paulo	-----	M	1906	10120	Place-11
SMITH	Briony	-----	F	1906	10121	Place-27
SMITH	Jacob	-----	M	1906	10122	Place-0
SMITH	Susan	-----	F	1906	10123	Place-25
SMITH	Paulo	-----	M	1906	10124	Place-17
SMITH	Sharon	-----	F	1906	10125	Place-22
SMITH	Sarah	-----	F	1906	10126	Place-28
SMITH	Jacob	-----	M	1906	10127	Place-17
SMITH	Seonaid	-----	F	1906	10128	Place-1
SMITH	Jenkins	-----	M	1906	10129	Place-6
SMITH	Jim	-----	M	1906	10130	Place-3
SMITH	Jenkins	-----	M	1906	10131	Place-2
SMITH	Selina	-----	F	1906	10132	Place-0
SMITH	Jim	-----	M	1906	10133	Place-22
SMITH	Suzanne	-----	F	1906	10134	Place-20
SMITH	Sharon	-----	F	1906	10135	Place-7
SMITH	Jenkins	-----	M	1906	10136	Place-2
SMITH	Jacob	-----	M	1906	10137	Place-26
SMITH	Sarah	-----	F	1906	10138	Place-2
SMITH	Suzanne	-----	F	1906	10139	Place-24
SMITH	Sharon	-----	F	1906	10140	Place-7
SMITH	Susan	-----	F	1906	10141	Place-26
SMITH	Sheila	-----	F	1906	10142	Place-5
SMITH	Shawn	-----	M	1906	10143	Place-24
SMITH	Seonaid	-----	F	1906	10144	Place-9
SMITH	Sarah	-----	F	1906	10145	Place-22
SMITH	Joseph	-----	M	1906	10146	Place-17
SMITH	Jenkins	-----	M	1906	10147	Place-3
SMITH	Seonaid	-----	F	1906	10148	Place-5
SMITH	Shawn	-----	M	1906	10149	Place-22
SMITH	Sheila	-----	F	1906	10150	Place-0
SMITH	Briony	-----	F	1906	10151	Place-7
SMITH	Joseph	-----	M	1906	10152	Place-27
SMITH	Jim	-----	M	1906	10153	Place-17
SMITH	James	-----	M	1906	10154	Place-7
SMITH	Selina	-----	F	1906	10155	Place-14
SMITH	Joseph	-----	M	1906	10156	Place-23
SMITH	Bob	-----	M	1906	10157	Place-6
SMITH	Joseph	-----	M	1906	10158	Place-12
SMITH	Jim	-----	M	1906	10159	Place-17
SMITH	Sheila	-----	F	1906	10160	Place-25
SMITH	Jacob	-----	M	1906	10161	Place-6
SMITH	Jenkins	-----	M	1906	10162	Place-21
SMITH	Seonaid	-----	F	1906	10163	Place-3
SMITH	Selina	-----	F	1907	10187	Place-26
SMITH	Joseph	-----	M	1907	10188	Place-19
SMITH	Paulo	-----	M	1907	10189	Place-10
SMITH	Sharon	-----	F	1907	10190	Place-12
SMITH	Jim	-----	M	1907	10191	Place-12
SMITH	Paulo	-----	M	1907	10192	Place-7
SMITH	Jenkins	-----	M	1907	10193	Place-8
SMITH	Seonaid	-----	F	1907	10194	Place-6
SMITH	Suzanne	-----	F	1907	10195	Place-11
SMITH	Shawn	-----	M	1907	10196	Place-25
SMITH	Jacob	-----	M	1907	10197	Place-25
SMITH	Paulo	-----	M	1907	10198	Place-8
SMITH	Joseph	-----	M	1907	10199	Place-11
SMITH	Susan	-----	F	1907	10200	Place-28
SMITH	Jim	-----	M	1907	10201	Place-7
SMITH	James	-----	M	1907	10202	Place-18
SMITH	Jenkins	-----	M	1907	10203	Place-27
SMITH	Joseph	-----	M	1907	10204	Place-1
SMITH	Susan	-----	F	1907	10205	Place-28
SMITH	Sarah	-----	F	1907	10206	Place-29
SMITH	Sarah	-----	F	1907	10207	Place-20
SMITH	Jacob	-----	M	1907	10208	Place-6
SMITH	Selina	-----	F	1907	10209	Place-14
SMITH	Sheila	-----	F	1907	10210	Place-9
SMITH	Joseph	-----	M	1907	10211	Place-25
SMITH	Sharon	-----	F	1907	10212	Place-10
SMITH	Seonaid	-----	F	1907	10213	Place-20
SMITH	Jacob	-----	M	1907	10214	Place-0
SMITH	Jim	-----	M	1907	10215	Place-27
SMITH	Sheila	-----	F	1907	10216	Place-2
SMITH	Sharon	-----	F	1907	10217	Place-0
SMITH	Joseph	-----	M	1907	10218	Place-9
SMITH	Sheila	-----	F	1907	10219	Place-0
SMITH	Jacob	-----	M	1907	10220	Place-15
SMITH	Suzanne	-----	F	1907	10221	Place-25
SMITH	Paulo	-----	M	1907	10222	Place-17
SMITH	Seonaid	-----	F	1907	10223	Place-23
SMITH	Sheila	-----	F	1907	10224	Place-23
SMITH	Sharon	-----	F	1907	10225	Place-13
SMITH	Selina	-----	F	1907	10226	Place-2
SMITH	Jacob	-----	M	1907	10227	Place-18
SMITH	Susan	-----	F	1907	10228	Place-21
SMITH	Bob	-----	M	1907	10229	Place-5
SMITH	Shawn	-----	M	1907	10230	Place-11
SMITH	Sharon	-----	F	1907	10231	Place-4
SMITH	Bob	-----	M	1907	10232	Place-1
SMITH	Selina	-----	F	1907	10233	Place-6
SMITH	Paulo	-----	M	1907	10234	Place-1
SMITH	Seonaid	-----	F	1907	10235	Place-10
SMITH	Shawn	-----	M	1907	10236	Place-9
SMITH	Shawn	-----	M	1907	10237	Place-29
SMITH	Jenkins	-----	M	1907	10238	Place-28
SMITH	Seonaid	-----	F	1907	10239	Place-20
SMITH	Briony	-----	F	1907	10240	Place-5
SMITH	Jacob	-----	M	1907	10241	Place-3
SMITH	Paulo	-----	M	1907	10242	Place-19
SMITH	Seonaid	-----	F	1907	10243	Place-26
SMITH	Jacob	-----	M	1907	10244	Place-8
SMITH	Seonaid	-----	F	1907	10245	Place-20
SMITH	James	-----	M	1907	10246	Place-18
SMITH	James	-----	M	1907	10247	Place-7
SMITH	Suzanne	-----	F	1907	10248	Place-29
SMITH	Suzanne	-----	F	1907	10249	Place-10
SMITH	Jenkins	-----	M	1907	10250	Place-2
SMITH	Jim	-----	M	1907	10251	Place-16
SMITH	Sharon	-----	F	1907	10252	Place-22
SMITH	Jim	-----	M	1907	10253	Place-29
SMITH	Paulo	-----	M	1907	10254	Place-17
SMITH	Jenkins	-----	M	1907	10255	Place-28
SMITH	Joseph	-----	M	1907	10256	Place-29
SMITH	Seonaid	-----	F	1907	10257	Place-16
SMITH	Shawn	-----	M	1907	10258	Place-24
SMITH	James	-----	M	1907	10259	Place-13
SMITH	Shawn	-----	M	1907	10260	Place-22
SMITH	Jenkins	-----	M	1907	10261	Place-22
SMITH	Joseph	-----	M	1907	10262	Place-16
SMITH	Selina	-----	F	1907	10263	Place-10
SMITH	Jacob	-----	M	1907	10264	Place-16
SMITH	Suzanne	-----	F	1907	10265	Place-6
SMITH	Briony	-----	F	1907	10266	Place-2
SMITH	Sharon	-----	F	1907	10267	Place-19
SMITH	Shawn	-----	M	1907	10268	Place-28
SMITH	Sarah	-----	F	1907	10269	Place-20
SMITH	Jim	-----	M	1907	10270	Place-6
SMITH	Bob	-----	M	1907	10271	Place-17
SMITH	Jacob	-----	M	1907	10272	Place-14
SMITH	Jacob	-----	M	1907	10273	Place-12
SMITH	Seonaid	-----	F	1907	10274	Place-15
SMITH	Paulo	-----	M	1907	10275	Place-11
SMITH	Selina	-----	F	1907	10276	Place-6
SMITH	Briony	-----	F	1907	10277	Place-16
SMITH	Sarah	-----	F	1907	10278	Place-29
SMITH	James	-----	M	1907	10279	Place-8
SMITH	Sheila	-----	F	1907	10280	Place-1
SMITH	Seonaid	-----	F	1907	10281	Place-6
SMITH	Selina	-----	F	1907	10282	Place-5
SMITH	Jenkins	-----	M	1907	10283	Place-3
SMITH	Suzanne	-----	F	1907	10284	Place-2
SMITH	Jenkins	-----	M	1907	10285	Place-23
SMITH	Briony	-----	F	1907	10286	Place-24
SMITH	Susan	-----	F	1907	10287	Place-23
SMITH	Seonaid	-----	F	1907	10288	Place-17
SMITH	Jim	-----	M	1907	10289	Place-27
SMITH	Shawn	-----	M	1907	10290	Place-23
SMITH	Seonaid	-----	F	1907	10291	Place-22
SMITH	Jenkins	-----	M	1907	10292	Place-29
SMITH	James	-----	M	1907	10293	Place-19
SMITH	Selina	-----	F	1907	10294	Place-23
SMITH	Jacob	-----	M	1907	10295	Place-29
SMITH	Suzanne	-----	F	1907	10296	Place-28
SMITH	Shawn	-----	M	1907	10297	Place-10
SMITH	Jacob	-----	M	1907	10298	Place-16
SMITH	Jenkins	-----	M	1907	10299	Place-13
SMITH	Sarah	-----	F	1907	10300	Place-20
SMITH	Jim	-----	M	1907	10301	Place-23
SMITH	Joseph	-----	M	1907	10302	Place-22
SMITH	Jim	-----	M	1907	10303	Place-6
SMITH	Shawn	-----	M	1907	10304	Place-5
SMITH	Suzanne	-----	F	1907	10305	Place-23
SMITH	Jim	-----	M	1907	10306	Place-27
SMITH	Sarah	-----	F	1907	10307	Place-22
SMITH	Shawn	-----	M	1907	10308	Place-9
SMITH	Suzanne	-----	F	1907	10309	Place-17
SMITH	Shawn	-----	M	1907	10310	Place-17
SMITH	Suzanne	-----	F	1907	10311	Place-27
SMITH	Jacob	-----	M	1907	10312	Place-15
SMITH	Jacob	-----	M	1907	10313	Place-9
SMITH	Joseph	-----	M	1907	10314	Place-20
SMITH	Shawn	-----	M	1907	10315	Place-24
SMITH	Paulo	-----	M	1907	10316	Place-7
SMITH	Selina	-----	F	1907	10317	Place-2
SMITH	Jacob	-----	M	1907	10318	Place-28
SMITH	Sarah	-----	F	1907	10319	Place-16
SMITH	James	-----	M	1907	10320	Place-21
SMITH	Jim	-----	M	1907	10321	Place-6
SMITH	Susan	-----	F	1908	10344	Place-8
SMITH	Briony	-----	F	1908	10345	Place-16
SMITH	Jenkins	-----	M	1908	10346	Place-16
SMITH	Seonaid	-----	F	1908	10347	Place-16
SMITH	Suzanne	-----	F	1908	10348	Place-22
SMITH	Bob	-----	M	1908	10349	Place-23
SMITH	Suzanne	-----	F	1908	10350	Place-9
SMITH	Jacob	-----	M	1908	10351	Place-1
SMITH	Sharon	-----	F	1908	10352	Place-19
SMITH	Sheila	-----	F	1908	10353	Place-0
SMITH	Bob	-----	M	1908	10354	Place-12
SMITH	Bob	-----	M	1908	10355	Place-3
SMITH	Jacob	-----	M	1908	10356	Place-13
SMITH	Jenkins	-----	M	1908	10357	Place-8
SMITH	Paulo	-----	M	1908	10358	Place-3
SMITH	Jacob	-----	M	1908	10359	Place-15
SMITH	Jim	-----	M	1908	10360	Place-19
SMITH	Jim	-----	M	1908	10361	Place-21
SMITH	Jenkins	-----	M	1908	10362	Place-24
SMITH	Seonaid	-----	F	1908	10363	Place-25
SMITH	Jenkins	-----	M	1908	10364	Place-24
SMITH	Joseph	-----	M	1908	10365	Place-23
SMITH	Susan	-----	F	1908	10366	Place-0
SMITH	Seonaid	-----	F	1908	10367	Place-24
SMITH	Jim	-----	M	1908	10368	Place-22
SMITH	Joseph	-----	M	1908	10369	Place-15
SMITH	Paulo	-----	M	1908	10370	Place-4
SMITH	Sharon	-----	F	1908	10371	Place-15
SMITH	Briony	-----	F	1908	10372	Place-11
SMITH	Sharon	-----	F	1908	10373	Place-2
SMITH	Jacob	-----	M	1908	10374	Place-17
SMITH	Suzanne	-----	F	1908	10375	Place-7
SMITH	Jacob	-----	M	1908	10376	Place-2
SMITH	Suzanne	-----	F	1908	10377	Place-20
SMITH	Briony	-----	F	1908	10378	Place-0
SMITH	James	-----	M	1908	10379	Place-26
SMITH	Joseph	-----	M	1908	10380	Place-12
SMITH	Seonaid	-----	F	1908	10381	Place-12
SMITH	Bob	-----	M	1908	10382	Place-21
SMITH	Briony	-----	F	1908	10383	Place-17
SMITH	Suzanne	-----	F	1908	10384	Place-12
SMITH	Susan	-----	F	1908	10385	Place-11
SMITH	Joseph	-----	M	1908	10386	Place-21
SMITH	Suzanne	-----	F	1908	10387	Place-24
SMITH	Susan	-----	F	1908	10388	Place-12
SMITH	Paulo	-----	M	1908	10389	Place-5
SMITH	Shawn	-----	M	1908	10390	Place-1
SMITH	Sheila	-----	F	1908	10391	Place-23
SMITH	Joseph	-----	M	1908	10392	Place-24
SMITH	Shawn	-----	M	1908	10393	Place-16
SMITH	Sharon	-----	F	1908	10394	Place-9
SMITH	Susan	-----	F	1908	10395	Place-0
SMITH	Jacob	-----	M	1908	10396	Place-2
SMITH	Briony	-----	F	1908	10397	Place-25
SMITH	Jim	-----	M	1908	10398	Place-8
SMITH	Joseph	-----	M	1908	10399	Place-13
SMITH	Sarah	-----	F	1908	10400	Place-17
SMITH	Sheila	-----	F	1908	10401	Place-4
SMITH	Joseph	-----	M	1908	10402	Place-24
SMITH	Jim	-----	M	1908	10403	Place-6
SMITH	James	-----	M	1908	10404	Place-17
SMITH	Sarah	-----	F	1908	10405	Place-3
SMITH	Sharon	-----	F	1908	10406	Place-0
SMITH	Paulo	-----	M	1908	10407	Place-15
SMITH	Sarah	-----	F	1908	10408	Place-29
SMITH	Briony	-----	F	1908	10409	Place-9
SMITH	Paulo	-----	M	1908	10410	Place-16
SMITH	Seonaid	-----	F	1908	10411	Place-2
SMITH	Jacob	-----	M	1908	10412	Place-9
SMITH	Jacob	-----	M	1908	10413	Place-17
SMITH	Sarah	-----	F	1908	10414	Place-9
SMITH	Shawn	-----	M	1908	10415	Place-15
SMITH	Sarah	-----	F	1908	10416	Place-1
SMITH	Suzanne	-----	F	1908	10417	Place-20
SMITH	Selina	-----	F	1908	10418	Place-15
SMITH	Selina	-----	F	1908	10419	Place-6
SMITH	Jim	-----	M	1908	10420	Place-8
SMITH	Sheila	-----	F	1908	10421	Place-1
SMITH	Joseph	-----	M	1908	10422	Place-3
SMITH	Joseph	-----	M	1908	10423	Place-29
SMITH	Sharon	-----	F	1908	10424	Place-5
SMITH	Sheila	-----	F	1908	10425	Place-9
SMITH	Paulo	-----	M	1908	10426	Place-16
SMITH	Seonaid	-----	F	1908	10427	Place-0
SMITH	Susan	-----	F	1908	10428	Place-10
SMITH	Seonaid	-----	F	1908	10429	Place-16
SMITH	Seonaid	-----	F	1908	10430	Place-28
SMITH	Seonaid	-----	F	1908	10431	Place-17
SMITH	Jenkins	-----	M	1908	10432	Place-10
SMITH	Selina	-----	F	1908	10433	Place-1
SMITH	Sharon	-----	F	1908	10434	Place-22
SMITH	Jim	-----	M	1908	10435	Place-7
SMITH	Sharon	-----	F	1908	10436	Place-15
SMITH	James	-----	M	1908	10437	Place-6
SMITH	Seonaid	-----	F	1908	10438	Place-2
SMITH	Joseph	-----	M	1908	10439	Place-23
SMITH	Sarah	-----	F	1908	10440	Place-16
SMITH	Jacob	-----	M	1908	10441	Place-20
SMITH	Sarah	-----	F	1908	10442	Place-6
SMITH	Jenkins	-----	M	1908	10443	Place-14
SMITH	Susan	-----	F	1908	10444	Place-17
SMITH	Briony	-----	F	1908	10445	Place-16
SMITH	Sharon	-----	F	1908	10446	Place-9
SMITH	Joseph	-----	M	1908	10447	Place-16
SMITH	Paulo	-----	M	1908	10448	Place-17
SMITH	Sheila	-----	F	1908	10449	Place-26
SMITH	Shawn	-----	M	1908	10450	Place-7
SMITH	Sarah	-----	F	1908	10451	Place-9
SMITH	Sharon	-----	F	1908	10452	Place-6
SMITH	Shawn	-----	M	1908	10453	Place-8
SMITH	Joseph	-----	M	1908	10454	Place-15
SMITH	Seonaid	-----	F	1908	10455	Place-2
SMITH	Briony	-----	F	1908	10456	Place-24
SMITH	Briony	-----	F	1908	10457	Place-22
SMITH	Jacob	-----	M	1908	10458	Place-6
SMITH	Sharon	-----	F	1908	10459	Place-24
SMITH	Susan	-----	F	1908	10460	Place-15
SMITH	Jenkins	-----	M	1908	10461	Place-26
SMITH	Susan	-----	F	1908	10462	Place-29
SMITH	Briony	-----	F	1908	10463	Place-29
SMITH	Sarah	-----	F	1908	10464	Place-16
SMITH	Seonaid	-----	F	1908	10465	Place-4
SMITH	Selina	-----	F	1908	10466	Place-9
SMITH	Sharon	-----	F	1908	10467	Place-28
SMITH	Jenkins	-----	M	1908	10468	Place-24
SMITH	Suzanne	-----	F	1908	10469	Place-16
SMITH	Seonaid	-----	F	1908	10470	Place-17
SMITH	James	-----	M	1908	10471	Place-14
SMITH	Sarah	-----	F	1908	10472	Place-9
SMITH	Suzanne	-----	F	1908	10473	Place-22
SMITH	Jacob	-----	M	1908	10474	Place-0
SMITH	Shawn	-----	M	1908	10475	Place-21
SMITH	Jim	-----	M	1908	10476	Place-15
SMITH	Sarah	-----	F	1908	10477	Place-20
SMITH	Joseph	-----	M	1908	10478	Place-22
SMITH	Sharon	-----	F	1908	10479	Place-24
SMITH	Jim	-----	M	1908	10480	Place-8
SMITH	Bob	-----	M	1908	10481	Place-6
SMITH	Jim	-----	M	1908	10482	Place-23
SMITH	James	-----	M	1908	10483	Place-28
SMITH	Bob	-----	M	1908	10484	Place-8
SMITH	Paulo	-----	M	1908	10485	Place-11
SMITH	Seonaid	-----	F	1908	10486	Place-26
SMITH	Jim	-----	M	1908	10487	Place-28
SMITH	Seonaid	-----	F	1908	10488	Place-7
SMITH	Paulo	-----	M	1909	10509	Place-3
SMITH	Susan	-----	F	1909	10510	Place-11
SMITH	Sarah	-----	F	1909	10511	Place-0
SMITH	Briony	-----	F	1909	10512	Place-10
SMITH	Suzanne	-----	F	1909	10513	Place-29
SMITH	Jim	-----	M	1909	10514	Place-3
SMITH	Jacob	-----	M	1909	10515	Place-15
SMITH	Susan	-----	F	1909	10516	Place-1
SMITH	Sharon	-----	F	1909	10517	Place-2
SMITH	Suzanne	-----	F	1909	10518	Place-2
SMITH	Sheila	-----	F	1909	10519	Place-16
SMITH	Susan	-----	F	1909	10520	Place-1
SMITH	James	-----	M	1909	10521	Place-10
SMITH	Briony	-----	F	1909	10522	Place-22
SMITH	Susan	-----	F	1909	10523	Place-4
SMITH	Jenkins	-----	M	1909	10524	Place-23
SMITH	Seonaid	-----	F	1909	10525	Place-4
SMITH	Joseph	-----	M	1909	10526	Place-1
SMITH	Sheila	-----	F	1909	10527	Place-6
SMITH	Sharon	-----	F	1909	10528	Place-24
SMITH	Suzanne	-----	F	1909	10529	Place-19
SMITH	Shawn	-----	M	1909	10530	Place-20
SMITH	Bob	-----	M	1909	10531	Place-26
SMITH	Jenkins	-----	M	1909	10532	Place-3
SMITH	Paulo	-----	M	1909	10533	Place-28
SMITH	James	-----	M	1909	10534	Place-23
SMITH	Bob	-----	M	1909	10535	Place-11
SMITH	Briony	-----	F	1909	10536	Place-29
SMITH	Jim	-----	M	1909	10537	Place-1
SMITH	Susan	-----	F	1909	10538	Place-0
SMITH	Selina	-----	F	1909	10539	Place-12
SMITH	Sarah	-----	F	1909	10540	Place-26
SMITH	James	-----	M	1909	10541	Place-17
SMITH	Jenkins	-----	M	1909	10542	Place-22
SMITH	James	-----	M	1909	10543	Place-29
SMITH	Sarah	-----	F	1909	10544	Place-26
SMITH	Bob	-----	M	1909	10545	Place-23
SMITH	Briony	-----	F	1909	10546	Place-2
SMITH	Susan	-----	F	1909	10547	Place-23
SMITH	Shawn	-----	M	1909	10548	Place-29
SMITH	Suzanne	-----	F	1909	10549	Place-0
SMITH	Jacob	-----	M	1909	10550	Place-7
SMITH	James	-----	M	1909	10551	Place-6
SMITH	Sheila	-----	F	1909	10552	Place-15
SMITH	Jacob	-----	M	1909	10553	Place-29
SMITH	Jacob	-----	M	1909	10554	Place-20
SMITH	Jacob	-----	M	1909	10555	Place-11
SMITH	Joseph	-----	M	1909	10556	Place-3
SMITH	Joseph	-----	M	1909	10557	Place-22
SMITH	Sheila	-----	F	1909	10558	Place-2
SMITH	Jim	-----	M	1909	10559	Place-23
SMITH	James	-----	M	1909	10560	Place-21
SMITH	Sharon	-----	F	1909	10561	Place-4
SMITH	Sheila	-----	F	1909	10562	Place-4
SMITH	Sheila	-----	F	1909	10563	Place-8
SMITH	Bob	-----	M	1909	10564	Place-0
SMITH	Susan	-----	F	1909	10565	Place-13
SMITH	Jacob	-----	M	1909	10566	Place-12
SMITH	Briony	-----	F	1909	10567	Place-13
SMITH	Jenkins	-----	M	1909	10568	Place-9
SMITH	James	-----	M	1909	10569	Place-24
SMITH	Briony	-----	F	1909	10570	Place-1
SMITH	Suzanne	-----	F	1909	10571	Place-28
SMITH	Paulo	-----	M	1909	10572	Place-13
SMITH	Seonaid	-----	F	1909	10573	Place-9
SMITH	Paulo	-----	M	1909	10574	Place-8
SMITH	Briony	-----	F	1909	10575	Place-14
SMITH	Paulo	-----	M	1909	10576	Place-23
SMITH	Sarah	-----	F	1909	10577	Place-14
SMITH	Jenkins	-----	M	1909	10578	Place-8
SMITH	Sarah	-----	F	1909	10579	Place-3
SMITH	Jim	-----	M	1909	10580	Place-16
SMITH	Bob	-----	M	1909	10581	Place-4
SMITH	Jim	-----	M	1909	10582	Place-22
SMITH	Suzanne	-----	F	1909	10583	Place-0
SMITH	Sharon	-----	F	1909	10584	Place-20
SMITH	Briony	-----	F	1909	10585	Place-12
SMITH	Susan	-----	F	1909	10586	Place-12
SMITH	Jacob	-----	M	1909	10587	Place-0
SMITH	Seonaid	-----	F	1909	10588	Place-7
SMITH	Joseph	-----	M	1909	10589	Place-25
SMITH	Sheila	-----	F	1909	10590	Place-16
SMITH	Selina	-----	F	1909	10591	Place-29
SMITH	Jacob	-----	M	1909	10592	Place-5
SMITH	Sheila	-----	F	1909	10593	Place-3
SMITH	Shawn	-----	M	1909	10594	Place-19
SMITH	Paulo	-----	M	1909	10595	Place-9
SMITH	Sheila	-----	F	1909	10596	Place-28
SMITH	Suzanne	-----	F	1909	10597	Place-16
SMITH	Briony	-----	F	1909	10598	Place-5
SMITH	Suzanne	-----	F	1909	10599	Place-10
SMITH	Briony	-----	F	1909	10600	Place-16
SMITH	Sheila	-----	F	1909	10601	Place-5
SMITH	Sheila	-----	F	1909	10602	Place-11
SMITH	Sarah	-----	F	1909	10603	Place-5
SMITH	Jenkins	-----	M	1909	10604	Place-23
SMITH	James	-----	M	1909	10605	Place-29
SMITH	Sharon	-----	F	1909	10606	Place-27
SMITH	Suzanne	-----	F	1909	10607	Place-19
SMITH	Jim	-----	M	1909	10608	Place-27
SMITH	Sheila	-----	F	1909	10609	Place-25
SMITH	Susan	-----	F	1909	10610	Place-22
SMITH	Joseph	-----	M	1909	10611	Place-4
SMITH	James	-----	M	1909	10612	Place-8
SMITH	Jenkins	-----	M	1909	10613	Place-19
SMITH	Suzanne	-----	F	1909	10614	Place-28
SMITH	Sheila	-----	F	1909	10615	Place-8
SMITH	Selina	-----	F	1909	10616	Place-6
SMITH	Bob	-----	M	1909	10617	Place-22
SMITH	Selina	-----	F	1909	10618	Place-15
SMITH	Paulo	-----	M	1909	10619	Place-5
SMITH	Jenkins	-----	M	1909	10620	Place-6
SMITH	Sheila	-----	F	1909	10621	Place-10
SMITH	Sheila	-----	F	1909	10622	Place-5
SMITH	Jim	-----	M	1909	10623	Place-8
SMITH	Joseph	-----	M	1909	10624	Place-0
SMITH	Sarah	-----	F	1909	10625	Place-7
SMITH	Briony	-----	F	1909	10626	Place-21
SMITH	Jim	-----	M	1909	10627	Place-17
SMITH	Briony	-----	F	1909	10628	Place-18
SMITH	Sarah	-----	F	1909	10629	Place-22
SMITH	Joseph	-----	M	1909	10630	Place-8
SMITH	Briony	-----	F	1909	10631	Place-1
SMITH	Sheila	-----	F	1909	10632	Place-18
SMITH	Paulo	-----	M	1909	10633	Place-18
SMITH	Sheila	-----	F	1909	10634	Place-26
SMITH	Susan	-----	F	1909	10635	Place-16
SMITH	Seonaid	-----	F	1909	10636	Place-0
SMITH	Jim	-----	M	1909	10637	Place-6
SMITH	Jenkins	-----	M	1909	10638	Place-5
SMITH	Suzanne	-----	F	1909	10639	Place-22
SMITH	Jacob	-----	M	1909	10640	Place-13
SMITH	Shawn	-----	M	1909	10641	Place-19
SMITH	Selina	-----	F	1909	10642	Place-26
SMITH	James	-----	M	1909	10643	Place-21
SMITH	Bob	-----	M	1909	10644	Place-15
SMITH	Paulo	-----	M	1909	10645	Place-14
SMITH	Jacob	-----	M	1909	10646	Place-21
SMITH	Joseph	-----	M	1909	10647	Place-14
SMITH	Shawn	-----	M	1909	10648	Place-9
SMITH	Bob	-----	M	1909	10649	Place-20
SMITH	Susan	-----	F	1909	10650	Place-25
SMITH	Sharon	-----	F	1909	10651	Place-6
SMITH	Jim	-----	M	1909	10652	Place-9
SMITH	Jim	-----	M	1909	10653	Place-27
SMITH	Jenkins	-----	M	1909	10654	Place-20
SMITH	Bob	-----	M	1909	10655	Place-0
SMITH	Seonaid	-----	F	1909	10656	Place-9
SMITH	Suzanne	-----	F	1909	10657	Place-8
SMITH	Bob	-----	M	1909	10658	Place-17
SMITH	Paulo	-----	M	1909	10659	Place-8
SMITH	Jenkins	-----	M	1909	10660	Place-1
SMITH	Suzanne	-----	F	1909	10661	Place-28
SMITH	James	-----	M	1909	10662	Place-21
SMITH	Sarah	-----	F	1910	10685	Place-28
SMITH	Bob	-----	M	1910	10686	Place-0
SMITH	Joseph	-----	M	1910	10687	Place-18
SMITH	Paulo	-----	M	1910	10688	Place-12
SMITH	Suzanne	-----	F	1910	10689	Place-19
SMITH	Shawn	-----	M	1910	10690	Place-13
SMITH	Briony	-----	F	1910	10691	Place-13
SMITH	Sheila	-----	F	1910	10692	Place-25
SMITH	Seonaid	-----	F	1910	10693	Place-6
SMITH	Suzanne	-----	F	1910	10694	Place-25
SMITH	Jenkins	-----	M	1910	10695	Place-1
SMITH	Shawn	-----	M	1910	10696	Place-28
SMITH	Selina	-----	F	1910	10697	Place-12
SMITH	James	-----	M	1910	10698	Place-23
SMITH	Shawn	-----	M	1910	10699	Place-27
SMITH	Joseph	-----	M	1910	10700	Place-7
SMITH	Shawn	-----	M	1910	10701	Place-1
SMITH	Briony	-----	F	1910	10702	Place-3
SMITH	Seonaid	-----	F	1910	10703	Place-9
SMITH	Susan	-----	F	1910	10704	Place-3
SMITH	Paulo	-----	M	1910	10705	Place-16
SMITH	Bob	-----	M	1910	10706	Place-5
SMITH	Paulo	-----	M	1910	10707	Place-24
SMITH	Suzanne	-----	F	1910	10708	Place-20
SMITH	Bob	-----	M	1910	10709	Place-29
SMITH	Briony	-----	F	1910	10710	Place-6
SMITH	Sheila	-----	F	1910	10711	Place-25
SMITH	Sharon	-----	F	1910	10712	Place-0
SMITH	Susan	-----	F	1910	10713	Place-22
SMITH	Bob	-----	M	1910	10714	Place-4
SMITH	Paulo	-----	M	1910	10715	Place-27
SMITH	Seonaid	-----	F	1910	10716	Place-3
SMITH	Sarah	-----	F	1910	10717	Place-13
SMITH	Briony	-----	F	1910	10718	Place-27
SMITH	Susan	-----	F	1910	10719	Place-15
SMITH	Shawn	-----	M	1910	10720	Place-29
SMITH	Susan	-----	F	1910	10721	Place-12
SMITH	Susan	-----	F	1910	10722	Place-13
SMITH	Shawn	-----	M	1910	10723	Place-26
SMITH	Selina	-----	F	1910	10724	Place-6
SMITH	Paulo	-----	M	1910	10725	Place-21
SMITH	Jacob	-----	M	1910	10726	Place-3
SMITH	Shawn	-----	M	1910	10727	Place-17
SMITH	Briony	-----	F	1910	10728	Place-20
SMITH	Shawn	-----	M	1910	10729	Place-20
SMITH	Selina	-----	F	1910	10730	Place-0
SMITH	Jenkins	-----	M	1910	10731	Place-1
SMITH	Jim	-----	M	1910	10732	Place-16
SMITH	Seonaid	-----	F	1910	10733	Place-1
SMITH	Seonaid	-----	F	1910	10734	Place-24
SMITH	Bob	-----	M	1910	10735	Place-9
SMITH	Jacob	-----	M	1910	10736	Place-5
SMITH	Paulo	-----	M	1910	10737	Place-3
SMITH	Jenkins	-----	M	1910	10738	Place-3
SMITH	Jacob	-----	M	1910	10739	Place-10
SMITH	Bob	-----	M	1910	10740	Place-11
SMITH	Jenkins	-----	M	1910	10741	Place-17
SMITH	Paulo	-----	M	1910	10742	Place-15
SMITH	Sharon	-----	F	1910	10743	Place-1
SMITH	Seonaid	-----	F	1910	10744	Place-29
SMITH	Bob	-----	M	1910	10745	Place-1
SMITH	James	-----	M	1910	10746	Place-0
SMITH	Paulo	-----	M	1910	10747	Place-5
SMITH	Jacob	-----	M	1910	10748	Place-6
SMITH	Jim	-----	M	1910	10749	Place-11
SMITH	Briony	-----	F	1910	10750	Place-3
SMITH	James	-----	M	1910	10751	Place-12
SMITH	Selina	-----	F	1910	10752	Place-9
SMITH	Suzanne	-----	F	1910	10753	Place-26
SMITH	Briony	-----	F	1910	10754	Place-19
SMITH	Sarah	-----	F	1910	10755	Place-27
SMITH	Shawn	-----	M	1910	10756	Place-26
SMITH	Susan	-----	F	1910	10757	Place-21
SMITH	Seonaid	-----	F	1910	10758	Place-16
SMITH	Joseph	-----	M	1910	10759	Place-28
SMITH	Joseph	-----	M	1910	10760	Place-14
SMITH	Jacob	-----	M	1910	10761	Place-17
SMITH	Jenkins	-----	M	1910	10762	Place-15
SMITH	Paulo	-----	M	1910	10763	Place-21
SMITH	Jim	-----	M	1910	10764	Place-4
SMITH	Selina	-----	F	1910	10765	Place-3
SMITH	Selina	-----	F	1910	10766	Place-25
SMITH	Joseph	-----	M	1910	10767	Place-28
SMITH	Joseph	-----	M	1910	10768	Place-0
SMITH	Jacob	-----	M	1910	10769	Place-5
SMITH	Jenkins	-----	M	1910	10770	Place-1
SMITH	Bob	-----	M	1910	10771	Place-18
SMITH	Selina	-----	F	1910	10772	Place-27
SMITH	James	-----	M	1910	10773	Place-22
SMITH	Joseph	-----	M	1910	10774	Place-9
SMITH	James	-----	M	1910	10775	Place-1
SMITH	Joseph	-----	M	1910	10776	Place-16
SMITH	Jim	-----	M	1910	10777	Place-19
SMITH	Jim	-----	M	1910	10778	Place-25
SMITH	Susan	-----	F	1910	10779	Place-6
SMITH	Briony	-----	F	1910	10780	Place-25
SMITH	Selina	-----	F	1910	10781	Place-20
SMITH	Jacob	-----	M	1910	10782	Place-23
SMITH	Briony	-----	F	1910	10783	Place-19
SMITH	Jacob	-----	M	1910	10784	Place-6
SMITH	Jim	-----	M	1910	10785	Place-17
SMITH	Seonaid	-----	F	1910	10786	Place-7
SMITH	Briony	-----	F	1910	10787	Place-15
SMITH	Sheila	-----	F	1910	10788	Place-7
SMITH	Sarah	-----	F	1910	10789	Place-27
SMITH	Jenkins	-----	M	1910	10790	Place-6
SMITH	Joseph	-----	M	1910	10791	Place-6
SMITH	Paulo	-----	M	1910	10792	Place-17
SMITH	Seonaid	-----	F	1910	10793	Place-12
SMITH	Bob	-----	M	1910	10794	Place-16
SMITH	Sharon	-----	F	1910	10795	Place-6
SMITH	Paulo	-----	M	1910	10796	Place-0
SMITH	Joseph	-----	M	1910	10797	Place-23
SMITH	Suzanne	-----	F	1910	10798	Place-7
SMITH	Selina	-----	F	1910	10799	Place-1
SMITH	Selina	-----	F	1910	10800	Place-0
SMITH	Paulo	-----	M	1910	10801	Place-1
SMITH	Selina	-----	F	1910	10802	Place-2
SMITH	Sheila	-----	F	1910	10803	Place-9
SMITH	Seonaid	-----	F	1910	10804	Place-25
SMITH	Bob	-----	M	1910	10805	Place-21
SMITH	Jim	-----	M	1910	10806	Place-15
SMITH	Selina	-----	F	1910	10807	Place-20
SMITH	Jim	-----	M	1910	10808	Place-1
SMITH	Sarah	-----	F	1910	10809	Place-25
SMITH	Sarah	-----	F	1910	10810	Place-0
SMITH	Jacob	-----	M	1910	10811	Place-3
SMITH	Joseph	-----	M	1910	10812	Place-17
SMITH	James	-----	M	1911	10832	Place-1
SMITH	Paulo	-----	M	1911	10833	Place-16
SMITH	Selina	-----	F	1911	10834	Place-17
SMITH	Sheila	-----	F	1911	10835	Place-1
SMITH	Seonaid	-----	F	1911	10836	Place-1
SMITH	Sarah	-----	F	1911	10837	Place-1
SMITH	Suzanne	-----	F	1911	10838	Place-14
SMITH	James	-----	M	1911	10839	Place-28
SMITH	Sharon	-----	F	1911	10840	Place-1
SMITH	Shawn	-----	M	1911	10841	Place-2
SMITH	Briony	-----	F	1911	10842	Place-20
SMITH	Susan	-----	F	1911	10843	Place-4
SMITH	Joseph	-----	M	1911	10844	Place-5
SMITH	Shawn	-----	M	1911	10845	Place-5
SMITH	Seonaid	-----	F	1911	10846	Place-18
SMITH	Seonaid	-----	F	1911	10847	Place-27
SMITH	Sarah	-----	F	1911	10848	Place-18
SMITH	James	-----	M	1911	10849	Place-9
SMITH	Sharon	-----	F	1911	10850	Place-9
SMITH	Jacob	-----	M	1911	10851	Place-12
SMITH	Bob	-----	M	1911	10852	Place-28
SMITH	Bob	-----	M	1911	10853	Place-10
SMITH	Joseph	-----	M	1911	10854	Place-8
SMITH	Sheila	-----	F	1911	10855	Place-13
SMITH	Sharon	-----	F	1911	10856	Place-10
SMITH	Paulo	-----	M	1911	10857	Place-17
SMITH	Sheila	-----	F	1911	10858	Place-26
SMITH	Suzanne	-----	F	1911	10859	Place-29
SMITH	Sheila	-----	F	1911	10860	Place-26
SMITH	Sharon	-----	F	1911	10861	Place-8
SMITH	Bob	-----	M	1911	10862	Place-4
SMITH	Jim	-----	M	1911	10863	Place-7
SMITH	Joseph	-----	M	1911	10864	Place-13
SMITH	Suzanne	-----	F	1911	10865	Place-9
SMITH	James	-----	M	1911	10866	Place-14
SMITH	Joseph	-----	M	1911	10867	Place-17
SMITH	Seonaid	-----	F	1911	10868	Place-21
SMITH	Jacob	-----	M	1911	10869	Place-1
SMITH	Sarah	-----	F	1911	10870	Place-2
SMITH	Jacob	-----	M	1911	10871	Place-8
SMITH	Jim	-----	M	1911	10872	Place-6
SMITH	Jim	-----	M	1911	10873	Place-11
SMITH	Jim	-----	M	1911	10874	Place-27
SMITH	Jim	-----	M	1911	10875	Place-21
SMITH	Sheila	-----	F	1911	10876	Place-22
SMITH	Jenkins	-----	M	1911	10877	Place-26
SMITH	Shawn	-----	M	1911	10878	Place-19
SMITH	Joseph	-----	M	1911	10879	Place-29
SMITH	Sarah	-----	F	1911	10880	Place-3
SMITH	James	-----	M	1911	10881	Place-2
SMITH	Seonaid	-----	F	1911	10882	Place-8
SMITH	Seonaid	-----	F	1911	10883	Place-28
SMITH	Paulo	-----	M	1911	10884	Place-23
SMITH	Selina	-----	F	1911	10885	Place-13
SMITH	Suzanne	-----	F	1911	10886	Place-18
SMITH	Joseph	-----	M	1911	10887	Place-25
SMITH	Shawn	-----	M	1911	10888	Place-13
SMITH	Joseph	-----	M	1911	10889	Place-1
SMITH	Bob	-----	M	1911	10890	Place-8
SMITH	Briony	-----	F	1911	10891	Place-27
SMITH	Jacob	-----	M	1911	10892	Place-14
SMITH	Paulo	-----	M	1911	10893	Place-5
SMITH	James	-----	M	1911	10894	Place-9
SMITH	James	-----	M	1911	10895	Place-20
SMITH	Suzanne	-----	F	1911	10896	Place-16
SMITH	Joseph	-----	M	1911	10897	Place-11
SMITH	Bob	-----	M	1911	10898	Place-5
SMITH	Jacob	-----	M	1911	10899	Place-27
SMITH	Suzanne	-----	F	1911	10900	Place-13
SMITH	Bob	-----	M	1911	10901	Place-17
SMITH	Jacob	-----	M	1911	10902	Place-18
SMITH	Jacob	-----	M	1911	10903	Place-1
SMITH	Shawn	-----	M	1911	10904	Place-24
SMITH	Jenkins	-----	M	1911	10905	Place-9
SMITH	Bob	-----	M	1911	10906	Place-22
SMITH	Susan	-----	F	1911	10907	Place-14
SMITH	Sharon	-----	F	1911	10908	Place-14
SMITH	Sheila	-----	F	1911	10909	Place-28
SMITH	Sheila	-----	F	1911	10910	Place-16
SMITH	Selina	-----	F	1911	10911	Place-26
SMITH	Jim	-----	M	1911	10912	Place-4
SMITH	Suzanne	-----	F	1911	10913	Place-4
SMITH	Sarah	-----	F	1911	10914	Place-23
SMITH	Suzanne	-----	F	1911	10915	Place-1
SMITH	James	-----	M	1911	10916	Place-11
SMITH	Suzanne	-----	F	1911	10917	Place-9
SMITH	Joseph	-----	M	1911	10918	Place-17
SMITH	Jacob	-----	M	1911	10919	Place-27
SMITH	Paulo	-----	M	1911	10920	Place-7
SMITH	Briony	-----	F	1911	10921	Place-28
SMITH	Briony	-----	F	1911	10922	Place-12
SMITH	Bob	-----	M	1911	10923	Place-21
SMITH	James	-----	M	1911	10924	Place-6
SMITH	Jacob	-----	M	1911	10925	Place-6
SMITH	Shawn	-----	M	1911	10926	Place-28
SMITH	Selina	-----	F	1911	10927	Place-5
SMITH	Sarah	-----	F	1911	10928	Place-21
SMITH	Jenkins	-----	M	1911	10929	Place-3
SMITH	Joseph	-----	M	1911	10930	Place-16
SMITH	Jacob	-----	M	1911	10931	Place-28
SMITH	James	-----	M	1911	10932	Place-25
SMITH	James	-----	M	1911	10933	Place-17
SMITH	Sharon	-----	F	1911	10934	Place-27
SMITH	Suzanne	-----	F	1911	10935	Place-7
SMITH	Paulo	-----	M	1911	10936	Place-26
SMITH	Joseph	-----	M	1911	10937	Place-16
SMITH	Sheila	-----	F	1911	10938	Place-25
SMITH	Sharon	-----	F	1911	10939	Place-10
SMITH	Jim	-----	M	1911	10940	Place-24
SMITH	Shawn	-----	M	1911	10941	Place-21
SMITH	James	-----	M	1911	10942	Place-15
SMITH	Briony	-----	F	1911	10943	Place-10
SMITH	Paulo	-----	M	1911	10944	Place-1
SMITH	James	-----	M	1911	10945	Place-8
SMITH	Joseph	-----	M	1911	10946	Place-3
SMITH	Briony	-----	F	1911	10947	Place-5
SMITH	Jacob	-----	M	1911	10948	Place-14
SMITH	Seonaid	-----	F	1911	10949	Place-0
SMITH	Paulo	-----	M	1911	10950	Place-17
SMITH	Sheila	-----	F	1911	10951	Place-0
SMITH	Selina	-----	F	1911	10952	Place-17
SMITH	Paulo	-----	M	1911	10953	Place-18
SMITH	Bob	-----	M	1911	10954	Place-6
SMITH	Jim	-----	M	1911	10955	Place-4
SMITH	Paulo	-----	M	1911	10956	Place-23
SMITH	Susan	-----	F	1911	10957	Place-19
SMITH	Sarah	-----	F	1911	10958	Place-27
SMITH	Joseph	-----	M	1911	10959	Place-8
SMITH	Joseph	-----	M	1911	10960	Place-8
SMITH	Sarah	-----	F	1911	10961	Place-9
SMITH	Paulo	-----	M	1911	10962	Place-8
SMITH	Briony	-----	F	1911	10963	Place-15
SMITH	Briony	-----	F	1911	10964	Place-12
SMITH	Jim	-----	M	1911	10965	Place-14
SMITH	Susan	-----	F	1911	10966	Place-8
SMITH	Seonaid	-----	F	1911	10967	Place-21
SMITH	Suzanne	-----	F	1911	10968	Place-27
SMITH	Sheila	-----	F	1911	10969	Place-24
SMITH	Jim	-----	M	1911	10970	Place-24
SMITH	Susan	-----	F	1911	10971	Place-7
SMITH	Jenkins	-----	M	1912	10996	Place-8
SMITH	Paulo	-----	M	1912	10997	Place-7
SMITH	Sarah	-----	F	1912	10998	Place-8
SMITH	Shawn	-----	M	1912	10999	Place-5
SMITH	Briony	-----	F	1912	11000	Place-17
SMITH	Sheila	-----	F	1912	11001	Place-23
SMITH	Jenkins	-----	M	1912	11002	Place-19
SMITH	Jim	-----	M	1912	11003	Place-23
SMITH	Briony	-----	F	1912	11004	Place-9
SMITH	Sharon	-----	F	1912	11005	Place-5
SMITH	Jacob	-----	M	1912	11006	Place-28
SMITH	Suzanne	-----	F	1912	11007	Place-2
SMITH	Jim	-----	M	1912	11008	Place-21
SMITH	Shawn	-----	M	1912	11009	Place-24
SMITH	Shawn	-----	M	1912	11010	Place-26
SMITH	James	-----	M	1912	11011	Place-26
SMITH	James	-----	M	1912	11012	Place-25
SMITH	Sheila	-----	F	1912	11013	Place-20
SMITH	Sheila	-----	F	1912	11014	Place-29
SMITH	Briony	-----	F	1912	11015	Place-1
SMITH	Briony	-----	F	1912	11016	Place-6
SMITH	Seonaid	-----	F	1912	11017	Place-20
SMITH	Jacob	-----	M	1912	11018	Place-23
SMITH	Suzanne	-----	F	1912	11019	Place-26
SMITH	Joseph	-----	M	1912	11020	Place-2
SMITH	Jenkins	-----	M	1912	11021	Place-6
SMITH	Joseph	-----	M	1912	11022	Place-0
SMITH	Bob	-----	M	1912	11023	Place-24
SMITH	Jenkins	-----	M	1912	11024	Place-8
SMITH	Jenkins	-----	M	1912	11025	Place-29
SMITH	Jenkins	-----	M	1912	11026	Place-15
SMITH	Jacob	-----	M	1912	11027	Place-10
SMITH	Seonaid	-----	F	1912	11028	Place-5
SMITH	Bob	-----	M	1912	11029	Place-28
SMITH	Jacob	-----	M	1912	11030	Place-7
SMITH	Seonaid	-----	F	1912	11031	Place-7
SMITH	Jacob	-----	M	1912	11032	Place-11
SMITH	Jim	-----	M	1912	11033	Place-16
SMITH	Joseph	-----	M	1912	11034	Place-3
SMITH	Joseph	-----	M	1912	11035	Place-29
SMITH	Briony	-----	F	1912	11036	Place-26
SMITH	Briony	-----	F	1912	11037	Place-12
SMITH	Jim	-----	M	1912	11038	Place-12
SMITH	James	-----	M	1912	11039	Place-24
SMITH	Seonaid	-----	F	1912	11040	Place-7
SMITH	Seonaid	-----	F	1912	11041	Place-20
SMITH	Jim	-----	M	1912	11042	Place-23
SMITH	Bob	-----	M	1912	11043	Place-4
SMITH	Sharon	-----	F	1912	11044	Place-27
SMITH	Jim	-----	M	1912	11045	Place-1
SMITH	Jim	-----	M	1912	11046	Place-23
SMITH	Sheila	-----	F	1912	11047	Place-27
SMITH	Selina	-----	F	1912	11048	Place-5
SMITH	Jacob	-----	M	1912	11049	Place-18
SMITH	Sheila	-----	F	1912	11050	Place-10
SMITH	Suzanne	-----	F	1912	11051	Place-19
SMITH	Selina	-----	F	1912	11052	Place-7
SMITH	James	-----	M	1912	11053	Place-25
SMITH	Shawn	-----	M	1912	11054	Place-3
SMITH	Bob	-----	M	1912	11055	Place-26
SMITH	Jenkins	-----	M	1912	11056	Place-15
SMITH	Shawn	-----	M	1912	11057	Place-20
SMITH	Jacob	-----	M	1912	11058	Place-6
SMITH	Briony	-----	F	1912	11059	Place-12
SMITH	Seonaid	-----	F	1912	11060	Place-4
SMITH	Paulo	-----	M	1912	11061	Place-22
SMITH	James	-----	M	1912	11062	Place-24
SMITH	Joseph	-----	M	1912	11063	Place-11
SMITH	Sheila	-----	F	1912	11064	Place-18
SMITH	Jim	-----	M	1912	11065	Place-17
SMITH	Shawn	-----	M	1912	11066	Place-2
SMITH	Jenkins	-----	M	1912	11067	Place-25
SMITH	Sheila	-----	F	1912	11068	Place-22
SMITH	Susan	-----	F	1912	11069	Place-27
SMITH	Sarah	-----	F	1912	11070	Place-20
SMITH	Sheila	-----	F	1912	11071	Place-20
SMITH	Selina	-----	F	1912	11072	Place-9
SMITH	Susan	-----	F	1912	11073	Place-2
SMITH	Susan	-----	F	1912	11074	Place-17
SMITH	Joseph	-----	M	1912	11075	Place-0
SMITH	Jacob	-----	M	1912	11076	Place-16
SMITH	Seonaid	-----	F	1912	11077	Place-2
SMITH	Susan	-----	F	1912	11078	Place-17
SMITH	Jacob	-----	M	1912	11079	Place-24
SMITH	Jacob	-----	M	1912	11080	Place-25
SMITH	Susan	-----	F	1912	11081	Place-13
SMITH	Shawn	-----	M	1912	11082	Place-17
SMITH	Sheila	-----	F	1912	11083	Place-16
SMITH	Seonaid	-----	F	1912	11084	Place-22
SMITH	Sheila	-----	F	1912	11085	Place-21
SMITH	Shawn	-----	M	1912	11086	Place-24
SMITH	Joseph	-----	M	1912	11087	Place-16
SMITH	James	-----	M	1912	11088	Place-1
SMITH	Briony	-----	F	1912	11089	Place-5
SMITH	Paulo	-----	M	1912	11090	Place-15
SMITH	Seonaid	-----	F	1912	11091	Place-19
SMITH	Susan	-----	F	1912	11092	Place-11
SMITH	Briony	-----	F	1912	11093	Place-10
SMITH	Jim	-----	M	1912	11094	Place-1
SMITH	Shawn	-----	M	1912	11095	Place-11
SMITH	Shawn	-----	M	1912	11096	Place-16
SMITH	Sheila	-----	F	1912	11097	Place-7
SMITH	Joseph	-----	M	1912	11098	Place-9
SMITH	Sheila	-----	F	1912	11099	Place-11
SMITH	Sharon	-----	F	1912	11100	Place-25
SMITH	Sarah	-----	F	1912	11101	Place-4
SMITH	Selina	-----	F	1912	11102	Place-14
SMITH	Sheila	-----	F	1912	11103	Place-11
SMITH	Paulo	-----	M	1912	11104	Place-17
SMITH	Paulo	-----	M	1912	11105	Place-15
SMITH	Bob	-----	M	1912	11106	Place-15
SMITH	Sharon	-----	F	1912	11107	Place-23
SMITH	Suzanne	-----	F	1912	11108	Place-21
SMITH	Shawn	-----	M	1912	11109	Place-6
SMITH	Jim	-----	M	1912	11110	Place-16
SMITH	Bob	-----	M	1912	11111	Place-26
SMITH	Suzanne	-----	F	1912	11112	Place-17
SMITH	Seonaid	-----	F	1912	11113	Place-22
SMITH	Joseph	-----	M	1912	11114	Place-22
SMITH	Jim	-----	M	1912	11115	Place-1
SMITH	Sarah	-----	F	1912	11116	Place-8
SMITH	Seonaid	-----	F	1912	11117	Place-24
SMITH	Briony	-----	F	1912	11118	Place-14
SMITH	Jenkins	-----	M	1912	11119	Place-8
SMITH	Briony	-----	F	1912	11120	Place-25
SMITH	Jenkins	-----	M	1912	11121	Place-19
SMITH	James	-----	M	1912	11122	Place-1
SMITH	Briony	-----	F	1912	11123	Place-0
SMITH	Sarah	-----	F	1912	11124	Place-18
SMITH	Shawn	-----	M	1912	11125	Place-0
SMITH	Bob	-----	M	1912	11126	Place-0
SMITH	Bob	-----	M	1912	11127	Place-28
SMITH	James	-----	M	1912	11128	Place-8
SMITH	Selina	-----	F	1912	11129	Place-8
SMITH	Joseph	-----	M	1912	11130	Place-0
SMITH	James	-----	M	1912	11131	Place-6
SMITH	Sheila	-----	F	1912	11132	Place-20
SMITH	Jim	-----	M	1912	11133	Place-17
SMITH	Jim	-----	M	1912	11134	Place-15
SMITH	Joseph	-----	M	1912	11135	Place-25
SMITH	Seonaid	-----	F	1912	11136	Place-9
SMITH	Seonaid	-----	F	1912	11137	Place-11
SMITH	Sharon	-----	F	1912	11138	Place-9
SMITH	Suzanne	-----	F	1912	11139	Place-20
SMITH	Suzanne	-----	F	1912	11140	Place-1
SMITH	Briony	-----	F	1913	11164	Place-15
SMITH	Briony	-----	F	1913	11165	Place-0
SMITH	Selina	-----	F	1913	11166	Place-21
SMITH	James	-----	M	1913	11167	Place-11
SMITH	Seonaid	-----	F	1913	11168	Place-17
SMITH	Paulo	-----	M	1913	11169	Place-8
SMITH	Jacob	-----	M	1913	11170	Place-19
SMITH	Sharon	-----	F	1913	11171	Place-10
SMITH	Shawn	-----	M	1913	11172	Place-12
SMITH	Susan	-----	F	1913	11173	Place-27
SMITH	Joseph	-----	M	1913	11174	Place-2
SMITH	Bob	-----	M	1913	11175	Place-14
SMITH	Paulo	-----	M	1913	11176	Place-9
SMITH	Paulo	-----	M	1913	11177	Place-21
SMITH	Sharon	-----	F	1913	11178	Place-19
SMITH	Suzanne	-----	F	1913	11179	Place-8
SMITH	Sarah	-----	F	1913	11180	Place-25
SMITH	Joseph	-----	M	1913	11181	Place-4
SMITH	Susan	-----	F	1913	11182	Place-3
SMITH	Jacob	-----	M	1913	11183	Place-16
SMITH	Briony	-----	F	1913	11184	Place-28
SMITH	Joseph	-----	M	1913	11185	Place-24
SMITH	James	-----	M	1913	11186	Place-19
SMITH	Sarah	-----	F	1913	11187	Place-18
SMITH	Sarah	-----	F	1913	11188	Place-13
SMITH	Sharon	-----	F	1913	11189	Place-17
SMITH	Bob	-----	M	1913	11190	Place-3
SMITH	Shawn	-----	M	1913	11191	Place-18
SMITH	Shawn	-----	M	1913	11192	Place-15
SMITH	Susan	-----	F	1913	11193	Place-25
SMITH	Susan	-----	F	1913	11194	Place-10
SMITH	Suzanne	-----	F	1913	11195	Place-7
SMITH	Selina	-----	F	1913	11196	Place-20
SMITH	Paulo	-----	M	1913	11197	Place-21
SMITH	Seonaid	-----	F	1913	11198	Place-13
SMITH	James	-----	M	1913	11199	Place-25
SMITH	Bob	-----	M	1913	11200	Place-13
SMITH	James	-----	M	1913	11201	Place-1
SMITH	Sharon	-----	F	1913	11202	Place-6
SMITH	Shawn	-----	M	1913	11203	Place-8
SMITH	Selina	-----	F	1913	11204	Place-5
SMITH	Susan	-----	F	1913	11205	Place-10
SMITH	James	-----	M	1913	11206	Place-11
SMITH	Jim	-----	M	1913	11207	Place-16
SMITH	Sharon	-----	F	1913	11208	Place-19
SMITH	Shawn	-----	M	1913	11209	Place-26
SMITH	Bob	-----	M	1913	11210	Place-14
SMITH	Briony	-----	F	1913	11211	Place-13
SMITH	Suzanne	-----	F	1913	11212	Place-3
SMITH	Paulo	-----	M	1913	11213	Place-10
SMITH	Sheila	-----	F	1913	11214	Place-13
SMITH	Sarah	-----	F	1913	11215	Place-20
SMITH	Briony	-----	F	1913	11216	Place-1
SMITH	Bob	-----	M	1913	11217	Place-21
SMITH	Sharon	-----	F	1913	11218	Place-2
SMITH	Sarah	-----	F	1913	11219	Place-4
SMITH	Jenkins	-----	M	1913	11220	Place-7
SMITH	Briony	-----	F	1913	11221	Place-4
SMITH	Bob	-----	M	1913	11222	Place-1
SMITH	Joseph	-----	M	1913	11223	Place-28
SMITH	Sharon	-----	F	1913	11224	Place-23
SMITH	Jenkins	-----	M	1913	11225	Place-15
SMITH	Susan	-----	F	1913	11226	Place-22
SMITH	Sheila	-----	F	1913	11227	Place-19
SMITH	Sharon	-----	F	1913	11228	Place-25
SMITH	Shawn	-----	M	1913	11229	Place-4
SMITH	Paulo	-----	M	1913	11230	Place-9
SMITH	James	-----	M	1913	11231	Place-5
SMITH	Suzanne	-----	F	1913	11232	Place-12
SMITH	Sheila	-----	F	1913	11233	Place-14
SMITH	Bob	-----	M	1913	11234	Place-13
SMITH	Bob	-----	M	1913	11235	Place-18
SMITH	Jacob	-----	M	1913	11236	Place-2
SMITH	Paulo	-----	M	1913	11237	Place-18
SMITH	Suzanne	-----	F	1913	11238	Place-17
SMITH	James	-----	M	1913	11239	Place-28
SMITH	James	-----	M	1913	11240	Place-13
SMITH	Sharon	-----	F	1913	11241	Place-1
SMITH	Jim	-----	M	1913	11242	Place-13
SMITH	Paulo	-----	M	1913	11243	Place-17
SMITH	Paulo	-----	M	1913	11244	Place-26
SMITH	Joseph	-----	M	1913	11245	Place-2
SMITH	Susan	-----	F	1913	11246	Place-17
SMITH	Suzanne	-----	F	1913	11247	Place-16
SMITH	Paulo	-----	M	1913	11248	Place-2
SMITH	Jenkins	-----	M	1913	11249	Place-23
SMITH	Selina	-----	F	1913	11250	Place-5
SMITH	James	-----	M	1913	11251	Place-11
SMITH	Selina	-----	F	1913	11252	Place-5
SMITH	Jim	-----	M	1913	11253	Place-28
SMITH	Jim	-----	M	1913	11254	Place-1
SMITH	Sarah	-----	F	1913	11255	Place-5
SMITH	Suzanne	-----	F	1913	11256	Place-2
SMITH	Jacob	-----	M	1913	11257	Place-9
SMITH	Paulo	-----	M	1913	11258	Place-6
SMITH	Bob	-----	M	1913	11259	Place-16
SMITH	Bob	-----	M	1913	11260	Place-0
SMITH	Shawn	-----	M	1913	11261	Place-5
SMITH	Shawn	-----	M	1913	11262	Place-5
SMITH	Selina	-----	F	1913	11263	Place-5
SMITH	Selina	-----	F	1913	11264	Place-26
SMITH	Briony	-----	F	1913	11265	Place-28
SMITH	James	-----	M	1913	11266	Place-23
SMITH	Joseph	-----	M	1913	11267	Place-11
SMITH	Suzanne	-----	F	1913	11268	Place-4
SMITH	Sarah	-----	F	1913	11269	Place-22
SMITH	Paulo	-----	M	1913	11270	Place-17
SMITH	Susan	-----	F	1913	11271	Place-18
SMITH	Sheila	-----	F	1913	11272	Place-26
SMITH	Briony	-----	F	1913	11273	Place-9
SMITH	Suzanne	-----	F	1913	11274	Place-26
SMITH	James	-----	M	1913	11275	Place-11
SMITH	Bob	-----	M	1913	11276	Place-27
SMITH	Jacob	-----	M	1913	11277	Place-8
SMITH	Susan	-----	F	1913	11278	Place-14
SMITH	Bob	-----	M	1913	11279	Place-0
SMITH	Jim	-----	M	1913	11280	Place-6
SMITH	Susan	-----	F	1913	11281	Place-13
SMITH	Joseph	-----	M	1913	11282	Place-17
SMITH	Jenkins	-----	M	1913	11283	Place-22
SMITH	Susan	-----	F	1913	11284	Place-4
SMITH	Bob	-----	M	1913	11285	Place-14
SMITH	Sarah	-----	F	1913	11286	Place-9
SMITH	Selina	-----	F	1913	11287	Place-13
SMITH	Selina	-----	F	1913	11288	Place-27
SMITH	James	-----	M	1913	11289	Place-25
SMITH	Jacob	-----	M	1913	11290	Place-27
SMITH	Jacob	-----	M	1913	11291	Place-17
SMITH	Selina	-----	F	1913	11292	Place-8
SMITH	Joseph	-----	M	1913	11293	Place-14
SMITH	Shawn	-----	M	1913	11294	Place-16
SMITH	Jacob	-----	M	1913	11295	Place-12
SMITH	Paulo	-----	M	1913	11296	Place-20
SMITH	Jacob	-----	M	1913	11297	Place-15
SMITH	Joseph	-----	M	1913	11298	Place-7
SMITH	Jacob	-----	M	1913	11299	Place-17
SMITH	Sarah	-----	F	1913	11300	Place-29
SMITH	Jim	-----	M	1913	11301	Place-6
SMITH	Shawn	-----	M	1913	11302	Place-23
SMITH	Susan	-----	F	1913	11303	Place-29
SMITH	Suzanne	-----	F	1913	11304	Place-16
SMITH	Jenkins	-----	M	1913	11305	Place-1
SMITH	Jacob	-----	M	1913	11306	Place-1
SMITH	Suzanne	-----	F	1913	11307	Place-22
SMITH	Seonaid	-----	F	1913	11308	Place-20
SMITH	Jim	-----	M	1913	11309	Place-22
SMITH	Suzanne	-----	F	1913	11310	Place-1
SMITH	Joseph	-----	M	1913	11311	Place-3
SMITH	Shawn	-----	M	1914	11337	Place-23
SMITH	Joseph	-----	M	1914	11338	Place-22
SMITH	Suzanne	-----	F	1914	11339	Place-8
SMITH	Sharon	-----	F	1914	11340	Place-18
SMITH	Bob	-----	M	1914	11341	Place-14
SMITH	Susan	-----	F	1914	11342	Place-6
SMITH	Susan	-----	F	1914	11343	Place-15
SMITH	Joseph	-----	M	1914	11344	Place-29
SMITH	James	-----	M	1914	11345	Place-29
SMITH	Briony	-----	F	1914	11346	Place-8
SMITH	Jim	-----	M	1914	11347	Place-2
SMITH	Jim	-----	M	1914	11348	Place-8
SMITH	Shawn	-----	M	1914	11349	Place-9
SMITH	Bob	-----	M	1914	11350	Place-21
SMITH	Shawn	-----	M	1914	11351	Place-27
SMITH	Jim	-----	M	1914	11352	Place-22
SMITH	Briony	-----	F	1914	11353	Place-1
SMITH	Suzanne	-----	F	1914	11354	Place-21
SMITH	Sharon	-----	F	1914	11355	Place-21
SMITH	Briony	-----	F	1914	11356	Place-15
SMITH	Sheila	-----	F	1914	11357	Place-18
SMITH	Bob	-----	M	1914	11358	Place-9
SMITH	Jenkins	-----	M	1914	11359	Place-7
SMITH	Sarah	-----	F	1914	11360	Place-21
SMITH	Seonaid	-----	F	1914	11361	Place-4
SMITH	Shawn	-----	M	1914	11362	Place-6
SMITH	Shawn	-----	M	1914	11363	Place-12
SMITH	Joseph	-----	M	1914	11364	Place-27
SMITH	Paulo	-----	M	1914	11365	Place-27
SMITH	Paulo	-----	M	1914	11366	Place-16
SMITH	Sarah	-----	F	1914	11367	Place-3
SMITH	Paulo	-----	M	1914	11368	Place-19
SMITH	Sarah	-----	F	1914	11369	Place-17
SMITH	Shawn	-----	M	1914	11370	Place-28
SMITH	Jacob	-----	M	1914	11371	Place-3
SMITH	Jenkins	-----	M	1914	11372	Place-21
SMITH	Selina	-----	F	1914	11373	Place-20
SMITH	James	-----	M	1914	11374	Place-8
SMITH	Jenkins	-----	M	1914	11375	Place-4
SMITH	Jacob	-----	M	1914	11376	Place-0
SMITH	Joseph	-----	M	1914	11377	Place-23
SMITH	Suzanne	-----	F	1914	11378	Place-26
SMITH	Selina	-----	F	1914	11379	Place-26
SMITH	Sarah	-----	F	1914	11380	Place-9
SMITH	Briony	-----	F	1914	11381	Place-12
SMITH	Jacob	-----	M	1914	11382	Place-5
SMITH	Paulo	-----	M	1914	11383	Place-8
SMITH	Bob	-----	M	1914	11384	Place-17
SMITH	Sarah	-----	F	1914	11385	Place-8
SMITH	Jenkins	-----	M	1914	11386	Place-25
SMITH	Sheila	-----	F	1914	11387	Place-11
SMITH	Sheila	-----	F	1914	11388	Place-16
SMITH	Sarah	-----	F	1914	11389	Place-14
SMITH	Sheila	-----	F	1914	11390	Place-18
SMITH	Suzanne	-----	F	1914	11391	Place-9
SMITH	Jacob	-----	M	1914	11392	Place-3
SMITH	Suzanne	-----	F	1914	11393	Place-4
SMITH	Suzanne	-----	F	1914	11394	Place-26
SMITH	Suzanne	-----	F	1914	11395	Place-14
SMITH	Jacob	-----	M	1914	11396	Place-6
SMITH	Jacob	-----	M	1914	11397	Place-20
SMITH	Sarah	-----	F	1914	11398	Place-1
SMITH	Susan	-----	F	1914	11399	Place-2
SMITH	Briony	-----	F	1914	11400	Place-6
SMITH	James	-----	M	1914	11401	Place-20
SMITH	Susan	-----	F	1914	11402	Place-17
SMITH	Selina	-----	F	1914	11403	Place-9
SMITH	Paulo	-----	M	1914	11404	Place-6
SMITH	Briony	-----	F	1914	11405	Place-7
SMITH	Seonaid	-----	F	1914	11406	Place-10
SMITH	Sharon	-----	F	1914	11407	Place-22
SMITH	Susan	-----	F	1914	11408	Place-13
SMITH	Briony	-----	F	1914	11409	Place-26
SMITH	Selina	-----	F	1914	11410	Place-8
SMITH	Jim	-----	M	1914	11411	Place-14
SMITH	Susan	-----	F	1914	11412	Place-10
SMITH	Jim	-----	M	1914	11413	Place-4
SMITH	Selina	-----	F	1914	11414	Place-3
SMITH	Joseph	-----	M	1914	11415	Place-14
SMITH	Bob	-----	M	1914	11416	Place-26
SMITH	Sheila	-----	F	1914	11417	Place-7
SMITH	James	-----	M	1914	11418	Place-22
SMITH	Selina	-----	F	1914	11419	Place-10
SMITH	Shawn	-----	M	1914	11420	Place-20
SMITH	Joseph	-----	M	1914	11421	Place-2
SMITH	Sharon	-----	F	1914	11422	Place-27
SMITH	Jim	-----	M	1914	11423	Place-6
SMITH	Jim	-----	M	1914	11424	Place-27
SMITH	Jacob	-----	M	1914	11425	Place-3
SMITH	James	-----	M	1914	11426	Place-28
SMITH	Jacob	-----	M	1914	11427	Place-23
SMITH	Joseph	-----	M	1914	11428	Place-9
SMITH	Susan	-----	F	1914	11429	Place-3
SMITH	Sharon	-----	F	1914	11430	Place-10
SMITH	Sheila	-----	F	1914	11431	Place-18
SMITH	Jacob	-----	M	1914	11432	Place-22
SMITH	Sheila	-----	F	1914	11433	Place-12
SMITH	Jacob	-----	M	1914	11434	Place-4
SMITH	James	-----	M	1914	11435	Place-27
SMITH	Selina	-----	F	1914	11436	Place-24
SMITH	Jim	-----	M	1914	11437	Place-20
SMITH	Sharon	-----	F	1914	11438	Place-12
SMITH	Shawn	-----	M	1914	11439	Place-7
SMITH	Shawn	-----	M	1914	11440	Place-3
SMITH	Susan	-----	F	1914	11441	Place-21
SMITH	Paulo	-----	M	1914	11442	Place-20
SMITH	James	-----	M	1914	11443	Place-6
SMITH	Suzanne	-----	F	1914	11444	Place-16
SMITH	Jacob	-----	M	1914	11445	Place-0
SMITH	Briony	-----	F	1914	11446	Place-3
SMITH	Paulo	-----	M	1914	11447	Place-24
SMITH	Jim	-----	M	1914	11448	Place-2
SMITH	Bob	-----	M	1914	11449	Place-29
SMITH	Briony	-----	F	1914	11450	Place-10
SMITH	Suzanne	-----	F	1914	11451	Place-26
SMITH	Jenkins	-----	M	1914	11452	Place-5
SMITH	Selina	-----	F	1914	11453	Place-6
SMITH	Jacob	-----	M	1914	11454	Place-10
SMITH	Joseph	-----	M	1914	11455	Place-23
SMITH	James	-----	M	1914	11456	Place-1
SMITH	Suzanne	-----	F	1914	11457	Place-9
SMITH	Bob	-----	M	1914	11458	Place-22
SMITH	Susan	-----	F	1914	11459	Place-9
SMITH	Selina	-----	F	1914	11460	Place-8
SMITH	Sheila	-----	F	1914	11461	Place-1
SMITH	Sharon	-----	F	1914	11462	Place-23
SMITH	Sarah	-----	F	1914	11463	Place-11
SMITH	Joseph	-----	M	1914	11464	Place-15
SMITH	Sheila	-----	F	1914	11465	Place-6
SMITH	Joseph	-----	M	1914	11466	Place-7
SMITH	Jim	-----	M	1914	11467	Place-17
SMITH	Suzanne	-----	F	1914	11468	Place-22
SMITH	Joseph	-----	M	1914	11469	Place-19
SMITH	Paulo	-----	M	1914	11470	Place-10
SMITH	Jacob	-----	M	1914	11471	Place-7
SMITH	Jim	-----	M	1914	11472	Place-9
SMITH	Susan	-----	F	1914	11473	Place-24
SMITH	Jacob	-----	M	1914	11474	Place-8
SMITH	Suzanne	-----	F	1914	11475	Place-1
SMITH	Jacob	-----	M	1914	11476	Place-2
SMITH	Jenkins	-----	M	1914	11477	Place-14
SMITH	James	-----	M	1914	11478	Place-26
SMITH	Briony	-----	F	1914	11479	Place-9
SMITH	Jenkins	-----	M	1914	11480	Place-0
SMITH	Bob	-----	M	1914	11481	Place-25
SMITH	Sheila	-----	F	1914	11482	Place-15
SMITH	Jim	-----	M	1914	11483	Place-4
SMITH	Sarah	-----	F	1914	11484	Place-17
SMITH	Jim	-----	M	1914	11485	Place-25
SMITH	Briony	-----	F	1914	11486	Place-15
SMITH	Briony	-----	F	1914	11487	Place-21
SMITH	Shawn	-----	M	1914	11488	Place-22
SMITH	Briony	-----	F	1914	11489	Place-23
SMITH	Susan	-----	F	1914	11490	Place-28
SMITH	Susan	-----	F	1914	11491	Place-9
SMITH	Selina	-----	F	1914	11492	Place-14
SMITH	Suzanne	-----	F	1914	11493	Place-1
SMITH	Bob	-----	M	1914	11494	Place-14
SMITH	Sheila	-----	F	1914	11495	Place-29
SMITH	Joseph	-----	M	1915	11510	Place-5
SMITH	Susan	-----	F	1915	11511	Place-14
SMITH	James	-----	M	1915	11512	Place-6
SMITH	Paulo	-----	M	1915	11513	Place-3
SMITH	Briony	-----	F	1915	11514	Place-17
SMITH	Selina	-----	F	1915	11515	Place-8
SMITH	Suzanne	-----	F	1915	11516	Place-13
SMITH	Seonaid	-----	F	1915	11517	Place-23
SMITH	Sarah	-----	F	1915	11518	Place-13
SMITH	Shawn	-----	M	1915	11519	Place-20
SMITH	Joseph	-----	M	1915	11520	Place-13
SMITH	Sarah	-----	F	1915	11521	Place-26
SMITH	Sharon	-----	F	1915	11522	Place-29
SMITH	Jim	-----	M	1915	11523	Place-23
SMITH	Jim	-----	M	1915	11524	Place-9
SMITH	Jim	-----	M	1915	11525	Place-23
SMITH	Sarah	-----	F	1915	11526	Place-3
SMITH	Sarah	-----	F	1915	11527	Place-29
SMITH	Sheila	-----	F	1915	11528	Place-27
SMITH	Jenkins	-----	M	1915	11529	Place-28
SMITH	Sharon	-----	F	1915	11530	Place-13
SMITH	James	-----	M	1915	11531	Place-29
SMITH	Jacob	-----	M	1915	11532	Place-14
SMITH	Jacob	-----	M	1915	11533	Place-19
SMITH	Jim	-----	M	1915	11534	Place-2
SMITH	Joseph	-----	M	1915	11535	Place-13
SMITH	Susan	-----	F	1915	11536	Place-8
SMITH	Sheila	-----	F	1915	11537	Place-5
SMITH	Jacob	-----	M	1915	11538	Place-27
SMITH	Briony	-----	F	1915	11539	Place-1
SMITH	Sheila	-----	F	1915	11540	Place-21
SMITH	Jenkins	-----	M	1915	11541	Place-17
SMITH	Suzanne	-----	F	1915	11542	Place-20
SMITH	Susan	-----	F	1915	11543	Place-9
SMITH	Jacob	-----	M	1915	11544	Place-19
SMITH	Shawn	-----	M	1915	11545	Place-18
SMITH	James	-----	M	1915	11546	Place-24
SMITH	Shawn	-----	M	1915	11547	Place-18
SMITH	James	-----	M	1915	11548	Place-19
SMITH	Jim	-----	M	1915	11549	Place-16
SMITH	Bob	-----	M	1915	11550	Place-3
SMITH	Bob	-----	M	1915	11551	Place-24
SMITH	Sharon	-----	F	1915	11552	Place-27
SMITH	Paulo	-----	M	1915	11553	Place-23
SMITH	Sarah	-----	F	1915	11554	Place-5
SMITH	Jacob	-----	M	1915	11555	Place-6
SMITH	Jacob	-----	M	1915	11556	Place-21
SMITH	Jim	-----	M	1915	11557	Place-22
SMITH	Seonaid	-----	F	1915	11558	Place-28
SMITH	Jacob	-----	M	1915	11559	Place-5
SMITH	Paulo	-----	M	1915	11560	Place-8
SMITH	Jenkins	-----	M	1915	11561	Place-27
SMITH	Bob	-----	M	1915	11562	Place-13
SMITH	Bob	-----	M	1915	11563	Place-13
SMITH	Suzanne	-----	F	1915	11564	Place-10
SMITH	Joseph	-----	M	1915	11565	Place-26
SMITH	Shawn	-----	M	1915	11566	Place-4
SMITH	Jenkins	-----	M	1915	11567	Place-24
SMITH	Seonaid	-----	F	1915	11568	Place-11
SMITH	Jacob	-----	M	1915	11569	Place-17
SMITH	Sheila	-----	F	1915	11570	Place-20
SMITH	Paulo	-----	M	1915	11571	Place-17
SMITH	Jenkins	-----	M	1915	11572	Place-2
SMITH	Sheila	-----	F	1915	11573	Place-6
SMITH	Sarah	-----	F	1915	11574	Place-9
SMITH	Jenkins	-----	M	1915	11575	Place-24
SMITH	Briony	-----	F	1915	11576	Place-18
SMITH	Selina	-----	F	1915	11577	Place-9
SMITH	Seonaid	-----	F	1915	11578	Place-28
SMITH	Susan	-----	F	1915	11579	Place-29
SMITH	Sharon	-----	F	1915	11580	Place-14
SMITH	Jacob	-----	M	1915	11581	Place-12
SMITH	Joseph	-----	M	1915	11582	Place-22
SMITH	James	-----	M	1915	11583	Place-14
SMITH	Sharon	-----	F	1915	11584	Place-10
SMITH	Susan	-----	F	1915	11585	Place-14
SMITH	Paulo	-----	M	1915	11586	Place-19
SMITH	Sheila	-----	F	1915	11587	Place-28
SMITH	Jenkins	-----	M	1915	11588	Place-15
SMITH	Jenkins	-----	M	1915	11589	Place-16
SMITH	Briony	-----	F	1915	11590	Place-13
SMITH	Jim	-----	M	1915	11591	Place-23
SMITH	Jenkins	-----	M	1915	11592	Place-23
SMITH	Sharon	-----	F	1915	11593	Place-5
SMITH	Jim	-----	M	1915	11594	Place-3
SMITH	Suzanne	-----	F	1915	11595	Place-1
SMITH	Sarah	-----	F	1915	11596	Place-18
SMITH	Sharon	-----	F	1915	11597	Place-12
SMITH	Suzanne	-----	F	1915	11598	Place-12
SMITH	Susan	-----	F	1915	11599	Place-13
SMITH	Jacob	-----	M	1915	11600	Place-2
SMITH	Jenkins	-----	M	1915	11601	Place-22
SMITH	Selina	-----	F	1915	11602	Place-6
SMITH	James	-----	M	1915	11603	Place-19
SMITH	Sharon	-----	F	1915	11604	Place-28
SMITH	Jacob	-----	M	1915	11605	Place-3
SMITH	Bob	-----	M	1915	11606	Place-13
SMITH	Selina	-----	F	1915	11607	Place-17
SMITH	Susan	-----	F	1915	11608	Place-29
SMITH	Jenkins	-----	M	1915	11609	Place-3
SMITH	Susan	-----	F	1915	11610	Place-17
SMITH	Joseph	-----	M	1915	11611	Place-0
SMITH	Jenkins	-----	M	1915	11612	Place-21
SMITH	Jim	-----	M	1915	11613	Place-18
SMITH	Susan	-----	F	1915	11614	Place-24
SMITH	Sheila	-----	F	1915	11615	Place-14
SMITH	Jim	-----	M	1915	11616	Place-28
SMITH	James	-----	M	1915	11617	Place-8
SMITH	Bob	-----	M	1915	11618	Place-5
SMITH	James	-----	M	1915	11619	Place-19
SMITH	Seonaid	-----	F	1915	11620	Place-26
SMITH	Selina	-----	F	1915	11621	Place-8
SMITH	Jim	-----	M	1915	11622	Place-8
SMITH	Bob	-----	M	1915	11623	Place-14
SMITH	Bob	-----	M	1915	11624	Place-18
SMITH	Jacob	-----	M	1915	11625	Place-12
SMITH	Shawn	-----	M	1915	11626	Place-12
SMITH	Jenkins	-----	M	1915	11627	Place-20
SMITH	Sheila	-----	F	1915	11628	Place-3
SMITH	Suzanne	-----	F	1915	11629	Place-0
SMITH	Seonaid	-----	F	1915	11630	Place-22
SMITH	Jenkins	-----	M	1915	11631	Place-5
SMITH	Joseph	-----	M	1915	11632	Place-2
SMITH	Shawn	-----	M	1915	11633	Place-12
SMITH	James	-----	M	1915	11634	Place-27
SMITH	Sheila	-----	F	1915	11635	Place-18
SMITH	Jenkins	-----	M	1915	11636	Place-19
SMITH	Sharon	-----	F	1915	11637	Place-7
SMITH	Briony	-----	F	1915	11638	Place-23
SMITH	Jacob	-----	M	1915	11639	Place-14
SMITH	Jim	-----	M	1915	11640	Place-18
SMITH	Sharon	-----	F	1915	11641	Place-27
SMITH	Sarah	-----	F	1915	11642	Place-25
SMITH	Paulo	-----	M	1915	11643	Place-17
SMITH	Jenkins	-----	M	1915	11644	Place-9
SMITH	Paulo	-----	M	1915	11645	Place-3
SMITH	Selina	-----	F	1915	11646	Place-22
SMITH	Jim	-----	M	1915	11647	Place-20
SMITH	Jacob	-----	M	1915	11648	Place-28
SMITH	Sarah	-----	F	1915	11649	Place-6
SMITH	James	-----	M	1915	11650	Place-28
SMITH	Sharon	-----	F	1915	11651	Place-22
SMITH	Seonaid	-----	F	1915	11652	Place-29
SMITH	Joseph	-----	M	1915	11653	Place-28
SMITH	Briony	-----	F	1915	11654	Place-14
SMITH	Suzanne	-----	F	1915	11655	Place-29
SMITH	Shawn	-----	M	1915	11656	Place-19
SMITH	Jenkins	-----	M	1915	11657	Place-29
SMITH	Jim	-----	M	1915	11658	Place-28
SMITH	Jim	-----	M	1915	11659	Place-28
SMITH	Sheila	-----	F	1915	11660	Place-0
SMITH	Susan	-----	F	1915	11661	Place-4
SMITH	Shawn	-----	M	1915	11662	Place-2
SMITH	Jenkins	-----	M	1916	11693	Place-26
SMITH	Susan	-----	F	1916	11694	Place-9
SMITH	Paulo	-----	M	1916	11695	Place-26
SMITH	Selina	-----	F	1916	11696	Place-16
SMITH	Briony	-----	F	1916	11697	Place-18
SMITH	Bob	-----	M	1916	11698	Place-17
SMITH	Sharon	-----	F	1916	11699	Place-28
SMITH	James	-----	M	1916	11700	Place-2
SMITH	Sheila	-----	F	1916	11701	Place-21
SMITH	Selina	-----	F	1916	11702	Place-29
SMITH	Shawn	-----	M	1916	11703	Place-2
SMITH	Joseph	-----	M	1916	11704	Place-9
SMITH	Jenkins	-----	M	1916	11705	Place-22
SMITH	Shawn	-----	M	1916	11706	Place-28
SMITH	Selina	-----	F	1916	11707	Place-10
SMITH	Paulo	-----	M	1916	11708	Place-22
SMITH	Susan	-----	F	1916	11709	Place-28
SMITH	Briony	-----	F	1916	11710	Place-9
SMITH	Jenkins	-----	M	1916	11711	Place-9
SMITH	Sarah	-----	F	1916	11712	Place-16
SMITH	Joseph	-----	M	1916	11713	Place-13
SMITH	Paulo	-----	M	1916	11714	Place-9
SMITH	Sarah	-----	F	1916	11715	Place-25
SMITH	Bob	-----	M	1916	11716	Place-1
SMITH	Briony	-----	F	1916	11717	Place-11
SMITH	Selina	-----	F	1916	11718	Place-9
SMITH	Joseph	-----	M	1916	11719	Place-17
SMITH	Selina	-----	F	1916	11720	Place-0
SMITH	Shawn	-----	M	1916	11721	Place-22
SMITH	Jim	-----	M	1916	11722	Place-28
SMITH	Jenkins	-----	M	1916	11723	Place-9
SMITH	Selina	-----	F	1916	11724	Place-1
SMITH	Seonaid	-----	F	1916	11725	Place-14
SMITH	James	-----	M	1916	11726	Place-19
SMITH	Seonaid	-----	F	1916	11727	Place-14
SMITH	Sheila	-----	F	1916	11728	Place-25
SMITH	Jenkins	-----	M	1916	11729	Place-2
SMITH	Jim	-----	M	1916	11730	Place-13
SMITH	Shawn	-----	M	1916	11731	Place-14
SMITH	Sheila	-----	F	1916	11732	Place-0
SMITH	Suzanne	-----	F	1916	11733	Place-5
SMITH	Shawn	-----	M	1916	11734	Place-26
SMITH	Briony	-----	F	1916	11735	Place-13
SMITH	Sarah	-----	F	1916	11736	Place-2
SMITH	Selina	-----	F	1916	11737	Place-17
SMITH	Shawn	-----	M	1916	11738	Place-6
SMITH	Sheila	-----	F	1916	11739	Place-28
SMITH	Jenkins	-----	M	1916	11740	Place-6
SMITH	Paulo	-----	M	1916	11741	Place-20
SMITH	Bob	-----	M	1916	11742	Place-27
SMITH	Jacob	-----	M	1916	11743	Place-12
SMITH	Bob	-----	M	1916	11744	Place-17
SMITH	Briony	-----	F	1916	11745	Place-4
SMITH	Susan	-----	F	1916	11746	Place-27
SMITH	Sharon	-----	F	1916	11747	Place-18
SMITH	Briony	-----	F	1916	11748	Place-1
SMITH	Sarah	-----	F	1916	11749	Place-21
SMITH	Bob	-----	M	1916	11750	Place-19
SMITH	Jim	-----	M	1916	11751	Place-3
SMITH	Bob	-----	M	1916	11752	Place-22
SMITH	Sheila	-----	F	1916	11753	Place-20
SMITH	Selina	-----	F	1916	11754	Place-0
SMITH	Jenkins	-----	M	1916	11755	Place-8
SMITH	Shawn	-----	M	1916	11756	Place-22
SMITH	Sarah	-----	F	1916	11757	Place-23
SMITH	Jenkins	-----	M	1916	11758	Place-14
SMITH	Selina	-----	F	1916	11759	Place-12
SMITH	Suzanne	-----	F	1916	11760	Place-8
SMITH	Jim	-----	M	1916	11761	Place-27
SMITH	Susan	-----	F	1916	11762	Place-13
SMITH	Jim	-----	M	1916	11763	Place-14
SMITH	Suzanne	-----	F	1916	11764	Place-18
SMITH	Susan	-----	F	1916	11765	Place-1
SMITH	Jenkins	-----	M	1916	11766	Place-18
SMITH	Seonaid	-----	F	1916	11767	Place-15
SMITH	Sarah	-----	F	1916	11768	Place-26
SMITH	Sheila	-----	F	1916	11769	Place-18
SMITH	Shawn	-----	M	1916	11770	Place-23
SMITH	Sharon	-----	F	1916	11771	Place-27
SMITH	Briony	-----	F	1916	11772	Place-24
SMITH	Jenkins	-----	M	1916	11773	Place-28
SMITH	Paulo	-----	M	1916	11774	Place-7
SMITH	James	-----	M	1916	11775	Place-21
SMITH	Shawn	-----	M	1916	11776	Place-14
SMITH	Sharon	-----	F	1916	11777	Place-5
SMITH	Briony	-----	F	1916	11778	Place-17
SMITH	Sharon	-----	F	1916	11779	Place-12
SMITH	James	-----	M	1916	11780	Place-6
SMITH	Jacob	-----	M	1916	11781	Place-8
SMITH	Susan	-----	F	1916	11782	Place-29
SMITH	Selina	-----	F	1916	11783	Place-26
SMITH	Jenkins	-----	M	1916	11784	Place-28
SMITH	Joseph	-----	M	1916	11785	Place-14
SMITH	Seonaid	-----	F	1916	11786	Place-2
SMITH	Shawn	-----	M	1916	11787	Place-13
SMITH	Jim	-----	M	1916	11788	Place-1
SMITH	Bob	-----	M	1916	11789	Place-6
SMITH	Susan	-----	F	1916	11790	Place-28
SMITH	James	-----	M	1916	11791	Place-23
SMITH	Paulo	-----	M	1916	11792	Place-22
SMITH	Seonaid	-----	F	1916	11793	Place-28
SMITH	Susan	-----	F	1916	11794	Place-21
SMITH	Seonaid	-----	F	1916	11795	Place-0
SMITH	Paulo	-----	M	1916	11796	Place-28
SMITH	Susan	-----	F	1916	11797	Place-19
SMITH	Bob	-----	M	1916	11798	Place-18
SMITH	Paulo	-----	M	1916	11799	Place-0
SMITH	Joseph	-----	M	1916	11800	Place-22
SMITH	Jenkins	-----	M	1916	11801	Place-16
SMITH	Briony	-----	F	1916	11802	Place-21
SMITH	Jacob	-----	M	1916	11803	Place-18
SMITH	Jenkins	-----	M	1916	11804	Place-3
SMITH	Shawn	-----	M	1916	11805	Place-0
SMITH	Jim	-----	M	1916	11806	Place-7
SMITH	Sarah	-----	F	1916	11807	Place-15
SMITH	Sharon	-----	F	1916	11808	Place-13
SMITH	Jacob	-----	M	1916	11809	Place-15
SMITH	Paulo	-----	M	1916	11810	Place-14
SMITH	Sarah	-----	F	1916	11811	Place-19
SMITH	Joseph	-----	M	1916	11812	Place-0
SMITH	Joseph	-----	M	1916	11813	Place-7
SMITH	Jim	-----	M	1916	11814	Place-4
SMITH	Jenkins	-----	M	1916	11815	Place-9
SMITH	Seonaid	-----	F	1916	11816	Place-6
SMITH	Bob	-----	M	1916	11817	Place-14
SMITH	Sarah	-----	F	1916	11818	Place-12
SMITH	Paulo	-----	M	1916	11819	Place-9
SMITH	Sharon	-----	F	1916	11820	Place-23
SMITH	Sheila	-----	F	1916	11821	Place-8
SMITH	Sarah	-----	F	1916	11822	Place-7
SMITH	Bob	-----	M	1916	11823	Place-27
SMITH	Jenkins	-----	M	1916	11824	Place-11
SMITH	Paulo	-----	M	1916	11825	Place-20
SMITH	Paulo	-----	M	1916	11826	Place-17
SMITH	Selina	-----	F	1916	11827	Place-22
SMITH	Sarah	-----	F	1916	11828	Place-1
SMITH	Selina	-----	F	1916	11829	Place-10
SMITH	Bob	-----	M	1916	11830	Place-3
SMITH	Bob	-----	M	1916	11831	Place-7
SMITH	Sharon	-----	F	1916	11832	Place-25
SMITH	Sharon	-----	F	1916	11833	Place-18
SMITH	Sheila	-----	F	1916	11834	Place-25
SMITH	Jacob	-----	M	1916	11835	Place-18
SMITH	Suzanne	-----	F	1916	11836	Place-0
SMITH	Joseph	-----	M	1916	11837	Place-8
SMITH	Bob	-----	M	1916	11838	Place-0
SMITH	Joseph	-----	M	1916	11839	Place-20
SMITH	Suzanne	-----	F	1916	11840	Place-27
SMITH	Sarah	-----	F	1916	11841	Place-5
SMITH	Sheila	-----	F	1916	11842	Place-27
SMITH	Suzanne	-----	F	1916	11843	Place-9
SMITH	Selina	-----	F	1916	11844	Place-9
SMITH	Briony	-----	F	1916	11845	Place-8
SMITH	Sharon	-----	F	1916	11846	Place-1
SMITH	Suzanne	-----	F	1916	11847	Place-6
SMITH	Jenkins	-----	M	1916	11848	Place-23
SMITH	Sheila	-----	F	1916	11849	Place-28
SMITH	Paulo	-----	M	1916	11850	Place-28
SMITH	Sharon	-----	F	1916	11851	Place-5
SMITH	Joseph	-----	M	1916	11852	Place-28
SMITH	Jacob	-----	M	1916	11853	Place-19
SMITH	Sarah	-----	F	1916	11854	Place-25
SMITH	Jenkins	-----	M	1916	11855	Place-4
SMITH	Sharon	-----	F	1916	11856	Place-5
SMITH	Suzanne	-----	F	1916	11857	Place-9
SMITH	Jim	-----	M	1916	11858	Place-18
SMITH	Shawn	-----	M	1916	11859	Place-18
SMITH	Jacob	-----	M	1916	11860	Place-14
SMITH	Bob	-----	M	1916	11861	Place-8
SMITH	Suzanne	-----	F	1916	11862	Place-14
SMITH	Jim	-----	M	1916	11863	Place-25
SMITH	Suzanne	-----	F	1916	11864	Place-28
SMITH	Selina	-----	F	1917	11884	Place-19
SMITH	Selina	-----	F	1917	11885	Place-8
SMITH	Selina	-----	F	1917	11886	Place-5
SMITH	Briony	-----	F	1917	11887	Place-13
SMITH	Jim	-----	M	1917	11888	Place-29
SMITH	Sheila	-----	F	1917	11889	Place-3
SMITH	Susan	-----	F	1917	11890	Place-29
SMITH	Susan	-----	F	1917	11891	Place-12
SMITH	Sheila	-----	F	1917	11892	Place-16
SMITH	Sarah	-----	F	1917	11893	Place-11
SMITH	James	-----	M	1917	11894	Place-21
SMITH	Shawn	-----	M	1917	11895	Place-7
SMITH	Sharon	-----	F	1917	11896	Place-29
SMITH	Joseph	-----	M	1917	11897	Place-6
SMITH	Shawn	-----	M	1917	11898	Place-6
SMITH	Joseph	-----	M	1917	11899	Place-5
SMITH	Jacob	-----	M	1917	11900	Place-27
SMITH	Paulo	-----	M	1917	11901	Place-10
SMITH	Sharon	-----	F	1917	11902	Place-2
SMITH	Briony	-----	F	1917	11903	Place-12
SMITH	Briony	-----	F	1917	11904	Place-15
SMITH	Sheila	-----	F	1917	11905	Place-29
SMITH	Selina	-----	F	1917	11906	Place-10
SMITH	Paulo	-----	M	1917	11907	Place-29
SMITH	Shawn	-----	M	1917	11908	Place-18
SMITH	Sheila	-----	F	1917	11909	Place-9
SMITH	Bob	-----	M	1917	11910	Place-20
SMITH	Shawn	-----	M	1917	11911	Place-16
SMITH	Joseph	-----	M	1917	11912	Place-6
SMITH	Sarah	-----	F	1917	11913	Place-18
SMITH	Sheila	-----	F	1917	11914	Place-2
SMITH	Jacob	-----	M	1917	11915	Place-19
SMITH	Sheila	-----	F	1917	11916	Place-25
SMITH	Bob	-----	M	1917	11917	Place-22
SMITH	Seonaid	-----	F	1917	11918	Place-16
SMITH	Joseph	-----	M	1917	11919	Place-5
SMITH	Sheila	-----	F	1917	11920	Place-6
SMITH	Sarah	-----	F	1917	11921	Place-26
SMITH	Bob	-----	M	1917	11922	Place-23
SMITH	James	-----	M	1917	11923	Place-16
SMITH	Paulo	-----	M	1917	11924	Place-28
SMITH	Sheila	-----	F	1917	11925	Place-9
SMITH	James	-----	M	1917	11926	Place-9
SMITH	Sarah	-----	F	1917	11927	Place-16
SMITH	Selina	-----	F	1917	11928	Place-4
SMITH	Sharon	-----	F	1917	11929	Place-1
SMITH	Briony	-----	F	1917	11930	Place-29
SMITH	Shawn	-----	M	1917	11931	Place-12
SMITH	Suzanne	-----	F	1917	11932	Place-12
SMITH	Jacob	-----	M	1917	11933	Place-11
SMITH	Seonaid	-----	F	1917	11934	Place-10
SMITH	Bob	-----	M	1917	11935	Place-13
SMITH	Suzanne	-----	F	1917	11936	Place-0
SMITH	Joseph	-----	M	1917	11937	Place-28
SMITH	Paulo	-----	M	1917	11938	Place-29
SMITH	Briony	-----	F	1917	11939	Place-16
SMITH	Jim	-----	M	1917	11940	Place-18
SMITH	Jim	-----	M	1917	11941	Place-6
SMITH	Sharon	-----	F	1917	11942	Place-28
SMITH	James	-----	M	1917	11943	Place-6
SMITH	Joseph	-----	M	1917	11944	Place-2
SMITH	Joseph	-----	M	1917	11945	Place-4
SMITH	Suzanne	-----	F	1917	11946	Place-0
SMITH	Jacob	-----	M	1917	11947	Place-1
SMITH	Susan	-----	F	1917	11948	Place-17
SMITH	Jacob	-----	M	1917	11949	Place-20
SMITH	Joseph	-----	M	1917	11950	Place-27
SMITH	Joseph	-----	M	1917	11951	Place-19
SMITH	Suzanne	-----	F	1917	11952	Place-27
SMITH	Briony	-----	F	1917	11953	Place-29
SMITH	Jacob	-----	M	1917	11954	Place-21
SMITH	Bob	-----	M	1917	11955	Place-23
SMITH	Sarah	-----	F	1917	11956	Place-2
SMITH	Susan	-----	F	1917	11957	Place-18
SMITH	Jenkins	-----	M	1917	11958	Place-29
SMITH	Shawn	-----	M	1917	11959	Place-21
SMITH	Seonaid	-----	F	1917	11960	Place-3
SMITH	Seonaid	-----	F	1917	11961	Place-27
SMITH	Briony	-----	F	1917	11962	Place-23
SMITH	Paulo	-----	M	1917	11963	Place-23
SMITH	Selina	-----	F	1917	11964	Place-13
SMITH	James	-----	M	1917	11965	Place-8
SMITH	Susan	-----	F	1917	11966	Place-7
SMITH	Sarah	-----	F	1917	11967	Place-2
SMITH	Jacob	-----	M	1917	11968	Place-12
SMITH	Bob	-----	M	1917	11969	Place-10
SMITH	Bob	-----	M	1917	11970	Place-27
SMITH	Sarah	-----	F	1917	11971	Place-26
SMITH	Shawn	-----	M	1917	11972	Place-28
SMITH	Sharon	-----	F	1917	11973	Place-23
SMITH	Sharon	-----	F	1917	11974	Place-8
SMITH	Sharon	-----	F	1917	11975	Place-13
SMITH	James	-----	M	1917	11976	Place-11
SMITH	Suzanne	-----	F	1917	11977	Place-27
SMITH	Selina	-----	F	1917	11978	Place-7
SMITH	Susan	-----	F	1917	11979	Place-21
SMITH	Susan	-----	F	1917	11980	Place-14
SMITH	Susan	-----	F	1917	11981	Place-10
SMITH	Jacob	-----	M	1917	11982	Place-10
SMITH	Jim	-----	M	1917	11983	Place-13
SMITH	Suzanne	-----	F	1917	11984	Place-11
SMITH	James	-----	M	1917	11985	Place-13
SMITH	Paulo	-----	M	1917	11986	Place-26
SMITH	Paulo	-----	M	1917	11987	Place-28
SMITH	Sarah	-----	F	1917	11988	Place-10
SMITH	Bob	-----	M	1917	11989	Place-20
SMITH	Suzanne	-----	F	1917	11990	Place-22
SMITH	Shawn	-----	M	1917	11991	Place-18
SMITH	Briony	-----	F	1917	11992	Place-0
SMITH	Jacob	-----	M	1917	11993	Place-13
SMITH	Jacob	-----	M	1917	11994	Place-14
SMITH	Joseph	-----	M	1917	11995	Place-29
SMITH	James	-----	M	1917	11996	Place-21
SMITH	Shawn	-----	M	1917	11997	Place-11
SMITH	Paulo	-----	M	1917	11998	Place-13
SMITH	Jacob	-----	M	1917	11999	Place-10
SMITH	Sheila	-----	F	1917	12000	Place-0
SMITH	Sharon	-----	F	1917	12001	Place-14
SMITH	Jim	-----	M	1917	12002	Place-14
SMITH	Seonaid	-----	F	1917	12003	Place-28
SMITH	Paulo	-----	M	1917	12004	Place-6
SMITH	Bob	-----	M	1917	12005	Place-4
SMITH	Suzanne	-----	F	1917	12006	Place-21
SMITH	Sarah	-----	F	1917	12007	Place-8
SMITH	Sharon	-----	F	1917	12008	Place-18
SMITH	Suzanne	-----	F	1917	12009	Place-14
SMITH	Jacob	-----	M	1917	12010	Place-26
SMITH	Paulo	-----	M	1917	12011	Place-9
SMITH	Joseph	-----	M	1917	12012	Place-17
SMITH	Jim	-----	M	1917	12013	Place-0
SMITH	Bob	-----	M	1917	12014	Place-24
SMITH	Briony	-----	F	1917	12015	Place-14
SMITH	Selina	-----	F	1917	12016	Place-21
SMITH	Jenkins	-----	M	1917	12017	Place-9
SMITH	Sharon	-----	F	1917	12018	Place-6
SMITH	Sharon	-----	F	1917	12019	Place-22
SMITH	Jim	-----	M	1917	12020	Place-23
SMITH	Jacob	-----	M	1917	12021	Place-25
SMITH	James	-----	M	1917	12022	Place-7
SMITH	Paulo	-----	M	1917	12023	Place-19
SMITH	Shawn	-----	M	1917	12024	Place-2
SMITH	Sheila	-----	F	1917	12025	Place-25
SMITH	Suzanne	-----	F	1917	12026	Place-4
SMITH	Seonaid	-----	F	1917	12027	Place-22
SMITH	James	-----	M	1917	12028	Place-27
SMITH	Joseph	-----	M	1917	12029	Place-7
SMITH	Susan	-----	F	1917	12030	Place-22
SMITH	Jim	-----	M	1917	12031	Place-6
SMITH	Selina	-----	F	1917	12032	Place-10
SMITH	James	-----	M	1917	12033	Place-22
SMITH	James	-----	M	1917	12034	Place-3
SMITH	Sarah	-----	F	1917	12035	Place-19
SMITH	Seonaid	-----	F	1917	12036	Place-11
SMITH	Sheila	-----	F	1917	12037	Place-15
SMITH	Sarah	-----	F	1917	12038	Place-5
SMITH	Selina	-----	F	1917	12039	Place-19
SMITH	Shawn	-----	M	1917	12040	Place-25
SMITH	Sheila	-----	F	1917	12041	Place-5
SMITH	Briony	-----	F	1917	12042	Place-29
SMITH	Briony	-----	F	1917	12043	Place-20
SMITH	Sharon	-----	F	1917	12044	Place-7
SMITH	Paulo	-----	M	1917	12045	Place-16
SMITH	Shawn	-----	M	1917	12046	Place-14
SMITH	Sarah	-----	F	1917	12047	Place-7
SMITH	James	-----	M	1917	12048	Place-29
SMITH	Jacob	-----	M	1917	12049	Place-21
SMITH	Briony	-----	F	1917	12050	Place-14
SMITH	Suzanne	-----	F	1917	12051	Place-23
SMITH	Joseph	-----	M	1917	12052	Place-27
SMITH	Suzanne	-----	F	1918	12072	Place-7
SMITH	Seonaid	-----	F	1918	12073	Place-18
SMITH	Briony	-----	F	1918	12074	Place-13
SMITH	Seonaid	-----	F	1918	12075	Place-0
SMITH	Shawn	-----	M	1918	12076	Place-15
SMITH	Jim	-----	M	1918	12077	Place-23
SMITH	Sarah	-----	F	1918	12078	Place-19
SMITH	Seonaid	-----	F	1918	12079	Place-3
SMITH	Sarah	-----	F	1918	12080	Place-3
SMITH	Joseph	-----	M	1918	12081	Place-10
SMITH	Briony	-----	F	1918	12082	Place-18
SMITH	Seonaid	-----	F	1918	12083	Place-28
SMITH	Selina	-----	F	1918	12084	Place-19
SMITH	Paulo	-----	M	1918	12085	Place-12
SMITH	Shawn	-----	M	1918	12086	Place-26
SMITH	Seonaid	-----	F	1918	12087	Place-23
SMITH	Selina	-----	F	1918	12088	Place-16
SMITH	Jim	-----	M	1918	12089	Place-16
SMITH	Selina	-----	F	1918	12090	Place-2
SMITH	Susan	-----	F	1918	12091	Place-26
SMITH	Sarah	-----	F	1918	12092	Place-3
SMITH	Seonaid	-----	F	1918	12093	Place-19
SMITH	Susan	-----	F	1918	12094	Place-13
SMITH	Jim	-----	M	1918	12095	Place-29
SMITH	Sharon	-----	F	1918	12096	Place-10
SMITH	Selina	-----	F	1918	12097	Place-26
SMITH	Jacob	-----	M	1918	12098	Place-7
SMITH	Seonaid	-----	F	1918	12099	Place-16
SMITH	Sheila	-----	F	1918	12100	Place-11
SMITH	Briony	-----	F	1918	12101	Place-15
SMITH	Jim	-----	M	1918	12102	Place-2
SMITH	Sarah	-----	F	1918	12103	Place-3
SMITH	Jacob	-----	M	1918	12104	Place-25
SMITH	Briony	-----	F	1918	12105	Place-10
SMITH	Paulo	-----	M	1918	12106	Place-12
SMITH	Shawn	-----	M	1918	12107	Place-4
SMITH	Jenkins	-----	M	1918	12108	Place-3
SMITH	Briony	-----	F	1918	12109	Place-20
SMITH	Jim	-----	M	1918	12110	Place-5
SMITH	Shawn	-----	M	1918	12111	Place-17
SMITH	Selina	-----	F	1918	12112	Place-27
SMITH	Sarah	-----	F	1918	12113	Place-0
SMITH	Briony	-----	F	1918	12114	Place-16
SMITH	Briony	-----	F	1918	12115	Place-29
SMITH	James	-----	M	1918	12116	Place-2
SMITH	Jenkins	-----	M	1918	12117	Place-23
SMITH	Seonaid	-----	F	1918	12118	Place-25
SMITH	Sharon	-----	F	1918	12119	Place-0
SMITH	Joseph	-----	M	1918	12120	Place-1
SMITH	Shawn	-----	M	1918	12121	Place-26
SMITH	James	-----	M	1918	12122	Place-10
SMITH	Shawn	-----	M	1918	12123	Place-10
SMITH	Shawn	-----	M	1918	12124	Place-22
SMITH	Bob	-----	M	1918	12125	Place-15
SMITH	Seonaid	-----	F	1918	12126	Place-19
SMITH	Seonaid	-----	F	1918	12127	Place-7
SMITH	Jim	-----	M	1918	12128	Place-1
SMITH	Bob	-----	M	1918	12129	Place-2
SMITH	Suzanne	-----	F	1918	12130	Place-9
SMITH	Sharon	-----	F	1918	12131	Place-25
SMITH	Suzanne	-----	F	1918	12132	Place-7
SMITH	Sarah	-----	F	1918	12133	Place-27
SMITH	Selina	-----	F	1918	12134	Place-0
SMITH	Sheila	-----	F	1918	12135	Place-9
SMITH	Briony	-----	F	1918	12136	Place-12
SMITH	Selina	-----	F	1918	12137	Place-29
SMITH	Sharon	-----	F	1918	12138	Place-29
SMITH	Sheila	-----	F	1918	12139	Place-22
SMITH	Jacob	-----	M	1918	12140	Place-28
SMITH	Sharon	-----	F	1918	12141	Place-20
SMITH	Sharon	-----	F	1918	12142	Place-19
SMITH	Susan	-----	F	1918	12143	Place-5
SMITH	Shawn	-----	M	1918	12144	Place-11
SMITH	Seonaid	-----	F	1918	12145	Place-29
SMITH	Susan	-----	F	1918	12146	Place-26
SMITH	Briony	-----	F	1918	12147	Place-2
SMITH	Jacob	-----	M	1918	12148	Place-0
SMITH	Sheila	-----	F	1918	12149	Place-19
SMITH	Jenkins	-----	M	1918	12150	Place-17
SMITH	Seonaid	-----	F	1918	12151	Place-5
SMITH	Susan	-----	F	1918	12152	Place-29
SMITH	Susan	-----	F	1918	12153	Place-27
SMITH	Paulo	-----	M	1918	12154	Place-0
SMITH	Seonaid	-----	F	1918	12155	Place-3
SMITH	Briony	-----	F	1918	12156	Place-15
SMITH	Jenkins	-----	M	1918	12157	Place-6
SMITH	Sharon	-----	F	1918	12158	Place-5
SMITH	Jim	-----	M	1918	12159	Place-16
SMITH	Sheila	-----	F	1918	12160	Place-3
SMITH	Jenkins	-----	M	1918	12161	Place-18
SMITH	Jacob	-----	M	1918	12162	Place-27
SMITH	Jenkins	-----	M	1918	12163	Place-2
SMITH	Bob	-----	M	1918	12164	Place-26
SMITH	Jenkins	-----	M	1918	12165	Place-5
SMITH	Suzanne	-----	F	1918	12166	Place-11
SMITH	Briony	-----	F	1918	12167	Place-12
SMITH	Suzanne	-----	F	1918	12168	Place-6
SMITH	Joseph	-----	M	1918	12169	Place-23
SMITH	Paulo	-----	M	1918	12170	Place-20
SMITH	Susan	-----	F	1918	12171	Place-14
SMITH	Bob	-----	M	1918	12172	Place-26
SMITH	Bob	-----	M	1918	12173	Place-13
SMITH	Bob	-----	M	1918	12174	Place-7
SMITH	Seonaid	-----	F	1918	12175	Place-28
SMITH	Susan	-----	F	1918	12176	Place-9
SMITH	Paulo	-----	M	1918	12177	Place-2
SMITH	Bob	-----	M	1918	12178	Place-21
SMITH	Susan	-----	F	1918	12179	Place-13
SMITH	Suzanne	-----	F	1918	12180	Place-13
SMITH	Briony	-----	F	1918	12181	Place-20
SMITH	Paulo	-----	M	1918	12182	Place-21
SMITH	Susan	-----	F	1918	12183	Place-13
SMITH	Paulo	-----	M	1918	12184	Place-11
SMITH	Joseph	-----	M	1918	12185	Place-9
SMITH	Joseph	-----	M	1918	12186	Place-22
SMITH	Joseph	-----	M	1918	12187	Place-18
SMITH	Sharon	-----	F	1918	12188	Place-24
SMITH	James	-----	M	1918	12189	Place-0
SMITH	Selina	-----	F	1918	12190	Place-6
SMITH	Paulo	-----	M	1918	12191	Place-4
SMITH	Shawn	-----	M	1918	12192	Place-10
SMITH	Sheila	-----	F	1918	12193	Place-22
SMITH	Sarah	-----	F	1918	12194	Place-8
SMITH	Shawn	-----	M	1918	12195	Place-23
SMITH	Paulo	-----	M	1918	12196	Place-11
SMITH	Shawn	-----	M	1918	12197	Place-8
SMITH	James	-----	M	1918	12198	Place-10
SMITH	Jenkins	-----	M	1918	12199	Place-9
SMITH	Briony	-----	F	1918	12200	Place-4
SMITH	Seonaid	-----	F	1918	12201	Place-0
SMITH	Sheila	-----	F	1918	12202	Place-10
SMITH	Suzanne	-----	F	1918	12203	Place-1
SMITH	Selina	-----	F	1918	12204	Place-16
SMITH	Bob	-----	M	1918	12205	Place-23
SMITH	Suzanne	-----	F	1918	12206	Place-7
SMITH	Sarah	-----	F	1918	12207	Place-1
SMITH	Paulo	-----	M	1918	12208	Place-18
SMITH	Sheila	-----	F	1918	12209	Place-13
SMITH	James	-----	M	1918	12210	Place-22
SMITH	Sharon	-----	F	1918	12211	Place-4
SMITH	Sharon	-----	F	1918	12212	Place-16
SMITH	Sheila	-----	F	1918	12213	Place-22
SMITH	Jenkins	-----	M	1918	12214	Place-28
SMITH	Sheila	-----	F	1918	12215	Place-12
SMITH	Joseph	-----	M	1918	12216	Place-29
SMITH	Paulo	-----	M	1918	12217	Place-11
SMITH	James	-----	M	1918	12218	Place-21
SMITH	Shawn	-----	M	1918	12219	Place-28
SMITH	Briony	-----	F	1918	12220	Place-28
SMITH	Sarah	-----	F	1918	12221	Place-17
SMITH	Sharon	-----	F	1918	12222	Place-2
SMITH	Joseph	-----	M	1918	12223	Place-29
SMITH	Shawn	-----	M	1918	12224	Place-25
SMITH	Bob	-----	M	1918	12225	Place-15
SMITH	Bob	-----	M	1918	12226	Place-15
SMITH	James	-----	M	1918	12227	Place-7
SMITH	Jenkins	-----	M	1918	12228	Place-3
SMITH	Jim	-----	M	1918	12229	Place-23
SMITH	Briony	-----	F	1918	12230	Place-26
SMITH	Joseph	-----	M	1918	12231	Place-18
SMITH	Bob	-----	M	1918	12232	Place-28
SMITH	Jacob	-----	M	1918	12233	Place-0
SMITH	Joseph	-----	M	1918	12234	Place-29
SMITH	Selina	-----	F	1918	12235	Place-21
SMITH	Jim	-----	M	1918	12236	Place-6
SMITH	Bob	-----	M	1918	12237	Place-16
SMITH	James	-----	M	1918	12238	Place-4
SMITH	Jenkins	-----	M	1918	12239	Place-15
SMITH	Seonaid	-----	F	1918	12240	Place-22
SMITH	Seonaid	-----	F	1919	12262	Place-23
SMITH	Bob	-----	M	1919	12263	Place-23
SMITH	Sarah	-----	F	1919	12264	Place-24
SMITH	Joseph	-----	M	1919	12265	Place-12
SMITH	Seonaid	-----	F	1919	12266	Place-11
SMITH	Seonaid	-----	F	1919	12267	Place-3
SMITH	Sharon	-----	F	1919	12268	Place-13
SMITH	Paulo	-----	M	1919	12269	Place-8
SMITH	Susan	-----	F	1919	12270	Place-16
SMITH	Paulo	-----	M	1919	12271	Place-0
SMITH	Jim	-----	M	1919	12272	Place-10
SMITH	Selina	-----	F	1919	12273	Place-12
SMITH	James	-----	M	1919	12274	Place-21
SMITH	Suzanne	-----	F	1919	12275	Place-13
SMITH	Suzanne	-----	F	1919	12276	Place-17
SMITH	Shawn	-----	M	1919	12277	Place-22
SMITH	Shawn	-----	M	1919	12278	Place-13
SMITH	Sarah	-----	F	1919	12279	Place-17
SMITH	Briony	-----	F	1919	12280	Place-3
SMITH	Jacob	-----	M	1919	12281	Place-10
SMITH	Susan	-----	F	1919	12282	Place-28
SMITH	Susan	-----	F	1919	12283	Place-28
SMITH	Sheila	-----	F	1919	12284	Place-29
SMITH	Sharon	-----	F	1919	12285	Place-15
SMITH	Bob	-----	M	1919	12286	Place-16
SMITH	Joseph	-----	M	1919	12287	Place-27
SMITH	Briony	-----	F	1919	12288	Place-22
SMITH	Sheila	-----	F	1919	12289	Place-5
SMITH	Briony	-----	F	1919	12290	Place-18
SMITH	Jim	-----	M	1919	12291	Place-15
SMITH	Jacob	-----	M	1919	12292	Place-3
SMITH	Jacob	-----	M	1919	12293	Place-26
SMITH	Susan	-----	F	1919	12294	Place-11
SMITH	Bob	-----	M	1919	12295	Place-2
SMITH	Selina	-----	F	1919	12296	Place-5
SMITH	Joseph	-----	M	1919	12297	Place-19
SMITH	Sharon	-----	F	1919	12298	Place-10
SMITH	Bob	-----	M	1919	12299	Place-3
SMITH	Bob	-----	M	1919	12300	Place-14
SMITH	Jenkins	-----	M	1919	12301	Place-22
SMITH	Sharon	-----	F	1919	12302	Place-12
SMITH	Sarah	-----	F	1919	12303	Place-24
SMITH	Bob	-----	M	1919	12304	Place-12
SMITH	Suzanne	-----	F	1919	12305	Place-15
SMITH	James	-----	M	1919	12306	Place-1
SMITH	Selina	-----	F	1919	12307	Place-29
SMITH	Joseph	-----	M	1919	12308	Place-26
SMITH	Briony	-----	F	1919	12309	Place-16
SMITH	Sarah	-----	F	1919	12310	Place-17
SMITH	Selina	-----	F	1919	12311	Place-22
SMITH	Paulo	-----	M	1919	12312	Place-7
SMITH	Seonaid	-----	F	1919	12313	Place-28
SMITH	Jacob	-----	M	1919	12314	Place-16
SMITH	Jim	-----	M	1919	12315	Place-1
SMITH	Seonaid	-----	F	1919	12316	Place-9
SMITH	Jacob	-----	M	1919	12317	Place-2
SMITH	Briony	-----	F	1919	12318	Place-16
SMITH	Sharon	-----	F	1919	12319	Place-2
SMITH	Jacob	-----	M	1919	12320	Place-22
SMITH	Jim	-----	M	1919	12321	Place-3
SMITH	Briony	-----	F	1919	12322	Place-17
SMITH	Seonaid	-----	F	1919	12323	Place-0
SMITH	Jenkins	-----	M	1919	12324	Place-2
SMITH	Shawn	-----	M	1919	12325	Place-7
SMITH	Jacob	-----	M	1919	12326	Place-25
SMITH	Susan	-----	F	1919	12327	Place-21
SMITH	Paulo	-----	M	1919	12328	Place-3
SMITH	Sheila	-----	F	1919	12329	Place-9
SMITH	Suzanne	-----	F	1919	12330	Place-3
SMITH	Sheila	-----	F	1919	12331	Place-25
SMITH	Seonaid	-----	F	1919	12332	Place-28
SMITH	Seonaid	-----	F	1919	12333	Place-13
SMITH	Shawn	-----	M	1919	12334	Place-13
SMITH	Selina	-----	F	1919	12335	Place-13
SMITH	Sarah	-----	F	1919	12336	Place-7
SMITH	Bob	-----	M	1919	12337	Place-0
SMITH	Joseph	-----	M	1919	12338	Place-22
SMITH	Paulo	-----	M	1919	12339	Place-3
SMITH	James	-----	M	1919	12340	Place-5
SMITH	Sheila	-----	F	1919	12341	Place-27
SMITH	James	-----	M	1919	12342	Place-3
SMITH	Suzanne	-----	F	1919	12343	Place-7
SMITH	James	-----	M	1919	12344	Place-21
SMITH	James	-----	M	1919	12345	Place-23
SMITH	Paulo	-----	M	1919	12346	Place-2
SMITH	Shawn	-----	M	1919	12347	Place-18
SMITH	Briony	-----	F	1919	12348	Place-19
SMITH	Shawn	-----	M	1919	12349	Place-21
SMITH	Susan	-----	F	1919	12350	Place-19
SMITH	Briony	-----	F	1919	12351	Place-21
SMITH	Suzanne	-----	F	1919	12352	Place-3
SMITH	Susan	-----	F	1919	12353	Place-22
SMITH	Shawn	-----	M	1919	12354	Place-21
SMITH	Joseph	-----	M	1919	12355	Place-4
SMITH	Paulo	-----	M	1919	12356	Place-5
SMITH	Sharon	-----	F	1919	12357	Place-27
SMITH	Paulo	-----	M	1919	12358	Place-5
SMITH	Jenkins	-----	M	1919	12359	Place-19
SMITH	Shawn	-----	M	1919	12360	Place-2
SMITH	Suzanne	-----	F	1919	12361	Place-18
SMITH	Jim	-----	M	1919	12362	Place-17
SMITH	Jim	-----	M	1919	12363	Place-14
SMITH	Sarah	-----	F	1919	12364	Place-28
SMITH	Jacob	-----	M	1919	12365	Place-27
SMITH	Bob	-----	M	1919	12366	Place-22
SMITH	Bob	-----	M	1919	12367	Place-13
SMITH	Sarah	-----	F	1919	12368	Place-20
SMITH	Bob	-----	M	1919	12369	Place-14
SMITH	Bob	-----	M	1919	12370	Place-11
SMITH	Sarah	-----	F	1919	12371	Place-28
SMITH	Jim	-----	M	1919	12372	Place-13
SMITH	Seonaid	-----	F	1919	12373	Place-22
SMITH	Sarah	-----	F	1919	12374	Place-8
SMITH	Jim	-----	M	1919	12375	Place-13
SMITH	James	-----	M	1919	12376	Place-12
SMITH	Suzanne	-----	F	1919	12377	Place-6
SMITH	Jacob	-----	M	1919	12378	Place-21
SMITH	Susan	-----	F	1919	12379	Place-6
SMITH	Bob	-----	M	1919	12380	Place-20
SMITH	Jacob	-----	M	1919	12381	Place-5
SMITH	Selina	-----	F	1919	12382	Place-4
SMITH	Susan	-----	F	1919	12383	Place-25
SMITH	Suzanne	-----	F	1919	12384	Place-10
SMITH	Selina	-----	F	1919	12385	Place-9
SMITH	Jenkins	-----	M	1919	12386	Place-20
SMITH	Shawn	-----	M	1919	12387	Place-16
SMITH	Suzanne	-----	F	1919	12388	Place-17
SMITH	Paulo	-----	M	1919	12389	Place-27
SMITH	Sarah	-----	F	1919	12390	Place-13
SMITH	Seonaid	-----	F	1919	12391	Place-15
SMITH	Sharon	-----	F	1919	12392	Place-11
SMITH	Paulo	-----	M	1919	12393	Place-0
SMITH	Jacob	-----	M	1919	12394	Place-28
SMITH	Selina	-----	F	1919	12395	Place-7
SMITH	Briony	-----	F	1919	12396	Place-17
SMITH	Sharon	-----	F	1919	12397	Place-15
SMITH	Jacob	-----	M	1919	12398	Place-18
SMITH	James	-----	M	1919	12399	Place-14
SMITH	Jim	-----	M	1919	12400	Place-14
SMITH	James	-----	M	1919	12401	Place-22
SMITH	Sarah	-----	F	1919	12402	Place-8
SMITH	Sheila	-----	F	1919	12403	Place-24
SMITH	James	-----	M	1919	12404	Place-7
SMITH	James	-----	M	1919	12405	Place-28
SMITH	Sarah	-----	F	1919	12406	Place-7
SMITH	Sheila	-----	F	1919	12407	Place-23
SMITH	Joseph	-----	M	1919	12408	Place-26
SMITH	Susan	-----	F	1919	12409	Place-8
SMITH	Selina	-----	F	1919	12410	Place-27
SMITH	Seonaid	-----	F	1919	12411	Place-5
SMITH	Jenkins	-----	M	1919	12412	Place-19
SMITH	Sheila	-----	F	1920	12433	Place-11
SMITH	Sheila	-----	F	1920	12434	Place-8
SMITH	Sarah	-----	F	1920	12435	Place-23
SMITH	Selina	-----	F	1920	12436	Place-18
SMITH	Bob	-----	M	1920	12437	Place-28
SMITH	Joseph	-----	M	1920	12438	Place-16
SMITH	Sarah	-----	F	1920	12439	Place-13
SMITH	Sheila	-----	F	1920	12440	Place-15
SMITH	James	-----	M	1920	12441	Place-17
SMITH	Sheila	-----	F	1920	12442	Place-21
SMITH	Joseph	-----	M	1920	12443	Place-10
SMITH	Selina	-----	F	1920	12444	Place-3
SMITH	Suzanne	-----	F	1920	12445	Place-24
SMITH	Paulo	-----	M	1920	12446	Place-27
SMITH	Shawn	-----	M	1920	12447	Place-18
SMITH	Sheila	-----	F	1920	12448	Place-6
SMITH	Susan	-----	F	1920	12449	Place-3
SMITH	Jacob	-----	M	1920	12450	Place-4
SMITH	Paulo	-----	M	1920	12451	Place-14
SMITH	Jenkins	-----	M	1920	12452	Place-28
SMITH	Jim	-----	M	1920	12453	Place-25
SMITH	James	-----	M	1920	12454	Place-8
SMITH	Bob	-----	M	1920	12455	Place-26
SMITH	James	-----	M	1920	12456	Place-24
SMITH	Sarah	-----	F	1920	12457	Place-12
SMITH	Suzanne	-----	F	1920	12458	Place-24
SMITH	Paulo	-----	M	1920	12459	Place-14
SMITH	Shawn	-----	M	1920	12460	Place-24
SMITH	Sarah	-----	F	1920	12461	Place-3
SMITH	Sarah	-----	F	1920	12462	Place-22
SMITH	Sheila	-----	F	1920	12463	Place-21
SMITH	James	-----	M	1920	12464	Place-14
SMITH	Bob	-----	M	1920	12465	Place-15
SMITH	Suzanne	-----	F	1920	12466	Place-12
SMITH	Jenkins	-----	M	1920	12467	Place-19
SMITH	Seonaid	-----	F	1920	12468	Place-19
SMITH	Sharon	-----	F	1920	12469	Place-21
SMITH	Jacob	-----	M	1920	12470	Place-25
SMITH	Susan	-----	F	1920	12471	Place-12
SMITH	Jacob	-----	M	1920	12472	Place-16
SMITH	Sarah	-----	F	1920	12473	Place-19
SMITH	Bob	-----	M	1920	12474	Place-4
SMITH	Briony	-----	F	1920	12475	Place-8
SMITH	Shawn	-----	M	1920	12476	Place-19
SMITH	Sarah	-----	F	1920	12477	Place-0
SMITH	Jim	-----	M	1920	12478	Place-8
SMITH	Susan	-----	F	1920	12479	Place-20
SMITH	Seonaid	-----	F	1920	12480	Place-20
SMITH	Suzanne	-----	F	1920	12481	Place-25
SMITH	Sharon	-----	F	1920	12482	Place-3
SMITH	Briony	-----	F	1920	12483	Place-11
SMITH	Shawn	-----	M	1920	12484	Place-3
SMITH	Suzanne	-----	F	1920	12485	Place-2
SMITH	Selina	-----	F	1920	12486	Place-27
SMITH	Sharon	-----	F	1920	12487	Place-24
SMITH	Bob	-----	M	1920	12488	Place-9
SMITH	Sharon	-----	F	1920	12489	Place-5
SMITH	Briony	-----	F	1920	12490	Place-7
SMITH	Suzanne	-----	F	1920	12491	Place-4
SMITH	Sarah	-----	F	1920	12492	Place-24
SMITH	James	-----	M	1920	12493	Place-5
SMITH	Sarah	-----	F	1920	12494	Place-16
SMITH	Seonaid	-----	F	1920	12495	Place-16
SMITH	Sharon	-----	F	1920	12496	Place-25
SMITH	Bob	-----	M	1920	12497	Place-0
SMITH	James	-----	M	1920	12498	Place-25
SMITH	Briony	-----	F	1920	12499	Place-26
SMITH	Paulo	-----	M	1920	12500	Place-28
SMITH	Suzanne	-----	F	1920	12501	Place-16
SMITH	Seonaid	-----	F	1920	12502	Place-5
SMITH	Sarah	-----	F	1920	12503	Place-22
SMITH	Paulo	-----	M	1920	12504	Place-1
SMITH	Seonaid	-----	F	1920	12505	Place-27
SMITH	Jenkins	-----	M	1920	12506	Place-15
SMITH	Bob	-----	M	1920	12507	Place-8
SMITH	Jacob	-----	M	1920	12508	Place-4
SMITH	Joseph	-----	M	1920	12509	Place-6
SMITH	Selina	-----	F	1920	12510	Place-10
SMITH	Bob	-----	M	1920	12511	Place-12
SMITH	Jacob	-----	M	1920	12512	Place-13
SMITH	Bob	-----	M	1920	12513	Place-28
SMITH	Joseph	-----	M	1920	12514	Place-29
SMITH	Briony	-----	F	1920	12515	Place-4
SMITH	Paulo	-----	M	1920	12516	Place-11
SMITH	Jenkins	-----	M	1920	12517	Place-27
SMITH	Sharon	-----	F	1920	12518	Place-12
SMITH	Sharon	-----	F	1920	12519	Place-26
SMITH	Sheila	-----	F	1920	12520	Place-26
SMITH	Jim	-----	M	1920	12521	Place-25
SMITH	Jacob	-----	M	1920	12522	Place-5
SMITH	James	-----	M	1920	12523	Place-17
SMITH	Jacob	-----	M	1920	12524	Place-21
SMITH	Suzanne	-----	F	1920	12525	Place-23
SMITH	Sharon	-----	F	1920	12526	Place-13
SMITH	Suzanne	-----	F	1920	12527	Place-23
SMITH	Briony	-----	F	1920	12528	Place-3
SMITH	Sheila	-----	F	1920	12529	Place-18
SMITH	Sharon	-----	F	1920	12530	Place-20
SMITH	Joseph	-----	M	1920	12531	Place-1
SMITH	Suzanne	-----	F	1920	12532	Place-6
SMITH	Sheila	-----	F	1920	12533	Place-27
SMITH	Briony	-----	F	1920	12534	Place-8
SMITH	Briony	-----	F	1920	12535	Place-28
SMITH	Briony	-----	F	1920	12536	Place-10
SMITH	Sheila	-----	F	1920	12537	Place-14
SMITH	James	-----	M	1920	12538	Place-8
SMITH	Susan	-----	F	1920	12539	Place-28
SMITH	Paulo	-----	M	1920	12540	Place-14
SMITH	Jacob	-----	M	1920	12541	Place-10
SMITH	Briony	-----	F	1920	12542	Place-17
SMITH	Jacob	-----	M	1920	12543	Place-7
SMITH	Sheila	-----	F	1920	12544	Place-23
SMITH	Paulo	-----	M	1920	12545	Place-10
SMITH	Shawn	-----	M	1920	12546	Place-20
SMITH	Seonaid	-----	F	1920	12547	Place-27
SMITH	Seonaid	-----	F	1920	12548	Place-22
SMITH	Susan	-----	F	1920	12549	Place-23
SMITH	Sarah	-----	F	1920	12550	Place-10
SMITH	Seonaid	-----	F	1920	12551	Place-29
SMITH	Bob	-----	M	1920	12552	Place-7
SMITH	Sharon	-----	F	1920	12553	Place-5
SMITH	Briony	-----	F	1920	12554	Place-16
SMITH	Shawn	-----	M	1920	12555	Place-2
SMITH	Bob	-----	M	1920	12556	Place-14
SMITH	Sheila	-----	F	1920	12557	Place-1
SMITH	Jacob	-----	M	1920	12558	Place-23
SMITH	Jim	-----	M	1920	12559	Place-7
SMITH	Sarah	-----	F	1920	12560	Place-23
SMITH	Suzanne	-----	F	1920	12561	Place-0
SMITH	Susan	-----	F	1920	12562	Place-9
SMITH	James	-----	M	1920	12563	Place-23
SMITH	Joseph	-----	M	1920	12564	Place-20
SMITH	Jacob	-----	M	1920	12565	Place-13
SMITH	Jacob	-----	M	1920	12566	Place-29
SMITH	Bob	-----	M	1920	12567	Place-6
SMITH	Sharon	-----	F	1920	12568	Place-15
SMITH	Seonaid	-----	F	1920	12569	Place-6
SMITH	Paulo	-----	M	1920	12570	Place-25
SMITH	James	-----	M	1920	12571	Place-26
SMITH	Jenkins	-----	M	1920	12572	Place-24
SMITH	Bob	-----	M	1920	12573	Place-13
SMITH	Paulo	-----	M	1920	12574	Place-13
SMITH	Sharon	-----	F	1920	12575	Place-28
SMITH	Joseph	-----	M	1920	12576	Place-29
SMITH	Sarah	-----	F	1920	12577	Place-21
SMITH	Jacob	-----	M	1920	12578	Place-6
SMITH	Jacob	-----	M	1920	12579	Place-22
SMITH	Paulo	-----	M	1920	12580	Place-15
SMITH	Briony	-----	F	1920	12581	Place-15
SMITH	Sharon	-----	F	1920	12582	Place-10
SMITH	James	-----	M	1920	12583	Place-16
SMITH	Sharon	-----	F	1920	12584	Place-14
SMITH	Briony	-----	F	1920	12585	Place-15
SMITH	Bob	-----	M	1920	12586	Place-10
SMITH	Susan	-----	F	1920	12587	Place-8
SMITH	Jim	-----	M	1920	12588	Place-3
SMITH	Joseph	-----	M	1920	12589	Place-27
SMITH	Jim	-----	M	1920	12590	Place-1
SMITH	Jim	-----	M	1921	12607	Place-15
SMITH	Selina	-----	F	1921	12608	Place-18
SMITH	James	-----	M	1921	12609	Place-13
SMITH	James	-----	M	1921	12610	Place-3
SMITH	Susan	-----	F	1921	12611	Place-1
SMITH	Sheila	-----	F	1921	12612	Place-3
SMITH	Shawn	-----	M	1921	12613	Place-2
SMITH	Seonaid	-----	F	1921	12614	Place-7
SMITH	Sheila	-----	F	1921	12615	Place-25
SMITH	Suzanne	-----	F	1921	12616	Place-7
SMITH	Paulo	-----	M	1921	12617	Place-15
SMITH	Sheila	-----	F	1921	12618	Place-18
SMITH	Jenkins	-----	M	1921	12619	Place-20
SMITH	Shawn	-----	M	1921	12620	Place-6
SMITH	Susan	-----	F	1921	12621	Place-18
SMITH	Joseph	-----	M	1921	12622	Place-19
SMITH	Sheila	-----	F	1921	12623	Place-2
SMITH	Sharon	-----	F	1921	12624	Place-23
SMITH	Sarah	-----	F	1921	12625	Place-27
SMITH	Seonaid	-----	F	1921	12626	Place-20
SMITH	Shawn	-----	M	1921	12627	Place-28
SMITH	Briony	-----	F	1921	12628	Place-12
SMITH	Sheila	-----	F	1921	12629	Place-16
SMITH	Seonaid	-----	F	1921	12630	Place-5
SMITH	Sarah	-----	F	1921	12631	Place-6
SMITH	Jim	-----	M	1921	12632	Place-28
SMITH	Jim	-----	M	1921	12633	Place-28
SMITH	James	-----	M	1921	12634	Place-5
SMITH	Selina	-----	F	1921	12635	Place-13
SMITH	Selina	-----	F	1921	12636	Place-13
SMITH	Jacob	-----	M	1921	12637	Place-24
SMITH	Sharon	-----	F	1921	12638	Place-19
SMITH	Briony	-----	F	1921	12639	Place-14
SMITH	Joseph	-----	M	1921	12640	Place-28
SMITH	Suzanne	-----	F	1921	12641	Place-15
SMITH	Susan	-----	F	1921	12642	Place-21
SMITH	Sharon	-----	F	1921	12643	Place-18
SMITH	Sheila	-----	F	1921	12644	Place-12
SMITH	Joseph	-----	M	1921	12645	Place-27
SMITH	Sarah	-----	F	1921	12646	Place-9
SMITH	Paulo	-----	M	1921	12647	Place-28
SMITH	Joseph	-----	M	1921	12648	Place-25
SMITH	Sharon	-----	F	1921	12649	Place-9
SMITH	Joseph	-----	M	1921	12650	Place-0
SMITH	Sarah	-----	F	1921	12651	Place-15
SMITH	Bob	-----	M	1921	12652	Place-15
SMITH	Sarah	-----	F	1921	12653	Place-1
SMITH	James	-----	M	1921	12654	Place-14
SMITH	Shawn	-----	M	1921	12655	Place-27
SMITH	Sarah	-----	F	1921	12656	Place-9
SMITH	Suzanne	-----	F	1921	12657	Place-24
SMITH	Susan	-----	F	1921	12658	Place-24
SMITH	Paulo	-----	M	1921	12659	Place-8
SMITH	Susan	-----	F	1921	12660	Place-9
SMITH	Jacob	-----	M	1921	12661	Place-23
SMITH	Bob	-----	M	1921	12662	Place-10
SMITH	Susan	-----	F	1921	12663	Place-24
SMITH	Paulo	-----	M	1921	12664	Place-29
SMITH	Jim	-----	M	1921	12665	Place-10
SMITH	Sharon	-----	F	1921	12666	Place-13
SMITH	Jenkins	-----	M	1921	12667	Place-18
SMITH	Selina	-----	F	1921	12668	Place-10
SMITH	Sheila	-----	F	1921	12669	Place-17
SMITH	Jenkins	-----	M	1921	12670	Place-21
SMITH	Susan	-----	F	1921	12671	Place-3
SMITH	Briony	-----	F	1921	12672	Place-11
SMITH	Paulo	-----	M	1921	12673	Place-28
SMITH	Shawn	-----	M	1921	12674	Place-21
SMITH	Sarah	-----	F	1921	12675	Place-0
SMITH	Jenkins	-----	M	1921	12676	Place-12
SMITH	Shawn	-----	M	1921	12677	Place-8
SMITH	James	-----	M	1921	12678	Place-15
SMITH	James	-----	M	1921	12679	Place-17
SMITH	Susan	-----	F	1921	12680	Place-10
SMITH	Paulo	-----	M	1921	12681	Place-4
SMITH	Paulo	-----	M	1921	12682	Place-21
SMITH	Bob	-----	M	1921	12683	Place-20
SMITH	Selina	-----	F	1921	12684	Place-11
SMITH	Sheila	-----	F	1921	12685	Place-16
SMITH	Suzanne	-----	F	1921	12686	Place-29
SMITH	Selina	-----	F	1921	12687	Place-3
SMITH	Briony	-----	F	1921	12688	Place-25
SMITH	Selina	-----	F	1921	12689	Place-0
SMITH	Seonaid	-----	F	1921	12690	Place-0
SMITH	Joseph	-----	M	1921	12691	Place-8
SMITH	Shawn	-----	M	1921	12692	Place-15
SMITH	Paulo	-----	M	1921	12693	Place-11
SMITH	Paulo	-----	M	1921	12694	Place-2
SMITH	Sharon	-----	F	1921	12695	Place-5
SMITH	Sheila	-----	F	1921	12696	Place-24
SMITH	Briony	-----	F	1921	12697	Place-3
SMITH	Seonaid	-----	F	1921	12698	Place-17
SMITH	James	-----	M	1921	12699	Place-9
SMITH	Paulo	-----	M	1921	12700	Place-13
SMITH	Sharon	-----	F	1921	12701	Place-26
SMITH	Sarah	-----	F	1921	12702	Place-11
SMITH	Jim	-----	M	1921	12703	Place-28
SMITH	Selina	-----	F	1921	12704	Place-17
SMITH	Sharon	-----	F	1921	12705	Place-0
SMITH	Sharon	-----	F	1921	12706	Place-9
SMITH	Sharon	-----	F	1921	12707	Place-5
SMITH	Jim	-----	M	1921	12708	Place-14
SMITH	Sharon	-----	F	1921	12709	Place-2
SMITH	Joseph	-----	M	1921	12710	Place-17
SMITH	Briony	-----	F	1921	12711	Place-3
SMITH	Joseph	-----	M	1921	12712	Place-15
SMITH	James	-----	M	1921	12713	Place-28
SMITH	Suzanne	-----	F	1921	12714	Place-9
SMITH	Briony	-----	F	1921	12715	Place-22
SMITH	Sarah	-----	F	1921	12716	Place-6
SMITH	Shawn	-----	M	1921	12717	Place-28
SMITH	Sheila	-----	F	1921	12718	Place-9
SMITH	Briony	-----	F	1921	12719	Place-17
SMITH	Jacob	-----	M	1921	12720	Place-25
SMITH	Paulo	-----	M	1921	12721	Place-7
SMITH	Joseph	-----	M	1921	12722	Place-24
SMITH	Selina	-----	F	1921	12723	Place-29
SMITH	Paulo	-----	M	1921	12724	Place-19
SMITH	Briony	-----	F	1921	12725	Place-27
SMITH	Jim	-----	M	1921	12726	Place-12
SMITH	Briony	-----	F	1921	12727	Place-26
SMITH	Suzanne	-----	F	1921	12728	Place-28
SMITH	Briony	-----	F	1921	12729	Place-26
SMITH	Seonaid	-----	F	1921	12730	Place-14
SMITH	Seonaid	-----	F	1921	12731	Place-7
SMITH	Sharon	-----	F	1921	12732	Place-25
SMITH	Shawn	-----	M	1921	12733	Place-21
SMITH	Briony	-----	F	1921	12734	Place-27
SMITH	Suzanne	-----	F	1921	12735	Place-11
SMITH	Bob	-----	M	1921	12736	Place-15
SMITH	Suzanne	-----	F	1921	12737	Place-12
SMITH	Jim	-----	M	1921	12738	Place-9
SMITH	Paulo	-----	M	1921	12739	Place-18
SMITH	Seonaid	-----	F	1921	12740	Place-8
SMITH	Shawn	-----	M	1921	12741	Place-28
SMITH	Sarah	-----	F	1921	12742	Place-21
SMITH	Seonaid	-----	F	1921	12743	Place-20
SMITH	Jenkins	-----	M	1921	12744	Place-27
SMITH	Seonaid	-----	F	1921	12745	Place-10
SMITH	Selina	-----	F	1921	12746	Place-13
SMITH	Sarah	-----	F	1921	12747	Place-11
SMITH	Shawn	-----	M	1921	12748	Place-28
SMITH	James	-----	M	1921	12749	Place-6
SMITH	Briony	-----	F	1921	12750	Place-27
SMITH	Jim	-----	M	1921	12751	Place-13
SMITH	Bob	-----	M	1921	12752	Place-23
SMITH	James	-----	M	1921	12753	Place-6
SMITH	Joseph	-----	M	1921	12754	Place-19
SMITH	Susan	-----	F	1921	12755	Place-27
SMITH	James	-----	M	1921	12756	Place-20
SMITH	Jacob	-----	M	1921	12757	Place-22
SMITH	Susan	-----	F	1921	12758	Place-8
SMITH	Jenkins	-----	M	1921	12759	Place-22
SMITH	Shawn	-----	M	1921	12760	Place-14
SMITH	Jacob	-----	M	1921	12761	Place-2
SMITH	Susan	-----	F	1921	12762	Place-12
SMITH	Briony	-----	F	1921	12763	Place-3
SMITH	Shawn	-----	M	1921	12764	Place-16
SMITH	Susan	-----	F	1921	12765	Place-23
SMITH	Jacob	-----	M	1921	12766	Place-25
SMITH	Bob	-----	M	1921	12767	Place-17
SMITH	Shawn	-----	M	1921	12768	Place-27
SMITH	Bob	-----	M	1921	12769	Place-28
SMITH	Jacob	-----	M	1921	12770	Place-13
SMITH	Briony	-----	F	1921	12771	Place-3
SMITH	Paulo	-----	M	1921	12772	Place-12
SMITH	Sheila	-----	F	1921	12773	Place-27
SMITH	Suzanne	-----	F	1921	12774	Place-21
SMITH	James	-----	M	1921	12775	Place-9
SMITH	Sharon	-----	F	1921	12776	Place-15
SMITH	James	-----	M	1921	12777	Place-27
SMITH	Shawn	-----	M	1921	12778	Place-25
SMITH	Joseph	-----	M	1921	12779	Place-16
SMITH	Sheila	-----	F	1921	12780	Place-24
SMITH	Sheila	-----	F	1921	12781	Place-14
SMITH	Joseph	-----	M	1921	12782	Place-28
SMITH	Shawn	-----	M	1921	12783	Place-7
SMITH	Sheila	-----	F	1921	12784	Place-14
SMITH	Jacob	-----	M	1921	12785	Place-12
SMITH	Seonaid	-----	F	1921	12786	Place-23
SMITH	Sheila	-----	F	1921	12787	Place-15
SMITH	Selina	-----	F	1921	12788	Place-23
SMITH	Jim	-----	M	1921	12789	Place-26
SMITH	James	-----	M	1921	12790	Place-29
SMITH	Jenkins	-----	M	1921	12791	Place-29
SMITH	Joseph	-----	M	1921	12792	Place-6
SMITH	Bob	-----	M	1921	12793	Place-12
SMITH	Sharon	-----	F	1921	12794	Place-12
SMITH	Briony	-----	F	1921	12795	Place-10
SMITH	Jacob	-----	M	1921	12796	Place-6
SMITH	Shawn	-----	M	1921	12797	Place-23
SMITH	Sheila	-----	F	1921	12798	Place-0
SMITH	Joseph	-----	M	1921	12799	Place-27
SMITH	Jenkins	-----	M	1921	12800	Place-17
SMITH	Sarah	-----	F	1921	12801	Place-8
SMITH	Sheila	-----	F	1921	12802	Place-10
SMITH	Jim	-----	M	1921	12803	Place-19
SMITH	Bob	-----	M	1921	12804	Place-29
SMITH	Suzanne	-----	F	1922	12839	Place-11
SMITH	Sheila	-----	F	1922	12840	Place-25
SMITH	James	-----	M	1922	12841	Place-5
SMITH	Shawn	-----	M	1922	12842	Place-20
SMITH	James	-----	M	1922	12843	Place-25
SMITH	Shawn	-----	M	1922	12844	Place-26
SMITH	Sarah	-----	F	1922	12845	Place-11
SMITH	Selina	-----	F	1922	12846	Place-3
SMITH	Joseph	-----	M	1922	12847	Place-15
SMITH	Jacob	-----	M	1922	12848	Place-27
SMITH	Briony	-----	F	1922	12849	Place-8
SMITH	James	-----	M	1922	12850	Place-19
SMITH	Paulo	-----	M	1922	12851	Place-27
SMITH	Jacob	-----	M	1922	12852	Place-16
SMITH	Joseph	-----	M	1922	12853	Place-7
SMITH	Paulo	-----	M	1922	12854	Place-3
SMITH	Sharon	-----	F	1922	12855	Place-1
SMITH	Suzanne	-----	F	1922	12856	Place-27
SMITH	Suzanne	-----	F	1922	12857	Place-18
SMITH	Selina	-----	F	1922	12858	Place-28
SMITH	Sheila	-----	F	1922	12859	Place-10
SMITH	Paulo	-----	M	1922	12860	Place-2
SMITH	Shawn	-----	M	1922	12861	Place-19
SMITH	Sarah	-----	F	1922	12862	Place-17
SMITH	Sarah	-----	F	1922	12863	Place-24
SMITH	Paulo	-----	M	1922	12864	Place-29
SMITH	Shawn	-----	M	1922	12865	Place-20
SMITH	Paulo	-----	M	1922	12866	Place-24
SMITH	Shawn	-----	M	1922	12867	Place-29
SMITH	Sarah	-----	F	1922	12868	Place-27
SMITH	Bob	-----	M	1922	12869	Place-7
SMITH	Shawn	-----	M	1922	12870	Place-25
SMITH	James	-----	M	1922	12871	Place-2
SMITH	Shawn	-----	M	1922	12872	Place-4
SMITH	Jacob	-----	M	1922	12873	Place-14
SMITH	Sarah	-----	F	1922	12874	Place-1
SMITH	Bob	-----	M	1922	12875	Place-11
SMITH	Sharon	-----	F	1922	12876	Place-26
SMITH	Joseph	-----	M	1922	12877	Place-19
SMITH	Susan	-----	F	1922	12878	Place-10
SMITH	Susan	-----	F	1922	12879	Place-19
SMITH	Jenkins	-----	M	1922	12880	Place-15
SMITH	Sharon	-----	F	1922	12881	Place-27
SMITH	Susan	-----	F	1922	12882	Place-22
SMITH	Jenkins	-----	M	1922	12883	Place-18
SMITH	Susan	-----	F	1922	12884	Place-16
SMITH	Jenkins	-----	M	1922	12885	Place-15
SMITH	Jacob	-----	M	1922	12886	Place-9
SMITH	James	-----	M	1922	12887	Place-0
SMITH	Sharon	-----	F	1922	12888	Place-9
SMITH	James	-----	M	1922	12889	Place-6
SMITH	Susan	-----	F	1922	12890	Place-3
SMITH	Briony	-----	F	1922	12891	Place-12
SMITH	Sharon	-----	F	1922	12892	Place-10
SMITH	Seonaid	-----	F	1922	12893	Place-5
SMITH	Suzanne	-----	F	1922	12894	Place-21
SMITH	Sarah	-----	F	1922	12895	Place-16
SMITH	Jenkins	-----	M	1922	12896	Place-28
SMITH	Shawn	-----	M	1922	12897	Place-6
SMITH	Jacob	-----	M	1922	12898	Place-10
SMITH	Jim	-----	M	1922	12899	Place-12
SMITH	James	-----	M	1922	12900	Place-21
SMITH	Sheila	-----	F	1922	12901	Place-13
SMITH	Shawn	-----	M	1922	12902	Place-3
SMITH	Sheila	-----	F	1922	12903	Place-21
SMITH	Suzanne	-----	F	1922	12904	Place-21
SMITH	Sarah	-----	F	1922	12905	Place-14
SMITH	Jim	-----	M	1922	12906	Place-4
SMITH	Suzanne	-----	F	1922	12907	Place-28
SMITH	Joseph	-----	M	1922	12908	Place-4
SMITH	Bob	-----	M	1922	12909	Place-15
SMITH	Sarah	-----	F	1922	12910	Place-16
SMITH	Jim	-----	M	1922	12911	Place-27
SMITH	Joseph	-----	M	1922	12912	Place-0
SMITH	Shawn	-----	M	1922	12913	Place-29
SMITH	Jenkins	-----	M	1922	12914	Place-11
SMITH	Suzanne	-----	F	1922	12915	Place-28
SMITH	Jenkins	-----	M	1922	12916	Place-15
SMITH	Shawn	-----	M	1922	12917	Place-20
SMITH	Seonaid	-----	F	1922	12918	Place-29
SMITH	Briony	-----	F	1922	12919	Place-5
SMITH	James	-----	M	1922	12920	Place-29
SMITH	Joseph	-----	M	1922	12921	Place-11
SMITH	Jim	-----	M	1922	12922	Place-16
SMITH	Sarah	-----	F	1922	12923	Place-9
SMITH	Suzanne	-----	F	1922	12924	Place-2
SMITH	Selina	-----	F	1922	12925	Place-25
SMITH	Jacob	-----	M	1922	12926	Place-3
SMITH	Selina	-----	F	1922	12927	Place-16
SMITH	Susan	-----	F	1922	12928	Place-0
SMITH	Selina	-----	F	1922	12929	Place-8
SMITH	Sheila	-----	F	1922	12930	Place-29
SMITH	Paulo	-----	M	1922	12931	Place-10
SMITH	Briony	-----	F	1922	12932	Place-19
SMITH	Bob	-----	M	1922	12933	Place-29
SMITH	Joseph	-----	M	1922	12934	Place-12
SMITH	Bob	-----	M	1922	12935	Place-29
SMITH	Jim	-----	M	1922	12936	Place-19
SMITH	Briony	-----	F	1922	12937	Place-6
SMITH	Jenkins	-----	M	1922	12938	Place-29
SMITH	Sarah	-----	F	1922	12939	Place-26
SMITH	Paulo	-----	M	1922	12940	Place-14
SMITH	Joseph	-----	M	1922	12941	Place-19
SMITH	Selina	-----	F	1922	12942	Place-21
SMITH	Paulo	-----	M	1922	12943	Place-23
SMITH	Jacob	-----	M	1922	12944	Place-19
SMITH	Shawn	-----	M	1922	12945	Place-6
SMITH	Jim	-----	M	1922	12946	Place-11
SMITH	Susan	-----	F	1922	12947	Place-17
SMITH	Jenkins	-----	M	1922	12948	Place-24
SMITH	Selina	-----	F	1922	12949	Place-17
SMITH	Seonaid	-----	F	1922	12950	Place-26
SMITH	Bob	-----	M	1922	12951	Place-14
SMITH	James	-----	M	1922	12952	Place-9
SMITH	Sharon	-----	F	1922	12953	Place-27
SMITH	Seonaid	-----	F	1922	12954	Place-21
SMITH	Paulo	-----	M	1922	12955	Place-17
SMITH	Jenkins	-----	M	1922	12956	Place-11
SMITH	James	-----	M	1922	12957	Place-18
SMITH	Susan	-----	F	1922	12958	Place-14
SMITH	Briony	-----	F	1922	12959	Place-21
SMITH	Selina	-----	F	1922	12960	Place-19
SMITH	Sheila	-----	F	1922	12961	Place-25
SMITH	Selina	-----	F	1922	12962	Place-25
SMITH	Paulo	-----	M	1922	12963	Place-26
SMITH	James	-----	M	1922	12964	Place-16
SMITH	Sarah	-----	F	1922	12965	Place-28
SMITH	Sharon	-----	F	1922	12966	Place-5
SMITH	James	-----	M	1922	12967	Place-5
SMITH	Jacob	-----	M	1922	12968	Place-6
SMITH	James	-----	M	1922	12969	Place-7
SMITH	Jenkins	-----	M	1922	12970	Place-12
SMITH	Jacob	-----	M	1922	12971	Place-0
SMITH	Shawn	-----	M	1922	12972	Place-7
SMITH	Shawn	-----	M	1922	12973	Place-17
SMITH	Joseph	-----	M	1922	12974	Place-1
SMITH	Susan	-----	F	1922	12975	Place-9
SMITH	Sharon	-----	F	1922	12976	Place-9
SMITH	Jim	-----	M	1922	12977	Place-8
SMITH	Suzanne	-----	F	1922	12978	Place-16
SMITH	Sharon	-----	F	1922	12979	Place-17
SMITH	Sarah	-----	F	1922	12980	Place-29
SMITH	Seonaid	-----	F	1922	12981	Place-12
SMITH	Suzanne	-----	F	1922	12982	Place-27
SMITH	Sarah	-----	F	1922	12983	Place-13
SMITH	Sheila	-----	F	1922	12984	Place-22
SMITH	James	-----	M	1922	12985	Place-18
SMITH	Jenkins	-----	M	1922	12986	Place-8
SMITH	Sheila	-----	F	1922	12987	Place-5
SMITH	Selina	-----	F	1922	12988	Place-11
SMITH	Jacob	-----	M	1922	12989	Place-21
SMITH	Sarah	-----	F	1922	12990	Place-3
SMITH	Selina	-----	F	1922	12991	Place-22
SMITH	Selina	-----	F	1922	12992	Place-6
SMITH	Jenkins	-----	M	1922	12993	Place-23
SMITH	Jacob	-----	M	1922	12994	Place-9
SMITH	Sheila	-----	F	1922	12995	Place-22
SMITH	Jenkins	-----	M	1922	12996	Place-0
SMITH	Jenkins	-----	M	1922	12997	Place-27
SMITH	Bob	-----	M	1922	12998	Place-6
SMITH	Jim	-----	M	1923	13019	Place-9
SMITH	Jenkins	-----	M	1923	13020	Place-18
SMITH	Jenkins	-----	M	1923	13021	Place-12
SMITH	Susan	-----	F	1923	13022	Place-10
SMITH	James	-----	M	1923	13023	Place-2
SMITH	Sarah	-----	F	1923	13024	Place-4
SMITH	James	-----	M	1923	13025	Place-6
SMITH	Sharon	-----	F	1923	13026	Place-9
SMITH	Jacob	-----	M	1923	13027	Place-11
SMITH	James	-----	M	1923	13028	Place-29
SMITH	Jenkins	-----	M	1923	13029	Place-12
SMITH	Suzanne	-----	F	1923	13030	Place-28
SMITH	Susan	-----	F	1923	13031	Place-29
SMITH	Paulo	-----	M	1923	13032	Place-22
SMITH	Jacob	-----	M	1923	13033	Place-12
SMITH	Selina	-----	F	1923	13034	Place-13
SMITH	Joseph	-----	M	1923	13035	Place-16
SMITH	Joseph	-----	M	1923	13036	Place-12
SMITH	Sarah	-----	F	1923	13037	Place-0
SMITH	Seonaid	-----	F	1923	13038	Place-13
SMITH	Shawn	-----	M	1923	13039	Place-2
SMITH	Sharon	-----	F	1923	13040	Place-27
SMITH	Sarah	-----	F	1923	13041	Place-6
SMITH	Selina	-----	F	1923	13042	Place-13
SMITH	James	-----	M	1923	13043	Place-16
SMITH	Seonaid	-----	F	1923	13044	Place-5
SMITH	Paulo	-----	M	1923	13045	Place-3
SMITH	Shawn	-----	M	1923	13046	Place-2
SMITH	Sheila	-----	F	1923	13047	Place-9
SMITH	Paulo	-----	M	1923	13048	Place-20
SMITH	Sharon	-----	F	1923	13049	Place-3
SMITH	James	-----	M	1923	13050	Place-17
SMITH	Susan	-----	F	1923	13051	Place-20
SMITH	Briony	-----	F	1923	13052	Place-13
SMITH	Shawn	-----	M	1923	13053	Place-5
SMITH	Shawn	-----	M	1923	13054	Place-3
SMITH	Sheila	-----	F	1923	13055	Place-27
SMITH	Shawn	-----	M	1923	13056	Place-3
SMITH	Susan	-----	F	1923	13057	Place-2
SMITH	Sharon	-----	F	1923	13058	Place-8
SMITH	Jim	-----	M	1923	13059	Place-17
SMITH	Sharon	-----	F	1923	13060	Place-17
SMITH	Jim	-----	M	1923	13061	Place-26
SMITH	Joseph	-----	M	1923	13062	Place-14
SMITH	Sheila	-----	F	1923	13063	Place-22
SMITH	Bob	-----	M	1923	13064	Place-2
SMITH	Paulo	-----	M	1923	13065	Place-2
SMITH	Selina	-----	F	1923	13066	Place-6
SMITH	Sharon	-----	F	1923	13067	Place-23
SMITH	Sheila	-----	F	1923	13068	Place-28
SMITH	Joseph	-----	M	1923	13069	Place-23
SMITH	Bob	-----	M	1923	13070	Place-27
SMITH	James	-----	M	1923	13071	Place-26
SMITH	Briony	-----	F	1923	13072	Place-12
SMITH	Sarah	-----	F	1923	13073	Place-21
SMITH	Joseph	-----	M	1923	13074	Place-27
SMITH	James	-----	M	1923	13075	Place-18
SMITH	Sarah	-----	F	1923	13076	Place-16
SMITH	Jim	-----	M	1923	13077	Place-10
SMITH	Sharon	-----	F	1923	13078	Place-27
SMITH	Jacob	-----	M	1923	13079	Place-0
SMITH	Selina	-----	F	1923	13080	Place-12
SMITH	Sheila	-----	F	1923	13081	Place-18
SMITH	Jenkins	-----	M	1923	13082	Place-12
SMITH	Jim	-----	M	1923	13083	Place-6
SMITH	Jacob	-----	M	1923	13084	Place-11
SMITH	Sheila	-----	F	1923	13085	Place-14
SMITH	Sharon	-----	F	1923	13086	Place-5
SMITH	Bob	-----	M	1923	13087	Place-19
SMITH	Shawn	-----	M	1923	13088	Place-17
SMITH	James	-----	M	1923	13089	Place-11
SMITH	Bob	-----	M	1923	13090	Place-27
SMITH	Jacob	-----	M	1923	13091	Place-13
SMITH	Jim	-----	M	1923	13092	Place-3
SMITH	Bob	-----	M	1923	13093	Place-27
SMITH	Sarah	-----	F	1923	13094	Place-21
SMITH	James	-----	M	1923	13095	Place-27
SMITH	Joseph	-----	M	1923	13096	Place-12
SMITH	Sheila	-----	F	1923	13097	Place-8
SMITH	Suzanne	-----	F	1923	13098	Place-14
SMITH	Shawn	-----	M	1923	13099	Place-12
SMITH	Bob	-----	M	1923	13100	Place-28
SMITH	Suzanne	-----	F	1923	13101	Place-8
SMITH	Sarah	-----	F	1923	13102	Place-3
SMITH	Shawn	-----	M	1923	13103	Place-6
SMITH	James	-----	M	1923	13104	Place-0
SMITH	Shawn	-----	M	1923	13105	Place-25
SMITH	Sheila	-----	F	1923	13106	Place-13
SMITH	Jim	-----	M	1923	13107	Place-16
SMITH	Jacob	-----	M	1923	13108	Place-16
SMITH	James	-----	M	1923	13109	Place-9
SMITH	Sarah	-----	F	1923	13110	Place-20
SMITH	Suzanne	-----	F	1923	13111	Place-2
SMITH	Jacob	-----	M	1923	13112	Place-2
SMITH	Susan	-----	F	1923	13113	Place-16
SMITH	Sarah	-----	F	1923	13114	Place-3
SMITH	Joseph	-----	M	1923	13115	Place-15
SMITH	Jim	-----	M	1923	13116	Place-23
SMITH	Shawn	-----	M	1923	13117	Place-22
SMITH	Seonaid	-----	F	1923	13118	Place-10
SMITH	Sarah	-----	F	1923	13119	Place-25
SMITH	Jacob	-----	M	1923	13120	Place-19
SMITH	Suzanne	-----	F	1923	13121	Place-29
SMITH	Jacob	-----	M	1923	13122	Place-20
SMITH	Sarah	-----	F	1923	13123	Place-16
SMITH	Sharon	-----	F	1923	13124	Place-8
SMITH	Suzanne	-----	F	1923	13125	Place-20
SMITH	Joseph	-----	M	1923	13126	Place-25
SMITH	Jenkins	-----	M	1923	13127	Place-3
SMITH	Briony	-----	F	1923	13128	Place-24
SMITH	Bob	-----	M	1923	13129	Place-25
SMITH	Sharon	-----	F	1923	13130	Place-13
SMITH	Briony	-----	F	1923	13131	Place-17
SMITH	Susan	-----	F	1923	13132	Place-2
SMITH	Shawn	-----	M	1923	13133	Place-26
SMITH	Sheila	-----	F	1923	13134	Place-23
SMITH	Jenkins	-----	M	1923	13135	Place-28
SMITH	James	-----	M	1923	13136	Place-15
SMITH	Jenkins	-----	M	1923	13137	Place-21
SMITH	Selina	-----	F	1923	13138	Place-28
SMITH	Jacob	-----	M	1923	13139	Place-2
SMITH	Sharon	-----	F	1923	13140	Place-10
SMITH	Susan	-----	F	1923	13141	Place-3
SMITH	Paulo	-----	M	1923	13142	Place-1
SMITH	Susan	-----	F	1923	13143	Place-2
SMITH	Joseph	-----	M	1923	13144	Place-13
SMITH	Sarah	-----	F	1923	13145	Place-25
SMITH	Sarah	-----	F	1923	13146	Place-25
SMITH	Jacob	-----	M	1923	13147	Place-21
SMITH	Bob	-----	M	1923	13148	Place-13
SMITH	Seonaid	-----	F	1923	13149	Place-13
SMITH	Susan	-----	F	1923	13150	Place-16
SMITH	Susan	-----	F	1923	13151	Place-20
SMITH	Jenkins	-----	M	1923	13152	Place-9
SMITH	Paulo	-----	M	1923	13153	Place-22
SMITH	Suzanne	-----	F	1923	13154	Place-22
SMITH	Paulo	-----	M	1923	13155	Place-17
SMITH	Suzanne	-----	F	1923	13156	Place-2
SMITH	Briony	-----	F	1923	13157	Place-7
SMITH	Suzanne	-----	F	1923	13158	Place-14
SMITH	Paulo	-----	M	1923	13159	Place-6
SMITH	Seonaid	-----	F	1923	13160	Place-27
SMITH	Jim	-----	M	1923	13161	Place-8
SMITH	Suzanne	-----	F	1923	13162	Place-16
SMITH	Jacob	-----	M	1923	13163	Place-27
SMITH	Jenkins	-----	M	1923	13164	Place-7
SMITH	Sharon	-----	F	1923	13165	Place-13
SMITH	Susan	-----	F	1923	13166	Place-29
SMITH	Jim	-----	M	1923	13167	Place-17
SMITH	Paulo	-----	M	1923	13168	Place-7
SMITH	Bob	-----	M	1923	13169	Place-6
SMITH	Jim	-----	M	1923	13170	Place-20
SMITH	Jacob	-----	M	1923	13171	Place-7
SMITH	Selina	-----	F	1923	13172	Place-26
SMITH	Suzanne	-----	F	1923	13173	Place-0
SMITH	Seonaid	-----	F	1923	13174	Place-3
SMITH	James	-----	M	1923	13175	Place-7
SMITH	Bob	-----	M	1923	13176	Place-29
SMITH	Susan	-----	F	1923	13177	Place-15
SMITH	Bob	-----	M	1923	13178	Place-10
SMITH	Briony	-----	F	1923	13179	Place-22
SMITH	Sheila	-----	F	1923	13180	Place-23
SMITH	Jim	-----	M	1923	13181	Place-10
SMITH	Jenkins	-----	M	1923	13182	Place-8
SMITH	Sharon	-----	F	1923	13183	Place-11
SMITH	Sharon	-----	F	1923	13184	Place-5
SMITH	Shawn	-----	M	1923	13185	Place-29
SMITH	Jim	-----	M	1923	13186	Place-21
SMITH	Jacob	-----	M	1923	13187	Place-27
SMITH	Sharon	-----	F	1923	13188	Place-26
SMITH	Susan	-----	F	1923	13189	Place-3
SMITH	Suzanne	-----	F	1923	13190	Place-9
SMITH	Jim	-----	M	1923	13191	Place-19
SMITH	James	-----	M	1923	13192	Place-20
SMITH	Jenkins	-----	M	1923	13193	Place-27
SMITH	Jim	-----	M	1923	13194	Place-8
SMITH	Sheila	-----	F	1923	13195	Place-26
SMITH	Jacob	-----	M	1923	13196	Place-16
SMITH	Joseph	-----	M	1923	13197	Place-26
SMITH	Sheila	-----	F	1923	13198	Place-4
SMITH	Paulo	-----	M	1923	13199	Place-3
SMITH	Selina	-----	F	1924	13228	Place-13
SMITH	Jenkins	-----	M	1924	13229	Place-23
SMITH	Suzanne	-----	F	1924	13230	Place-5
SMITH	Briony	-----	F	1924	13231	Place-16
SMITH	Paulo	-----	M	1924	13232	Place-25
SMITH	Sharon	-----	F	1924	13233	Place-28
SMITH	Jim	-----	M	1924	13234	Place-1
SMITH	James	-----	M	1924	13235	Place-16
SMITH	Suzanne	-----	F	1924	13236	Place-15
SMITH	Bob	-----	M	1924	13237	Place-0
SMITH	Suzanne	-----	F	1924	13238	Place-7
SMITH	Bob	-----	M	1924	13239	Place-4
SMITH	Shawn	-----	M	1924	13240	Place-10
SMITH	Bob	-----	M	1924	13241	Place-8
SMITH	Sarah	-----	F	1924	13242	Place-18
SMITH	Briony	-----	F	1924	13243	Place-9
SMITH	James	-----	M	1924	13244	Place-20
SMITH	Sarah	-----	F	1924	13245	Place-23
SMITH	Sharon	-----	F	1924	13246	Place-7
SMITH	Joseph	-----	M	1924	13247	Place-18
SMITH	Briony	-----	F	1924	13248	Place-11
SMITH	Jacob	-----	M	1924	13249	Place-25
SMITH	James	-----	M	1924	13250	Place-3
SMITH	James	-----	M	1924	13251	Place-6
SMITH	Seonaid	-----	F	1924	13252	Place-16
SMITH	Sharon	-----	F	1924	13253	Place-2
SMITH	Suzanne	-----	F	1924	13254	Place-29
SMITH	Jim	-----	M	1924	13255	Place-17
SMITH	Shawn	-----	M	1924	13256	Place-12
SMITH	Sharon	-----	F	1924	13257	Place-25
SMITH	James	-----	M	1924	13258	Place-10
SMITH	Susan	-----	F	1924	13259	Place-15
SMITH	Sarah	-----	F	1924	13260	Place-6
SMITH	James	-----	M	1924	13261	Place-13
SMITH	Sheila	-----	F	1924	13262	Place-4
SMITH	Seonaid	-----	F	1924	13263	Place-18
SMITH	Susan	-----	F	1924	13264	Place-0
SMITH	Sarah	-----	F	1924	13265	Place-0
SMITH	Jim	-----	M	1924	13266	Place-15
SMITH	Jacob	-----	M	1924	13267	Place-13
SMITH	Jenkins	-----	M	1924	13268	Place-25
SMITH	Jim	-----	M	1924	13269	Place-26
SMITH	Sarah	-----	F	1924	13270	Place-11
SMITH	Jacob	-----	M	1924	13271	Place-9
SMITH	Sheila	-----	F	1924	13272	Place-14
SMITH	Sarah	-----	F	1924	13273	Place-25
SMITH	James	-----	M	1924	13274	Place-26
SMITH	Susan	-----	F	1924	13275	Place-4
SMITH	Selina	-----	F	1924	13276	Place-28
SMITH	Jenkins	-----	M	1924	13277	Place-14
SMITH	Sheila	-----	F	1924	13278	Place-28
SMITH	Sheila	-----	F	1924	13279	Place-0
SMITH	Joseph	-----	M	1924	13280	Place-20
SMITH	Suzanne	-----	F	1924	13281	Place-0
SMITH	Sheila	-----	F	1924	13282	Place-28
SMITH	Shawn	-----	M	1924	13283	Place-14
SMITH	Paulo	-----	M	1924	13284	Place-14
SMITH	James	-----	M	1924	13285	Place-28
SMITH	Seonaid	-----	F	1924	13286	Place-26
SMITH	Shawn	-----	M	1924	13287	Place-20
SMITH	Jim	-----	M	1924	13288	Place-0
SMITH	Jacob	-----	M	1924	13289	Place-24
SMITH	Shawn	-----	M	1924	13290	Place-13
SMITH	James	-----	M	1924	13291	Place-15
SMITH	Seonaid	-----	F	1924	13292	Place-16
SMITH	Paulo	-----	M	1924	13293	Place-26
SMITH	Suzanne	-----	F	1924	13294	Place-11
SMITH	Sarah	-----	F	1924	13295	Place-20
SMITH	Sheila	-----	F	1924	13296	Place-17
SMITH	Seonaid	-----	F	1924	13297	Place-12
SMITH	Suzanne	-----	F	1924	13298	Place-18
SMITH	Sarah	-----	F	1924	13299	Place-18
SMITH	Jim	-----	M	1924	13300	Place-8
SMITH	Suzanne	-----	F	1924	13301	Place-3
SMITH	Sharon	-----	F	1924	13302	Place-2
SMITH	Seonaid	-----	F	1924	13303	Place-26
SMITH	Selina	-----	F	1924	13304	Place-22
SMITH	Sharon	-----	F	1924	13305	Place-4
SMITH	Sarah	-----	F	1924	13306	Place-1
SMITH	Jenkins	-----	M	1924	13307	Place-8
SMITH	Jacob	-----	M	1924	13308	Place-18
SMITH	Sarah	-----	F	1924	13309	Place-19
SMITH	Sheila	-----	F	1924	13310	Place-28
SMITH	Sheila	-----	F	1924	13311	Place-27
SMITH	Sheila	-----	F	1924	13312	Place-28
SMITH	Paulo	-----	M	1924	13313	Place-19
SMITH	Jim	-----	M	1924	13314	Place-5
SMITH	Shawn	-----	M	1924	13315	Place-18
SMITH	Jim	-----	M	1924	13316	Place-27
SMITH	Jacob	-----	M	1924	13317	Place-12
SMITH	Jim	-----	M	1924	13318	Place-5
SMITH	Susan	-----	F	1924	13319	Place-10
SMITH	Shawn	-----	M	1924	13320	Place-0
SMITH	Suzanne	-----	F	1924	13321	Place-18
SMITH	Suzanne	-----	F	1924	13322	Place-24
SMITH	James	-----	M	1924	13323	Place-28
SMITH	Seonaid	-----	F	1924	13324	Place-10
SMITH	Jacob	-----	M	1924	13325	Place-11
SMITH	Sarah	-----	F	1924	13326	Place-24
SMITH	Sarah	-----	F	1924	13327	Place-13
SMITH	Suzanne	-----	F	1924	13328	Place-29
SMITH	Seonaid	-----	F	1924	13329	Place-11
SMITH	Jim	-----	M	1924	13330	Place-18
SMITH	Shawn	-----	M	1924	13331	Place-17
SMITH	Bob	-----	M	1924	13332	Place-24
SMITH	Joseph	-----	M	1924	13333	Place-2
SMITH	Seonaid	-----	F	1924	13334	Place-12
SMITH	Sheila	-----	F	1924	13335	Place-14
SMITH	Bob	-----	M	1924	13336	Place-21
SMITH	Sarah	-----	F	1924	13337	Place-25
SMITH	James	-----	M	1924	13338	Place-17
SMITH	Suzanne	-----	F	1924	13339	Place-28
SMITH	Briony	-----	F	1924	13340	Place-23
SMITH	Jenkins	-----	M	1924	13341	Place-11
SMITH	Bob	-----	M	1924	13342	Place-3
SMITH	Suzanne	-----	F	1924	13343	Place-4
SMITH	Susan	-----	F	1924	13344	Place-20
SMITH	James	-----	M	1924	13345	Place-1
SMITH	Jim	-----	M	1924	13346	Place-25
SMITH	Sharon	-----	F	1924	13347	Place-16
SMITH	Susan	-----	F	1924	13348	Place-0
SMITH	Selina	-----	F	1924	13349	Place-14
SMITH	Sheila	-----	F	1924	13350	Place-15
SMITH	Selina	-----	F	1924	13351	Place-10
SMITH	Sheila	-----	F	1924	13352	Place-3
SMITH	Sheila	-----	F	1924	13353	Place-0
SMITH	Sheila	-----	F	1924	13354	Place-20
SMITH	Sharon	-----	F	1924	13355	Place-25
SMITH	Jacob	-----	M	1924	13356	Place-29
SMITH	Sarah	-----	F	1924	13357	Place-27
SMITH	Suzanne	-----	F	1924	13358	Place-20
SMITH	Paulo	-----	M	1924	13359	Place-2
SMITH	Shawn	-----	M	1924	13360	Place-17
SMITH	Briony	-----	F	1924	13361	Place-22
SMITH	Shawn	-----	M	1924	13362	Place-26
SMITH	Jenkins	-----	M	1924	13363	Place-14
SMITH	Suzanne	-----	F	1924	13364	Place-9
SMITH	Sharon	-----	F	1924	13365	Place-27
SMITH	Seonaid	-----	F	1924	13366	Place-28
SMITH	Suzanne	-----	F	1924	13367	Place-23
SMITH	James	-----	M	1924	13368	Place-25
SMITH	Sarah	-----	F	1924	13369	Place-15
SMITH	Bob	-----	M	1924	13370	Place-15
SMITH	Susan	-----	F	1924	13371	Place-7
SMITH	Selina	-----	F	1924	13372	Place-16
SMITH	Jenkins	-----	M	1924	13373	Place-12
SMITH	Sarah	-----	F	1924	13374	Place-15
SMITH	Paulo	-----	M	1924	13375	Place-3
SMITH	Sheila	-----	F	1924	13376	Place-28
SMITH	Jenkins	-----	M	1924	13377	Place-5
SMITH	Jacob	-----	M	1924	13378	Place-23
SMITH	Shawn	-----	M	1924	13379	Place-25
SMITH	Sheila	-----	F	1924	13380	Place-21
SMITH	Suzanne	-----	F	1924	13381	Place-23
SMITH	Jenkins	-----	M	1924	13382	Place-19
SMITH	Sharon	-----	F	1924	13383	Place-25
SMITH	Jim	-----	M	1924	13384	Place-1
SMITH	Jim	-----	M	1924	13385	Place-17
SMITH	Jim	-----	M	1924	13386	Place-12
SMITH	Shawn	-----	M	1924	13387	Place-1
SMITH	Selina	-----	F	1924	13388	Place-1
SMITH	Paulo	-----	M	1924	13389	Place-7
SMITH	Joseph	-----	M	1924	13390	Place-8
SMITH	Selina	-----	F	1924	13391	Place-21
SMITH	James	-----	M	1924	13392	Place-19
SMITH	Sheila	-----	F	1924	13393	Place-24
SMITH	Bob	-----	M	1924	13394	Place-17
SMITH	Joseph	-----	M	1924	13395	Place-12
SMITH	Sharon	-----	F	1924	13396	Place-23
SMITH	Joseph	-----	M	1924	13397	Place-18
SMITH	Briony	-----	F	1924	13398	Place-22
SMITH	James	-----	M	1924	13399	Place-20
SMITH	Bob	-----	M	1924	13400	Place-29
SMITH	Jacob	-----	M	1924	13401	Place-14
SMITH	Shawn	-----	M	1924	13402	Place-28
SMITH	Bob	-----	M	1924	13403	Place-13
SMITH	Sheila	-----	F	1924	13404	Place-3
SMITH	Bob	-----	M	1924	13405	Place-26
SMITH	Sarah	-----	F	1924	13406	Place-21
SMITH	Paulo	-----	M	1924	13407	Place-28
SMITH	Jacob	-----	M	1924	13408	Place-3
SMITH	Seonaid	-----	F	1924	13409	Place-10
SMITH	Jenkins	-----	M	1924	13410	Place-19
SMITH	Sheila	-----	F	1924	13411	Place-2
SMITH	Jacob	-----	M	1924	13412	Place-14
SMITH	James	-----	M	1924	13413	Place-26
SMITH	Joseph	-----	M	1924	13414	Place-26
SMITH	Seonaid	-----	F	1924	13415	Place-16
SMITH	Suzanne	-----	F	1924	13416	Place-16
SMITH	Jacob	-----	M	1924	13417	Place-10
SMITH	Sharon	-----	F	1924	13418	Place-17
SMITH	Sheila	-----	F	1924	13419	Place-23
SMITH	Sharon	-----	F	1924	13420	Place-8
SMITH	Joseph	-----	M	1924	13421	Place-23
SMITH	James	-----	M	1924	13422	Place-22
SMITH	Selina	-----	F	1925	13450	Place-19
SMITH	Shawn	-----	M	1925	13451	Place-18
SMITH	Sarah	-----	F	1925	13452	Place-17
SMITH	Sarah	-----	F	1925	13453	Place-25
SMITH	Joseph	-----	M	1925	13454	Place-0
SMITH	Sharon	-----	F	1925	13455	Place-22
SMITH	Briony	-----	F	1925	13456	Place-20
SMITH	Susan	-----	F	1925	13457	Place-7
SMITH	Jacob	-----	M	1925	13458	Place-10
SMITH	Suzanne	-----	F	1925	13459	Place-25
SMITH	Joseph	-----	M	1925	13460	Place-14
SMITH	Paulo	-----	M	1925	13461	Place-21
SMITH	Jacob	-----	M	1925	13462	Place-25
SMITH	Shawn	-----	M	1925	13463	Place-19
SMITH	Suzanne	-----	F	1925	13464	Place-4
SMITH	Suzanne	-----	F	1925	13465	Place-4
SMITH	Jim	-----	M	1925	13466	Place-13
SMITH	Jacob	-----	M	1925	13467	Place-6
SMITH	Sharon	-----	F	1925	13468	Place-5
SMITH	Sharon	-----	F	1925	13469	Place-16
SMITH	Seonaid	-----	F	1925	13470	Place-4
SMITH	Sarah	-----	F	1925	13471	Place-0
SMITH	Joseph	-----	M	1925	13472	Place-0
SMITH	Susan	-----	F	1925	13473	Place-8
SMITH	Paulo	-----	M	1925	13474	Place-13
SMITH	Sheila	-----	F	1925	13475	Place-3
SMITH	Suzanne	-----	F	1925	13476	Place-16
SMITH	Suzanne	-----	F	1925	13477	Place-21
SMITH	Sheila	-----	F	1925	13478	Place-25
SMITH	Briony	-----	F	1925	13479	Place-6
SMITH	Susan	-----	F	1925	13480	Place-13
SMITH	Bob	-----	M	1925	13481	Place-26
SMITH	Bob	-----	M	1925	13482	Place-7
SMITH	Susan	-----	F	1925	13483	Place-10
SMITH	Bob	-----	M	1925	13484	Place-3
SMITH	Seonaid	-----	F	1925	13485	Place-21
SMITH	Briony	-----	F	1925	13486	Place-1
SMITH	Paulo	-----	M	1925	13487	Place-1
SMITH	Shawn	-----	M	1925	13488	Place-23
SMITH	Selina	-----	F	1925	13489	Place-6
SMITH	Jacob	-----	M	1925	13490	Place-16
SMITH	Paulo	-----	M	1925	13491	Place-6
SMITH	Joseph	-----	M	1925	13492	Place-29
SMITH	Suzanne	-----	F	1925	13493	Place-11
SMITH	Jenkins	-----	M	1925	13494	Place-4
SMITH	Susan	-----	F	1925	13495	Place-22
SMITH	Seonaid	-----	F	1925	13496	Place-10
SMITH	Shawn	-----	M	1925	13497	Place-0
SMITH	Sheila	-----	F	1925	13498	Place-26
SMITH	Bob	-----	M	1925	13499	Place-13
SMITH	Shawn	-----	M	1925	13500	Place-13
SMITH	Briony	-----	F	1925	13501	Place-13
SMITH	Briony	-----	F	1925	13502	Place-1
SMITH	Sheila	-----	F	1925	13503	Place-1
SMITH	Jacob	-----	M	1925	13504	Place-4
SMITH	Jenkins	-----	M	1925	13505	Place-13
SMITH	Bob	-----	M	1925	13506	Place-11
SMITH	Jim	-----	M	1925	13507	Place-11
SMITH	James	-----	M	1925	13508	Place-0
SMITH	Sarah	-----	F	1925	13509	Place-7
SMITH	Seonaid	-----	F	1925	13510	Place-1
SMITH	Susan	-----	F	1925	13511	Place-10
SMITH	James	-----	M	1925	13512	Place-25
SMITH	Jenkins	-----	M	1925	13513	Place-21
SMITH	Paulo	-----	M	1925	13514	Place-8
SMITH	Joseph	-----	M	1925	13515	Place-18
SMITH	Sarah	-----	F	1925	13516	Place-22
SMITH	Suzanne	-----	F	1925	13517	Place-5
SMITH	Bob	-----	M	1925	13518	Place-3
SMITH	Briony	-----	F	1925	13519	Place-24
SMITH	Sharon	-----	F	1925	13520	Place-26
SMITH	Jim	-----	M	1925	13521	Place-1
SMITH	Jim	-----	M	1925	13522	Place-11
SMITH	Sharon	-----	F	1925	13523	Place-9
SMITH	Bob	-----	M	1925	13524	Place-7
SMITH	Shawn	-----	M	1925	13525	Place-4
SMITH	Sheila	-----	F	1925	13526	Place-8
SMITH	Jacob	-----	M	1925	13527	Place-0
SMITH	Seonaid	-----	F	1925	13528	Place-21
SMITH	Jenkins	-----	M	1925	13529	Place-2
SMITH	Paulo	-----	M	1925	13530	Place-0
SMITH	Briony	-----	F	1925	13531	Place-6
SMITH	Jenkins	-----	M	1925	13532	Place-13
SMITH	Bob	-----	M	1925	13533	Place-19
SMITH	Jim	-----	M	1925	13534	Place-7
SMITH	Susan	-----	F	1925	13535	Place-4
SMITH	Selina	-----	F	1925	13536	Place-13
SMITH	Bob	-----	M	1925	13537	Place-25
SMITH	Paulo	-----	M	1925	13538	Place-9
SMITH	Selina	-----	F	1925	13539	Place-21
SMITH	Jacob	-----	M	1925	13540	Place-16
SMITH	Shawn	-----	M	1925	13541	Place-18
SMITH	Paulo	-----	M	1925	13542	Place-24
SMITH	Joseph	-----	M	1925	13543	Place-9
SMITH	James	-----	M	1925	13544	Place-6
SMITH	Jim	-----	M	1925	13545	Place-11
SMITH	Sarah	-----	F	1925	13546	Place-15
SMITH	Susan	-----	F	1925	13547	Place-18
SMITH	Briony	-----	F	1925	13548	Place-2
SMITH	Jacob	-----	M	1925	13549	Place-0
SMITH	Paulo	-----	M	1925	13550	Place-24
SMITH	Jim	-----	M	1925	13551	Place-14
SMITH	Seonaid	-----	F	1925	13552	Place-12
SMITH	Shawn	-----	M	1925	13553	Place-17
SMITH	James	-----	M	1925	13554	Place-20
SMITH	Bob	-----	M	1925	13555	Place-26
SMITH	Joseph	-----	M	1925	13556	Place-21
SMITH	Joseph	-----	M	1925	13557	Place-1
SMITH	Jacob	-----	M	1925	13558	Place-10
SMITH	Jacob	-----	M	1925	13559	Place-12
SMITH	Sharon	-----	F	1925	13560	Place-3
SMITH	Briony	-----	F	1925	13561	Place-5
SMITH	Briony	-----	F	1925	13562	Place-2
SMITH	Shawn	-----	M	1925	13563	Place-11
SMITH	Briony	-----	F	1925	13564	Place-0
SMITH	Briony	-----	F	1925	13565	Place-9
SMITH	Briony	-----	F	1925	13566	Place-1
SMITH	Suzanne	-----	F	1925	13567	Place-17
SMITH	Sharon	-----	F	1925	13568	Place-13
SMITH	Jenkins	-----	M	1925	13569	Place-1
SMITH	Shawn	-----	M	1925	13570	Place-21
SMITH	James	-----	M	1925	13571	Place-8
SMITH	Sarah	-----	F	1925	13572	Place-28
SMITH	Joseph	-----	M	1925	13573	Place-19
SMITH	Paulo	-----	M	1925	13574	Place-10
SMITH	Sharon	-----	F	1925	13575	Place-3
SMITH	Briony	-----	F	1925	13576	Place-6
SMITH	Sharon	-----	F	1925	13577	Place-9
SMITH	James	-----	M	1925	13578	Place-11
SMITH	Sheila	-----	F	1925	13579	Place-26
SMITH	Sharon	-----	F	1925	13580	Place-7
SMITH	James	-----	M	1925	13581	Place-23
SMITH	Paulo	-----	M	1925	13582	Place-21
SMITH	James	-----	M	1925	13583	Place-11
SMITH	Selina	-----	F	1925	13584	Place-5
SMITH	Selina	-----	F	1925	13585	Place-1
SMITH	Bob	-----	M	1925	13586	Place-23
SMITH	Selina	-----	F	1925	13587	Place-9
SMITH	Sarah	-----	F	1925	13588	Place-28
SMITH	James	-----	M	1925	13589	Place-28
SMITH	Jenkins	-----	M	1925	13590	Place-5
SMITH	Bob	-----	M	1925	13591	Place-12
SMITH	Briony	-----	F	1925	13592	Place-10
SMITH	Paulo	-----	M	1925	13593	Place-1
SMITH	Jim	-----	M	1925	13594	Place-28
SMITH	Joseph	-----	M	1925	13595	Place-21
SMITH	Sheila	-----	F	1925	13596	Place-25
SMITH	Jim	-----	M	1925	13597	Place-26
SMITH	Seonaid	-----	F	1925	13598	Place-8
SMITH	Sarah	-----	F	1925	13599	Place-20
SMITH	Susan	-----	F	1925	13600	Place-20
SMITH	James	-----	M	1925	13601	Place-22
SMITH	Jenkins	-----	M	1925	13602	Place-17
SMITH	Suzanne	-----	F	1925	13603	Place-6
SMITH	Jenkins	-----	M	1925	13604	Place-7
SMITH	Sharon	-----	F	1925	13605	Place-7
SMITH	Suzanne	-----	F	1925	13606	Place-25
SMITH	Shawn	-----	M	1925	13607	Place-0
SMITH	James	-----	M	1925	13608	Place-5
SMITH	Briony	-----	F	1925	13609	Place-1
SMITH	Joseph	-----	M	1925	13610	Place-4
SMITH	Seonaid	-----	F	1925	13611	Place-15
SMITH	Shawn	-----	M	1925	13612	Place-2
SMITH	Seonaid	-----	F	1925	13613	Place-21
SMITH	Bob	-----	M	1925	13614	Place-6
SMITH	Briony	-----	F	1925	13615	Place-23
SMITH	Sharon	-----	F	1925	13616	Place-18
SMITH	Bob	-----	M	1925	13617	Place-27
SMITH	James	-----	M	1925	13618	Place-27
SMITH	Jim	-----	M	1925	13619	Place-1
SMITH	Paulo	-----	M	1925	13620	Place-4
SMITH	Seonaid	-----	F	1925	13621	Place-9
SMITH	Jim	-----	M	1925	13622	Place-20
SMITH	Seonaid	-----	F	1925	13623	Place-3
SMITH	Jim	-----	M	1925	13624	Place-15
SMITH	Sharon	-----	F	1925	13625	Place-0
SMITH	Shawn	-----	M	1925	13626	Place-13
SMITH	Shawn	-----	M	1925	13627	Place-4
SMITH	Bob	-----	M	1925	13628	Place-29
SMITH	Jenkins	-----	M	1925	13629	Place-23
SMITH	Seonaid	-----	F	1925	13630	Place-1
SMITH	Shawn	-----	M	1925	13631	Place-17
SMITH	Susan	-----	F	1925	13632	Place-11
SMITH	Sarah	-----	F	1925	13633	Place-7
SMITH	Bob	-----	M	1926	13655	Place-11
SMITH	Bob	-----	M	1926	13656	Place-24
SMITH	Paulo	-----	M	1926	13657	Place-24
SMITH	Susan	-----	F	1926	13658	Place-18
SMITH	Briony	-----	F	1926	13659	Place-12
SMITH	Jenkins	-----	M	1926	13660	Place-20
SMITH	James	-----	M	1926	13661	Place-10
SMITH	Paulo	-----	M	1926	13662	Place-6
SMITH	Susan	-----	F	1926	13663	Place-26
SMITH	Shawn	-----	M	1926	13664	Place-21
SMITH	Jacob	-----	M	1926	13665	Place-1
SMITH	Jim	-----	M	1926	13666	Place-17
SMITH	Shawn	-----	M	1926	13667	Place-14
SMITH	Seonaid	-----	F	1926	13668	Place-14
SMITH	Jim	-----	M	1926	13669	Place-14
SMITH	Briony	-----	F	1926	13670	Place-18
SMITH	Paulo	-----	M	1926	13671	Place-6
SMITH	Jacob	-----	M	1926	13672	Place-28
SMITH	Shawn	-----	M	1926	13673	Place-8
SMITH	Bob	-----	M	1926	13674	Place-8
SMITH	Jenkins	-----	M	1926	13675	Place-4
SMITH	Briony	-----	F	1926	13676	Place-29
SMITH	Jenkins	-----	M	1926	13677	Place-21
SMITH	Seonaid	-----	F	1926	13678	Place-16
SMITH	Susan	-----	F	1926	13679	Place-5
SMITH	Paulo	-----	M	1926	13680	Place-4
SMITH	Selina	-----	F	1926	13681	Place-29
SMITH	Jim	-----	M	1926	13682	Place-26
SMITH	Suzanne	-----	F	1926	13683	Place-5
SMITH	Joseph	-----	M	1926	13684	Place-6
SMITH	Sharon	-----	F	1926	13685	Place-25
SMITH	Suzanne	-----	F	1926	13686	Place-3
SMITH	Selina	-----	F	1926	13687	Place-19
SMITH	Jim	-----	M	1926	13688	Place-0
SMITH	Suzanne	-----	F	1926	13689	Place-28
SMITH	Jim	-----	M	1926	13690	Place-8
SMITH	Jenkins	-----	M	1926	13691	Place-23
SMITH	Suzanne	-----	F	1926	13692	Place-8
SMITH	Jim	-----	M	1926	13693	Place-16
SMITH	Shawn	-----	M	1926	13694	Place-15
SMITH	Sarah	-----	F	1926	13695	Place-12
SMITH	Sharon	-----	F	1926	13696	Place-19
SMITH	James	-----	M	1926	13697	Place-11
SMITH	Sheila	-----	F	1926	13698	Place-12
SMITH	Jacob	-----	M	1926	13699	Place-6
SMITH	Jim	-----	M	1926	13700	Place-0
SMITH	Shawn	-----	M	1926	13701	Place-25
SMITH	Jenkins	-----	M	1926	13702	Place-0
SMITH	James	-----	M	1926	13703	Place-23
SMITH	Suzanne	-----	F	1926	13704	Place-19
SMITH	Jim	-----	M	1926	13705	Place-7
SMITH	Joseph	-----	M	1926	13706	Place-22
SMITH	Selina	-----	F	1926	13707	Place-25
SMITH	Jim	-----	M	1926	13708	Place-5
SMITH	Sarah	-----	F	1926	13709	Place-3
SMITH	Shawn	-----	M	1926	13710	Place-24
SMITH	Susan	-----	F	1926	13711	Place-20
SMITH	Sharon	-----	F	1926	13712	Place-8
SMITH	Jacob	-----	M	1926	13713	Place-16
SMITH	Sheila	-----	F	1926	13714	Place-1
SMITH	Briony	-----	F	1926	13715	Place-27
SMITH	Jim	-----	M	1926	13716	Place-27
SMITH	Briony	-----	F	1926	13717	Place-1
SMITH	Jim	-----	M	1926	13718	Place-3
SMITH	Paulo	-----	M	1926	13719	Place-9
SMITH	Bob	-----	M	1926	13720	Place-15
SMITH	Jim	-----	M	1926	13721	Place-19
SMITH	Joseph	-----	M	1926	13722	Place-18
SMITH	Jenkins	-----	M	1926	13723	Place-17
SMITH	Sarah	-----	F	1926	13724	Place-19
SMITH	Selina	-----	F	1926	13725	Place-1
SMITH	Bob	-----	M	1926	13726	Place-0
SMITH	Sarah	-----	F	1926	13727	Place-26
SMITH	Briony	-----	F	1926	13728	Place-19
SMITH	Selina	-----	F	1926	13729	Place-27
SMITH	Jenkins	-----	M	1926	13730	Place-25
SMITH	Bob	-----	M	1926	13731	Place-6
SMITH	James	-----	M	1926	13732	Place-26
SMITH	Sharon	-----	F	1926	13733	Place-8
SMITH	James	-----	M	1926	13734	Place-18
SMITH	Joseph	-----	M	1926	13735	Place-19
SMITH	Seonaid	-----	F	1926	13736	Place-12
SMITH	Joseph	-----	M	1926	13737	Place-10
SMITH	Suzanne	-----	F	1926	13738	Place-9
SMITH	Sharon	-----	F	1926	13739	Place-5
SMITH	Seonaid	-----	F	1926	13740	Place-13
SMITH	Seonaid	-----	F	1926	13741	Place-9
SMITH	Susan	-----	F	1926	13742	Place-21
SMITH	Joseph	-----	M	1926	13743	Place-11
SMITH	Joseph	-----	M	1926	13744	Place-18
SMITH	Suzanne	-----	F	1926	13745	Place-2
SMITH	Suzanne	-----	F	1926	13746	Place-3
SMITH	Jenkins	-----	M	1926	13747	Place-20
SMITH	James	-----	M	1926	13748	Place-12
SMITH	Suzanne	-----	F	1926	13749	Place-10
SMITH	Joseph	-----	M	1926	13750	Place-11
SMITH	Paulo	-----	M	1926	13751	Place-11
SMITH	Sharon	-----	F	1926	13752	Place-8
SMITH	Seonaid	-----	F	1926	13753	Place-14
SMITH	Joseph	-----	M	1926	13754	Place-26
SMITH	Sarah	-----	F	1926	13755	Place-22
SMITH	Jenkins	-----	M	1926	13756	Place-23
SMITH	Selina	-----	F	1926	13757	Place-8
SMITH	Suzanne	-----	F	1926	13758	Place-20
SMITH	Shawn	-----	M	1926	13759	Place-9
SMITH	Bob	-----	M	1926	13760	Place-19
SMITH	Sheila	-----	F	1926	13761	Place-11
SMITH	James	-----	M	1926	13762	Place-20
SMITH	Selina	-----	F	1926	13763	Place-24
SMITH	James	-----	M	1926	13764	Place-18
SMITH	Sharon	-----	F	1926	13765	Place-24
SMITH	Seonaid	-----	F	1926	13766	Place-5
SMITH	Briony	-----	F	1926	13767	Place-26
SMITH	Suzanne	-----	F	1926	13768	Place-9
SMITH	Jenkins	-----	M	1926	13769	Place-20
SMITH	Briony	-----	F	1926	13770	Place-5
SMITH	Sheila	-----	F	1926	13771	Place-18
SMITH	Sarah	-----	F	1926	13772	Place-12
SMITH	Paulo	-----	M	1926	13773	Place-13
SMITH	Shawn	-----	M	1926	13774	Place-7
SMITH	Bob	-----	M	1926	13775	Place-22
SMITH	Sharon	-----	F	1926	13776	Place-13
SMITH	James	-----	M	1926	13777	Place-22
SMITH	Susan	-----	F	1926	13778	Place-0
SMITH	Sharon	-----	F	1926	13779	Place-17
SMITH	Paulo	-----	M	1926	13780	Place-11
SMITH	Suzanne	-----	F	1926	13781	Place-20
SMITH	Bob	-----	M	1926	13782	Place-5
SMITH	Sharon	-----	F	1926	13783	Place-1
SMITH	Selina	-----	F	1926	13784	Place-8
SMITH	Shawn	-----	M	1926	13785	Place-18
SMITH	Shawn	-----	M	1926	13786	Place-27
SMITH	Sheila	-----	F	1926	13787	Place-8
SMITH	James	-----	M	1926	13788	Place-27
SMITH	Sheila	-----	F	1926	13789	Place-6
SMITH	Briony	-----	F	1926	13790	Place-0
SMITH	James	-----	M	1926	13791	Place-6
SMITH	Selina	-----	F	1926	13792	Place-16
SMITH	Paulo	-----	M	1926	13793	Place-22
SMITH	Bob	-----	M	1926	13794	Place-14
SMITH	Sharon	-----	F	1926	13795	Place-1
SMITH	Shawn	-----	M	1926	13796	Place-17
SMITH	Sheila	-----	F	1926	13797	Place-21
SMITH	Joseph	-----	M	1926	13798	Place-3
SMITH	Seonaid	-----	F	1926	13799	Place-10
SMITH	Shawn	-----	M	1926	13800	Place-4
SMITH	Jim	-----	M	1926	13801	Place-19
SMITH	Suzanne	-----	F	1926	13802	Place-14
SMITH	Paulo	-----	M	1926	13803	Place-7
SMITH	Bob	-----	M	1926	13804	Place-0
SMITH	Jacob	-----	M	1926	13805	Place-19
SMITH	Seonaid	-----	F	1926	13806	Place-10
SMITH	James	-----	M	1926	13807	Place-11
SMITH	Briony	-----	F	1926	13808	Place-13
SMITH	Briony	-----	F	1926	13809	Place-9
SMITH	Jenkins	-----	M	1926	13810	Place-0
SMITH	Suzanne	-----	F	1926	13811	Place-8
SMITH	Sheila	-----	F	1926	13812	Place-0
SMITH	Sarah	-----	F	1926	13813	Place-5
SMITH	Briony	-----	F	1926	13814	Place-17
SMITH	Bob	-----	M	1926	13815	Place-12
SMITH	Paulo	-----	M	1926	13816	Place-3
SMITH	Suzanne	-----	F	1926	13817	Place-5
SMITH	Bob	-----	M	1926	13818	Place-22
SMITH	Briony	-----	F	1926	13819	Place-3
SMITH	Jim	-----	M	1926	13820	Place-28
SMITH	Sarah	-----	F	1926	13821	Place-20
SMITH	Selina	-----	F	1926	13822	Place-15
SMITH	Seonaid	-----	F	1926	13823	Place-6
SMITH	Sharon	-----	F	1927	13851	Place-5
SMITH	Susan	-----	F	1927	13852	Place-9
SMITH	Selina	-----	F	1927	13853	Place-20
SMITH	Joseph	-----	M	1927	13854	Place-3
SMITH	Susan	-----	F	1927	13855	Place-5
SMITH	Jenkins	-----	M	1927	13856	Place-2
SMITH	Seonaid	-----	F	1927	13857	Place-22
SMITH	Paulo	-----	M	1927	13858	Place-24
SMITH	Joseph	-----	M	1927	13859	Place-19
SMITH	Selina	-----	F	1927	13860	Place-21
SMITH	Sheila	-----	F	1927	13861	Place-5
SMITH	Sheila	-----	F	1927	13862	Place-13
SMITH	Shawn	-----	M	1927	13863	Place-18
SMITH	Jacob	-----	M	1927	13864	Place-4
SMITH	Jenkins	-----	M	1927	13865	Place-18
SMITH	Selina	-----	F	1927	13866	Place-13
SMITH	Sharon	-----	F	1927	13867	Place-21
SMITH	Shawn	-----	M	1927	13868	Place-21
SMITH	Jim	-----	M	1927	13869	Place-1
SMITH	Briony	-----	F	1927	13870	Place-7
SMITH	Briony	-----	F	1927	13871	Place-13
SMITH	Sarah	-----	F	1927	13872	Place-11
SMITH	Sharon	-----	F	1927	13873	Place-9
SMITH	Sheila	-----	F	1927	13874	Place-6
SMITH	Paulo	-----	M	1927	13875	Place-20
SMITH	Shawn	-----	M	1927	13876	Place-14
SMITH	Jenkins	-----	M	1927	13877	Place-4
SMITH	Susan	-----	F	1927	13878	Place-11
SMITH	Sharon	-----	F	1927	13879	Place-24
SMITH	Sarah	-----	F	1927	13880	Place-10
SMITH	Paulo	-----	M	1927	13881	Place-6
SMITH	Briony	-----	F	1927	13882	Place-17
SMITH	Jenkins	-----	M	1927	13883	Place-3
SMITH	Jacob	-----	M	1927	13884	Place-18
SMITH	Jim	-----	M	1927	13885	Place-14
SMITH	Bob	-----	M	1927	13886	Place-23
SMITH	Paulo	-----	M	1927	13887	Place-1
SMITH	Jacob	-----	M	1927	13888	Place-23
SMITH	Susan	-----	F	1927	13889	Place-12
SMITH	Sheila	-----	F	1927	13890	Place-13
SMITH	Jenkins	-----	M	1927	13891	Place-4
SMITH	Briony	-----	F	1927	13892	Place-9
SMITH	Suzanne	-----	F	1927	13893	Place-0
SMITH	Jenkins	-----	M	1927	13894	Place-9
SMITH	Bob	-----	M	1927	13895	Place-28
SMITH	Jenkins	-----	M	1927	13896	Place-4
SMITH	Susan	-----	F	1927	13897	Place-9
SMITH	Sharon	-----	F	1927	13898	Place-16
SMITH	Sheila	-----	F	1927	13899	Place-12
SMITH	Paulo	-----	M	1927	13900	Place-4
SMITH	James	-----	M	1927	13901	Place-28
SMITH	Paulo	-----	M	1927	13902	Place-5
SMITH	Jim	-----	M	1927	13903	Place-11
SMITH	Paulo	-----	M	1927	13904	Place-19
SMITH	Susan	-----	F	1927	13905	Place-15
SMITH	James	-----	M	1927	13906	Place-28
SMITH	Joseph	-----	M	1927	13907	Place-29
SMITH	Selina	-----	F	1927	13908	Place-28
SMITH	Paulo	-----	M	1927	13909	Place-7
SMITH	Sarah	-----	F	1927	13910	Place-3
SMITH	Susan	-----	F	1927	13911	Place-10
SMITH	Paulo	-----	M	1927	13912	Place-12
SMITH	Paulo	-----	M	1927	13913	Place-5
SMITH	Jenkins	-----	M	1927	13914	Place-20
SMITH	Jenkins	-----	M	1927	13915	Place-25
SMITH	Shawn	-----	M	1927	13916	Place-29
SMITH	Sarah	-----	F	1927	13917	Place-4
SMITH	Bob	-----	M	1927	13918	Place-22
SMITH	Sharon	-----	F	1927	13919	Place-26
SMITH	Seonaid	-----	F	1927	13920	Place-16
SMITH	Selina	-----	F	1927	13921	Place-16
SMITH	Shawn	-----	M	1927	13922	Place-24
SMITH	Bob	-----	M	1927	13923	Place-20
SMITH	Suzanne	-----	F	1927	13924	Place-10
SMITH	Suzanne	-----	F	1927	13925	Place-18
SMITH	Briony	-----	F	1927	13926	Place-0
SMITH	Joseph	-----	M	1927	13927	Place-28
SMITH	Briony	-----	F	1927	13928	Place-23
SMITH	Jacob	-----	M	1927	13929	Place-5
SMITH	Joseph	-----	M	1927	13930	Place-22
SMITH	Briony	-----	F	1927	13931	Place-15
SMITH	Briony	-----	F	1927	13932	Place-2
SMITH	Susan	-----	F	1927	13933	Place-28
SMITH	Briony	-----	F	1927	13934	Place-25
SMITH	Sarah	-----	F	1927	13935	Place-5
SMITH	Susan	-----	F	1927	13936	Place-8
SMITH	Seonaid	-----	F	1927	13937	Place-12
SMITH	Sharon	-----	F	1927	13938	Place-25
SMITH	Sharon	-----	F	1927	13939	Place-20
SMITH	Suzanne	-----	F	1927	13940	Place-21
SMITH	Sharon	-----	F	1927	13941	Place-14
SMITH	Selina	-----	F	1927	13942	Place-15
SMITH	Jacob	-----	M	1927	13943	Place-25
SMITH	Susan	-----	F	1927	13944	Place-12
SMITH	Paulo	-----	M	1927	13945	Place-12
SMITH	Sheila	-----	F	1927	13946	Place-11
SMITH	Sheila	-----	F	1927	13947	Place-3
SMITH	Jim	-----	M	1927	13948	Place-28
SMITH	Susan	-----	F	1927	13949	Place-10
SMITH	Sharon	-----	F	1927	13950	Place-2
SMITH	Jenkins	-----	M	1927	13951	Place-21
SMITH	Jenkins	-----	M	1927	13952	Place-13
SMITH	Jenkins	-----	M	1927	13953	Place-16
SMITH	Sarah	-----	F	1927	13954	Place-26
SMITH	Selina	-----	F	1927	13955	Place-8
SMITH	Shawn	-----	M	1927	13956	Place-9
SMITH	Suzanne	-----	F	1927	13957	Place-23
SMITH	Bob	-----	M	1927	13958	Place-15
SMITH	James	-----	M	1927	13959	Place-9
SMITH	James	-----	M	1927	13960	Place-4
SMITH	Bob	-----	M	1927	13961	Place-24
SMITH	Seonaid	-----	F	1927	13962	Place-3
SMITH	Sharon	-----	F	1927	13963	Place-20
SMITH	Bob	-----	M	1927	13964	Place-3
SMITH	Bob	-----	M	1927	13965	Place-3
SMITH	Suzanne	-----	F	1927	13966	Place-23
SMITH	Jenkins	-----	M	1927	13967	Place-23
SMITH	Joseph	-----	M	1927	13968	Place-17
SMITH	Sheila	-----	F	1927	13969	Place-5
SMITH	Selina	-----	F	1927	13970	Place-6
SMITH	Jacob	-----	M	1927	13971	Place-23
SMITH	Sheila	-----	F	1927	13972	Place-6
SMITH	Sheila	-----	F	1927	13973	Place-28
SMITH	Joseph	-----	M	1927	13974	Place-18
SMITH	Bob	-----	M	1927	13975	Place-26
SMITH	Bob	-----	M	1927	13976	Place-14
SMITH	Sarah	-----	F	1927	13977	Place-18
SMITH	Briony	-----	F	1927	13978	Place-23
SMITH	Selina	-----	F	1927	13979	Place-15
SMITH	Sharon	-----	F	1927	13980	Place-24
SMITH	Selina	-----	F	1927	13981	Place-14
SMITH	Paulo	-----	M	1927	13982	Place-7
SMITH	Selina	-----	F	1927	13983	Place-12
SMITH	Susan	-----	F	1927	13984	Place-28
SMITH	Sheila	-----	F	1927	13985	Place-28
SMITH	Sheila	-----	F	1927	13986	Place-23
SMITH	Seonaid	-----	F	1927	13987	Place-24
SMITH	Suzanne	-----	F	1927	13988	Place-26
SMITH	Jenkins	-----	M	1927	13989	Place-26
SMITH	Bob	-----	M	1927	13990	Place-3
SMITH	Sheila	-----	F	1927	13991	Place-8
SMITH	Susan	-----	F	1927	13992	Place-4
SMITH	Susan	-----	F	1927	13993	Place-9
SMITH	Sarah	-----	F	1927	13994	Place-23
SMITH	Shawn	-----	M	1927	13995	Place-23
SMITH	Seonaid	-----	F	1927	13996	Place-23
SMITH	Sharon	-----	F	1927	13997	Place-22
SMITH	Seonaid	-----	F	1927	13998	Place-23
SMITH	Shawn	-----	M	1927	13999	Place-5
SMITH	Sharon	-----	F	1927	14000	Place-12
SMITH	Joseph	-----	M	1927	14001	Place-17
SMITH	Bob	-----	M	1927	14002	Place-12
SMITH	Susan	-----	F	1927	14003	Place-25
SMITH	Briony	-----	F	1927	14004	Place-3
SMITH	Joseph	-----	M	1927	14005	Place-23
SMITH	Jenkins	-----	M	1927	14006	Place-23
SMITH	Bob	-----	M	1927	14007	Place-22
SMITH	Briony	-----	F	1927	14008	Place-6
SMITH	Susan	-----	F	1927	14009	Place-10
SMITH	Jacob	-----	M	1927	14010	Place-20
SMITH	Jim	-----	M	1927	14011	Place-7
SMITH	Briony	-----	F	1928	14040	Place-10
SMITH	Susan	-----	F	1928	14041	Place-20
SMITH	Selina	-----	F	1928	14042	Place-24
SMITH	Jenkins	-----	M	1928	14043	Place-20
SMITH	Shawn	-----	M	1928	14044	Place-22
SMITH	Jim	-----	M	1928	14045	Place-28
SMITH	Joseph	-----	M	1928	14046	Place-7
SMITH	Briony	-----	F	1928	14047	Place-13
SMITH	Paulo	-----	M	1928	14048	Place-21
SMITH	Sheila	-----	F	1928	14049	Place-13
SMITH	Jacob	-----	M	1928	14050	Place-23
SMITH	Joseph	-----	M	1928	14051	Place-25
SMITH	Jenkins	-----	M	1928	14052	Place-3
SMITH	Seonaid	-----	F	1928	14053	Place-6
SMITH	Sharon	-----	F	1928	14054	Place-8
SMITH	Joseph	-----	M	1928	14055	Place-23
SMITH	Briony	-----	F	1928	14056	Place-17
SMITH	Sheila	-----	F	1928	14057	Place-7
SMITH	Briony	-----	F	1928	14058	Place-1
SMITH	Paulo	-----	M	1928	14059	Place-22
SMITH	Selina	-----	F	1928	14060	Place-4
SMITH	Bob	-----	M	1928	14061	Place-11
SMITH	Paulo	-----	M	1928	14062	Place-25
SMITH	Jim	-----	M	1928	14063	Place-23
SMITH	Seonaid	-----	F	1928	14064	Place-28
SMITH	Sharon	-----	F	1928	14065	Place-28
SMITH	James	-----	M	1928	14066	Place-3
SMITH	Jim	-----	M	1928	14067	Place-15
SMITH	Sharon	-----	F	1928	14068	Place-9
SMITH	Briony	-----	F	1928	14069	Place-5
SMITH	Jacob	-----	M	1928	14070	Place-16
SMITH	Briony	-----	F	1928	14071	Place-12
SMITH	Jim	-----	M	1928	14072	Place-17
SMITH	Bob	-----	M	1928	14073	Place-0
SMITH	Jenkins	-----	M	1928	14074	Place-3
SMITH	Sheila	-----	F	1928	14075	Place-8
SMITH	Selina	-----	F	1928	14076	Place-29
SMITH	James	-----	M	1928	14077	Place-5
SMITH	James	-----	M	1928	14078	Place-22
SMITH	Bob	-----	M	1928	14079	Place-15
SMITH	Susan	-----	F	1928	14080	Place-23
SMITH	James	-----	M	1928	14081	Place-24
SMITH	Sarah	-----	F	1928	14082	Place-25
SMITH	Sarah	-----	F	1928	14083	Place-14
SMITH	Shawn	-----	M	1928	14084	Place-8
SMITH	Jenkins	-----	M	1928	14085	Place-26
SMITH	Shawn	-----	M	1928	14086	Place-6
SMITH	Jenkins	-----	M	1928	14087	Place-25
SMITH	Jenkins	-----	M	1928	14088	Place-25
SMITH	Paulo	-----	M	1928	14089	Place-6
SMITH	Shawn	-----	M	1928	14090	Place-26
SMITH	Jim	-----	M	1928	14091	Place-2
SMITH	Jenkins	-----	M	1928	14092	Place-6
SMITH	Seonaid	-----	F	1928	14093	Place-0
SMITH	James	-----	M	1928	14094	Place-18
SMITH	Joseph	-----	M	1928	14095	Place-0
SMITH	Sharon	-----	F	1928	14096	Place-12
SMITH	Jim	-----	M	1928	14097	Place-11
SMITH	Sharon	-----	F	1928	14098	Place-19
SMITH	Paulo	-----	M	1928	14099	Place-3
SMITH	Jacob	-----	M	1928	14100	Place-24
SMITH	Jim	-----	M	1928	14101	Place-14
SMITH	James	-----	M	1928	14102	Place-14
SMITH	Sheila	-----	F	1928	14103	Place-23
SMITH	Sarah	-----	F	1928	14104	Place-8
SMITH	James	-----	M	1928	14105	Place-24
SMITH	Shawn	-----	M	1928	14106	Place-5
SMITH	James	-----	M	1928	14107	Place-16
SMITH	Sharon	-----	F	1928	14108	Place-12
SMITH	Susan	-----	F	1928	14109	Place-16
SMITH	Suzanne	-----	F	1928	14110	Place-15
SMITH	Sarah	-----	F	1928	14111	Place-9
SMITH	Susan	-----	F	1928	14112	Place-8
SMITH	Selina	-----	F	1928	14113	Place-22
SMITH	Jim	-----	M	1928	14114	Place-22
SMITH	Paulo	-----	M	1928	14115	Place-5
SMITH	Jacob	-----	M	1928	14116	Place-10
SMITH	Jacob	-----	M	1928	14117	Place-4
SMITH	Jacob	-----	M	1928	14118	Place-9
SMITH	Susan	-----	F	1928	14119	Place-7
SMITH	Sharon	-----	F	1928	14120	Place-25
SMITH	Joseph	-----	M	1928	14121	Place-16
SMITH	Joseph	-----	M	1928	14122	Place-7
SMITH	Jenkins	-----	M	1928	14123	Place-5
SMITH	Sharon	-----	F	1928	14124	Place-12
SMITH	Bob	-----	M	1928	14125	Place-6
SMITH	Paulo	-----	M	1928	14126	Place-19
SMITH	Seonaid	-----	F	1928	14127	Place-25
SMITH	Paulo	-----	M	1928	14128	Place-9
SMITH	Briony	-----	F	1928	14129	Place-21
SMITH	Briony	-----	F	1928	14130	Place-29
SMITH	Paulo	-----	M	1928	14131	Place-7
SMITH	Jacob	-----	M	1928	14132	Place-3
SMITH	Jacob	-----	M	1928	14133	Place-7
SMITH	Paulo	-----	M	1928	14134	Place-8
SMITH	Jim	-----	M	1928	14135	Place-1
SMITH	Suzanne	-----	F	1928	14136	Place-11
SMITH	Susan	-----	F	1928	14137	Place-7
SMITH	Seonaid	-----	F	1928	14138	Place-7
SMITH	Selina	-----	F	1928	14139	Place-0
SMITH	Selina	-----	F	1928	14140	Place-28
SMITH	Suzanne	-----	F	1928	14141	Place-5
SMITH	Seonaid	-----	F	1928	14142	Place-27
SMITH	Sheila	-----	F	1928	14143	Place-4
SMITH	Jim	-----	M	1928	14144	Place-17
SMITH	Sheila	-----	F	1928	14145	Place-24
SMITH	Suzanne	-----	F	1928	14146	Place-10
SMITH	James	-----	M	1928	14147	Place-24
SMITH	Bob	-----	M	1928	14148	Place-13
SMITH	Susan	-----	F	1928	14149	Place-2
SMITH	Sharon	-----	F	1928	14150	Place-8
SMITH	Selina	-----	F	1928	14151	Place-14
SMITH	Briony	-----	F	1928	14152	Place-18
SMITH	Briony	-----	F	1928	14153	Place-24
SMITH	Jim	-----	M	1928	14154	Place-19
SMITH	Bob	-----	M	1928	14155	Place-27
SMITH	Sheila	-----	F	1928	14156	Place-2
SMITH	Sarah	-----	F	1928	14157	Place-13
SMITH	Jenkins	-----	M	1928	14158	Place-16
SMITH	James	-----	M	1928	14159	Place-8
SMITH	Sarah	-----	F	1928	14160	Place-13
SMITH	Selina	-----	F	1928	14161	Place-15
SMITH	Jacob	-----	M	1928	14162	Place-5
SMITH	Bob	-----	M	1928	14163	Place-5
SMITH	Bob	-----	M	1928	14164	Place-12
SMITH	Shawn	-----	M	1928	14165	Place-3
SMITH	Jacob	-----	M	1928	14166	Place-13
SMITH	Sheila	-----	F	1928	14167	Place-25
SMITH	Paulo	-----	M	1928	14168	Place-20
SMITH	Susan	-----	F	1928	14169	Place-28
SMITH	Sharon	-----	F	1928	14170	Place-15
SMITH	Paulo	-----	M	1928	14171	Place-21
SMITH	Selina	-----	F	1928	14172	Place-11
SMITH	Jenkins	-----	M	1928	14173	Place-14
SMITH	Sharon	-----	F	1928	14174	Place-28
SMITH	Suzanne	-----	F	1928	14175	Place-28
SMITH	Shawn	-----	M	1928	14176	Place-12
SMITH	Bob	-----	M	1928	14177	Place-10
SMITH	Susan	-----	F	1928	14178	Place-4
SMITH	Sharon	-----	F	1928	14179	Place-24
SMITH	Paulo	-----	M	1928	14180	Place-3
SMITH	Joseph	-----	M	1928	14181	Place-8
SMITH	Jacob	-----	M	1928	14182	Place-18
SMITH	Seonaid	-----	F	1928	14183	Place-5
SMITH	James	-----	M	1928	14184	Place-29
SMITH	Sharon	-----	F	1928	14185	Place-25
SMITH	Jacob	-----	M	1928	14186	Place-3
SMITH	Selina	-----	F	1928	14187	Place-15
SMITH	Sharon	-----	F	1928	14188	Place-28
SMITH	Sharon	-----	F	1928	14189	Place-11
SMITH	Jacob	-----	M	1928	14190	Place-29
SMITH	Jim	-----	M	1928	14191	Place-15
SMITH	Joseph	-----	M	1928	14192	Place-23
SMITH	James	-----	M	1928	14193	Place-5
SMITH	James	-----	M	1928	14194	Place-21
SMITH	Seonaid	-----	F	1928	14195	Place-0
SMITH	Sheila	-----	F	1928	14196	Place-17
SMITH	Sharon	-----	F	1928	14197	Place-10
SMITH	Sheila	-----	F	1928	14198	Place-27
SMITH	Joseph	-----	M	1928	14199	Place-28
SMITH	Paulo	-----	M	1928	14200	Place-26
SMITH	Jenkins	-----	M	1928	14201	Place-8
SMITH	Suzanne	-----	F	1928	14202	Place-27
SMITH	Selina	-----	F	1928	14203	Place-18
SMITH	Jacob	-----	M	1928	14204	Place-29
SMITH	Paulo	-----	M	1928	14205	Place-20
SMITH	Sheila	-----	F	1928	14206	Place-18
SMITH	Briony	-----	F	1928	14207	Place-28
SMITH	Sarah	-----	F	1928	14208	Place-1
SMITH	Shawn	-----	M	1928	14209	Place-3
SMITH	Sharon	-----	F	1928	14210	Place-3
SMITH	James	-----	M	1928	14211	Place-0
SMITH	Joseph	-----	M	1928	14212	Place-20
SMITH	Seonaid	-----	F	1928	14213	Place-20
SMITH	Bob	-----	M	1928	14214	Place-11
SMITH	Susan	-----	F	1928	14215	Place-8
SMITH	Seonaid	-----	F	1928	14216	Place-9
SMITH	Sarah	-----	F	1928	14217	Place-9
SMITH	Shawn	-----	M	1928	14218	Place-21
SMITH	Bob	-----	M	1928	14219	Place-25
SMITH	Sheila	-----	F	1928	14220	Place-0
SMITH	Jenkins	-----	M	1928	14221	Place-21
SMITH	Susan	-----	F	1928	14222	Place-6
SMITH	Briony	-----	F	1928	14223	Place-13
SMITH	Susan	-----	F	1928	14224	Place-8
SMITH	Jacob	-----	M	1928	14225	Place-29
SMITH	Seonaid	-----	F	1928	14226	Place-24
SMITH	Jenkins	-----	M	1928	14227	Place-28
SMITH	Shawn	-----	M	1928	14228	Place-8
SMITH	Jim	-----	M	1928	14229	Place-16
SMITH	Suzanne	-----	F	1928	14230	Place-22
SMITH	Suzanne	-----	F	1928	14231	Place-19
SMITH	Sharon	-----	F	1928	14232	Place-6
SMITH	Sheila	-----	F	1928	14233	Place-17
SMITH	Seonaid	-----	F	1928	14234	Place-6
SMITH	Shawn	-----	M	1929	14259	Place-0
SMITH	Bob	-----	M	1929	14260	Place-4
SMITH	Susan	-----	F	1929	14261	Place-17
SMITH	Suzanne	-----	F	1929	14262	Place-22
SMITH	Sheila	-----	F	1929	14263	Place-23
SMITH	Sharon	-----	F	1929	14264	Place-23
SMITH	Jacob	-----	M	1929	14265	Place-11
SMITH	Sharon	-----	F	1929	14266	Place-28
SMITH	Shawn	-----	M	1929	14267	Place-3
SMITH	Jim	-----	M	1929	14268	Place-0
SMITH	James	-----	M	1929	14269	Place-24
SMITH	Bob	-----	M	1929	14270	Place-12
SMITH	Jim	-----	M	1929	14271	Place-27
SMITH	Shawn	-----	M	1929	14272	Place-26
SMITH	Jacob	-----	M	1929	14273	Place-16
SMITH	Susan	-----	F	1929	14274	Place-25
SMITH	Shawn	-----	M	1929	14275	Place-20
SMITH	Suzanne	-----	F	1929	14276	Place-12
SMITH	James	-----	M	1929	14277	Place-3
SMITH	Bob	-----	M	1929	14278	Place-15
SMITH	Susan	-----	F	1929	14279	Place-10
SMITH	Sheila	-----	F	1929	14280	Place-14
SMITH	Suzanne	-----	F	1929	14281	Place-9
SMITH	Jacob	-----	M	1929	14282	Place-1
SMITH	Jenkins	-----	M	1929	14283	Place-29
SMITH	Jim	-----	M	1929	14284	Place-17
SMITH	Paulo	-----	M	1929	14285	Place-4
SMITH	Sheila	-----	F	1929	14286	Place-28
SMITH	James	-----	M	1929	14287	Place-12
SMITH	Susan	-----	F	1929	14288	Place-11
SMITH	Sharon	-----	F	1929	14289	Place-1
SMITH	Jim	-----	M	1929	14290	Place-1
SMITH	Sheila	-----	F	1929	14291	Place-20
SMITH	Selina	-----	F	1929	14292	Place-11
SMITH	Susan	-----	F	1929	14293	Place-19
SMITH	Sharon	-----	F	1929	14294	Place-11
SMITH	Selina	-----	F	1929	14295	Place-12
SMITH	Briony	-----	F	1929	14296	Place-28
SMITH	Briony	-----	F	1929	14297	Place-3
SMITH	Selina	-----	F	1929	14298	Place-13
SMITH	Susan	-----	F	1929	14299	Place-2
SMITH	Jenkins	-----	M	1929	14300	Place-4
SMITH	Susan	-----	F	1929	14301	Place-24
SMITH	Seonaid	-----	F	1929	14302	Place-13
SMITH	Sharon	-----	F	1929	14303	Place-5
SMITH	Seonaid	-----	F	1929	14304	Place-24
SMITH	Suzanne	-----	F	1929	14305	Place-17
SMITH	Jacob	-----	M	1929	14306	Place-10
SMITH	Selina	-----	F	1929	14307	Place-24
SMITH	Seonaid	-----	F	1929	14308	Place-15
SMITH	Sheila	-----	F	1929	14309	Place-28
SMITH	Joseph	-----	M	1929	14310	Place-22
SMITH	Jim	-----	M	1929	14311	Place-19
SMITH	Bob	-----	M	1929	14312	Place-5
SMITH	Jenkins	-----	M	1929	14313	Place-6
SMITH	Sheila	-----	F	1929	14314	Place-25
SMITH	Sheila	-----	F	1929	14315	Place-21
SMITH	Joseph	-----	M	1929	14316	Place-18
SMITH	Joseph	-----	M	1929	14317	Place-12
SMITH	James	-----	M	1929	14318	Place-21
SMITH	Bob	-----	M	1929	14319	Place-11
SMITH	Jim	-----	M	1929	14320	Place-28
SMITH	Sarah	-----	F	1929	14321	Place-3
SMITH	Seonaid	-----	F	1929	14322	Place-15
SMITH	Jim	-----	M	1929	14323	Place-0
SMITH	Susan	-----	F	1929	14324	Place-22
SMITH	Joseph	-----	M	1929	14325	Place-11
SMITH	Shawn	-----	M	1929	14326	Place-18
SMITH	Joseph	-----	M	1929	14327	Place-21
SMITH	Selina	-----	F	1929	14328	Place-11
SMITH	Susan	-----	F	1929	14329	Place-3
SMITH	Sharon	-----	F	1929	14330	Place-3
SMITH	Joseph	-----	M	1929	14331	Place-18
SMITH	Paulo	-----	M	1929	14332	Place-10
SMITH	Selina	-----	F	1929	14333	Place-2
SMITH	Susan	-----	F	1929	14334	Place-26
SMITH	Sharon	-----	F	1929	14335	Place-5
SMITH	Shawn	-----	M	1929	14336	Place-0
SMITH	Suzanne	-----	F	1929	14337	Place-7
SMITH	Joseph	-----	M	1929	14338	Place-25
SMITH	Shawn	-----	M	1929	14339	Place-8
SMITH	Jacob	-----	M	1929	14340	Place-8
SMITH	Selina	-----	F	1929	14341	Place-6
SMITH	Seonaid	-----	F	1929	14342	Place-22
SMITH	Jacob	-----	M	1929	14343	Place-10
SMITH	Jim	-----	M	1929	14344	Place-16
SMITH	Shawn	-----	M	1929	14345	Place-22
SMITH	Sarah	-----	F	1929	14346	Place-9
SMITH	Joseph	-----	M	1929	14347	Place-5
SMITH	Shawn	-----	M	1929	14348	Place-0
SMITH	Briony	-----	F	1929	14349	Place-15
SMITH	Joseph	-----	M	1929	14350	Place-14
SMITH	Paulo	-----	M	1929	14351	Place-10
SMITH	Jim	-----	M	1929	14352	Place-11
SMITH	Seonaid	-----	F	1929	14353	Place-18
SMITH	James	-----	M	1929	14354	Place-6
SMITH	Shawn	-----	M	1929	14355	Place-29
SMITH	Joseph	-----	M	1929	14356	Place-25
SMITH	Paulo	-----	M	1929	14357	Place-5
SMITH	Bob	-----	M	1929	14358	Place-5
SMITH	Sarah	-----	F	1929	14359	Place-26
SMITH	Selina	-----	F	1929	14360	Place-2
SMITH	Sharon	-----	F	1929	14361	Place-4
SMITH	Joseph	-----	M	1929	14362	Place-14
SMITH	Shawn	-----	M	1929	14363	Place-5
SMITH	Jacob	-----	M	1929	14364	Place-27
SMITH	Jacob	-----	M	1929	14365	Place-27
SMITH	Susan	-----	F	1929	14366	Place-28
SMITH	Susan	-----	F	1929	14367	Place-0
SMITH	Paulo	-----	M	1929	14368	Place-16
SMITH	Suzanne	-----	F	1929	14369	Place-22
SMITH	Bob	-----	M	1929	14370	Place-5
SMITH	Briony	-----	F	1929	14371	Place-17
SMITH	Sheila	-----	F	1929	14372	Place-22
SMITH	Shawn	-----	M	1929	14373	Place-15
SMITH	Seonaid	-----	F	1929	14374	Place-27
SMITH	Paulo	-----	M	1929	14375	Place-2
SMITH	Sharon	-----	F	1929	14376	Place-9
SMITH	Susan	-----	F	1929	14377	Place-15
SMITH	Shawn	-----	M	1929	14378	Place-2
SMITH	Sheila	-----	F	1929	14379	Place-4
SMITH	Seonaid	-----	F	1929	14380	Place-13
SMITH	Briony	-----	F	1929	14381	Place-12
SMITH	Susan	-----	F	1929	14382	Place-13
SMITH	Shawn	-----	M	1929	14383	Place-12
SMITH	Suzanne	-----	F	1929	14384	Place-3
SMITH	Jenkins	-----	M	1929	14385	Place-21
SMITH	Paulo	-----	M	1929	14386	Place-17
SMITH	Jacob	-----	M	1929	14387	Place-11
SMITH	Paulo	-----	M	1929	14388	Place-20
SMITH	Briony	-----	F	1929	14389	Place-27
SMITH	Joseph	-----	M	1929	14390	Place-0
SMITH	Suzanne	-----	F	1929	14391	Place-13
SMITH	Jacob	-----	M	1929	14392	Place-12
SMITH	Jenkins	-----	M	1929	14393	Place-7
SMITH	Sheila	-----	F	1929	14394	Place-11
SMITH	Shawn	-----	M	1929	14395	Place-2
SMITH	Sarah	-----	F	1929	14396	Place-3
SMITH	Paulo	-----	M	1929	14397	Place-26
SMITH	Seonaid	-----	F	1929	14398	Place-13
SMITH	Sarah	-----	F	1929	14399	Place-18
SMITH	Sharon	-----	F	1929	14400	Place-0
SMITH	Briony	-----	F	1929	14401	Place-18
SMITH	Seonaid	-----	F	1929	14402	Place-18
SMITH	Sarah	-----	F	1929	14403	Place-6
SMITH	Briony	-----	F	1929	14404	Place-15
SMITH	Seonaid	-----	F	1929	14405	Place-19
SMITH	James	-----	M	1929	14406	Place-11
SMITH	Selina	-----	F	1929	14407	Place-19
SMITH	Sheila	-----	F	1929	14408	Place-3
SMITH	Selina	-----	F	1929	14409	Place-20
SMITH	Sharon	-----	F	1929	14410	Place-21
SMITH	Jenkins	-----	M	1929	14411	Place-0
SMITH	Seonaid	-----	F	1929	14412	Place-22
SMITH	Bob	-----	M	1929	14413	Place-16
SMITH	Jenkins	-----	M	1929	14414	Place-1
SMITH	Jim	-----	M	1929	14415	Place-7
SMITH	Seonaid	-----	F	1929	14416	Place-20
SMITH	Selina	-----	F	1929	14417	Place-16
SMITH	Suzanne	-----	F	1929	14418	Place-27
SMITH	Shawn	-----	M	1929	14419	Place-3
SMITH	Sarah	-----	F	1929	14420	Place-10
SMITH	Selina	-----	F	1929	14421	Place-3
SMITH	Sharon	-----	F	1929	14422	Place-16
SMITH	Sharon	-----	F	1929	14423	Place-10
SMITH	Susan	-----	F	1929	14424	Place-22
SMITH	Jenkins	-----	M	1929	14425	Place-0
SMITH	Jim	-----	M	1929	14426	Place-26
SMITH	Shawn	-----	M	1929	14427	Place-16
SMITH	Bob	-----	M	1929	14428	Place-28
SMITH	Jim	-----	M	1929	14429	Place-23
SMITH	Sarah	-----	F	1929	14430	Place-15
SMITH	Joseph	-----	M	1929	14431	Place-1
SMITH	Suzanne	-----	F	1929	14432	Place-23
SMITH	Sheila	-----	F	1929	14433	Place-22
SMITH	Sharon	-----	F	1929	14434	Place-3
SMITH	Sarah	-----	F	1929	14435	Place-1
SMITH	Seonaid	-----	F	1929	14436	Place-6
SMITH	Jacob	-----	M	1929	14437	Place-6
SMITH	Joseph	-----	M	1929	14438	Place-29
SMITH	Bob	-----	M	1929	14439	Place-17
SMITH	Seonaid	-----	F	1929	14440	Place-23
SMITH	Jenkins	-----	M	1929	14441	Place-0
SMITH	James	-----	M	1929	14442	Place-29
SMITH	Sharon	-----	F	1929	14443	Place-28
SMITH	James	-----	M	1929	14444	Place-15
SMITH	Seonaid	-----	F	1929	14445	Place-24
SMITH	Selina	-----	F	1929	14446	Place-26
SMITH	Susan	-----	F	1929	14447	Place-0
SMITH	Bob	-----	M	1929	14448	Place-16
SMITH	Jacob	-----	M	1929	14449	Place-15
SMITH	Sharon	-----	F	1929	14450	Place-22
SMITH	Suzanne	-----	F	1929	14451	Place-3
SMITH	Sheila	-----	F	1929	14452	Place-11
SMITH	Seonaid	-----	F	1929	14453	Place-17
SMITH	Briony	-----	F	1929	14454	Place-19
SMITH	Bob	-----	M	1929	14455	Place-20
SMITH	Bob	-----	M	1929	14456	Place-25
SMITH	Jacob	-----	M	1929	14457	Place-3
SMITH	Sheila	-----	F	1930	14479	Place-6
SMITH	Paulo	-----	M	1930	14480	Place-8
SMITH	Selina	-----	F	1930	14481	Place-27
SMITH	Briony	-----	F	1930	14482	Place-4
SMITH	Sharon	-----	F	1930	14483	Place-17
SMITH	James	-----	M	1930	14484	Place-19
SMITH	Suzanne	-----	F	1930	14485	Place-7
SMITH	Susan	-----	F	1930	14486	Place-17
SMITH	Suzanne	-----	F	1930	14487	Place-29
SMITH	Jacob	-----	M	1930	14488	Place-21
SMITH	Joseph	-----	M	1930	14489	Place-24
SMITH	Briony	-----	F	1930	14490	Place-18
SMITH	Selina	-----	F	1930	14491	Place-6
SMITH	Seonaid	-----	F	1930	14492	Place-16
SMITH	Sharon	-----	F	1930	14493	Place-10
SMITH	Susan	-----	F	1930	14494	Place-24
SMITH	Susan	-----	F	1930	14495	Place-4
SMITH	Sarah	-----	F	1930	14496	Place-19
SMITH	Seonaid	-----	F	1930	14497	Place-29
SMITH	Sheila	-----	F	1930	14498	Place-9
SMITH	James	-----	M	1930	14499	Place-21
SMITH	Jenkins	-----	M	1930	14500	Place-0
SMITH	Susan	-----	F	1930	14501	Place-1
SMITH	Suzanne	-----	F	1930	14502	Place-19
SMITH	Sharon	-----	F	1930	14503	Place-6
SMITH	Jim	-----	M	1930	14504	Place-23
SMITH	Paulo	-----	M	1930	14505	Place-26
SMITH	Sarah	-----	F	1930	14506	Place-12
SMITH	Sheila	-----	F	1930	14507	Place-7
SMITH	Sharon	-----	F	1930	14508	Place-5
SMITH	Sheila	-----	F	1930	14509	Place-23
SMITH	Bob	-----	M	1930	14510	Place-13
SMITH	Joseph	-----	M	1930	14511	Place-11
SMITH	Paulo	-----	M	1930	14512	Place-18
SMITH	Briony	-----	F	1930	14513	Place-6
SMITH	Jenkins	-----	M	1930	14514	Place-8
SMITH	Jacob	-----	M	1930	14515	Place-13
SMITH	Seonaid	-----	F	1930	14516	Place-22
SMITH	Jim	-----	M	1930	14517	Place-23
SMITH	Sharon	-----	F	1930	14518	Place-20
SMITH	Selina	-----	F	1930	14519	Place-2
SMITH	Shawn	-----	M	1930	14520	Place-20
SMITH	Jacob	-----	M	1930	14521	Place-10
SMITH	Jim	-----	M	1930	14522	Place-8
SMITH	Jacob	-----	M	1930	14523	Place-8
SMITH	Susan	-----	F	1930	14524	Place-2
SMITH	Jenkins	-----	M	1930	14525	Place-28
SMITH	Bob	-----	M	1930	14526	Place-12
SMITH	James	-----	M	1930	14527	Place-11
SMITH	Bob	-----	M	1930	14528	Place-22
SMITH	James	-----	M	1930	14529	Place-0
SMITH	James	-----	M	1930	14530	Place-22
SMITH	Seonaid	-----	F	1930	14531	Place-0
SMITH	Seonaid	-----	F	1930	14532	Place-21
SMITH	Sheila	-----	F	1930	14533	Place-25
SMITH	Seonaid	-----	F	1930	14534	Place-21
SMITH	Shawn	-----	M	1930	14535	Place-16
SMITH	Shawn	-----	M	1930	14536	Place-6
SMITH	Sharon	-----	F	1930	14537	Place-20
SMITH	Jenkins	-----	M	1930	14538	Place-3
SMITH	Joseph	-----	M	1930	14539	Place-22
SMITH	Jim	-----	M	1930	14540	Place-0
SMITH	Sarah	-----	F	1930	14541	Place-27
SMITH	Jim	-----	M	1930	14542	Place-28
SMITH	Paulo	-----	M	1930	14543	Place-19
SMITH	Joseph	-----	M	1930	14544	Place-17
SMITH	Jenkins	-----	M	1930	14545	Place-3
SMITH	Jenkins	-----	M	1930	14546	Place-8
SMITH	Sheila	-----	F	1930	14547	Place-29
SMITH	Suzanne	-----	F	1930	14548	Place-1
SMITH	Sheila	-----	F	1930	14549	Place-15
SMITH	Sheila	-----	F	1930	14550	Place-22
SMITH	Paulo	-----	M	1930	14551	Place-6
SMITH	Bob	-----	M	1930	14552	Place-20
SMITH	Susan	-----	F	1930	14553	Place-4
SMITH	Sheila	-----	F	1930	14554	Place-4
SMITH	Jenkins	-----	M	1930	14555	Place-4
SMITH	Joseph	-----	M	1930	14556	Place-2
SMITH	Sarah	-----	F	1930	14557	Place-10
SMITH	Shawn	-----	M	1930	14558	Place-1
SMITH	Shawn	-----	M	1930	14559	Place-13
SMITH	Sharon	-----	F	1930	14560	Place-23
SMITH	Sarah	-----	F	1930	14561	Place-13
SMITH	Joseph	-----	M	1930	14562	Place-21
SMITH	Jim	-----	M	1930	14563	Place-9
SMITH	Paulo	-----	M	1930	14564	Place-10
SMITH	Susan	-----	F	1930	14565	Place-7
SMITH	Jim	-----	M	1930	14566	Place-0
SMITH	Sharon	-----	F	1930	14567	Place-16
SMITH	Briony	-----	F	1930	14568	Place-26
SMITH	Jenkins	-----	M	1930	14569	Place-28
SMITH	Joseph	-----	M	1930	14570	Place-8
SMITH	Briony	-----	F	1930	14571	Place-2
SMITH	Shawn	-----	M	1930	14572	Place-5
SMITH	Seonaid	-----	F	1930	14573	Place-5
SMITH	Jenkins	-----	M	1930	14574	Place-27
SMITH	Seonaid	-----	F	1930	14575	Place-16
SMITH	Jenkins	-----	M	1930	14576	Place-1
SMITH	Sharon	-----	F	1930	14577	Place-15
SMITH	Seonaid	-----	F	1930	14578	Place-26
SMITH	Suzanne	-----	F	1930	14579	Place-24
SMITH	Seonaid	-----	F	1930	14580	Place-23
SMITH	Sheila	-----	F	1930	14581	Place-5
SMITH	Sharon	-----	F	1930	14582	Place-0
SMITH	Bob	-----	M	1930	14583	Place-12
SMITH	Seonaid	-----	F	1930	14584	Place-24
SMITH	Sarah	-----	F	1930	14585	Place-2
SMITH	Jacob	-----	M	1930	14586	Place-13
SMITH	Jim	-----	M	1930	14587	Place-19
SMITH	James	-----	M	1930	14588	Place-14
SMITH	Sarah	-----	F	1930	14589	Place-23
SMITH	Joseph	-----	M	1930	14590	Place-9
SMITH	Paulo	-----	M	1930	14591	Place-22
SMITH	Bob	-----	M	1930	14592	Place-5
SMITH	Joseph	-----	M	1930	14593	Place-26
SMITH	Paulo	-----	M	1930	14594	Place-8
SMITH	Paulo	-----	M	1930	14595	Place-6
SMITH	Sarah	-----	F	1930	14596	Place-15
SMITH	Jacob	-----	M	1930	14597	Place-19
SMITH	Sheila	-----	F	1930	14598	Place-9
SMITH	Suzanne	-----	F	1930	14599	Place-18
SMITH	Sheila	-----	F	1930	14600	Place-14
SMITH	Jenkins	-----	M	1930	14601	Place-3
SMITH	Susan	-----	F	1930	14602	Place-24
SMITH	Shawn	-----	M	1930	14603	Place-20
SMITH	Jacob	-----	M	1930	14604	Place-5
SMITH	Shawn	-----	M	1930	14605	Place-13
SMITH	Jim	-----	M	1930	14606	Place-3
SMITH	Suzanne	-----	F	1930	14607	Place-23
SMITH	Sarah	-----	F	1930	14608	Place-13
SMITH	Briony	-----	F	1930	14609	Place-26
SMITH	Shawn	-----	M	1930	14610	Place-0
SMITH	Shawn	-----	M	1930	14611	Place-22
SMITH	Sheila	-----	F	1930	14612	Place-0
SMITH	James	-----	M	1930	14613	Place-9
SMITH	James	-----	M	1930	14614	Place-20
SMITH	Seonaid	-----	F	1930	14615	Place-1
SMITH	Seonaid	-----	F	1930	14616	Place-18
SMITH	Paulo	-----	M	1930	14617	Place-4
SMITH	Sharon	-----	F	1930	14618	Place-14
SMITH	Suzanne	-----	F	1930	14619	Place-29
SMITH	James	-----	M	1930	14620	Place-18
SMITH	Jim	-----	M	1930	14621	Place-25
SMITH	Briony	-----	F	1930	14622	Place-28
SMITH	Suzanne	-----	F	1930	14623	Place-13
SMITH	Sharon	-----	F	1930	14624	Place-23
SMITH	Jacob	-----	M	1930	14625	Place-15
SMITH	Suzanne	-----	F	1930	14626	Place-21
SMITH	Shawn	-----	M	1930	14627	Place-17
SMITH	James	-----	M	1930	14628	Place-19
SMITH	Selina	-----	F	1930	14629	Place-0
SMITH	Susan	-----	F	1930	14630	Place-16
SMITH	Selina	-----	F	1930	14631	Place-7
SMITH	Suzanne	-----	F	1930	14632	Place-12
SMITH	Briony	-----	F	1930	14633	Place-16
SMITH	Sheila	-----	F	1930	14634	Place-20
SMITH	Suzanne	-----	F	1930	14635	Place-16
SMITH	Suzanne	-----	F	1930	14636	Place-29
SMITH	Jacob	-----	M	1930	14637	Place-23
SMITH	Jim	-----	M	1930	14638	Place-3
SMITH	James	-----	M	1930	14639	Place-6
SMITH	Paulo	-----	M	1930	14640	Place-3
SMITH	Shawn	-----	M	1930	14641	Place-3
SMITH	Selina	-----	F	1930	14642	Place-4
SMITH	Selina	-----	F	1930	14643	Place-20
SMITH	Selina	-----	F	1930	14644	Place-5
SMITH	Joseph	-----	M	1930	14645	Place-23
SMITH	Shawn	-----	M	1930	14646	Place-22
SMITH	James	-----	M	1930	14647	Place-11
SMITH	Paulo	-----	M	1930	14648	Place-17
SMITH	Joseph	-----	M	1930	14649	Place-7
SMITH	Joseph	-----	M	1930	14650	Place-1
SMITH	Selina	-----	F	1930	14651	Place-10
SMITH	Susan	-----	F	1930	14652	Place-17
SMITH	Jim	-----	M	1930	14653	Place-6
SMITH	Briony	-----	F	1930	14654	Place-27
SMITH	Joseph	-----	M	1930	14655	Place-26
SMITH	James	-----	M	1930	14656	Place-15
SMITH	Selina	-----	F	1931	14680	Place-6
SMITH	Susan	-----	F	1931	14681	Place-27
SMITH	James	-----	M	1931	14682	Place-21
SMITH	Joseph	-----	M	1931	14683	Place-19
SMITH	Briony	-----	F	1931	14684	Place-28
SMITH	James	-----	M	1931	14685	Place-0
SMITH	James	-----	M	1931	14686	Place-11
SMITH	Sharon	-----	F	1931	14687	Place-6
SMITH	Paulo	-----	M	1931	14688	Place-7
SMITH	Joseph	-----	M	1931	14689	Place-14
SMITH	Jim	-----	M	1931	14690	Place-14
SMITH	Sheila	-----	F	1931	14691	Place-22
SMITH	Seonaid	-----	F	1931	14692	Place-3
SMITH	Seonaid	-----	F	1931	14693	Place-27
SMITH	Jim	-----	M	1931	14694	Place-17
SMITH	Selina	-----	F	1931	14695	Place-26
SMITH	Seonaid	-----	F	1931	14696	Place-24
SMITH	Joseph	-----	M	1931	14697	Place-10
SMITH	Sharon	-----	F	1931	14698	Place-24
SMITH	Seonaid	-----	F	1931	14699	Place-3
SMITH	Briony	-----	F	1931	14700	Place-2
SMITH	Bob	-----	M	1931	14701	Place-7
SMITH	James	-----	M	1931	14702	Place-3
SMITH	Bob	-----	M	1931	14703	Place-17
SMITH	Briony	-----	F	1931	14704	Place-22
SMITH	Paulo	-----	M	1931	14705	Place-1
SMITH	Sharon	-----	F	1931	14706	Place-23
SMITH	Paulo	-----	M	1931	14707	Place-28
SMITH	Sarah	-----	F	1931	14708	Place-22
SMITH	Seonaid	-----	F	1931	14709	Place-5
SMITH	Seonaid	-----	F	1931	14710	Place-1
SMITH	Suzanne	-----	F	1931	14711	Place-4
SMITH	Bob	-----	M	1931	14712	Place-16
SMITH	Jim	-----	M	1931	14713	Place-5
SMITH	Selina	-----	F	1931	14714	Place-29
SMITH	Jacob	-----	M	1931	14715	Place-21
SMITH	Suzanne	-----	F	1931	14716	Place-11
SMITH	Jim	-----	M	1931	14717	Place-5
SMITH	Bob	-----	M	1931	14718	Place-12
SMITH	Seonaid	-----	F	1931	14719	Place-16
SMITH	Sarah	-----	F	1931	14720	Place-28
SMITH	Paulo	-----	M	1931	14721	Place-0
SMITH	Briony	-----	F	1931	14722	Place-29
SMITH	Jacob	-----	M	1931	14723	Place-12
SMITH	Jim	-----	M	1931	14724	Place-9
SMITH	Sharon	-----	F	1931	14725	Place-24
SMITH	Shawn	-----	M	1931	14726	Place-10
SMITH	Jacob	-----	M	1931	14727	Place-7
SMITH	Jenkins	-----	M	1931	14728	Place-23
SMITH	Susan	-----	F	1931	14729	Place-20
SMITH	Paulo	-----	M	1931	14730	Place-21
SMITH	Jim	-----	M	1931	14731	Place-23
SMITH	Susan	-----	F	1931	14732	Place-11
SMITH	Suzanne	-----	F	1931	14733	Place-4
SMITH	Seonaid	-----	F	1931	14734	Place-14
SMITH	Shawn	-----	M	1931	14735	Place-25
SMITH	Jacob	-----	M	1931	14736	Place-2
SMITH	Sharon	-----	F	1931	14737	Place-11
SMITH	Paulo	-----	M	1931	14738	Place-23
SMITH	Jenkins	-----	M	1931	14739	Place-12
SMITH	Sharon	-----	F	1931	14740	Place-7
SMITH	Jenkins	-----	M	1931	14741	Place-5
SMITH	Jenkins	-----	M	1931	14742	Place-13
SMITH	Jacob	-----	M	1931	14743	Place-14
SMITH	Sarah	-----	F	1931	14744	Place-10
SMITH	Seonaid	-----	F	1931	14745	Place-13
SMITH	Jenkins	-----	M	1931	14746	Place-27
SMITH	Sheila	-----	F	1931	14747	Place-20
SMITH	Shawn	-----	M	1931	14748	Place-1
SMITH	Bob	-----	M	1931	14749	Place-14
SMITH	Sharon	-----	F	1931	14750	Place-8
SMITH	Seonaid	-----	F	1931	14751	Place-1
SMITH	Joseph	-----	M	1931	14752	Place-3
SMITH	Paulo	-----	M	1931	14753	Place-28
SMITH	Briony	-----	F	1931	14754	Place-23
SMITH	Suzanne	-----	F	1931	14755	Place-13
SMITH	Suzanne	-----	F	1931	14756	Place-3
SMITH	Seonaid	-----	F	1931	14757	Place-28
SMITH	James	-----	M	1931	14758	Place-29
SMITH	Paulo	-----	M	1931	14759	Place-22
SMITH	Jenkins	-----	M	1931	14760	Place-5
SMITH	Seonaid	-----	F	1931	14761	Place-12
SMITH	Jenkins	-----	M	1931	14762	Place-28
SMITH	Shawn	-----	M	1931	14763	Place-15
SMITH	Sheila	-----	F	1931	14764	Place-13
SMITH	Shawn	-----	M	1931	14765	Place-19
SMITH	Jenkins	-----	M	1931	14766	Place-12
SMITH	Sharon	-----	F	1931	14767	Place-1
SMITH	Sharon	-----	F	1931	14768	Place-0
SMITH	Bob	-----	M	1931	14769	Place-12
SMITH	Jenkins	-----	M	1931	14770	Place-2
SMITH	Briony	-----	F	1931	14771	Place-9
SMITH	James	-----	M	1931	14772	Place-6
SMITH	Suzanne	-----	F	1931	14773	Place-0
SMITH	Briony	-----	F	1931	14774	Place-20
SMITH	Jim	-----	M	1931	14775	Place-19
SMITH	Bob	-----	M	1931	14776	Place-3
SMITH	Shawn	-----	M	1931	14777	Place-23
SMITH	Selina	-----	F	1931	14778	Place-19
SMITH	Sarah	-----	F	1931	14779	Place-2
SMITH	Susan	-----	F	1931	14780	Place-4
SMITH	Shawn	-----	M	1931	14781	Place-0
SMITH	Seonaid	-----	F	1931	14782	Place-4
SMITH	Jim	-----	M	1931	14783	Place-21
SMITH	James	-----	M	1931	14784	Place-26
SMITH	Suzanne	-----	F	1931	14785	Place-6
SMITH	Susan	-----	F	1931	14786	Place-22
SMITH	Selina	-----	F	1931	14787	Place-4
SMITH	Seonaid	-----	F	1931	14788	Place-4
SMITH	Suzanne	-----	F	1931	14789	Place-24
SMITH	Jim	-----	M	1931	14790	Place-22
SMITH	Sharon	-----	F	1931	14791	Place-26
SMITH	Joseph	-----	M	1931	14792	Place-2
SMITH	Susan	-----	F	1931	14793	Place-19
SMITH	Paulo	-----	M	1931	14794	Place-19
SMITH	Shawn	-----	M	1931	14795	Place-0
SMITH	Paulo	-----	M	1931	14796	Place-7
SMITH	James	-----	M	1931	14797	Place-23
SMITH	Sheila	-----	F	1931	14798	Place-11
SMITH	Sheila	-----	F	1931	14799	Place-2
SMITH	Sharon	-----	F	1931	14800	Place-6
SMITH	Sarah	-----	F	1931	14801	Place-26
SMITH	Jenkins	-----	M	1931	14802	Place-26
SMITH	Shawn	-----	M	1931	14803	Place-11
SMITH	Selina	-----	F	1931	14804	Place-22
SMITH	Seonaid	-----	F	1931	14805	Place-11
SMITH	Selina	-----	F	1931	14806	Place-15
SMITH	Sarah	-----	F	1931	14807	Place-13
SMITH	James	-----	M	1931	14808	Place-8
SMITH	Shawn	-----	M	1931	14809	Place-20
SMITH	Sarah	-----	F	1931	14810	Place-0
SMITH	Bob	-----	M	1931	14811	Place-18
SMITH	Susan	-----	F	1931	14812	Place-3
SMITH	Bob	-----	M	1931	14813	Place-21
SMITH	Paulo	-----	M	1931	14814	Place-26
SMITH	Susan	-----	F	1931	14815	Place-12
SMITH	Sharon	-----	F	1931	14816	Place-19
SMITH	Joseph	-----	M	1931	14817	Place-12
SMITH	Paulo	-----	M	1931	14818	Place-5
SMITH	Paulo	-----	M	1931	14819	Place-13
SMITH	Sheila	-----	F	1931	14820	Place-0
SMITH	Jim	-----	M	1931	14821	Place-17
SMITH	Suzanne	-----	F	1931	14822	Place-29
SMITH	Briony	-----	F	1931	14823	Place-23
SMITH	Suzanne	-----	F	1931	14824	Place-27
SMITH	Jacob	-----	M	1931	14825	Place-25
SMITH	Suzanne	-----	F	1931	14826	Place-9
SMITH	Sheila	-----	F	1931	14827	Place-3
SMITH	Jenkins	-----	M	1931	14828	Place-21
SMITH	Jim	-----	M	1931	14829	Place-28
SMITH	Bob	-----	M	1931	14830	Place-27
SMITH	Sarah	-----	F	1931	14831	Place-3
SMITH	Jenkins	-----	M	1931	14832	Place-22
SMITH	Sharon	-----	F	1931	14833	Place-18
SMITH	Suzanne	-----	F	1931	14834	Place-15
SMITH	Briony	-----	F	1931	14835	Place-2
SMITH	Seonaid	-----	F	1931	14836	Place-15
SMITH	Sharon	-----	F	1931	14837	Place-28
SMITH	Sharon	-----	F	1931	14838	Place-10
SMITH	Seonaid	-----	F	1931	14839	Place-19
SMITH	Joseph	-----	M	1931	14840	Place-1
SMITH	Paulo	-----	M	1931	14841	Place-16
SMITH	Bob	-----	M	1931	14842	Place-0
SMITH	Briony	-----	F	1931	14843	Place-16
SMITH	Susan	-----	F	1931	14844	Place-4
SMITH	Selina	-----	F	1931	14845	Place-6
SMITH	Jim	-----	M	1931	14846	Place-20
SMITH	Suzanne	-----	F	1931	14847	Place-6
SMITH	Shawn	-----	M	1931	14848	Place-20
SMITH	Selina	-----	F	1931	14849	Place-3
SMITH	Jim	-----	M	1931	14850	Place-23
SMITH	Joseph	-----	M	1931	14851	Place-27
SMITH	Selina	-----	F	1931	14852	Place-16
SMITH	James	-----	M	1931	14853	Place-24
SMITH	Jacob	-----	M	1931	14854	Place-15
SMITH	Susan	-----	F	1931	14855	Place-4
SMITH	Suzanne	-----	F	1931	14856	Place-0
SMITH	Bob	-----	M	1931	14857	Place-22
SMITH	Seonaid	-----	F	1931	14858	Place-8
SMITH	Paulo	-----	M	1931	14859	Place-17
SMITH	Jim	-----	M	1931	14860	Place-22
SMITH	Jenkins	-----	M	1931	14861	Place-22
SMITH	Susan	-----	F	1931	14862	Place-6
SMITH	Sharon	-----	F	1931	14863	Place-10
SMITH	Susan	-----	F	1931	14864	Place-14
SMITH	Paulo	-----	M	1931	14865	Place-8
SMITH	Bob	-----	M	1931	14866	Place-21
SMITH	Suzanne	-----	F	1931	14867	Place-29
SMITH	Joseph	-----	M	1931	14868	Place-15
SMITH	Jenkins	-----	M	1931	14869	Place-0
SMITH	Selina	-----	F	1932	14894	Place-10
SMITH	Sarah	-----	F	1932	14895	Place-23
SMITH	Sheila	-----	F	1932	14896	Place-7
SMITH	Bob	-----	M	1932	14897	Place-16
SMITH	Sarah	-----	F	1932	14898	Place-16
SMITH	Suzanne	-----	F	1932	14899	Place-19
SMITH	Paulo	-----	M	1932	14900	Place-23
SMITH	Jacob	-----	M	1932	14901	Place-11
SMITH	Briony	-----	F	1932	14902	Place-10
SMITH	Sharon	-----	F	1932	14903	Place-12
SMITH	Paulo	-----	M	1932	14904	Place-28
SMITH	Bob	-----	M	1932	14905	Place-17
SMITH	Briony	-----	F	1932	14906	Place-12
SMITH	Suzanne	-----	F	1932	14907	Place-2
SMITH	Sharon	-----	F	1932	14908	Place-17
SMITH	Selina	-----	F	1932	14909	Place-27
SMITH	Sharon	-----	F	1932	14910	Place-21
SMITH	Sharon	-----	F	1932	14911	Place-27
SMITH	Jenkins	-----	M	1932	14912	Place-6
SMITH	Jenkins	-----	M	1932	14913	Place-25
SMITH	Joseph	-----	M	1932	14914	Place-28
SMITH	Shawn	-----	M	1932	14915	Place-8
SMITH	Selina	-----	F	1932	14916	Place-8
SMITH	Bob	-----	M	1932	14917	Place-4
SMITH	Jenkins	-----	M	1932	14918	Place-27
SMITH	Susan	-----	F	1932	14919	Place-1
SMITH	Paulo	-----	M	1932	14920	Place-14
SMITH	Sarah	-----	F	1932	14921	Place-10
SMITH	Suzanne	-----	F	1932	14922	Place-5
SMITH	Jacob	-----	M	1932	14923	Place-0
SMITH	Suzanne	-----	F	1932	14924	Place-24
SMITH	Seonaid	-----	F	1932	14925	Place-2
SMITH	Jacob	-----	M	1932	14926	Place-10
SMITH	Shawn	-----	M	1932	14927	Place-6
SMITH	Seonaid	-----	F	1932	14928	Place-4
SMITH	Seonaid	-----	F	1932	14929	Place-9
SMITH	Shawn	-----	M	1932	14930	Place-17
SMITH	Sheila	-----	F	1932	14931	Place-10
SMITH	Sheila	-----	F	1932	14932	Place-0
SMITH	Sarah	-----	F	1932	14933	Place-12
SMITH	Bob	-----	M	1932	14934	Place-22
SMITH	Suzanne	-----	F	1932	14935	Place-13
SMITH	Jim	-----	M	1932	14936	Place-3
SMITH	Paulo	-----	M	1932	14937	Place-11
SMITH	Suzanne	-----	F	1932	14938	Place-27
SMITH	Bob	-----	M	1932	14939	Place-1
SMITH	Joseph	-----	M	1932	14940	Place-13
SMITH	Joseph	-----	M	1932	14941	Place-4
SMITH	Shawn	-----	M	1932	14942	Place-4
SMITH	Seonaid	-----	F	1932	14943	Place-8
SMITH	Jacob	-----	M	1932	14944	Place-1
SMITH	Bob	-----	M	1932	14945	Place-17
SMITH	Sheila	-----	F	1932	14946	Place-21
SMITH	Sheila	-----	F	1932	14947	Place-11
SMITH	Jacob	-----	M	1932	14948	Place-15
SMITH	Sheila	-----	F	1932	14949	Place-7
SMITH	Jacob	-----	M	1932	14950	Place-21
SMITH	Sheila	-----	F	1932	14951	Place-19
SMITH	Joseph	-----	M	1932	14952	Place-10
SMITH	Jacob	-----	M	1932	14953	Place-7
SMITH	Selina	-----	F	1932	14954	Place-21
SMITH	Briony	-----	F	1932	14955	Place-17
SMITH	Sheila	-----	F	1932	14956	Place-9
SMITH	Briony	-----	F	1932	14957	Place-4
SMITH	Jim	-----	M	1932	14958	Place-3
SMITH	Jim	-----	M	1932	14959	Place-4
SMITH	Sheila	-----	F	1932	14960	Place-3
SMITH	Seonaid	-----	F	1932	14961	Place-14
SMITH	Briony	-----	F	1932	14962	Place-16
SMITH	Selina	-----	F	1932	14963	Place-26
SMITH	Selina	-----	F	1932	14964	Place-16
SMITH	James	-----	M	1932	14965	Place-23
SMITH	James	-----	M	1932	14966	Place-19
SMITH	Sarah	-----	F	1932	14967	Place-14
SMITH	Jenkins	-----	M	1932	14968	Place-22
SMITH	Paulo	-----	M	1932	14969	Place-21
SMITH	Briony	-----	F	1932	14970	Place-2
SMITH	Suzanne	-----	F	1932	14971	Place-0
SMITH	Jim	-----	M	1932	14972	Place-20
SMITH	Briony	-----	F	1932	14973	Place-29
SMITH	Selina	-----	F	1932	14974	Place-4
SMITH	James	-----	M	1932	14975	Place-9
SMITH	Sheila	-----	F	1932	14976	Place-3
SMITH	Briony	-----	F	1932	14977	Place-20
SMITH	James	-----	M	1932	14978	Place-20
SMITH	Seonaid	-----	F	1932	14979	Place-1
SMITH	Sharon	-----	F	1932	14980	Place-20
SMITH	Jim	-----	M	1932	14981	Place-26
SMITH	Joseph	-----	M	1932	14982	Place-19
SMITH	Susan	-----	F	1932	14983	Place-28
SMITH	Briony	-----	F	1932	14984	Place-2
SMITH	Shawn	-----	M	1932	14985	Place-8
SMITH	James	-----	M	1932	14986	Place-23
SMITH	Jenkins	-----	M	1932	14987	Place-27
SMITH	Suzanne	-----	F	1932	14988	Place-19
SMITH	Sharon	-----	F	1932	14989	Place-6
SMITH	Briony	-----	F	1932	14990	Place-17
SMITH	Paulo	-----	M	1932	14991	Place-9
SMITH	Bob	-----	M	1932	14992	Place-14
SMITH	Seonaid	-----	F	1932	14993	Place-19
SMITH	Paulo	-----	M	1932	14994	Place-28
SMITH	Paulo	-----	M	1932	14995	Place-12
SMITH	Susan	-----	F	1932	14996	Place-3
SMITH	Seonaid	-----	F	1932	14997	Place-3
SMITH	Joseph	-----	M	1932	14998	Place-10
SMITH	Sarah	-----	F	1932	14999	Place-5
SMITH	Jacob	-----	M	1932	15000	Place-2
SMITH	Jim	-----	M	1932	15001	Place-1
SMITH	Seonaid	-----	F	1932	15002	Place-20
SMITH	Briony	-----	F	1932	15003	Place-22
SMITH	James	-----	M	1932	15004	Place-18
SMITH	Sheila	-----	F	1932	15005	Place-16
SMITH	Shawn	-----	M	1932	15006	Place-8
SMITH	Jim	-----	M	1932	15007	Place-16
SMITH	Jacob	-----	M	1932	15008	Place-22
SMITH	Briony	-----	F	1932	15009	Place-12
SMITH	Seonaid	-----	F	1932	15010	Place-14
SMITH	Suzanne	-----	F	1932	15011	Place-27
SMITH	James	-----	M	1932	15012	Place-12
SMITH	James	-----	M	1932	15013	Place-26
SMITH	Sharon	-----	F	1932	15014	Place-12
SMITH	Selina	-----	F	1932	15015	Place-14
SMITH	Paulo	-----	M	1932	15016	Place-3
SMITH	Jim	-----	M	1932	15017	Place-8
SMITH	Shawn	-----	M	1932	15018	Place-4
SMITH	Jim	-----	M	1932	15019	Place-19
SMITH	Jacob	-----	M	1932	15020	Place-6
SMITH	Suzanne	-----	F	1932	15021	Place-29
SMITH	Jacob	-----	M	1932	15022	Place-12
SMITH	Susan	-----	F	1932	15023	Place-15
SMITH	Jim	-----	M	1932	15024	Place-4
SMITH	Selina	-----	F	1932	15025	Place-7
SMITH	James	-----	M	1932	15026	Place-5
SMITH	Seonaid	-----	F	1932	15027	Place-17
SMITH	Joseph	-----	M	1932	15028	Place-17
SMITH	Seonaid	-----	F	1932	15029	Place-5
SMITH	Joseph	-----	M	1932	15030	Place-1
SMITH	Susan	-----	F	1932	15031	Place-19
SMITH	James	-----	M	1932	15032	Place-15
SMITH	Sharon	-----	F	1932	15033	Place-11
SMITH	Jim	-----	M	1932	15034	Place-26
SMITH	Sarah	-----	F	1932	15035	Place-24
SMITH	Briony	-----	F	1932	15036	Place-0
SMITH	Sheila	-----	F	1932	15037	Place-0
SMITH	Selina	-----	F	1932	15038	Place-21
SMITH	Selina	-----	F	1932	15039	Place-0
SMITH	James	-----	M	1932	15040	Place-10
SMITH	Susan	-----	F	1932	15041	Place-15
SMITH	Jacob	-----	M	1932	15042	Place-19
SMITH	Bob	-----	M	1932	15043	Place-12
SMITH	Paulo	-----	M	1932	15044	Place-13
SMITH	Jacob	-----	M	1932	15045	Place-18
SMITH	Shawn	-----	M	1932	15046	Place-1
SMITH	Shawn	-----	M	1932	15047	Place-9
SMITH	Susan	-----	F	1932	15048	Place-23
SMITH	Selina	-----	F	1932	15049	Place-18
SMITH	Jim	-----	M	1932	15050	Place-10
SMITH	Shawn	-----	M	1932	15051	Place-24
SMITH	Sharon	-----	F	1932	15052	Place-27
SMITH	Bob	-----	M	1932	15053	Place-23
SMITH	James	-----	M	1932	15054	Place-7
SMITH	Seonaid	-----	F	1932	15055	Place-19
SMITH	Sharon	-----	F	1932	15056	Place-7
SMITH	Bob	-----	M	1932	15057	Place-28
SMITH	Joseph	-----	M	1932	15058	Place-19
SMITH	Sarah	-----	F	1932	15059	Place-10
SMITH	Briony	-----	F	1932	15060	Place-22
SMITH	Briony	-----	F	1932	15061	Place-24
SMITH	Jim	-----	M	1932	15062	Place-5
SMITH	Jacob	-----	M	1932	15063	Place-25
SMITH	Sharon	-----	F	1932	15064	Place-26
SMITH	Suzanne	-----	F	1932	15065	Place-5
SMITH	Jim	-----	M	1932	15066	Place-23
SMITH	Jacob	-----	M	1932	15067	Place-9
SMITH	Sarah	-----	F	1932	15068	Place-27
SMITH	Jim	-----	M	1932	15069	Place-18
SMITH	Susan	-----	F	1932	15070	Place-12
SMITH	Paulo	-----	M	1932	15071	Place-0
SMITH	James	-----	M	1932	15072	Place-20
SMITH	Joseph	-----	M	1932	15073	Place-14
SMITH	Suzanne	-----	F	1932	15074	Place-27
SMITH	Suzanne	-----	F	1932	15075	Place-16
SMITH	Jim	-----	M	1932	15076	Place-11
SMITH	Seonaid	-----	F	1932	15077	Place-10
SMITH	Susan	-----	F	1932	15078	Place-23
SMITH	Sarah	-----	F	1932	15079	Place-2
SMITH	Briony	-----	F	1932	15080	Place-24
SMITH	Jim	-----	M	1932	15081	Place-10
SMITH	Shawn	-----	M	1932	15082	Place-24
SMITH	Seonaid	-----	F	1932	15083	Place-6
SMITH	Seonaid	-----	F	1932	15084	Place-6
SMITH	Selina	-----	F	1932	15085	Place-3
SMITH	Sheila	-----	F	1932	15086	Place-18
SMITH	Seonaid	-----	F	1932	15087	Place-6
SMITH	Briony	-----	F	1932	15088	Place-9
SMITH	Jenkins	-----	M	1932	15089	Place-1
SMITH	Susan	-----	F	1932	15090	Place-9
SMITH	Briony	-----	F	1932	15091	Place-16
SMITH	Suzanne	-----	F	1932	15092	Place-27
SMITH	Sheila	-----	F	1932	15093	Place-21
SMITH	James	-----	M	1932	15094	Place-10
SMITH	Bob	-----	M	1932	15095	Place-18
SMITH	Briony	-----	F	1932	15096	Place-14
SMITH	Jenkins	-----	M	1932	15097	Place-15
SMITH	Jenkins	-----	M	1932	15098	Place-27
SMITH	Shawn	-----	M	1932	15099	Place-14
SMITH	Jenkins	-----	M	1932	15100	Place-9
SMITH	Jenkins	-----	M	1932	15101	Place-16
SMITH	Selina	-----	F	1932	15102	Place-13
SMITH	Sarah	-----	F	1932	15103	Place-2
SMITH	Briony	-----	F	1932	15104	Place-11
SMITH	Jim	-----	M	1933	15140	Place-2
SMITH	Sheila	-----	F	1933	15141	Place-24
SMITH	Paulo	-----	M	1933	15142	Place-18
SMITH	Sheila	-----	F	1933	15143	Place-26
SMITH	Bob	-----	M	1933	15144	Place-19
SMITH	Susan	-----	F	1933	15145	Place-8
SMITH	Jacob	-----	M	1933	15146	Place-29
SMITH	Sheila	-----	F	1933	15147	Place-14
SMITH	Selina	-----	F	1933	15148	Place-2
SMITH	Bob	-----	M	1933	15149	Place-18
SMITH	Sarah	-----	F	1933	15150	Place-28
SMITH	James	-----	M	1933	15151	Place-16
SMITH	Shawn	-----	M	1933	15152	Place-4
SMITH	Joseph	-----	M	1933	15153	Place-24
SMITH	Shawn	-----	M	1933	15154	Place-3
SMITH	Selina	-----	F	1933	15155	Place-0
SMITH	Bob	-----	M	1933	15156	Place-12
SMITH	Susan	-----	F	1933	15157	Place-7
SMITH	Bob	-----	M	1933	15158	Place-22
SMITH	Briony	-----	F	1933	15159	Place-25
SMITH	Joseph	-----	M	1933	15160	Place-13
SMITH	Sharon	-----	F	1933	15161	Place-14
SMITH	Shawn	-----	M	1933	15162	Place-2
SMITH	Jim	-----	M	1933	15163	Place-7
SMITH	Sarah	-----	F	1933	15164	Place-1
SMITH	Paulo	-----	M	1933	15165	Place-24
SMITH	Shawn	-----	M	1933	15166	Place-8
SMITH	Sharon	-----	F	1933	15167	Place-27
SMITH	Joseph	-----	M	1933	15168	Place-23
SMITH	Susan	-----	F	1933	15169	Place-7
SMITH	Joseph	-----	M	1933	15170	Place-4
SMITH	Sharon	-----	F	1933	15171	Place-21
SMITH	Briony	-----	F	1933	15172	Place-22
SMITH	Seonaid	-----	F	1933	15173	Place-16
SMITH	Jim	-----	M	1933	15174	Place-10
SMITH	Sarah	-----	F	1933	15175	Place-1
SMITH	Seonaid	-----	F	1933	15176	Place-17
SMITH	Selina	-----	F	1933	15177	Place-25
SMITH	Jenkins	-----	M	1933	15178	Place-10
SMITH	James	-----	M	1933	15179	Place-4
SMITH	Sharon	-----	F	1933	15180	Place-29
SMITH	Sarah	-----	F	1933	15181	Place-5
SMITH	Shawn	-----	M	1933	15182	Place-5
SMITH	Sharon	-----	F	1933	15183	Place-0
SMITH	Sarah	-----	F	1933	15184	Place-18
SMITH	James	-----	M	1933	15185	Place-19
SMITH	Jim	-----	M	1933	15186	Place-23
SMITH	Sheila	-----	F	1933	15187	Place-15
SMITH	Suzanne	-----	F	1933	15188	Place-17
SMITH	Seonaid	-----	F	1933	15189	Place-8
SMITH	Sarah	-----	F	1933	15190	Place-25
SMITH	Jim	-----	M	1933	15191	Place-10
SMITH	Sarah	-----	F	1933	15192	Place-25
SMITH	Sheila	-----	F	1933	15193	Place-28
SMITH	Sheila	-----	F	1933	15194	Place-22
SMITH	James	-----	M	1933	15195	Place-27
SMITH	Selina	-----	F	1933	15196	Place-25
SMITH	Shawn	-----	M	1933	15197	Place-0
SMITH	Joseph	-----	M	1933	15198	Place-17
SMITH	Jacob	-----	M	1933	15199	Place-18
SMITH	Briony	-----	F	1933	15200	Place-3
SMITH	Jenkins	-----	M	1933	15201	Place-27
SMITH	Jim	-----	M	1933	15202	Place-17
SMITH	Paulo	-----	M	1933	15203	Place-11
SMITH	Jacob	-----	M	1933	15204	Place-0
SMITH	Suzanne	-----	F	1933	15205	Place-16
SMITH	Sharon	-----	F	1933	15206	Place-17
SMITH	James	-----	M	1933	15207	Place-10
SMITH	Shawn	-----	M	1933	15208	Place-28
SMITH	Sharon	-----	F	1933	15209	Place-27
SMITH	Joseph	-----	M	1933	15210	Place-1
SMITH	Sharon	-----	F	1933	15211	Place-22
SMITH	Shawn	-----	M	1933	15212	Place-3
SMITH	Jenkins	-----	M	1933	15213	Place-15
SMITH	Jacob	-----	M	1933	15214	Place-21
SMITH	Jim	-----	M	1933	15215	Place-0
SMITH	Jim	-----	M	1933	15216	Place-22
SMITH	Shawn	-----	M	1933	15217	Place-4
SMITH	Suzanne	-----	F	1933	15218	Place-27
SMITH	Paulo	-----	M	1933	15219	Place-28
SMITH	Selina	-----	F	1933	15220	Place-8
SMITH	Sharon	-----	F	1933	15221	Place-17
SMITH	Sarah	-----	F	1933	15222	Place-11
SMITH	James	-----	M	1933	15223	Place-29
SMITH	Jacob	-----	M	1933	15224	Place-12
SMITH	James	-----	M	1933	15225	Place-5
SMITH	Bob	-----	M	1933	15226	Place-26
SMITH	Briony	-----	F	1933	15227	Place-8
SMITH	Jenkins	-----	M	1933	15228	Place-11
SMITH	Susan	-----	F	1933	15229	Place-5
SMITH	Suzanne	-----	F	1933	15230	Place-14
SMITH	Selina	-----	F	1933	15231	Place-0
SMITH	Jenkins	-----	M	1933	15232	Place-25
SMITH	Selina	-----	F	1933	15233	Place-17
SMITH	Jim	-----	M	1933	15234	Place-21
SMITH	Bob	-----	M	1933	15235	Place-15
SMITH	Briony	-----	F	1933	15236	Place-10
SMITH	Paulo	-----	M	1933	15237	Place-5
SMITH	Sheila	-----	F	1933	15238	Place-21
SMITH	Sharon	-----	F	1933	15239	Place-14
SMITH	Sharon	-----	F	1933	15240	Place-2
SMITH	Sheila	-----	F	1933	15241	Place-27
SMITH	Suzanne	-----	F	1933	15242	Place-4
SMITH	Seonaid	-----	F	1933	15243	Place-17
SMITH	Jacob	-----	M	1933	15244	Place-17
SMITH	Bob	-----	M	1933	15245	Place-17
SMITH	James	-----	M	1933	15246	Place-16
SMITH	James	-----	M	1933	15247	Place-26
SMITH	Jim	-----	M	1933	15248	Place-26
SMITH	Bob	-----	M	1933	15249	Place-29
SMITH	Paulo	-----	M	1933	15250	Place-5
SMITH	Jacob	-----	M	1933	15251	Place-8
SMITH	Jim	-----	M	1933	15252	Place-28
SMITH	James	-----	M	1933	15253	Place-24
SMITH	James	-----	M	1933	15254	Place-2
SMITH	Jim	-----	M	1933	15255	Place-1
SMITH	Briony	-----	F	1933	15256	Place-4
SMITH	Sharon	-----	F	1933	15257	Place-3
SMITH	Paulo	-----	M	1933	15258	Place-15
SMITH	Briony	-----	F	1933	15259	Place-15
SMITH	Selina	-----	F	1933	15260	Place-3
SMITH	Jacob	-----	M	1933	15261	Place-27
SMITH	Briony	-----	F	1933	15262	Place-5
SMITH	Jim	-----	M	1933	15263	Place-20
SMITH	Susan	-----	F	1933	15264	Place-20
SMITH	Sheila	-----	F	1933	15265	Place-8
SMITH	Selina	-----	F	1933	15266	Place-19
SMITH	Selina	-----	F	1933	15267	Place-26
SMITH	James	-----	M	1933	15268	Place-7
SMITH	Sheila	-----	F	1933	15269	Place-0
SMITH	Briony	-----	F	1933	15270	Place-0
SMITH	Selina	-----	F	1933	15271	Place-27
SMITH	Sharon	-----	F	1933	15272	Place-24
SMITH	Selina	-----	F	1933	15273	Place-20
SMITH	Susan	-----	F	1933	15274	Place-3
SMITH	Sharon	-----	F	1933	15275	Place-8
SMITH	Susan	-----	F	1933	15276	Place-17
SMITH	Briony	-----	F	1933	15277	Place-4
SMITH	Susan	-----	F	1933	15278	Place-10
SMITH	Seonaid	-----	F	1933	15279	Place-23
SMITH	Seonaid	-----	F	1933	15280	Place-2
SMITH	Paulo	-----	M	1933	15281	Place-17
SMITH	Jim	-----	M	1933	15282	Place-11
SMITH	Paulo	-----	M	1933	15283	Place-24
SMITH	Bob	-----	M	1933	15284	Place-22
SMITH	Jim	-----	M	1933	15285	Place-4
SMITH	Jim	-----	M	1933	15286	Place-1
SMITH	Joseph	-----	M	1933	15287	Place-26
SMITH	Selina	-----	F	1933	15288	Place-18
SMITH	Seonaid	-----	F	1933	15289	Place-19
SMITH	Bob	-----	M	1933	15290	Place-20
SMITH	Shawn	-----	M	1933	15291	Place-27
SMITH	Paulo	-----	M	1933	15292	Place-14
SMITH	Seonaid	-----	F	1933	15293	Place-2
SMITH	Briony	-----	F	1933	15294	Place-3
SMITH	Jenkins	-----	M	1933	15295	Place-23
SMITH	Suzanne	-----	F	1933	15296	Place-7
SMITH	Seonaid	-----	F	1933	15297	Place-9
SMITH	Jacob	-----	M	1933	15298	Place-12
SMITH	Jim	-----	M	1933	15299	Place-5
SMITH	Selina	-----	F	1933	15300	Place-5
SMITH	Paulo	-----	M	1933	15301	Place-4
SMITH	Sarah	-----	F	1933	15302	Place-2
SMITH	James	-----	M	1933	15303	Place-1
SMITH	Jim	-----	M	1933	15304	Place-16
SMITH	Sharon	-----	F	1933	15305	Place-4
SMITH	Selina	-----	F	1933	15306	Place-16
SMITH	Jim	-----	M	1933	15307	Place-13
SMITH	Sharon	-----	F	1933	15308	Place-1
SMITH	Briony	-----	F	1933	15309	Place-7
SMITH	Sheila	-----	F	1933	15310	Place-25
SMITH	Jacob	-----	M	1933	15311	Place-16
SMITH	Jim	-----	M	1933	15312	Place-24
SMITH	Briony	-----	F	1933	15313	Place-18
SMITH	Bob	-----	M	1933	15314	Place-17
SMITH	Joseph	-----	M	1933	15315	Place-7
SMITH	James	-----	M	1933	15316	Place-29
SMITH	Suzanne	-----	F	1933	15317	Place-15
SMITH	Jenkins	-----	M	1933	15318	Place-19
SMITH	Sheila	-----	F	1933	15319	Place-18
SMITH	Sarah	-----	F	1933	15320	Place-20
SMITH	Joseph	-----	M	1933	15321	Place-29
SMITH	Jacob	-----	M	1933	15322	Place-9
SMITH	Briony	-----	F	1933	15323	Place-8
SMITH	Paulo	-----	M	1933	15324	Place-20
SMITH	Seonaid	-----	F	1933	15325	Place-7
SMITH	Seonaid	-----	F	1933	15326	Place-11
SMITH	Sharon	-----	F	1933	15327	Place-1
SMITH	Joseph	-----	M	1933	15328	Place-8
SMITH	Sheila	-----	F	1933	15329	Place-4
SMITH	Sarah	-----	F	1933	15330	Place-10
SMITH	Seonaid	-----	F	1933	15331	Place-12
SMITH	James	-----	M	1933	15332	Place-8
SMITH	Joseph	-----	M	1933	15333	Place-16
SMITH	Suzanne	-----	F	1933	15334	Place-23
SMITH	Jacob	-----	M	1933	15335	Place-25
SMITH	Jacob	-----	M	1933	15336	Place-21
SMITH	Jenkins	-----	M	1933	15337	Place-6
SMITH	Sheila	-----	F	1933	15338	Place-1
SMITH	Jim	-----	M	1933	15339	Place-20
SMITH	Jenkins	-----	M	1933	15340	Place-23
SMITH	Shawn	-----	M	1933	15341	Place-23
SMITH	Jim	-----	M	1933	15342	Place-17
SMITH	Sarah	-----	F	1933	15343	Place-27
SMITH	Selina	-----	F	1933	15344	Place-9
SMITH	Jenkins	-----	M	1933	15345	Place-24
SMITH	Joseph	-----	M	1933	15346	Place-9
SMITH	Sharon	-----	F	1933	15347	Place-3
SMITH	Seonaid	-----	F	1933	15348	Place-16
SMITH	Paulo	-----	M	1933	15349	Place-26
SMITH	Selina	-----	F	1933	15350	Place-8
SMITH	Selina	-----	F	1933	15351	Place-8
SMITH	Jim	-----	M	1933	15352	Place-19
SMITH	Selina	-----	F	1933	15353	Place-18
SMITH	Sheila	-----	F	1933	15354	Place-9
SMITH	Jacob	-----	M	1933	15355	Place-20
SMITH	Briony	-----	F	1933	15356	Place-17
SMITH	Joseph	-----	M	1933	15357	Place-15
SMITH	James	-----	M	1933	15358	Place-6
SMITH	Joseph	-----	M	1933	15359	Place-1
SMITH	Seonaid	-----	F	1933	15360	Place-10
SMITH	Jenkins	-----	M	1933	15361	Place-9
SMITH	Shawn	-----	M	1933	15362	Place-16
SMITH	Jim	-----	M	1933	15363	Place-27
SMITH	Jacob	-----	M	1933	15364	Place-21
SMITH	Sarah	-----	F	1933	15365	Place-15
SMITH	Jenkins	-----	M	1933	15366	Place-2
SMITH	Susan	-----	F	1933	15367	Place-8
SMITH	Shawn	-----	M	1933	15368	Place-15
SMITH	Sheila	-----	F	1933	15369	Place-21
SMITH	Briony	-----	F	1933	15370	Place-20
SMITH	Suzanne	-----	F	1933	15371	Place-28
SMITH	Briony	-----	F	1933	15372	Place-2
SMITH	Selina	-----	F	1933	15373	Place-28
SMITH	Joseph	-----	M	1933	15374	Place-17
SMITH	Paulo	-----	M	1933	15375	Place-9
SMITH	Seonaid	-----	F	1933	15376	Place-21
SMITH	Seonaid	-----	F	1933	15377	Place-5
SMITH	Susan	-----	F	1934	15410	Place-15
SMITH	Sarah	-----	F	1934	15411	Place-24
SMITH	Seonaid	-----	F	1934	15412	Place-19
SMITH	Sharon	-----	F	1934	15413	Place-6
SMITH	Sheila	-----	F	1934	15414	Place-8
SMITH	Shawn	-----	M	1934	15415	Place-24
SMITH	Sharon	-----	F	1934	15416	Place-28
SMITH	Seonaid	-----	F	1934	15417	Place-24
SMITH	Sharon	-----	F	1934	15418	Place-12
SMITH	Jenkins	-----	M	1934	15419	Place-24
SMITH	Jenkins	-----	M	1934	15420	Place-26
SMITH	Sharon	-----	F	1934	15421	Place-21
SMITH	James	-----	M	1934	15422	Place-23
SMITH	Shawn	-----	M	1934	15423	Place-17
SMITH	Sarah	-----	F	1934	15424	Place-9
SMITH	Sarah	-----	F	1934	15425	Place-6
SMITH	Joseph	-----	M	1934	15426	Place-27
SMITH	Sarah	-----	F	1934	15427	Place-10
SMITH	Susan	-----	F	1934	15428	Place-7
SMITH	Jenkins	-----	M	1934	15429	Place-5
SMITH	Briony	-----	F	1934	15430	Place-8
SMITH	Jenkins	-----	M	1934	15431	Place-9
SMITH	Sharon	-----	F	1934	15432	Place-2
SMITH	Joseph	-----	M	1934	15433	Place-25
SMITH	Suzanne	-----	F	1934	15434	Place-7
SMITH	Susan	-----	F	1934	15435	Place-13
SMITH	Shawn	-----	M	1934	15436	Place-29
SMITH	Jenkins	-----	M	1934	15437	Place-17
SMITH	Jim	-----	M	1934	15438	Place-2
SMITH	Sharon	-----	F	1934	15439	Place-13
SMITH	Briony	-----	F	1934	15440	Place-15
SMITH	Selina	-----	F	1934	15441	Place-26
SMITH	James	-----	M	1934	15442	Place-20
SMITH	Jenkins	-----	M	1934	15443	Place-26
SMITH	Briony	-----	F	1934	15444	Place-29
SMITH	Jacob	-----	M	1934	15445	Place-6
SMITH	Jacob	-----	M	1934	15446	Place-5
SMITH	Joseph	-----	M	1934	15447	Place-0
SMITH	Suzanne	-----	F	1934	15448	Place-20
SMITH	Paulo	-----	M	1934	15449	Place-18
SMITH	Bob	-----	M	1934	15450	Place-3
SMITH	Suzanne	-----	F	1934	15451	Place-10
SMITH	Selina	-----	F	1934	15452	Place-12
SMITH	Susan	-----	F	1934	15453	Place-27
SMITH	Susan	-----	F	1934	15454	Place-20
SMITH	Suzanne	-----	F	1934	15455	Place-18
SMITH	Paulo	-----	M	1934	15456	Place-17
SMITH	Sharon	-----	F	1934	15457	Place-28
SMITH	Jacob	-----	M	1934	15458	Place-20
SMITH	James	-----	M	1934	15459	Place-4
SMITH	Sharon	-----	F	1934	15460	Place-1
SMITH	Shawn	-----	M	1934	15461	Place-27
SMITH	Susan	-----	F	1934	15462	Place-12
SMITH	Selina	-----	F	1934	15463	Place-28
SMITH	Jim	-----	M	1934	15464	Place-7
SMITH	Jacob	-----	M	1934	15465	Place-7
SMITH	Sheila	-----	F	1934	15466	Place-21
SMITH	Sheila	-----	F	1934	15467	Place-29
SMITH	Joseph	-----	M	1934	15468	Place-2
SMITH	Jacob	-----	M	1934	15469	Place-12
SMITH	Joseph	-----	M	1934	15470	Place-3
SMITH	Jenkins	-----	M	1934	15471	Place-26
SMITH	Sheila	-----	F	1934	15472	Place-17
SMITH	James	-----	M	1934	15473	Place-27
SMITH	Jenkins	-----	M	1934	15474	Place-16
SMITH	Seonaid	-----	F	1934	15475	Place-19
SMITH	Sarah	-----	F	1934	15476	Place-21
SMITH	Susan	-----	F	1934	15477	Place-11
SMITH	James	-----	M	1934	15478	Place-26
SMITH	Paulo	-----	M	1934	15479	Place-5
SMITH	Bob	-----	M	1934	15480	Place-19
SMITH	Paulo	-----	M	1934	15481	Place-28
SMITH	James	-----	M	1934	15482	Place-20
SMITH	James	-----	M	1934	15483	Place-15
SMITH	Seonaid	-----	F	1934	15484	Place-13
SMITH	Paulo	-----	M	1934	15485	Place-12
SMITH	Joseph	-----	M	1934	15486	Place-22
SMITH	Jacob	-----	M	1934	15487	Place-27
SMITH	Sarah	-----	F	1934	15488	Place-7
SMITH	Jim	-----	M	1934	15489	Place-21
SMITH	Selina	-----	F	1934	15490	Place-24
SMITH	James	-----	M	1934	15491	Place-6
SMITH	James	-----	M	1934	15492	Place-3
SMITH	Briony	-----	F	1934	15493	Place-10
SMITH	Susan	-----	F	1934	15494	Place-24
SMITH	Sarah	-----	F	1934	15495	Place-19
SMITH	Bob	-----	M	1934	15496	Place-22
SMITH	Briony	-----	F	1934	15497	Place-14
SMITH	Jacob	-----	M	1934	15498	Place-21
SMITH	Jim	-----	M	1934	15499	Place-2
SMITH	Paulo	-----	M	1934	15500	Place-8
SMITH	Bob	-----	M	1934	15501	Place-12
SMITH	Seonaid	-----	F	1934	15502	Place-23
SMITH	James	-----	M	1934	15503	Place-22
SMITH	Seonaid	-----	F	1934	15504	Place-7
SMITH	Jim	-----	M	1934	15505	Place-19
SMITH	Jenkins	-----	M	1934	15506	Place-17
SMITH	Jenkins	-----	M	1934	15507	Place-23
SMITH	Susan	-----	F	1934	15508	Place-26
SMITH	Sheila	-----	F	1934	15509	Place-18
SMITH	Jacob	-----	M	1934	15510	Place-2
SMITH	Suzanne	-----	F	1934	15511	Place-24
SMITH	Selina	-----	F	1934	15512	Place-6
SMITH	Briony	-----	F	1934	15513	Place-26
SMITH	Shawn	-----	M	1934	15514	Place-4
SMITH	James	-----	M	1934	15515	Place-2
SMITH	Jenkins	-----	M	1934	15516	Place-2
SMITH	Sharon	-----	F	1934	15517	Place-1
SMITH	Jenkins	-----	M	1934	15518	Place-26
SMITH	Bob	-----	M	1934	15519	Place-13
SMITH	Seonaid	-----	F	1934	15520	Place-15
SMITH	Briony	-----	F	1934	15521	Place-3
SMITH	Susan	-----	F	1934	15522	Place-26
SMITH	Seonaid	-----	F	1934	15523	Place-23
SMITH	James	-----	M	1934	15524	Place-2
SMITH	Suzanne	-----	F	1934	15525	Place-4
SMITH	Jenkins	-----	M	1934	15526	Place-3
SMITH	Bob	-----	M	1934	15527	Place-1
SMITH	Jacob	-----	M	1934	15528	Place-20
SMITH	Jenkins	-----	M	1934	15529	Place-19
SMITH	Suzanne	-----	F	1934	15530	Place-18
SMITH	Sheila	-----	F	1934	15531	Place-25
SMITH	Shawn	-----	M	1934	15532	Place-8
SMITH	James	-----	M	1934	15533	Place-0
SMITH	Jim	-----	M	1934	15534	Place-26
SMITH	Sarah	-----	F	1934	15535	Place-5
SMITH	Sarah	-----	F	1934	15536	Place-9
SMITH	Sheila	-----	F	1934	15537	Place-14
SMITH	Seonaid	-----	F	1934	15538	Place-22
SMITH	Jim	-----	M	1934	15539	Place-6
SMITH	Jacob	-----	M	1934	15540	Place-28
SMITH	Suzanne	-----	F	1934	15541	Place-27
SMITH	Jim	-----	M	1934	15542	Place-22
SMITH	Sheila	-----	F	1934	15543	Place-4
SMITH	James	-----	M	1934	15544	Place-20
SMITH	Seonaid	-----	F	1934	15545	Place-13
SMITH	Bob	-----	M	1934	15546	Place-10
SMITH	Jacob	-----	M	1934	15547	Place-25
SMITH	Selina	-----	F	1934	15548	Place-9
SMITH	Paulo	-----	M	1934	15549	Place-27
SMITH	Shawn	-----	M	1934	15550	Place-2
SMITH	Sheila	-----	F	1934	15551	Place-24
SMITH	Sarah	-----	F	1934	15552	Place-20
SMITH	Joseph	-----	M	1934	15553	Place-13
SMITH	Selina	-----	F	1934	15554	Place-8
SMITH	Paulo	-----	M	1934	15555	Place-4
SMITH	Paulo	-----	M	1934	15556	Place-0
SMITH	Briony	-----	F	1934	15557	Place-0
SMITH	Seonaid	-----	F	1934	15558	Place-11
SMITH	Sarah	-----	F	1934	15559	Place-13
SMITH	Selina	-----	F	1934	15560	Place-8
SMITH	Bob	-----	M	1934	15561	Place-24
SMITH	Selina	-----	F	1934	15562	Place-17
SMITH	Jacob	-----	M	1934	15563	Place-0
SMITH	James	-----	M	1934	15564	Place-2
SMITH	Sharon	-----	F	1934	15565	Place-17
SMITH	Seonaid	-----	F	1934	15566	Place-20
SMITH	Suzanne	-----	F	1934	15567	Place-15
SMITH	Sheila	-----	F	1934	15568	Place-26
SMITH	Jim	-----	M	1934	15569	Place-15
SMITH	Jacob	-----	M	1934	15570	Place-22
SMITH	Bob	-----	M	1934	15571	Place-23
SMITH	Seonaid	-----	F	1934	15572	Place-6
SMITH	Jacob	-----	M	1934	15573	Place-20
SMITH	Paulo	-----	M	1934	15574	Place-10
SMITH	Bob	-----	M	1934	15575	Place-26
SMITH	Seonaid	-----	F	1934	15576	Place-8
SMITH	Suzanne	-----	F	1934	15577	Place-28
SMITH	Sheila	-----	F	1934	15578	Place-3
SMITH	Jim	-----	M	1934	15579	Place-14
SMITH	Joseph	-----	M	1934	15580	Place-27
SMITH	Jacob	-----	M	1934	15581	Place-18
SMITH	Bob	-----	M	1934	15582	Place-13
SMITH	Paulo	-----	M	1934	15583	Place-19
SMITH	Joseph	-----	M	1934	15584	Place-20
SMITH	Jacob	-----	M	1934	15585	Place-7
SMITH	Paulo	-----	M	1934	15586	Place-11
SMITH	Jacob	-----	M	1934	15587	Place-23
SMITH	Susan	-----	F	1934	15588	Place-2
SMITH	Sharon	-----	F	1934	15589	Place-6
SMITH	James	-----	M	1934	15590	Place-27
SMITH	Shawn	-----	M	1934	15591	Place-17
SMITH	Sheila	-----	F	1934	15592	Place-7
SMITH	Sarah	-----	F	1934	15593	Place-4
SMITH	Jacob	-----	M	1934	15594	Place-25
SMITH	Shawn	-----	M	1934	15595	Place-6
SMITH	Jim	-----	M	1934	15596	Place-27
SMITH	Sharon	-----	F	1934	15597	Place-19
SMITH	Bob	-----	M	1934	15598	Place-23
SMITH	Bob	-----	M	1934	15599	Place-6
SMITH	James	-----	M	1934	15600	Place-21
SMITH	Suzanne	-----	F	1934	15601	Place-21
SMITH	Jenkins	-----	M	1934	15602	Place-15
SMITH	Selina	-----	F	1934	15603	Place-9
SMITH	Paulo	-----	M	1934	15604	Place-1
SMITH	Seonaid	-----	F	1934	15605	Place-13
SMITH	Susan	-----	F	1934	15606	Place-22
SMITH	Suzanne	-----	F	1934	15607	Place-16
SMITH	Seonaid	-----	F	1934	15608	Place-5
SMITH	Seonaid	-----	F	1934	15609	Place-4
SMITH	Briony	-----	F	1934	15610	Place-27
SMITH	Suzanne	-----	F	1934	15611	Place-27
SMITH	Jacob	-----	M	1934	15612	Place-24
SMITH	Seonaid	-----	F	1934	15613	Place-26
SMITH	Seonaid	-----	F	1934	15614	Place-5
SMITH	Bob	-----	M	1934	15615	Place-15
SMITH	Seonaid	-----	F	1934	15616	Place-23
SMITH	Jacob	-----	M	1934	15617	Place-18
SMITH	Jim	-----	M	1934	15618	Place-24
SMITH	Sheila	-----	F	1934	15619	Place-13
SMITH	Jacob	-----	M	1934	15620	Place-13
SMITH	Susan	-----	F	1934	15621	Place-29
SMITH	Seonaid	-----	F	1934	15622	Place-28
SMITH	Shawn	-----	M	1935	15652	Place-13
SMITH	Briony	-----	F	1935	15653	Place-7
SMITH	Jenkins	-----	M	1935	15654	Place-3
SMITH	Paulo	-----	M	1935	15655	Place-20
SMITH	Bob	-----	M	1935	15656	Place-3
SMITH	Joseph	-----	M	1935	15657	Place-2
SMITH	Jenkins	-----	M	1935	15658	Place-25
SMITH	James	-----	M	1935	15659	Place-8
SMITH	Seonaid	-----	F	1935	15660	Place-29
SMITH	Jenkins	-----	M	1935	15661	Place-12
SMITH	Paulo	-----	M	1935	15662	Place-5
SMITH	Jim	-----	M	1935	15663	Place-19
SMITH	Sarah	-----	F	1935	15664	Place-1
SMITH	Sheila	-----	F	1935	15665	Place-13
SMITH	Suzanne	-----	F	1935	15666	Place-22
SMITH	Shawn	-----	M	1935	15667	Place-23
SMITH	Susan	-----	F	1935	15668	Place-8
SMITH	Suzanne	-----	F	1935	15669	Place-16
SMITH	Shawn	-----	M	1935	15670	Place-13
SMITH	Sarah	-----	F	1935	15671	Place-27
SMITH	Briony	-----	F	1935	15672	Place-0
SMITH	Jenkins	-----	M	1935	15673	Place-29
SMITH	Joseph	-----	M	1935	15674	Place-15
SMITH	Paulo	-----	M	1935	15675	Place-24
SMITH	Jim	-----	M	1935	15676	Place-19
SMITH	Suzanne	-----	F	1935	15677	Place-21
SMITH	Sheila	-----	F	1935	15678	Place-26
SMITH	James	-----	M	1935	15679	Place-18
SMITH	Sharon	-----	F	1935	15680	Place-10
SMITH	Briony	-----	F	1935	15681	Place-24
SMITH	Sarah	-----	F	1935	15682	Place-21
SMITH	Suzanne	-----	F	1935	15683	Place-1
SMITH	Shawn	-----	M	1935	15684	Place-10
SMITH	Seonaid	-----	F	1935	15685	Place-1
SMITH	Shawn	-----	M	1935	15686	Place-19
SMITH	Sharon	-----	F	1935	15687	Place-6
SMITH	Susan	-----	F	1935	15688	Place-6
SMITH	Sheila	-----	F	1935	15689	Place-23
SMITH	James	-----	M	1935	15690	Place-13
SMITH	Shawn	-----	M	1935	15691	Place-17
SMITH	Sharon	-----	F	1935	15692	Place-11
SMITH	Sheila	-----	F	1935	15693	Place-17
SMITH	Paulo	-----	M	1935	15694	Place-25
SMITH	Sarah	-----	F	1935	15695	Place-24
SMITH	Jenkins	-----	M	1935	15696	Place-7
SMITH	Sarah	-----	F	1935	15697	Place-12
SMITH	Joseph	-----	M	1935	15698	Place-2
SMITH	Briony	-----	F	1935	15699	Place-2
SMITH	Suzanne	-----	F	1935	15700	Place-25
SMITH	James	-----	M	1935	15701	Place-7
SMITH	Sheila	-----	F	1935	15702	Place-0
SMITH	Sarah	-----	F	1935	15703	Place-7
SMITH	Jacob	-----	M	1935	15704	Place-28
SMITH	Sheila	-----	F	1935	15705	Place-9
SMITH	Paulo	-----	M	1935	15706	Place-21
SMITH	Selina	-----	F	1935	15707	Place-13
SMITH	Susan	-----	F	1935	15708	Place-2
SMITH	Sarah	-----	F	1935	15709	Place-17
SMITH	Jenkins	-----	M	1935	15710	Place-14
SMITH	Paulo	-----	M	1935	15711	Place-28
SMITH	James	-----	M	1935	15712	Place-14
SMITH	Seonaid	-----	F	1935	15713	Place-7
SMITH	Seonaid	-----	F	1935	15714	Place-15
SMITH	Joseph	-----	M	1935	15715	Place-28
SMITH	Joseph	-----	M	1935	15716	Place-27
SMITH	Jacob	-----	M	1935	15717	Place-3
SMITH	Briony	-----	F	1935	15718	Place-17
SMITH	Jenkins	-----	M	1935	15719	Place-7
SMITH	James	-----	M	1935	15720	Place-4
SMITH	Jenkins	-----	M	1935	15721	Place-4
SMITH	Susan	-----	F	1935	15722	Place-6
SMITH	Paulo	-----	M	1935	15723	Place-7
SMITH	Paulo	-----	M	1935	15724	Place-7
SMITH	Susan	-----	F	1935	15725	Place-17
SMITH	Bob	-----	M	1935	15726	Place-16
SMITH	James	-----	M	1935	15727	Place-26
SMITH	Selina	-----	F	1935	15728	Place-17
SMITH	Briony	-----	F	1935	15729	Place-7
SMITH	James	-----	M	1935	15730	Place-18
SMITH	Shawn	-----	M	1935	15731	Place-4
SMITH	Sarah	-----	F	1935	15732	Place-25
SMITH	Jacob	-----	M	1935	15733	Place-26
SMITH	Suzanne	-----	F	1935	15734	Place-8
SMITH	Sarah	-----	F	1935	15735	Place-24
SMITH	Sharon	-----	F	1935	15736	Place-11
SMITH	Jenkins	-----	M	1935	15737	Place-7
SMITH	Sarah	-----	F	1935	15738	Place-18
SMITH	Sheila	-----	F	1935	15739	Place-28
SMITH	Suzanne	-----	F	1935	15740	Place-22
SMITH	Sheila	-----	F	1935	15741	Place-12
SMITH	Paulo	-----	M	1935	15742	Place-27
SMITH	Sharon	-----	F	1935	15743	Place-3
SMITH	Paulo	-----	M	1935	15744	Place-13
SMITH	Susan	-----	F	1935	15745	Place-25
SMITH	Sharon	-----	F	1935	15746	Place-14
SMITH	Joseph	-----	M	1935	15747	Place-3
SMITH	Sheila	-----	F	1935	15748	Place-15
SMITH	Seonaid	-----	F	1935	15749	Place-21
SMITH	Sarah	-----	F	1935	15750	Place-21
SMITH	Joseph	-----	M	1935	15751	Place-8
SMITH	Briony	-----	F	1935	15752	Place-2
SMITH	Susan	-----	F	1935	15753	Place-8
SMITH	Joseph	-----	M	1935	15754	Place-4
SMITH	Sheila	-----	F	1935	15755	Place-21
SMITH	Jacob	-----	M	1935	15756	Place-16
SMITH	Briony	-----	F	1935	15757	Place-8
SMITH	Paulo	-----	M	1935	15758	Place-17
SMITH	Briony	-----	F	1935	15759	Place-19
SMITH	Briony	-----	F	1935	15760	Place-13
SMITH	Sheila	-----	F	1935	15761	Place-13
SMITH	Seonaid	-----	F	1935	15762	Place-5
SMITH	Briony	-----	F	1935	15763	Place-8
SMITH	James	-----	M	1935	15764	Place-0
SMITH	Suzanne	-----	F	1935	15765	Place-20
SMITH	Jenkins	-----	M	1935	15766	Place-4
SMITH	Paulo	-----	M	1935	15767	Place-27
SMITH	Jenkins	-----	M	1935	15768	Place-23
SMITH	Shawn	-----	M	1935	15769	Place-21
SMITH	Sarah	-----	F	1935	15770	Place-15
SMITH	Jenkins	-----	M	1935	15771	Place-13
SMITH	Selina	-----	F	1935	15772	Place-15
SMITH	Jenkins	-----	M	1935	15773	Place-6
SMITH	Sheila	-----	F	1935	15774	Place-2
SMITH	Sheila	-----	F	1935	15775	Place-2
SMITH	Joseph	-----	M	1935	15776	Place-29
SMITH	James	-----	M	1935	15777	Place-8
SMITH	Shawn	-----	M	1935	15778	Place-17
SMITH	Jenkins	-----	M	1935	15779	Place-24
SMITH	Susan	-----	F	1935	15780	Place-12
SMITH	Seonaid	-----	F	1935	15781	Place-6
SMITH	Seonaid	-----	F	1935	15782	Place-27
SMITH	Sharon	-----	F	1935	15783	Place-3
SMITH	Sheila	-----	F	1935	15784	Place-2
SMITH	Bob	-----	M	1935	15785	Place-5
SMITH	Joseph	-----	M	1935	15786	Place-21
SMITH	Jacob	-----	M	1935	15787	Place-23
SMITH	Selina	-----	F	1935	15788	Place-8
SMITH	Shawn	-----	M	1935	15789	Place-22
SMITH	Jenkins	-----	M	1935	15790	Place-27
SMITH	Selina	-----	F	1935	15791	Place-22
SMITH	Sarah	-----	F	1935	15792	Place-22
SMITH	Shawn	-----	M	1935	15793	Place-14
SMITH	Suzanne	-----	F	1935	15794	Place-8
SMITH	Briony	-----	F	1935	15795	Place-6
SMITH	Sheila	-----	F	1935	15796	Place-29
SMITH	Briony	-----	F	1935	15797	Place-7
SMITH	Sheila	-----	F	1935	15798	Place-16
SMITH	Bob	-----	M	1935	15799	Place-2
SMITH	Sharon	-----	F	1935	15800	Place-6
SMITH	Jacob	-----	M	1935	15801	Place-0
SMITH	Selina	-----	F	1935	15802	Place-28
SMITH	Joseph	-----	M	1935	15803	Place-5
SMITH	Sharon	-----	F	1935	15804	Place-17
SMITH	Bob	-----	M	1935	15805	Place-5
SMITH	Sheila	-----	F	1935	15806	Place-7
SMITH	Sarah	-----	F	1935	15807	Place-15
SMITH	James	-----	M	1935	15808	Place-18
SMITH	Joseph	-----	M	1935	15809	Place-1
SMITH	Bob	-----	M	1935	15810	Place-5
SMITH	Shawn	-----	M	1935	15811	Place-5
SMITH	Suzanne	-----	F	1935	15812	Place-27
SMITH	Selina	-----	F	1935	15813	Place-19
SMITH	Sarah	-----	F	1935	15814	Place-3
SMITH	Seonaid	-----	F	1935	15815	Place-3
SMITH	Sharon	-----	F	1935	15816	Place-3
SMITH	Sarah	-----	F	1935	15817	Place-9
SMITH	Susan	-----	F	1935	15818	Place-23
SMITH	Susan	-----	F	1935	15819	Place-7
SMITH	Paulo	-----	M	1935	15820	Place-14
SMITH	Shawn	-----	M	1935	15821	Place-9
SMITH	Jim	-----	M	1935	15822	Place-18
SMITH	Paulo	-----	M	1935	15823	Place-28
SMITH	Jacob	-----	M	1935	15824	Place-13
SMITH	Sarah	-----	F	1935	15825	Place-0
SMITH	Shawn	-----	M	1935	15826	Place-0
SMITH	Suzanne	-----	F	1935	15827	Place-29
SMITH	James	-----	M	1935	15828	Place-14
SMITH	Sharon	-----	F	1935	15829	Place-7
SMITH	Jacob	-----	M	1935	15830	Place-28
SMITH	Susan	-----	F	1935	15831	Place-25
SMITH	Bob	-----	M	1935	15832	Place-21
SMITH	Seonaid	-----	F	1935	15833	Place-21
SMITH	Susan	-----	F	1935	15834	Place-20
SMITH	Jim	-----	M	1935	15835	Place-7
SMITH	Briony	-----	F	1935	15836	Place-28
SMITH	Sarah	-----	F	1935	15837	Place-23
SMITH	Sarah	-----	F	1935	15838	Place-1
SMITH	Sarah	-----	F	1935	15839	Place-7
SMITH	Joseph	-----	M	1935	15840	Place-1
SMITH	Susan	-----	F	1935	15841	Place-24
SMITH	James	-----	M	1935	15842	Place-1
SMITH	Sharon	-----	F	1935	15843	Place-4
SMITH	Sarah	-----	F	1935	15844	Place-15
SMITH	Jenkins	-----	M	1935	15845	Place-10
SMITH	Sarah	-----	F	1935	15846	Place-9
SMITH	Bob	-----	M	1935	15847	Place-16
SMITH	Susan	-----	F	1935	15848	Place-17
SMITH	Shawn	-----	M	1935	15849	Place-20
SMITH	James	-----	M	1935	15850	Place-27
SMITH	Susan	-----	F	1935	15851	Place-5
SMITH	Bob	-----	M	1935	15852	Place-15
SMITH	Seonaid	-----	F	1935	15853	Place-5
SMITH	Sarah	-----	F	1935	15854	Place-23
SMITH	James	-----	M	1935	15855	Place-27
SMITH	Joseph	-----	M	1935	15856	Place-13
SMITH	Briony	-----	F	1935	15857	Place-5
SMITH	Sheila	-----	F	1935	15858	Place-13
SMITH	Jacob	-----	M	1935	15859	Place-29
SMITH	Joseph	-----	M	1935	15860	Place-17
SMITH	Jenkins	-----	M	1935	15861	Place-28
SMITH	Sheila	-----	F	1935	15862	Place-0
SMITH	Shawn	-----	M	1935	15863	Place-18
SMITH	Briony	-----	F	1935	15864	Place-0
SMITH	Sheila	-----	F	1935	15865	Place-16
SMITH	Selina	-----	F	1935	15866	Place-9
SMITH	Bob	-----	M	1935	15867	Place-22
SMITH	Seonaid	-----	F	1936	15907	Place-3
SMITH	Sarah	-----	F	1936	15908	Place-20
SMITH	Shawn	-----	M	1936	15909	Place-26
SMITH	Sheila	-----	F	1936	15910	Place-15
SMITH	Seonaid	-----	F	1936	15911	Place-1
SMITH	Suzanne	-----	F	1936	15912	Place-2
SMITH	Shawn	-----	M	1936	15913	Place-20
SMITH	Sarah	-----	F	1936	15914	Place-26
SMITH	Jacob	-----	M	1936	15915	Place-28
SMITH	Sharon	-----	F	1936	15916	Place-26
SMITH	Selina	-----	F	1936	15917	Place-27
SMITH	Jacob	-----	M	1936	15918	Place-6
SMITH	Sarah	-----	F	1936	15919	Place-11
SMITH	Suzanne	-----	F	1936	15920	Place-0
SMITH	Bob	-----	M	1936	15921	Place-19
SMITH	Sarah	-----	F	1936	15922	Place-13
SMITH	Briony	-----	F	1936	15923	Place-19
SMITH	Jim	-----	M	1936	15924	Place-24
SMITH	Bob	-----	M	1936	15925	Place-29
SMITH	Joseph	-----	M	1936	15926	Place-5
SMITH	Shawn	-----	M	1936	15927	Place-18
SMITH	Paulo	-----	M	1936	15928	Place-8
SMITH	Paulo	-----	M	1936	15929	Place-20
SMITH	Susan	-----	F	1936	15930	Place-23
SMITH	Jenkins	-----	M	1936	15931	Place-3
SMITH	Shawn	-----	M	1936	15932	Place-7
SMITH	Sheila	-----	F	1936	15933	Place-20
SMITH	Susan	-----	F	1936	15934	Place-29
SMITH	Shawn	-----	M	1936	15935	Place-27
SMITH	Jacob	-----	M	1936	15936	Place-23
SMITH	Sheila	-----	F	1936	15937	Place-5
SMITH	Jenkins	-----	M	1936	15938	Place-3
SMITH	Suzanne	-----	F	1936	15939	Place-27
SMITH	Susan	-----	F	1936	15940	Place-11
SMITH	Briony	-----	F	1936	15941	Place-20
SMITH	James	-----	M	1936	15942	Place-23
SMITH	Seonaid	-----	F	1936	15943	Place-29
SMITH	Jacob	-----	M	1936	15944	Place-20
SMITH	Bob	-----	M	1936	15945	Place-18
SMITH	Jim	-----	M	1936	15946	Place-13
SMITH	Jim	-----	M	1936	15947	Place-13
SMITH	Sheila	-----	F	1936	15948	Place-28
SMITH	Sheila	-----	F	1936	15949	Place-3
SMITH	Jim	-----	M	1936	15950	Place-28
SMITH	Jim	-----	M	1936	15951	Place-0
SMITH	Sharon	-----	F	1936	15952	Place-8
SMITH	Shawn	-----	M	1936	15953	Place-7
SMITH	Sarah	-----	F	1936	15954	Place-26
SMITH	Bob	-----	M	1936	15955	Place-22
SMITH	Jenkins	-----	M	1936	15956	Place-17
SMITH	Sarah	-----	F	1936	15957	Place-2
SMITH	Sharon	-----	F	1936	15958	Place-1
SMITH	Joseph	-----	M	1936	15959	Place-13
SMITH	Joseph	-----	M	1936	15960	Place-29
SMITH	James	-----	M	1936	15961	Place-8
SMITH	Jim	-----	M	1936	15962	Place-10
SMITH	Suzanne	-----	F	1936	15963	Place-15
SMITH	Susan	-----	F	1936	15964	Place-12
SMITH	Sharon	-----	F	1936	15965	Place-29
SMITH	Sheila	-----	F	1936	15966	Place-17
SMITH	Jacob	-----	M	1936	15967	Place-0
SMITH	Suzanne	-----	F	1936	15968	Place-4
SMITH	Susan	-----	F	1936	15969	Place-18
SMITH	Joseph	-----	M	1936	15970	Place-21
SMITH	Jenkins	-----	M	1936	15971	Place-9
SMITH	James	-----	M	1936	15972	Place-1
SMITH	Jim	-----	M	1936	15973	Place-23
SMITH	Bob	-----	M	1936	15974	Place-1
SMITH	Bob	-----	M	1936	15975	Place-28
SMITH	Sarah	-----	F	1936	15976	Place-8
SMITH	Jacob	-----	M	1936	15977	Place-6
SMITH	Jacob	-----	M	1936	15978	Place-7
SMITH	Bob	-----	M	1936	15979	Place-17
SMITH	Sheila	-----	F	1936	15980	Place-0
SMITH	Seonaid	-----	F	1936	15981	Place-27
SMITH	Jenkins	-----	M	1936	15982	Place-13
SMITH	Paulo	-----	M	1936	15983	Place-15
SMITH	Selina	-----	F	1936	15984	Place-20
SMITH	Susan	-----	F	1936	15985	Place-19
SMITH	Jenkins	-----	M	1936	15986	Place-7
SMITH	Jim	-----	M	1936	15987	Place-17
SMITH	Seonaid	-----	F	1936	15988	Place-29
SMITH	James	-----	M	1936	15989	Place-4
SMITH	Selina	-----	F	1936	15990	Place-16
SMITH	Sharon	-----	F	1936	15991	Place-13
SMITH	James	-----	M	1936	15992	Place-14
SMITH	Jenkins	-----	M	1936	15993	Place-29
SMITH	Suzanne	-----	F	1936	15994	Place-3
SMITH	Jim	-----	M	1936	15995	Place-20
SMITH	Susan	-----	F	1936	15996	Place-23
SMITH	Selina	-----	F	1936	15997	Place-26
SMITH	Sheila	-----	F	1936	15998	Place-6
SMITH	Joseph	-----	M	1936	15999	Place-7
SMITH	Shawn	-----	M	1936	16000	Place-15
SMITH	Briony	-----	F	1936	16001	Place-15
SMITH	Jacob	-----	M	1936	16002	Place-9
SMITH	Joseph	-----	M	1936	16003	Place-7
SMITH	Shawn	-----	M	1936	16004	Place-7
SMITH	Paulo	-----	M	1936	16005	Place-1
SMITH	James	-----	M	1936	16006	Place-16
SMITH	Bob	-----	M	1936	16007	Place-26
SMITH	Joseph	-----	M	1936	16008	Place-5
SMITH	Sarah	-----	F	1936	16009	Place-26
SMITH	Suzanne	-----	F	1936	16010	Place-18
SMITH	Susan	-----	F	1936	16011	Place-16
SMITH	Jacob	-----	M	1936	16012	Place-14
SMITH	Joseph	-----	M	1936	16013	Place-5
SMITH	Suzanne	-----	F	1936	16014	Place-5
SMITH	Suzanne	-----	F	1936	16015	Place-16
SMITH	Seonaid	-----	F	1936	16016	Place-4
SMITH	Selina	-----	F	1936	16017	Place-19
SMITH	Shawn	-----	M	1936	16018	Place-16
SMITH	Sharon	-----	F	1936	16019	Place-13
SMITH	Jacob	-----	M	1936	16020	Place-14
SMITH	Seonaid	-----	F	1936	16021	Place-21
SMITH	Selina	-----	F	1936	16022	Place-0
SMITH	Sheila	-----	F	1936	16023	Place-17
SMITH	Jim	-----	M	1936	16024	Place-5
SMITH	Susan	-----	F	1936	16025	Place-17
SMITH	Sharon	-----	F	1936	16026	Place-17
SMITH	Sharon	-----	F	1936	16027	Place-15
SMITH	Suzanne	-----	F	1936	16028	Place-26
SMITH	Sarah	-----	F	1936	16029	Place-21
SMITH	Shawn	-----	M	1936	16030	Place-19
SMITH	Jim	-----	M	1936	16031	Place-23
SMITH	Bob	-----	M	1936	16032	Place-8
SMITH	Joseph	-----	M	1936	16033	Place-8
SMITH	Briony	-----	F	1936	16034	Place-18
SMITH	Briony	-----	F	1936	16035	Place-1
SMITH	Sarah	-----	F	1936	16036	Place-0
SMITH	Jim	-----	M	1936	16037	Place-26
SMITH	James	-----	M	1936	16038	Place-27
SMITH	Bob	-----	M	1936	16039	Place-3
SMITH	Susan	-----	F	1936	16040	Place-25
SMITH	Joseph	-----	M	1936	16041	Place-24
SMITH	Jenkins	-----	M	1936	16042	Place-2
SMITH	Shawn	-----	M	1936	16043	Place-24
SMITH	Jim	-----	M	1936	16044	Place-1
SMITH	Susan	-----	F	1936	16045	Place-19
SMITH	Sharon	-----	F	1936	16046	Place-18
SMITH	Joseph	-----	M	1936	16047	Place-27
SMITH	Sheila	-----	F	1936	16048	Place-21
SMITH	Briony	-----	F	1936	16049	Place-23
SMITH	Jenkins	-----	M	1936	16050	Place-4
SMITH	Suzanne	-----	F	1936	16051	Place-22
SMITH	Jacob	-----	M	1936	16052	Place-23
SMITH	Sharon	-----	F	1936	16053	Place-7
SMITH	Briony	-----	F	1936	16054	Place-1
SMITH	Jim	-----	M	1936	16055	Place-14
SMITH	Shawn	-----	M	1936	16056	Place-18
SMITH	Selina	-----	F	1936	16057	Place-23
SMITH	Sharon	-----	F	1936	16058	Place-0
SMITH	Jenkins	-----	M	1936	16059	Place-2
SMITH	Jacob	-----	M	1936	16060	Place-12
SMITH	Joseph	-----	M	1936	16061	Place-27
SMITH	Sarah	-----	F	1936	16062	Place-8
SMITH	Sheila	-----	F	1936	16063	Place-15
SMITH	Jim	-----	M	1936	16064	Place-28
SMITH	Sharon	-----	F	1936	16065	Place-0
SMITH	Sharon	-----	F	1936	16066	Place-19
SMITH	Seonaid	-----	F	1936	16067	Place-11
SMITH	Jacob	-----	M	1936	16068	Place-16
SMITH	Jacob	-----	M	1936	16069	Place-26
SMITH	Selina	-----	F	1936	16070	Place-12
SMITH	Shawn	-----	M	1936	16071	Place-27
SMITH	Jacob	-----	M	1936	16072	Place-19
SMITH	Bob	-----	M	1936	16073	Place-29
SMITH	James	-----	M	1936	16074	Place-3
SMITH	Jacob	-----	M	1936	16075	Place-24
SMITH	James	-----	M	1936	16076	Place-26
SMITH	Selina	-----	F	1936	16077	Place-7
SMITH	Susan	-----	F	1936	16078	Place-17
SMITH	Suzanne	-----	F	1936	16079	Place-10
SMITH	Selina	-----	F	1936	16080	Place-14
SMITH	Sheila	-----	F	1936	16081	Place-12
SMITH	Seonaid	-----	F	1936	16082	Place-19
SMITH	Shawn	-----	M	1936	16083	Place-14
SMITH	Sarah	-----	F	1936	16084	Place-23
SMITH	Briony	-----	F	1936	16085	Place-0
SMITH	Joseph	-----	M	1936	16086	Place-14
SMITH	Paulo	-----	M	1936	16087	Place-24
SMITH	Seonaid	-----	F	1936	16088	Place-1
SMITH	Briony	-----	F	1936	16089	Place-24
SMITH	Joseph	-----	M	1936	16090	Place-6
SMITH	Bob	-----	M	1936	16091	Place-29
SMITH	Bob	-----	M	1936	16092	Place-19
SMITH	Sheila	-----	F	1936	16093	Place-8
SMITH	Suzanne	-----	F	1936	16094	Place-17
SMITH	Shawn	-----	M	1936	16095	Place-6
SMITH	Selina	-----	F	1936	16096	Place-22
SMITH	Suzanne	-----	F	1936	16097	Place-1
SMITH	Seonaid	-----	F	1936	16098	Place-1
SMITH	Suzanne	-----	F	1936	16099	Place-5
SMITH	Shawn	-----	M	1936	16100	Place-10
SMITH	Sarah	-----	F	1936	16101	Place-9
SMITH	James	-----	M	1936	16102	Place-4
SMITH	Seonaid	-----	F	1936	16103	Place-18
SMITH	Paulo	-----	M	1936	16104	Place-9
SMITH	Jacob	-----	M	1936	16105	Place-10
SMITH	Selina	-----	F	1936	16106	Place-5
SMITH	Sheila	-----	F	1936	16107	Place-28
SMITH	Sharon	-----	F	1936	16108	Place-1
SMITH	Paulo	-----	M	1936	16109	Place-4
SMITH	Seonaid	-----	F	1936	16110	Place-23
SMITH	Selina	-----	F	1936	16111	Place-23
SMITH	Sheila	-----	F	1936	16112	Place-27
SMITH	Briony	-----	F	1936	16113	Place-24
SMITH	Selina	-----	F	1936	16114	Place-13
SMITH	Suzanne	-----	F	1936	16115	Place-22
SMITH	Shawn	-----	M	1936	16116	Place-28
SMITH	Jenkins	-----	M	1936	16117	Place-13
SMITH	Jenkins	-----	M	1936	16118	Place-28
SMITH	Sharon	-----	F	1936	16119	Place-27
SMITH	Briony	-----	F	1936	16120	Place-21
SMITH	Jacob	-----	M	1936	16121	Place-29
SMITH	Jenkins	-----	M	1936	16122	Place-18
SMITH	Selina	-----	F	1936	16123	Place-7
SMITH	Jacob	-----	M	1936	16124	Place-18
SMITH	Jacob	-----	M	1936	16125	Place-18
SMITH	Jacob	-----	M	1936	16126	Place-14
SMITH	Suzanne	-----	F	1936	16127	Place-29
SMITH	Sarah	-----	F	1936	16128	Place-28
SMITH	Susan	-----	F	1936	16129	Place-29
SMITH	Joseph	-----	M	1936	16130	Place-27
SMITH	Sharon	-----	F	1936	16131	Place-14
SMITH	Susan	-----	F	1936	16132	Place-0
SMITH	Jim	-----	M	1936	16133	Place-22
SMITH	Selina	-----	F	1936	16134	Place-22
SMITH	Sarah	-----	F	1937	16167	Place-22
SMITH	Joseph	-----	M	1937	16168	Place-0
SMITH	Susan	-----	F	1937	16169	Place-13
SMITH	Joseph	-----	M	1937	16170	Place-24
SMITH	Susan	-----	F	1937	16171	Place-19
SMITH	Paulo	-----	M	1937	16172	Place-0
SMITH	Sharon	-----	F	1937	16173	Place-28
SMITH	Jenkins	-----	M	1937	16174	Place-24
SMITH	Jim	-----	M	1937	16175	Place-0
SMITH	Paulo	-----	M	1937	16176	Place-24
SMITH	Seonaid	-----	F	1937	16177	Place-13
SMITH	Jacob	-----	M	1937	16178	Place-16
SMITH	James	-----	M	1937	16179	Place-12
SMITH	Sharon	-----	F	1937	16180	Place-14
SMITH	Jacob	-----	M	1937	16181	Place-7
SMITH	Bob	-----	M	1937	16182	Place-28
SMITH	Bob	-----	M	1937	16183	Place-19
SMITH	Susan	-----	F	1937	16184	Place-15
SMITH	Sharon	-----	F	1937	16185	Place-15
SMITH	Sheila	-----	F	1937	16186	Place-8
SMITH	James	-----	M	1937	16187	Place-0
SMITH	Suzanne	-----	F	1937	16188	Place-3
SMITH	Suzanne	-----	F	1937	16189	Place-16
SMITH	Joseph	-----	M	1937	16190	Place-20
SMITH	Sarah	-----	F	1937	16191	Place-28
SMITH	Sarah	-----	F	1937	16192	Place-25
SMITH	Sheila	-----	F	1937	16193	Place-7
SMITH	Selina	-----	F	1937	16194	Place-21
SMITH	Paulo	-----	M	1937	16195	Place-24
SMITH	Sharon	-----	F	1937	16196	Place-23
SMITH	Sarah	-----	F	1937	16197	Place-10
SMITH	Shawn	-----	M	1937	16198	Place-10
SMITH	Susan	-----	F	1937	16199	Place-7
SMITH	Jim	-----	M	1937	16200	Place-26
SMITH	Susan	-----	F	1937	16201	Place-15
SMITH	Joseph	-----	M	1937	16202	Place-13
SMITH	Seonaid	-----	F	1937	16203	Place-16
SMITH	Sheila	-----	F	1937	16204	Place-22
SMITH	Bob	-----	M	1937	16205	Place-20
SMITH	Bob	-----	M	1937	16206	Place-14
SMITH	Jacob	-----	M	1937	16207	Place-27
SMITH	Shawn	-----	M	1937	16208	Place-14
SMITH	Bob	-----	M	1937	16209	Place-0
SMITH	Paulo	-----	M	1937	16210	Place-3
SMITH	Seonaid	-----	F	1937	16211	Place-9
SMITH	Suzanne	-----	F	1937	16212	Place-4
SMITH	Seonaid	-----	F	1937	16213	Place-7
SMITH	Joseph	-----	M	1937	16214	Place-27
SMITH	Selina	-----	F	1937	16215	Place-29
SMITH	Jenkins	-----	M	1937	16216	Place-14
SMITH	Jim	-----	M	1937	16217	Place-18
SMITH	Sheila	-----	F	1937	16218	Place-5
SMITH	Joseph	-----	M	1937	16219	Place-9
SMITH	James	-----	M	1937	16220	Place-23
SMITH	Briony	-----	F	1937	16221	Place-16
SMITH	Sharon	-----	F	1937	16222	Place-23
SMITH	Briony	-----	F	1937	16223	Place-4
SMITH	Sheila	-----	F	1937	16224	Place-27
SMITH	James	-----	M	1937	16225	Place-0
SMITH	Jenkins	-----	M	1937	16226	Place-21
SMITH	Jacob	-----	M	1937	16227	Place-19
SMITH	James	-----	M	1937	16228	Place-25
SMITH	Jacob	-----	M	1937	16229	Place-10
SMITH	Sharon	-----	F	1937	16230	Place-19
SMITH	Susan	-----	F	1937	16231	Place-4
SMITH	Briony	-----	F	1937	16232	Place-1
SMITH	Sheila	-----	F	1937	16233	Place-28
SMITH	Paulo	-----	M	1937	16234	Place-11
SMITH	Bob	-----	M	1937	16235	Place-23
SMITH	Selina	-----	F	1937	16236	Place-16
SMITH	Sarah	-----	F	1937	16237	Place-22
SMITH	James	-----	M	1937	16238	Place-3
SMITH	Selina	-----	F	1937	16239	Place-5
SMITH	Selina	-----	F	1937	16240	Place-4
SMITH	Shawn	-----	M	1937	16241	Place-6
SMITH	Susan	-----	F	1937	16242	Place-28
SMITH	James	-----	M	1937	16243	Place-28
SMITH	Jacob	-----	M	1937	16244	Place-20
SMITH	Sharon	-----	F	1937	16245	Place-29
SMITH	Suzanne	-----	F	1937	16246	Place-26
SMITH	Suzanne	-----	F	1937	16247	Place-28
SMITH	Suzanne	-----	F	1937	16248	Place-18
SMITH	Jim	-----	M	1937	16249	Place-18
SMITH	Suzanne	-----	F	1937	16250	Place-12
SMITH	Jenkins	-----	M	1937	16251	Place-8
SMITH	Susan	-----	F	1937	16252	Place-27
SMITH	Suzanne	-----	F	1937	16253	Place-10
SMITH	Jenkins	-----	M	1937	16254	Place-11
SMITH	Jenkins	-----	M	1937	16255	Place-2
SMITH	Jacob	-----	M	1937	16256	Place-0
SMITH	Susan	-----	F	1937	16257	Place-19
SMITH	Shawn	-----	M	1937	16258	Place-16
SMITH	Paulo	-----	M	1937	16259	Place-21
SMITH	Joseph	-----	M	1937	16260	Place-21
SMITH	Joseph	-----	M	1937	16261	Place-0
SMITH	Susan	-----	F	1937	16262	Place-17
SMITH	Briony	-----	F	1937	16263	Place-23
SMITH	Sharon	-----	F	1937	16264	Place-28
SMITH	Selina	-----	F	1937	16265	Place-7
SMITH	Paulo	-----	M	1937	16266	Place-16
SMITH	Sharon	-----	F	1937	16267	Place-15
SMITH	Jim	-----	M	1937	16268	Place-18
SMITH	Sheila	-----	F	1937	16269	Place-21
SMITH	Sharon	-----	F	1937	16270	Place-2
SMITH	Selina	-----	F	1937	16271	Place-17
SMITH	Joseph	-----	M	1937	16272	Place-14
SMITH	Suzanne	-----	F	1937	16273	Place-17
SMITH	James	-----	M	1937	16274	Place-26
SMITH	Jim	-----	M	1937	16275	Place-25
SMITH	Jacob	-----	M	1937	16276	Place-18
SMITH	Jim	-----	M	1937	16277	Place-21
SMITH	Paulo	-----	M	1937	16278	Place-3
SMITH	Briony	-----	F	1937	16279	Place-12
SMITH	Sheila	-----	F	1937	16280	Place-16
SMITH	Jim	-----	M	1937	16281	Place-6
SMITH	Jim	-----	M	1937	16282	Place-11
SMITH	Selina	-----	F	1937	16283	Place-2
SMITH	Jim	-----	M	1937	16284	Place-6
SMITH	Suzanne	-----	F	1937	16285	Place-26
SMITH	Selina	-----	F	1937	16286	Place-18
SMITH	Sharon	-----	F	1937	16287	Place-25
SMITH	Bob	-----	M	1937	16288	Place-3
SMITH	Sharon	-----	F	1937	16289	Place-10
SMITH	Suzanne	-----	F	1937	16290	Place-4
SMITH	Selina	-----	F	1937	16291	Place-28
SMITH	James	-----	M	1937	16292	Place-26
SMITH	Sheila	-----	F	1937	16293	Place-5
SMITH	Sarah	-----	F	1937	16294	Place-28
SMITH	Sheila	-----	F	1937	16295	Place-23
SMITH	Sharon	-----	F	1937	16296	Place-23
SMITH	Joseph	-----	M	1937	16297	Place-8
SMITH	Jenkins	-----	M	1937	16298	Place-3
SMITH	Sharon	-----	F	1937	16299	Place-21
SMITH	Bob	-----	M	1937	16300	Place-6
SMITH	Bob	-----	M	1937	16301	Place-28
SMITH	Suzanne	-----	F	1937	16302	Place-3
SMITH	Susan	-----	F	1937	16303	Place-22
SMITH	Briony	-----	F	1937	16304	Place-14
SMITH	Susan	-----	F	1937	16305	Place-12
SMITH	Sheila	-----	F	1937	16306	Place-11
SMITH	Selina	-----	F	1937	16307	Place-16
SMITH	Jim	-----	M	1937	16308	Place-0
SMITH	Sheila	-----	F	1937	16309	Place-14
SMITH	James	-----	M	1937	16310	Place-3
SMITH	Bob	-----	M	1937	16311	Place-3
SMITH	Shawn	-----	M	1937	16312	Place-2
SMITH	Sarah	-----	F	1937	16313	Place-4
SMITH	Shawn	-----	M	1937	16314	Place-8
SMITH	Sarah	-----	F	1937	16315	Place-4
SMITH	Shawn	-----	M	1937	16316	Place-29
SMITH	Seonaid	-----	F	1937	16317	Place-7
SMITH	James	-----	M	1937	16318	Place-5
SMITH	Susan	-----	F	1937	16319	Place-21
SMITH	Joseph	-----	M	1937	16320	Place-3
SMITH	Suzanne	-----	F	1937	16321	Place-24
SMITH	Sheila	-----	F	1937	16322	Place-10
SMITH	Briony	-----	F	1937	16323	Place-26
SMITH	Seonaid	-----	F	1937	16324	Place-27
SMITH	Shawn	-----	M	1937	16325	Place-7
SMITH	Seonaid	-----	F	1937	16326	Place-4
SMITH	Seonaid	-----	F	1937	16327	Place-25
SMITH	Selina	-----	F	1937	16328	Place-12
SMITH	Jacob	-----	M	1937	16329	Place-27
SMITH	Joseph	-----	M	1937	16330	Place-9
SMITH	Bob	-----	M	1937	16331	Place-23
SMITH	Seonaid	-----	F	1937	16332	Place-21
SMITH	Shawn	-----	M	1937	16333	Place-22
SMITH	Sharon	-----	F	1937	16334	Place-14
SMITH	Paulo	-----	M	1937	16335	Place-14
SMITH	James	-----	M	1937	16336	Place-1
SMITH	Sheila	-----	F	1937	16337	Place-8
SMITH	Selina	-----	F	1937	16338	Place-19
SMITH	James	-----	M	1937	16339	Place-19
SMITH	Susan	-----	F	1937	16340	Place-0
SMITH	Shawn	-----	M	1937	16341	Place-1
SMITH	Selina	-----	F	1937	16342	Place-3
SMITH	Sheila	-----	F	1937	16343	Place-14
SMITH	Sheila	-----	F	1937	16344	Place-2
SMITH	Sarah	-----	F	1937	16345	Place-22
SMITH	James	-----	M	1937	16346	Place-13
SMITH	Sheila	-----	F	1937	16347	Place-21
SMITH	Bob	-----	M	1937	16348	Place-22
SMITH	Joseph	-----	M	1937	16349	Place-22
SMITH	Sheila	-----	F	1937	16350	Place-10
SMITH	Sheila	-----	F	1937	16351	Place-4
SMITH	Suzanne	-----	F	1937	16352	Place-2
SMITH	Jacob	-----	M	1937	16353	Place-3
SMITH	Jacob	-----	M	1937	16354	Place-22
SMITH	Sarah	-----	F	1937	16355	Place-6
SMITH	Jim	-----	M	1937	16356	Place-23
SMITH	Paulo	-----	M	1937	16357	Place-23
SMITH	Suzanne	-----	F	1937	16358	Place-8
SMITH	Sheila	-----	F	1937	16359	Place-15
SMITH	Selina	-----	F	1937	16360	Place-5
SMITH	Sheila	-----	F	1937	16361	Place-4
SMITH	Bob	-----	M	1937	16362	Place-2
SMITH	Paulo	-----	M	1937	16363	Place-26
SMITH	Selina	-----	F	1937	16364	Place-15
SMITH	Suzanne	-----	F	1937	16365	Place-0
SMITH	Paulo	-----	M	1937	16366	Place-14
SMITH	Paulo	-----	M	1937	16367	Place-19
SMITH	Jim	-----	M	1937	16368	Place-12
SMITH	Shawn	-----	M	1937	16369	Place-14
SMITH	Shawn	-----	M	1937	16370	Place-8
SMITH	Shawn	-----	M	1937	16371	Place-18
SMITH	Bob	-----	M	1937	16372	Place-19
SMITH	Briony	-----	F	1937	16373	Place-26
SMITH	Briony	-----	F	1937	16374	Place-18
SMITH	Sarah	-----	F	1937	16375	Place-20
SMITH	Jim	-----	M	1937	16376	Place-5
SMITH	Briony	-----	F	1937	16377	Place-23
SMITH	Sharon	-----	F	1937	16378	Place-20
SMITH	Shawn	-----	M	1937	16379	Place-13
SMITH	Suzanne	-----	F	1937	16380	Place-28
SMITH	Jacob	-----	M	1937	16381	Place-28
SMITH	Susan	-----	F	1937	16382	Place-10
SMITH	Jim	-----	M	1937	16383	Place-28
SMITH	Selina	-----	F	1937	16384	Place-0
SMITH	Shawn	-----	M	1937	16385	Place-18
SMITH	Jim	-----	M	1937	16386	Place-22
SMITH	Seonaid	-----	F	1937	16387	Place-21
SMITH	Shawn	-----	M	1937	16388	Place-20
SMITH	Sharon	-----	F	1937	16389	Place-6
SMITH	Shawn	-----	M	1937	16390	Place-16
SMITH	Jacob	-----	M	1937	16391	Place-23
SMITH	Jim	-----	M	1937	16392	Place-25
SMITH	Sheila	-----	F	1937	16393	Place-6
SMITH	Suzanne	-----	F	1937	16394	Place-12
SMITH	Jim	-----	M	1937	16395	Place-14
SMITH	Suzanne	-----	F	1937	16396	Place-2
SMITH	Jenkins	-----	M	1937	16397	Place-14
SMITH	Seonaid	-----	F	1937	16398	Place-27
SMITH	Suzanne	-----	F	1937	16399	Place-8
SMITH	Jacob	-----	M	1937	16400	Place-16
SMITH	Jim	-----	M	1937	16401	Place-10
SMITH	Shawn	-----	M	1937	16402	Place-4
SMITH	Briony	-----	F	1937	16403	Place-5
SMITH	Sarah	-----	F	1937	16404	Place-17
SMITH	Bob	-----	M	1937	16405	Place-0
SMITH	Sarah	-----	F	1937	16406	Place-6
SMITH	James	-----	M	1937	16407	Place-4
SMITH	James	-----	M	1937	16408	Place-15
SMITH	Paulo	-----	M	1937	16409	Place-13
SMITH	Shawn	-----	M	1937	16410	Place-18
SMITH	Shawn	-----	M	1937	16411	Place-28
SMITH	Sharon	-----	F	1937	16412	Place-26
SMITH	Sheila	-----	F	1937	16413	Place-16
SMITH	Bob	-----	M	1937	16414	Place-25
SMITH	Sharon	-----	F	1937	16415	Place-28
SMITH	Shawn	-----	M	1937	16416	Place-13
SMITH	Paulo	-----	M	1937	16417	Place-0
SMITH	Jim	-----	M	1937	16418	Place-28
SMITH	Susan	-----	F	1937	16419	Place-13
SMITH	Paulo	-----	M	1937	16420	Place-21
SMITH	Shawn	-----	M	1937	16421	Place-22
SMITH	Jacob	-----	M	1937	16422	Place-12
SMITH	Shawn	-----	M	1937	16423	Place-22
SMITH	Susan	-----	F	1938	16456	Place-16
SMITH	Paulo	-----	M	1938	16457	Place-15
SMITH	Sharon	-----	F	1938	16458	Place-8
SMITH	Jenkins	-----	M	1938	16459	Place-7
SMITH	Seonaid	-----	F	1938	16460	Place-5
SMITH	Sharon	-----	F	1938	16461	Place-3
SMITH	Sarah	-----	F	1938	16462	Place-24
SMITH	Paulo	-----	M	1938	16463	Place-17
SMITH	Sharon	-----	F	1938	16464	Place-22
SMITH	Jacob	-----	M	1938	16465	Place-10
SMITH	Selina	-----	F	1938	16466	Place-11
SMITH	Sarah	-----	F	1938	16467	Place-14
SMITH	Bob	-----	M	1938	16468	Place-27
SMITH	Seonaid	-----	F	1938	16469	Place-7
SMITH	Seonaid	-----	F	1938	16470	Place-23
SMITH	Briony	-----	F	1938	16471	Place-0
SMITH	Sarah	-----	F	1938	16472	Place-28
SMITH	Susan	-----	F	1938	16473	Place-27
SMITH	Sheila	-----	F	1938	16474	Place-7
SMITH	Jim	-----	M	1938	16475	Place-24
SMITH	James	-----	M	1938	16476	Place-26
SMITH	Sheila	-----	F	1938	16477	Place-12
SMITH	Paulo	-----	M	1938	16478	Place-20
SMITH	Briony	-----	F	1938	16479	Place-1
SMITH	Jacob	-----	M	1938	16480	Place-16
SMITH	Susan	-----	F	1938	16481	Place-9
SMITH	James	-----	M	1938	16482	Place-0
SMITH	Jenkins	-----	M	1938	16483	Place-2
SMITH	Selina	-----	F	1938	16484	Place-21
SMITH	Suzanne	-----	F	1938	16485	Place-19
SMITH	Jenkins	-----	M	1938	16486	Place-11
SMITH	Paulo	-----	M	1938	16487	Place-11
SMITH	Seonaid	-----	F	1938	16488	Place-24
SMITH	Joseph	-----	M	1938	16489	Place-13
SMITH	Sheila	-----	F	1938	16490	Place-0
SMITH	Selina	-----	F	1938	16491	Place-10
SMITH	Sharon	-----	F	1938	16492	Place-20
SMITH	Jim	-----	M	1938	16493	Place-19
SMITH	Suzanne	-----	F	1938	16494	Place-22
SMITH	Seonaid	-----	F	1938	16495	Place-29
SMITH	Jacob	-----	M	1938	16496	Place-8
SMITH	James	-----	M	1938	16497	Place-12
SMITH	Selina	-----	F	1938	16498	Place-28
SMITH	Briony	-----	F	1938	16499	Place-25
SMITH	James	-----	M	1938	16500	Place-21
SMITH	Jenkins	-----	M	1938	16501	Place-20
SMITH	Paulo	-----	M	1938	16502	Place-25
SMITH	Shawn	-----	M	1938	16503	Place-9
SMITH	Selina	-----	F	1938	16504	Place-27
SMITH	Shawn	-----	M	1938	16505	Place-0
SMITH	Suzanne	-----	F	1938	16506	Place-26
SMITH	Sheila	-----	F	1938	16507	Place-4
SMITH	Seonaid	-----	F	1938	16508	Place-20
SMITH	Suzanne	-----	F	1938	16509	Place-2
SMITH	Joseph	-----	M	1938	16510	Place-2
SMITH	Seonaid	-----	F	1938	16511	Place-28
SMITH	Susan	-----	F	1938	16512	Place-1
SMITH	Jenkins	-----	M	1938	16513	Place-21
SMITH	Suzanne	-----	F	1938	16514	Place-11
SMITH	Joseph	-----	M	1938	16515	Place-9
SMITH	Bob	-----	M	1938	16516	Place-7
SMITH	Sheila	-----	F	1938	16517	Place-6
SMITH	Jacob	-----	M	1938	16518	Place-10
SMITH	Sheila	-----	F	1938	16519	Place-6
SMITH	Seonaid	-----	F	1938	16520	Place-4
SMITH	Briony	-----	F	1938	16521	Place-11
SMITH	Bob	-----	M	1938	16522	Place-17
SMITH	Sarah	-----	F	1938	16523	Place-24
SMITH	Briony	-----	F	1938	16524	Place-0
SMITH	Sheila	-----	F	1938	16525	Place-3
SMITH	Jenkins	-----	M	1938	16526	Place-3
SMITH	Sarah	-----	F	1938	16527	Place-27
SMITH	Sharon	-----	F	1938	16528	Place-20
SMITH	Paulo	-----	M	1938	16529	Place-27
SMITH	Seonaid	-----	F	1938	16530	Place-26
SMITH	Jacob	-----	M	1938	16531	Place-16
SMITH	Sheila	-----	F	1938	16532	Place-28
SMITH	Paulo	-----	M	1938	16533	Place-1
SMITH	Sheila	-----	F	1938	16534	Place-17
SMITH	Shawn	-----	M	1938	16535	Place-15
SMITH	Paulo	-----	M	1938	16536	Place-23
SMITH	Suzanne	-----	F	1938	16537	Place-28
SMITH	Jacob	-----	M	1938	16538	Place-10
SMITH	Briony	-----	F	1938	16539	Place-2
SMITH	Jenkins	-----	M	1938	16540	Place-20
SMITH	Jacob	-----	M	1938	16541	Place-9
SMITH	Bob	-----	M	1938	16542	Place-1
SMITH	Paulo	-----	M	1938	16543	Place-28
SMITH	Joseph	-----	M	1938	16544	Place-6
SMITH	Bob	-----	M	1938	16545	Place-5
SMITH	Jacob	-----	M	1938	16546	Place-8
SMITH	Susan	-----	F	1938	16547	Place-7
SMITH	Seonaid	-----	F	1938	16548	Place-6
SMITH	Joseph	-----	M	1938	16549	Place-4
SMITH	Sharon	-----	F	1938	16550	Place-29
SMITH	Jacob	-----	M	1938	16551	Place-22
SMITH	James	-----	M	1938	16552	Place-23
SMITH	Joseph	-----	M	1938	16553	Place-1
SMITH	Seonaid	-----	F	1938	16554	Place-8
SMITH	Jacob	-----	M	1938	16555	Place-10
SMITH	Jenkins	-----	M	1938	16556	Place-2
SMITH	Jenkins	-----	M	1938	16557	Place-18
SMITH	Sheila	-----	F	1938	16558	Place-25
SMITH	Paulo	-----	M	1938	16559	Place-24
SMITH	Shawn	-----	M	1938	16560	Place-16
SMITH	James	-----	M	1938	16561	Place-10
SMITH	Joseph	-----	M	1938	16562	Place-12
SMITH	Jacob	-----	M	1938	16563	Place-3
SMITH	Sheila	-----	F	1938	16564	Place-7
SMITH	Sarah	-----	F	1938	16565	Place-18
SMITH	Shawn	-----	M	1938	16566	Place-14
SMITH	Seonaid	-----	F	1938	16567	Place-26
SMITH	Sarah	-----	F	1938	16568	Place-5
SMITH	Shawn	-----	M	1938	16569	Place-21
SMITH	Bob	-----	M	1938	16570	Place-13
SMITH	Joseph	-----	M	1938	16571	Place-18
SMITH	Jacob	-----	M	1938	16572	Place-4
SMITH	Jenkins	-----	M	1938	16573	Place-25
SMITH	Bob	-----	M	1938	16574	Place-4
SMITH	James	-----	M	1938	16575	Place-23
SMITH	Sheila	-----	F	1938	16576	Place-6
SMITH	Suzanne	-----	F	1938	16577	Place-11
SMITH	Sharon	-----	F	1938	16578	Place-14
SMITH	Sheila	-----	F	1938	16579	Place-7
SMITH	Selina	-----	F	1938	16580	Place-29
SMITH	Joseph	-----	M	1938	16581	Place-13
SMITH	Jenkins	-----	M	1938	16582	Place-20
SMITH	Jim	-----	M	1938	16583	Place-4
SMITH	Joseph	-----	M	1938	16584	Place-29
SMITH	Jenkins	-----	M	1938	16585	Place-16
SMITH	Sheila	-----	F	1938	16586	Place-3
SMITH	Joseph	-----	M	1938	16587	Place-5
SMITH	Briony	-----	F	1938	16588	Place-3
SMITH	Bob	-----	M	1938	16589	Place-12
SMITH	Selina	-----	F	1938	16590	Place-6
SMITH	Jim	-----	M	1938	16591	Place-25
SMITH	Jenkins	-----	M	1938	16592	Place-15
SMITH	Bob	-----	M	1938	16593	Place-9
SMITH	Joseph	-----	M	1938	16594	Place-14
SMITH	Susan	-----	F	1938	16595	Place-23
SMITH	Jim	-----	M	1938	16596	Place-3
SMITH	Susan	-----	F	1938	16597	Place-23
SMITH	Selina	-----	F	1938	16598	Place-5
SMITH	James	-----	M	1938	16599	Place-22
SMITH	Seonaid	-----	F	1938	16600	Place-21
SMITH	Jacob	-----	M	1938	16601	Place-24
SMITH	Susan	-----	F	1938	16602	Place-20
SMITH	Suzanne	-----	F	1938	16603	Place-15
SMITH	Sarah	-----	F	1938	16604	Place-21
SMITH	Suzanne	-----	F	1938	16605	Place-1
SMITH	Paulo	-----	M	1938	16606	Place-14
SMITH	Sharon	-----	F	1938	16607	Place-28
SMITH	Joseph	-----	M	1938	16608	Place-27
SMITH	Briony	-----	F	1938	16609	Place-13
SMITH	Briony	-----	F	1938	16610	Place-27
SMITH	Seonaid	-----	F	1938	16611	Place-8
SMITH	Sheila	-----	F	1938	16612	Place-19
SMITH	Seonaid	-----	F	1938	16613	Place-7
SMITH	Bob	-----	M	1938	16614	Place-12
SMITH	Bob	-----	M	1938	16615	Place-22
SMITH	Selina	-----	F	1938	16616	Place-0
SMITH	Shawn	-----	M	1938	16617	Place-12
SMITH	Seonaid	-----	F	1938	16618	Place-4
SMITH	Bob	-----	M	1938	16619	Place-19
SMITH	Sharon	-----	F	1938	16620	Place-25
SMITH	Selina	-----	F	1938	16621	Place-4
SMITH	Susan	-----	F	1938	16622	Place-24
SMITH	Susan	-----	F	1938	16623	Place-24
SMITH	Seonaid	-----	F	1938	16624	Place-24
SMITH	Jacob	-----	M	1938	16625	Place-27
SMITH	Bob	-----	M	1938	16626	Place-10
SMITH	Susan	-----	F	1938	16627	Place-4
SMITH	James	-----	M	1938	16628	Place-19
SMITH	Selina	-----	F	1938	16629	Place-22
SMITH	Paulo	-----	M	1938	16630	Place-19
SMITH	Paulo	-----	M	1938	16631	Place-20
SMITH	Jenkins	-----	M	1938	16632	Place-17
SMITH	Susan	-----	F	1938	16633	Place-23
SMITH	Jim	-----	M	1938	16634	Place-19
SMITH	Selina	-----	F	1938	16635	Place-9
SMITH	Bob	-----	M	1938	16636	Place-18
SMITH	Susan	-----	F	1938	16637	Place-29
SMITH	Paulo	-----	M	1938	16638	Place-24
SMITH	Bob	-----	M	1938	16639	Place-7
SMITH	Paulo	-----	M	1938	16640	Place-24
SMITH	Sheila	-----	F	1938	16641	Place-8
SMITH	Sarah	-----	F	1938	16642	Place-17
SMITH	Bob	-----	M	1938	16643	Place-15
SMITH	Sarah	-----	F	1938	16644	Place-24
SMITH	Sheila	-----	F	1938	16645	Place-8
SMITH	Jim	-----	M	1938	16646	Place-15
SMITH	Suzanne	-----	F	1938	16647	Place-16
SMITH	James	-----	M	1938	16648	Place-17
SMITH	Jacob	-----	M	1938	16649	Place-28
SMITH	Bob	-----	M	1938	16650	Place-13
SMITH	Sheila	-----	F	1938	16651	Place-8
SMITH	Paulo	-----	M	1938	16652	Place-24
SMITH	Jim	-----	M	1938	16653	Place-18
SMITH	Jim	-----	M	1938	16654	Place-29
SMITH	Jenkins	-----	M	1938	16655	Place-8
SMITH	Jenkins	-----	M	1938	16656	Place-26
SMITH	Suzanne	-----	F	1938	16657	Place-29
SMITH	Susan	-----	F	1938	16658	Place-14
SMITH	Sarah	-----	F	1938	16659	Place-12
SMITH	Bob	-----	M	1938	16660	Place-9
SMITH	Shawn	-----	M	1938	16661	Place-16
SMITH	Shawn	-----	M	1938	16662	Place-20
SMITH	Paulo	-----	M	1938	16663	Place-13
SMITH	Jacob	-----	M	1938	16664	Place-13
SMITH	Jacob	-----	M	1938	16665	Place-14
SMITH	Sheila	-----	F	1938	16666	Place-22
SMITH	Paulo	-----	M	1938	16667	Place-14
SMITH	Shawn	-----	M	1938	16668	Place-3
SMITH	Jenkins	-----	M	1938	16669	Place-15
SMITH	Briony	-----	F	1938	16670	Place-7
SMITH	Briony	-----	F	1938	16671	Place-1
SMITH	Susan	-----	F	1938	16672	Place-0
SMITH	Joseph	-----	M	1938	16673	Place-26
SMITH	Suzanne	-----	F	1938	16674	Place-13
SMITH	Suzanne	-----	F	1938	16675	Place-21
SMITH	Sheila	-----	F	1938	16676	Place-16
SMITH	Bob	-----	M	1938	16677	Place-4
SMITH	James	-----	M	1938	16678	Place-16
SMITH	Paulo	-----	M	1938	16679	Place-15
SMITH	Sheila	-----	F	1938	16680	Place-9
SMITH	Seonaid	-----	F	1938	16681	Place-21
SMITH	Paulo	-----	M	1938	16682	Place-5
SMITH	Selina	-----	F	1938	16683	Place-17
SMITH	Jim	-----	M	1938	16684	Place-19
SMITH	Selina	-----	F	1939	16728	Place-20
SMITH	Sheila	-----	F	1939	16729	Place-15
SMITH	Sarah	-----	F	1939	16730	Place-24
SMITH	Paulo	-----	M	1939	16731	Place-28
SMITH	Sarah	-----	F	1939	16732	Place-18
SMITH	Jim	-----	M	1939	16733	Place-16
SMITH	Paulo	-----	M	1939	16734	Place-24
SMITH	Paulo	-----	M	1939	16735	Place-24
SMITH	James	-----	M	1939	16736	Place-17
SMITH	Briony	-----	F	1939	16737	Place-17
SMITH	Joseph	-----	M	1939	16738	Place-12
SMITH	Sharon	-----	F	1939	16739	Place-26
SMITH	Sheila	-----	F	1939	16740	Place-11
SMITH	Susan	-----	F	1939	16741	Place-15
SMITH	Joseph	-----	M	1939	16742	Place-6
SMITH	James	-----	M	1939	16743	Place-16
SMITH	Paulo	-----	M	1939	16744	Place-7
SMITH	Jenkins	-----	M	1939	16745	Place-0
SMITH	Briony	-----	F	1939	16746	Place-25
SMITH	Joseph	-----	M	1939	16747	Place-17
SMITH	Shawn	-----	M	1939	16748	Place-10
SMITH	Bob	-----	M	1939	16749	Place-16
SMITH	Sheila	-----	F	1939	16750	Place-13
SMITH	Suzanne	-----	F	1939	16751	Place-21
SMITH	Briony	-----	F	1939	16752	Place-9
SMITH	Jim	-----	M	1939	16753	Place-2
SMITH	Sarah	-----	F	1939	16754	Place-11
SMITH	Briony	-----	F	1939	16755	Place-28
SMITH	Jim	-----	M	1939	16756	Place-29
SMITH	James	-----	M	1939	16757	Place-26
SMITH	Jim	-----	M	1939	16758	Place-6
SMITH	Seonaid	-----	F	1939	16759	Place-11
SMITH	Shawn	-----	M	1939	16760	Place-1
SMITH	Seonaid	-----	F	1939	16761	Place-21
SMITH	Jenkins	-----	M	1939	16762	Place-13
SMITH	Paulo	-----	M	1939	16763	Place-7
SMITH	Sharon	-----	F	1939	16764	Place-23
SMITH	James	-----	M	1939	16765	Place-17
SMITH	Jenkins	-----	M	1939	16766	Place-24
SMITH	Bob	-----	M	1939	16767	Place-6
SMITH	Bob	-----	M	1939	16768	Place-16
SMITH	Seonaid	-----	F	1939	16769	Place-9
SMITH	Sharon	-----	F	1939	16770	Place-27
SMITH	Sheila	-----	F	1939	16771	Place-20
SMITH	Sarah	-----	F	1939	16772	Place-3
SMITH	James	-----	M	1939	16773	Place-12
SMITH	Seonaid	-----	F	1939	16774	Place-17
SMITH	Sharon	-----	F	1939	16775	Place-14
SMITH	Sheila	-----	F	1939	16776	Place-3
SMITH	Shawn	-----	M	1939	16777	Place-5
SMITH	Sheila	-----	F	1939	16778	Place-8
SMITH	Sheila	-----	F	1939	16779	Place-9
SMITH	Briony	-----	F	1939	16780	Place-10
SMITH	Joseph	-----	M	1939	16781	Place-9
SMITH	Paulo	-----	M	1939	16782	Place-4
SMITH	Bob	-----	M	1939	16783	Place-0
SMITH	Seonaid	-----	F	1939	16784	Place-19
SMITH	Sheila	-----	F	1939	16785	Place-4
SMITH	Jenkins	-----	M	1939	16786	Place-19
SMITH	James	-----	M	1939	16787	Place-27
SMITH	Jenkins	-----	M	1939	16788	Place-0
SMITH	Selina	-----	F	1939	16789	Place-14
SMITH	Jim	-----	M	1939	16790	Place-19
SMITH	Paulo	-----	M	1939	16791	Place-0
SMITH	Joseph	-----	M	1939	16792	Place-21
SMITH	Paulo	-----	M	1939	16793	Place-26
SMITH	Sheila	-----	F	1939	16794	Place-2
SMITH	Sheila	-----	F	1939	16795	Place-14
SMITH	James	-----	M	1939	16796	Place-26
SMITH	Bob	-----	M	1939	16797	Place-8
SMITH	James	-----	M	1939	16798	Place-21
SMITH	Susan	-----	F	1939	16799	Place-15
SMITH	Sharon	-----	F	1939	16800	Place-20
SMITH	Jenkins	-----	M	1939	16801	Place-3
SMITH	Bob	-----	M	1939	16802	Place-26
SMITH	Joseph	-----	M	1939	16803	Place-10
SMITH	Briony	-----	F	1939	16804	Place-27
SMITH	Joseph	-----	M	1939	16805	Place-21
SMITH	Jacob	-----	M	1939	16806	Place-10
SMITH	Jacob	-----	M	1939	16807	Place-13
SMITH	Jenkins	-----	M	1939	16808	Place-29
SMITH	Suzanne	-----	F	1939	16809	Place-15
SMITH	Sarah	-----	F	1939	16810	Place-25
SMITH	Paulo	-----	M	1939	16811	Place-9
SMITH	Jacob	-----	M	1939	16812	Place-8
SMITH	Sharon	-----	F	1939	16813	Place-0
SMITH	Paulo	-----	M	1939	16814	Place-15
SMITH	Selina	-----	F	1939	16815	Place-0
SMITH	Seonaid	-----	F	1939	16816	Place-20
SMITH	Paulo	-----	M	1939	16817	Place-26
SMITH	James	-----	M	1939	16818	Place-27
SMITH	James	-----	M	1939	16819	Place-16
SMITH	Paulo	-----	M	1939	16820	Place-20
SMITH	Sarah	-----	F	1939	16821	Place-0
SMITH	Selina	-----	F	1939	16822	Place-26
SMITH	Susan	-----	F	1939	16823	Place-4
SMITH	Briony	-----	F	1939	16824	Place-23
SMITH	Bob	-----	M	1939	16825	Place-20
SMITH	Sharon	-----	F	1939	16826	Place-28
SMITH	James	-----	M	1939	16827	Place-7
SMITH	Sarah	-----	F	1939	16828	Place-27
SMITH	Jacob	-----	M	1939	16829	Place-17
SMITH	Bob	-----	M	1939	16830	Place-10
SMITH	Jenkins	-----	M	1939	16831	Place-22
SMITH	Paulo	-----	M	1939	16832	Place-21
SMITH	Sheila	-----	F	1939	16833	Place-7
SMITH	Briony	-----	F	1939	16834	Place-6
SMITH	Shawn	-----	M	1939	16835	Place-28
SMITH	Shawn	-----	M	1939	16836	Place-18
SMITH	Seonaid	-----	F	1939	16837	Place-1
SMITH	Sarah	-----	F	1939	16838	Place-6
SMITH	Seonaid	-----	F	1939	16839	Place-17
SMITH	Bob	-----	M	1939	16840	Place-12
SMITH	Suzanne	-----	F	1939	16841	Place-29
SMITH	Paulo	-----	M	1939	16842	Place-4
SMITH	Briony	-----	F	1939	16843	Place-2
SMITH	Jenkins	-----	M	1939	16844	Place-4
SMITH	Sarah	-----	F	1939	16845	Place-28
SMITH	Jacob	-----	M	1939	16846	Place-18
SMITH	Bob	-----	M	1939	16847	Place-0
SMITH	Susan	-----	F	1939	16848	Place-1
SMITH	Paulo	-----	M	1939	16849	Place-22
SMITH	Sarah	-----	F	1939	16850	Place-19
SMITH	Bob	-----	M	1939	16851	Place-2
SMITH	Joseph	-----	M	1939	16852	Place-10
SMITH	Jenkins	-----	M	1939	16853	Place-0
SMITH	Suzanne	-----	F	1939	16854	Place-7
SMITH	Suzanne	-----	F	1939	16855	Place-16
SMITH	Jacob	-----	M	1939	16856	Place-15
SMITH	Jim	-----	M	1939	16857	Place-3
SMITH	Briony	-----	F	1939	16858	Place-29
SMITH	Paulo	-----	M	1939	16859	Place-17
SMITH	Bob	-----	M	1939	16860	Place-26
SMITH	Jacob	-----	M	1939	16861	Place-16
SMITH	Selina	-----	F	1939	16862	Place-18
SMITH	Paulo	-----	M	1939	16863	Place-18
SMITH	Seonaid	-----	F	1939	16864	Place-2
SMITH	Jim	-----	M	1939	16865	Place-17
SMITH	Selina	-----	F	1939	16866	Place-28
SMITH	Sharon	-----	F	1939	16867	Place-25
SMITH	Jim	-----	M	1939	16868	Place-12
SMITH	Suzanne	-----	F	1939	16869	Place-1
SMITH	Sharon	-----	F	1939	16870	Place-16
SMITH	Suzanne	-----	F	1939	16871	Place-7
SMITH	Paulo	-----	M	1939	16872	Place-7
SMITH	Briony	-----	F	1939	16873	Place-27
SMITH	Briony	-----	F	1939	16874	Place-8
SMITH	Selina	-----	F	1939	16875	Place-12
SMITH	Briony	-----	F	1939	16876	Place-5
SMITH	Paulo	-----	M	1939	16877	Place-4
SMITH	Selina	-----	F	1939	16878	Place-25
SMITH	Paulo	-----	M	1939	16879	Place-12
SMITH	Sarah	-----	F	1939	16880	Place-19
SMITH	Jim	-----	M	1939	16881	Place-6
SMITH	Sheila	-----	F	1939	16882	Place-3
SMITH	Jacob	-----	M	1939	16883	Place-15
SMITH	James	-----	M	1939	16884	Place-2
SMITH	Susan	-----	F	1939	16885	Place-23
SMITH	Jacob	-----	M	1939	16886	Place-29
SMITH	Jim	-----	M	1939	16887	Place-0
SMITH	Seonaid	-----	F	1939	16888	Place-5
SMITH	Jim	-----	M	1939	16889	Place-11
SMITH	Bob	-----	M	1939	16890	Place-15
SMITH	Briony	-----	F	1939	16891	Place-20
SMITH	James	-----	M	1939	16892	Place-14
SMITH	Jacob	-----	M	1939	16893	Place-18
SMITH	Sarah	-----	F	1939	16894	Place-25
SMITH	Jacob	-----	M	1939	16895	Place-14
SMITH	Paulo	-----	M	1939	16896	Place-3
SMITH	Joseph	-----	M	1939	16897	Place-23
SMITH	Shawn	-----	M	1939	16898	Place-22
SMITH	Jim	-----	M	1939	16899	Place-17
SMITH	Jacob	-----	M	1939	16900	Place-20
SMITH	Sarah	-----	F	1939	16901	Place-12
SMITH	Shawn	-----	M	1939	16902	Place-19
SMITH	Jacob	-----	M	1939	16903	Place-27
SMITH	Selina	-----	F	1939	16904	Place-8
SMITH	Bob	-----	M	1939	16905	Place-1
SMITH	Paulo	-----	M	1939	16906	Place-22
SMITH	Briony	-----	F	1939	16907	Place-29
SMITH	Selina	-----	F	1939	16908	Place-1
SMITH	James	-----	M	1939	16909	Place-19
SMITH	Briony	-----	F	1939	16910	Place-3
SMITH	Susan	-----	F	1939	16911	Place-3
SMITH	Paulo	-----	M	1939	16912	Place-6
SMITH	James	-----	M	1939	16913	Place-0
SMITH	Seonaid	-----	F	1939	16914	Place-14
SMITH	Susan	-----	F	1939	16915	Place-13
SMITH	Briony	-----	F	1939	16916	Place-17
SMITH	Sharon	-----	F	1939	16917	Place-15
SMITH	Bob	-----	M	1939	16918	Place-18
SMITH	Briony	-----	F	1939	16919	Place-17
SMITH	Sarah	-----	F	1939	16920	Place-3
SMITH	Suzanne	-----	F	1939	16921	Place-10
SMITH	Joseph	-----	M	1939	16922	Place-26
SMITH	Shawn	-----	M	1939	16923	Place-20
SMITH	Sarah	-----	F	1939	16924	Place-29
SMITH	Paulo	-----	M	1939	16925	Place-14
SMITH	Briony	-----	F	1939	16926	Place-9
SMITH	Sarah	-----	F	1939	16927	Place-2
SMITH	Suzanne	-----	F	1939	16928	Place-1
SMITH	Sharon	-----	F	1939	16929	Place-20
SMITH	Suzanne	-----	F	1939	16930	Place-9
SMITH	Sharon	-----	F	1939	16931	Place-28
SMITH	Paulo	-----	M	1939	16932	Place-1
SMITH	Sheila	-----	F	1939	16933	Place-14
SMITH	Sheila	-----	F	1939	16934	Place-7
SMITH	Sharon	-----	F	1939	16935	Place-17
SMITH	Joseph	-----	M	1939	16936	Place-9
SMITH	Sarah	-----	F	1939	16937	Place-21
SMITH	James	-----	M	1939	16938	Place-13
SMITH	Bob	-----	M	1939	16939	Place-20
SMITH	Jenkins	-----	M	1939	16940	Place-0
SMITH	James	-----	M	1939	16941	Place-5
SMITH	Sarah	-----	F	1939	16942	Place-29
SMITH	Seonaid	-----	F	1939	16943	Place-17
SMITH	Jacob	-----	M	1939	16944	Place-13
SMITH	Seonaid	-----	F	1939	16945	Place-13
SMITH	Jenkins	-----	M	1939	16946	Place-4
SMITH	Selina	-----	F	1939	16947	Place-17
SMITH	Jacob	-----	M	1939	16948	Place-26
SMITH	Jacob	-----	M	1939	16949	Place-8
SMITH	Bob	-----	M	1939	16950	Place-13
SMITH	Briony	-----	F	1939	16951	Place-12
SMITH	Susan	-----	F	1939	16952	Place-18
SMITH	Sharon	-----	F	1939	16953	Place-21
SMITH	Suzanne	-----	F	1939	16954	Place-28
SMITH	Paulo	-----	M	1939	16955	Place-8
SMITH	Susan	-----	F	1939	16956	Place-0
SMITH	Jenkins	-----	M	1939	16957	Place-13
SMITH	Sheila	-----	F	1939	16958	Place-22
SMITH	Joseph	-----	M	1939	16959	Place-3
SMITH	Jenkins	-----	M	1939	16960	Place-0
SMITH	Jim	-----	M	1939	16961	Place-13
SMITH	Shawn	-----	M	1939	16962	Place-28
SMITH	Sheila	-----	F	1939	16963	Place-25
SMITH	Sharon	-----	F	1939	16964	Place-3
SMITH	Seonaid	-----	F	1939	16965	Place-11
SMITH	Sheila	-----	F	1939	16966	Place-12
SMITH	Jenkins	-----	M	1939	16967	Place-14
SMITH	Shawn	-----	M	1939	16968	Place-9
SMITH	Sarah	-----	F	1939	16969	Place-23
SMITH	Seonaid	-----	F	1939	16970	Place-3
SMITH	Susan	-----	F	1940	17006	Place-8
SMITH	Briony	-----	F	1940	17007	Place-17
SMITH	Jenkins	-----	M	1940	17008	Place-13
SMITH	Sheila	-----	F	1940	17009	Place-2
SMITH	Jim	-----	M	1940	17010	Place-26
SMITH	Selina	-----	F	1940	17011	Place-4
SMITH	Jim	-----	M	1940	17012	Place-16
SMITH	Sharon	-----	F	1940	17013	Place-15
SMITH	Paulo	-----	M	1940	17014	Place-5
SMITH	Jacob	-----	M	1940	17015	Place-3
SMITH	Bob	-----	M	1940	17016	Place-1
SMITH	Briony	-----	F	1940	17017	Place-5
SMITH	Paulo	-----	M	1940	17018	Place-16
SMITH	Sheila	-----	F	1940	17019	Place-6
SMITH	Joseph	-----	M	1940	17020	Place-29
SMITH	Selina	-----	F	1940	17021	Place-18
SMITH	Jenkins	-----	M	1940	17022	Place-26
SMITH	Jim	-----	M	1940	17023	Place-25
SMITH	James	-----	M	1940	17024	Place-10
SMITH	Sharon	-----	F	1940	17025	Place-14
SMITH	Jacob	-----	M	1940	17026	Place-5
SMITH	Sharon	-----	F	1940	17027	Place-19
SMITH	Sharon	-----	F	1940	17028	Place-3
SMITH	Paulo	-----	M	1940	17029	Place-22
SMITH	Suzanne	-----	F	1940	17030	Place-21
SMITH	Sharon	-----	F	1940	17031	Place-17
SMITH	Suzanne	-----	F	1940	17032	Place-29
SMITH	Sharon	-----	F	1940	17033	Place-14
SMITH	James	-----	M	1940	17034	Place-24
SMITH	Briony	-----	F	1940	17035	Place-29
SMITH	Briony	-----	F	1940	17036	Place-11
SMITH	Sarah	-----	F	1940	17037	Place-22
SMITH	Sarah	-----	F	1940	17038	Place-18
SMITH	Sarah	-----	F	1940	17039	Place-28
SMITH	Sheila	-----	F	1940	17040	Place-24
SMITH	Jacob	-----	M	1940	17041	Place-28
SMITH	Selina	-----	F	1940	17042	Place-17
SMITH	Bob	-----	M	1940	17043	Place-5
SMITH	Jacob	-----	M	1940	17044	Place-22
SMITH	Shawn	-----	M	1940	17045	Place-18
SMITH	Paulo	-----	M	1940	17046	Place-24
SMITH	Suzanne	-----	F	1940	17047	Place-10
SMITH	James	-----	M	1940	17048	Place-9
SMITH	Sheila	-----	F	1940	17049	Place-19
SMITH	Sarah	-----	F	1940	17050	Place-4
SMITH	Seonaid	-----	F	1940	17051	Place-19
SMITH	Jim	-----	M	1940	17052	Place-18
SMITH	Bob	-----	M	1940	17053	Place-15
SMITH	Bob	-----	M	1940	17054	Place-13
SMITH	Joseph	-----	M	1940	17055	Place-19
SMITH	Sharon	-----	F	1940	17056	Place-11
SMITH	Paulo	-----	M	1940	17057	Place-9
SMITH	Seonaid	-----	F	1940	17058	Place-9
SMITH	Suzanne	-----	F	1940	17059	Place-16
SMITH	Jim	-----	M	1940	17060	Place-21
SMITH	Joseph	-----	M	1940	17061	Place-18
SMITH	Bob	-----	M	1940	17062	Place-13
SMITH	Jenkins	-----	M	1940	17063	Place-15
SMITH	Joseph	-----	M	1940	17064	Place-11
SMITH	Sheila	-----	F	1940	17065	Place-12
SMITH	Selina	-----	F	1940	17066	Place-12
SMITH	Briony	-----	F	1940	17067	Place-3
SMITH	Suzanne	-----	F	1940	17068	Place-21
SMITH	Joseph	-----	M	1940	17069	Place-13
SMITH	Sharon	-----	F	1940	17070	Place-21
SMITH	Seonaid	-----	F	1940	17071	Place-24
SMITH	Jenkins	-----	M	1940	17072	Place-22
SMITH	Jenkins	-----	M	1940	17073	Place-2
SMITH	Paulo	-----	M	1940	17074	Place-7
SMITH	Susan	-----	F	1940	17075	Place-24
SMITH	Sheila	-----	F	1940	17076	Place-28
SMITH	Paulo	-----	M	1940	17077	Place-23
SMITH	Briony	-----	F	1940	17078	Place-20
SMITH	Shawn	-----	M	1940	17079	Place-7
SMITH	Jim	-----	M	1940	17080	Place-19
SMITH	Sharon	-----	F	1940	17081	Place-9
SMITH	Paulo	-----	M	1940	17082	Place-21
SMITH	Sharon	-----	F	1940	17083	Place-25
SMITH	Paulo	-----	M	1940	17084	Place-14
SMITH	Sheila	-----	F	1940	17085	Place-3
SMITH	Seonaid	-----	F	1940	17086	Place-16
SMITH	Briony	-----	F	1940	17087	Place-3
SMITH	Shawn	-----	M	1940	17088	Place-11
SMITH	Joseph	-----	M	1940	17089	Place-22
SMITH	Jacob	-----	M	1940	17090	Place-29
SMITH	Jacob	-----	M	1940	17091	Place-27
SMITH	Susan	-----	F	1940	17092	Place-7
SMITH	Susan	-----	F	1940	17093	Place-0
SMITH	Jacob	-----	M	1940	17094	Place-16
SMITH	Shawn	-----	M	1940	17095	Place-12
SMITH	Jim	-----	M	1940	17096	Place-4
SMITH	Sheila	-----	F	1940	17097	Place-14
SMITH	Jenkins	-----	M	1940	17098	Place-29
SMITH	Selina	-----	F	1940	17099	Place-22
SMITH	Suzanne	-----	F	1940	17100	Place-11
SMITH	Selina	-----	F	1940	17101	Place-25
SMITH	Jenkins	-----	M	1940	17102	Place-0
SMITH	Suzanne	-----	F	1940	17103	Place-16
SMITH	Jacob	-----	M	1940	17104	Place-11
SMITH	Briony	-----	F	1940	17105	Place-13
SMITH	Bob	-----	M	1940	17106	Place-14
SMITH	Sarah	-----	F	1940	17107	Place-0
SMITH	James	-----	M	1940	17108	Place-24
SMITH	Seonaid	-----	F	1940	17109	Place-20
SMITH	Joseph	-----	M	1940	17110	Place-0
SMITH	Sheila	-----	F	1940	17111	Place-28
SMITH	Jacob	-----	M	1940	17112	Place-23
SMITH	Seonaid	-----	F	1940	17113	Place-27
SMITH	Paulo	-----	M	1940	17114	Place-4
SMITH	Bob	-----	M	1940	17115	Place-29
SMITH	Sarah	-----	F	1940	17116	Place-15
SMITH	Jacob	-----	M	1940	17117	Place-15
SMITH	Jim	-----	M	1940	17118	Place-12
SMITH	Susan	-----	F	1940	17119	Place-3
SMITH	Selina	-----	F	1940	17120	Place-8
SMITH	Jenkins	-----	M	1940	17121	Place-11
SMITH	Briony	-----	F	1940	17122	Place-2
SMITH	Bob	-----	M	1940	17123	Place-26
SMITH	Selina	-----	F	1940	17124	Place-8
SMITH	Jenkins	-----	M	1940	17125	Place-29
SMITH	Jim	-----	M	1940	17126	Place-0
SMITH	Sarah	-----	F	1940	17127	Place-14
SMITH	Sheila	-----	F	1940	17128	Place-24
SMITH	Sarah	-----	F	1940	17129	Place-3
SMITH	Sarah	-----	F	1940	17130	Place-28
SMITH	Joseph	-----	M	1940	17131	Place-12
SMITH	Sheila	-----	F	1940	17132	Place-10
SMITH	Sheila	-----	F	1940	17133	Place-7
SMITH	Bob	-----	M	1940	17134	Place-11
SMITH	Shawn	-----	M	1940	17135	Place-3
SMITH	Sheila	-----	F	1940	17136	Place-23
SMITH	Sharon	-----	F	1940	17137	Place-15
SMITH	Suzanne	-----	F	1940	17138	Place-26
SMITH	Sharon	-----	F	1940	17139	Place-9
SMITH	Joseph	-----	M	1940	17140	Place-3
SMITH	Joseph	-----	M	1940	17141	Place-19
SMITH	Jim	-----	M	1940	17142	Place-5
SMITH	Selina	-----	F	1940	17143	Place-2
SMITH	James	-----	M	1940	17144	Place-17
SMITH	Sarah	-----	F	1940	17145	Place-4
SMITH	Sheila	-----	F	1940	17146	Place-2
SMITH	Bob	-----	M	1940	17147	Place-1
SMITH	Jenkins	-----	M	1940	17148	Place-8
SMITH	Sarah	-----	F	1940	17149	Place-11
SMITH	Susan	-----	F	1940	17150	Place-10
SMITH	Joseph	-----	M	1940	17151	Place-13
SMITH	Sheila	-----	F	1940	17152	Place-27
SMITH	Shawn	-----	M	1940	17153	Place-13
SMITH	James	-----	M	1940	17154	Place-12
SMITH	Jacob	-----	M	1940	17155	Place-29
SMITH	Jacob	-----	M	1940	17156	Place-2
SMITH	Bob	-----	M	1940	17157	Place-14
SMITH	Jacob	-----	M	1940	17158	Place-24
SMITH	Selina	-----	F	1940	17159	Place-7
SMITH	Sheila	-----	F	1940	17160	Place-5
SMITH	Bob	-----	M	1940	17161	Place-24
SMITH	Briony	-----	F	1940	17162	Place-5
SMITH	Paulo	-----	M	1940	17163	Place-27
SMITH	Briony	-----	F	1940	17164	Place-29
SMITH	Paulo	-----	M	1940	17165	Place-18
SMITH	Sharon	-----	F	1940	17166	Place-7
SMITH	Seonaid	-----	F	1940	17167	Place-7
SMITH	Jenkins	-----	M	1940	17168	Place-14
SMITH	Shawn	-----	M	1940	17169	Place-25
SMITH	Jim	-----	M	1940	17170	Place-8
SMITH	James	-----	M	1940	17171	Place-7
SMITH	Jacob	-----	M	1940	17172	Place-27
SMITH	Suzanne	-----	F	1940	17173	Place-19
SMITH	Shawn	-----	M	1940	17174	Place-15
SMITH	Sheila	-----	F	1940	17175	Place-17
SMITH	Sheila	-----	F	1940	17176	Place-21
SMITH	Sharon	-----	F	1940	17177	Place-2
SMITH	Sarah	-----	F	1940	17178	Place-28
SMITH	Bob	-----	M	1940	17179	Place-16
SMITH	Selina	-----	F	1940	17180	Place-7
SMITH	Susan	-----	F	1940	17181	Place-12
SMITH	Joseph	-----	M	1940	17182	Place-27
SMITH	Joseph	-----	M	1940	17183	Place-3
SMITH	Jim	-----	M	1940	17184	Place-21
SMITH	Sheila	-----	F	1940	17185	Place-23
SMITH	Briony	-----	F	1940	17186	Place-29
SMITH	Sarah	-----	F	1940	17187	Place-6
SMITH	Bob	-----	M	1940	17188	Place-21
SMITH	Suzanne	-----	F	1940	17189	Place-19
SMITH	Suzanne	-----	F	1940	17190	Place-7
SMITH	James	-----	M	1940	17191	Place-17
SMITH	Jenkins	-----	M	1940	17192	Place-27
SMITH	Susan	-----	F	1940	17193	Place-25
SMITH	Sheila	-----	F	1940	17194	Place-2
SMITH	Susan	-----	F	1940	17195	Place-15
SMITH	James	-----	M	1940	17196	Place-20
SMITH	Sharon	-----	F	1940	17197	Place-25
SMITH	Bob	-----	M	1940	17198	Place-14
SMITH	Sarah	-----	F	1940	17199	Place-27
SMITH	Briony	-----	F	1940	17200	Place-14
SMITH	Seonaid	-----	F	1940	17201	Place-1
SMITH	Sharon	-----	F	1940	17202	Place-13
SMITH	Bob	-----	M	1940	17203	Place-27
SMITH	Shawn	-----	M	1940	17204	Place-3
SMITH	Jacob	-----	M	1940	17205	Place-19
SMITH	Suzanne	-----	F	1940	17206	Place-0
SMITH	Paulo	-----	M	1940	17207	Place-4
SMITH	Jenkins	-----	M	1940	17208	Place-10
SMITH	Susan	-----	F	1940	17209	Place-19
SMITH	James	-----	M	1940	17210	Place-11
SMITH	Jenkins	-----	M	1940	17211	Place-3
SMITH	Joseph	-----	M	1940	17212	Place-24
SMITH	Sarah	-----	F	1940	17213	Place-18
SMITH	Bob	-----	M	1940	17214	Place-15
SMITH	James	-----	M	1940	17215	Place-0
SMITH	Selina	-----	F	1940	17216	Place-17
SMITH	Bob	-----	M	1940	17217	Place-5
SMITH	Suzanne	-----	F	1940	17218	Place-19
SMITH	Shawn	-----	M	1940	17219	Place-26
SMITH	Jim	-----	M	1940	17220	Place-29
SMITH	Seonaid	-----	F	1940	17221	Place-29
SMITH	Jim	-----	M	1940	17222	Place-12
SMITH	Joseph	-----	M	1940	17223	Place-22
SMITH	Sarah	-----	F	1940	17224	Place-24
SMITH	Susan	-----	F	1940	17225	Place-24
SMITH	James	-----	M	1940	17226	Place-7
SMITH	Seonaid	-----	F	1940	17227	Place-3
SMITH	Paulo	-----	M	1940	17228	Place-5
SMITH	Briony	-----	F	1940	17229	Place-10
SMITH	Sarah	-----	F	1940	17230	Place-8
SMITH	Seonaid	-----	F	1940	17231	Place-9
SMITH	Shawn	-----	M	1940	17232	Place-16
SMITH	Sheila	-----	F	1940	17233	Place-3
SMITH	Seonaid	-----	F	1940	17234	Place-10
SMITH	Jacob	-----	M	1940	17235	Place-2
SMITH	Bob	-----	M	1940	17236	Place-17
SMITH	Susan	-----	F	1940	17237	Place-6
SMITH	Jim	-----	M	1940	17238	Place-23
SMITH	Jenkins	-----	M	1940	17239	Place-18
SMITH	Suzanne	-----	F	1940	17240	Place-8
SMITH	Briony	-----	F	1940	17241	Place-25
SMITH	Briony	-----	F	1940	17242	Place-28
SMITH	Bob	-----	M	1940	17243	Place-8
SMITH	Bob	-----	M	1940	17244	Place-13
SMITH	Shawn	-----	M	1940	17245	Place-16
SMITH	Joseph	-----	M	1940	17246	Place-7
SMITH	Selina	-----	F	1940	17247	Place-4
SMITH	James	-----	M	1940	17248	Place-16
SMITH	Jacob	-----	M	1940	17249	Place-23
SMITH	James	-----	M	1940	17250	Place-14
SMITH	Paulo	-----	M	1940	17251	Place-15
SMITH	Joseph	-----	M	1940	17252	Place-3
SMITH	Jenkins	-----	M	1940	17253	Place-2
SMITH	Susan	-----	F	1940	17254	Place-26
SMITH	James	-----	M	1940	17255	Place-16
SMITH	Sharon	-----	F	1940	17256	Place-11
SMITH	Shawn	-----	M	1940	17257	Place-3
SMITH	Seonaid	-----	F	1940	17258	Place-19
SMITH	Jacob	-----	M	1940	17259	Place-22
SMITH	Susan	-----	F	1940	17260	Place-19
SMITH	Sarah	-----	F	1940	17261	Place-28
SMITH	Briony	-----	F	1940	17262	Place-10
SMITH	Joseph	-----	M	1940	17263	Place-16
SMITH	Suzanne	-----	F	1940	17264	Place-3
SMITH	Seonaid	-----	F	1940	17265	Place-15
SMITH	Sheila	-----	F	1940	17266	Place-15
SMITH	Jim	-----	M	1940	17267	Place-10
SMITH	Jenkins	-----	M	1940	17268	Place-24
SMITH	Bob	-----	M	1940	17269	Place-13
SMITH	Selina	-----	F	1940	17270	Place-28
SMITH	Sheila	-----	F	1940	17271	Place-27
SMITH	Joseph	-----	M	1940	17272	Place-25
SMITH	Jenkins	-----	M	1941	17311	Place-13
SMITH	Seonaid	-----	F	1941	17312	Place-2
SMITH	James	-----	M	1941	17313	Place-7
SMITH	Bob	-----	M	1941	17314	Place-7
SMITH	Suzanne	-----	F	1941	17315	Place-0
SMITH	Shawn	-----	M	1941	17316	Place-8
SMITH	Jacob	-----	M	1941	17317	Place-18
SMITH	Sarah	-----	F	1941	17318	Place-10
SMITH	Paulo	-----	M	1941	17319	Place-18
SMITH	Susan	-----	F	1941	17320	Place-28
SMITH	Jim	-----	M	1941	17321	Place-0
SMITH	Sheila	-----	F	1941	17322	Place-24
SMITH	Sheila	-----	F	1941	17323	Place-9
SMITH	Jenkins	-----	M	1941	17324	Place-28
SMITH	Jim	-----	M	1941	17325	Place-13
SMITH	Susan	-----	F	1941	17326	Place-15
SMITH	Jenkins	-----	M	1941	17327	Place-26
SMITH	Jim	-----	M	1941	17328	Place-26
SMITH	Jenkins	-----	M	1941	17329	Place-28
SMITH	Sheila	-----	F	1941	17330	Place-11
SMITH	Suzanne	-----	F	1941	17331	Place-3
SMITH	Selina	-----	F	1941	17332	Place-13
SMITH	Joseph	-----	M	1941	17333	Place-27
SMITH	Paulo	-----	M	1941	17334	Place-2
SMITH	Joseph	-----	M	1941	17335	Place-13
SMITH	Shawn	-----	M	1941	17336	Place-18
SMITH	Jacob	-----	M	1941	17337	Place-7
SMITH	Seonaid	-----	F	1941	17338	Place-21
SMITH	Sheila	-----	F	1941	17339	Place-16
SMITH	Paulo	-----	M	1941	17340	Place-15
SMITH	James	-----	M	1941	17341	Place-1
SMITH	Bob	-----	M	1941	17342	Place-17
SMITH	Sharon	-----	F	1941	17343	Place-8
SMITH	Bob	-----	M	1941	17344	Place-12
SMITH	Jim	-----	M	1941	17345	Place-16
SMITH	Briony	-----	F	1941	17346	Place-5
SMITH	Selina	-----	F	1941	17347	Place-10
SMITH	Bob	-----	M	1941	17348	Place-9
SMITH	Selina	-----	F	1941	17349	Place-26
SMITH	Susan	-----	F	1941	17350	Place-1
SMITH	Bob	-----	M	1941	17351	Place-6
SMITH	James	-----	M	1941	17352	Place-22
SMITH	Jacob	-----	M	1941	17353	Place-26
SMITH	Sarah	-----	F	1941	17354	Place-15
SMITH	Joseph	-----	M	1941	17355	Place-10
SMITH	Sharon	-----	F	1941	17356	Place-4
SMITH	Briony	-----	F	1941	17357	Place-5
SMITH	Jenkins	-----	M	1941	17358	Place-14
SMITH	Susan	-----	F	1941	17359	Place-24
SMITH	Jenkins	-----	M	1941	17360	Place-16
SMITH	Briony	-----	F	1941	17361	Place-8
SMITH	Sharon	-----	F	1941	17362	Place-2
SMITH	Jim	-----	M	1941	17363	Place-24
SMITH	Paulo	-----	M	1941	17364	Place-0
SMITH	Joseph	-----	M	1941	17365	Place-0
SMITH	Bob	-----	M	1941	17366	Place-1
SMITH	Bob	-----	M	1941	17367	Place-23
SMITH	Jim	-----	M	1941	17368	Place-18
SMITH	Joseph	-----	M	1941	17369	Place-7
SMITH	Joseph	-----	M	1941	17370	Place-23
SMITH	Sharon	-----	F	1941	17371	Place-27
SMITH	Briony	-----	F	1941	17372	Place-27
SMITH	James	-----	M	1941	17373	Place-13
SMITH	Sheila	-----	F	1941	17374	Place-24
SMITH	Paulo	-----	M	1941	17375	Place-21
SMITH	Briony	-----	F	1941	17376	Place-11
SMITH	Sarah	-----	F	1941	17377	Place-29
SMITH	Selina	-----	F	1941	17378	Place-8
SMITH	Briony	-----	F	1941	17379	Place-5
SMITH	Joseph	-----	M	1941	17380	Place-11
SMITH	James	-----	M	1941	17381	Place-6
SMITH	Joseph	-----	M	1941	17382	Place-26
SMITH	Sharon	-----	F	1941	17383	Place-26
SMITH	Bob	-----	M	1941	17384	Place-6
SMITH	Jenkins	-----	M	1941	17385	Place-2
SMITH	Jim	-----	M	1941	17386	Place-10
SMITH	Sarah	-----	F	1941	17387	Place-3
SMITH	Jenkins	-----	M	1941	17388	Place-25
SMITH	Jenkins	-----	M	1941	17389	Place-12
SMITH	Bob	-----	M	1941	17390	Place-23
SMITH	James	-----	M	1941	17391	Place-23
SMITH	Sharon	-----	F	1941	17392	Place-22
SMITH	Bob	-----	M	1941	17393	Place-11
SMITH	Susan	-----	F	1941	17394	Place-8
SMITH	Sheila	-----	F	1941	17395	Place-0
SMITH	James	-----	M	1941	17396	Place-15
SMITH	Paulo	-----	M	1941	17397	Place-8
SMITH	Joseph	-----	M	1941	17398	Place-3
SMITH	Paulo	-----	M	1941	17399	Place-27
SMITH	Jenkins	-----	M	1941	17400	Place-15
SMITH	Shawn	-----	M	1941	17401	Place-13
SMITH	Sheila	-----	F	1941	17402	Place-27
SMITH	Jim	-----	M	1941	17403	Place-0
SMITH	Susan	-----	F	1941	17404	Place-10
SMITH	Susan	-----	F	1941	17405	Place-29
SMITH	Sheila	-----	F	1941	17406	Place-29
SMITH	Susan	-----	F	1941	17407	Place-28
SMITH	Jenkins	-----	M	1941	17408	Place-19
SMITH	Sarah	-----	F	1941	17409	Place-0
SMITH	Sheila	-----	F	1941	17410	Place-24
SMITH	Jacob	-----	M	1941	17411	Place-3
SMITH	Bob	-----	M	1941	17412	Place-14
SMITH	Bob	-----	M	1941	17413	Place-19
SMITH	Sharon	-----	F	1941	17414	Place-0
SMITH	Sheila	-----	F	1941	17415	Place-7
SMITH	Suzanne	-----	F	1941	17416	Place-6
SMITH	Jacob	-----	M	1941	17417	Place-28
SMITH	Suzanne	-----	F	1941	17418	Place-0
SMITH	Briony	-----	F	1941	17419	Place-16
SMITH	Sharon	-----	F	1941	17420	Place-10
SMITH	Susan	-----	F	1941	17421	Place-12
SMITH	Jenkins	-----	M	1941	17422	Place-13
SMITH	Bob	-----	M	1941	17423	Place-20
SMITH	Bob	-----	M	1941	17424	Place-20
SMITH	Paulo	-----	M	1941	17425	Place-26
SMITH	Seonaid	-----	F	1941	17426	Place-8
SMITH	Suzanne	-----	F	1941	17427	Place-15
SMITH	Seonaid	-----	F	1941	17428	Place-17
SMITH	Jacob	-----	M	1941	17429	Place-26
SMITH	Shawn	-----	M	1941	17430	Place-16
SMITH	Suzanne	-----	F	1941	17431	Place-16
SMITH	James	-----	M	1941	17432	Place-26
SMITH	Sarah	-----	F	1941	17433	Place-28
SMITH	Jenkins	-----	M	1941	17434	Place-6
SMITH	Sharon	-----	F	1941	17435	Place-25
SMITH	Sheila	-----	F	1941	17436	Place-18
SMITH	Suzanne	-----	F	1941	17437	Place-28
SMITH	Jenkins	-----	M	1941	17438	Place-6
SMITH	Suzanne	-----	F	1941	17439	Place-0
SMITH	Susan	-----	F	1941	17440	Place-4
SMITH	Jim	-----	M	1941	17441	Place-16
SMITH	Sarah	-----	F	1941	17442	Place-3
SMITH	Seonaid	-----	F	1941	17443	Place-14
SMITH	Selina	-----	F	1941	17444	Place-28
SMITH	Seonaid	-----	F	1941	17445	Place-5
SMITH	Bob	-----	M	1941	17446	Place-9
SMITH	Selina	-----	F	1941	17447	Place-13
SMITH	James	-----	M	1941	17448	Place-2
SMITH	Jim	-----	M	1941	17449	Place-1
SMITH	Shawn	-----	M	1941	17450	Place-16
SMITH	Jenkins	-----	M	1941	17451	Place-27
SMITH	Susan	-----	F	1941	17452	Place-7
SMITH	Shawn	-----	M	1941	17453	Place-9
SMITH	Briony	-----	F	1941	17454	Place-5
SMITH	Sheila	-----	F	1941	17455	Place-22
SMITH	Selina	-----	F	1941	17456	Place-23
SMITH	Sheila	-----	F	1941	17457	Place-25
SMITH	Paulo	-----	M	1941	17458	Place-29
SMITH	Briony	-----	F	1941	17459	Place-22
SMITH	Jim	-----	M	1941	17460	Place-23
SMITH	Briony	-----	F	1941	17461	Place-23
SMITH	Seonaid	-----	F	1941	17462	Place-6
SMITH	Paulo	-----	M	1941	17463	Place-25
SMITH	Jenkins	-----	M	1941	17464	Place-15
SMITH	Jenkins	-----	M	1941	17465	Place-12
SMITH	Susan	-----	F	1941	17466	Place-29
SMITH	Sheila	-----	F	1941	17467	Place-2
SMITH	Suzanne	-----	F	1941	17468	Place-18
SMITH	Sharon	-----	F	1941	17469	Place-13
SMITH	Susan	-----	F	1941	17470	Place-5
SMITH	Jim	-----	M	1941	17471	Place-18
SMITH	Bob	-----	M	1941	17472	Place-20
SMITH	Sharon	-----	F	1941	17473	Place-25
SMITH	James	-----	M	1941	17474	Place-6
SMITH	Jenkins	-----	M	1941	17475	Place-16
SMITH	Susan	-----	F	1941	17476	Place-7
SMITH	Sharon	-----	F	1941	17477	Place-15
SMITH	Jacob	-----	M	1941	17478	Place-17
SMITH	Jacob	-----	M	1941	17479	Place-8
SMITH	James	-----	M	1941	17480	Place-28
SMITH	Susan	-----	F	1941	17481	Place-19
SMITH	Seonaid	-----	F	1941	17482	Place-26
SMITH	James	-----	M	1941	17483	Place-27
SMITH	Joseph	-----	M	1941	17484	Place-4
SMITH	Selina	-----	F	1941	17485	Place-8
SMITH	Suzanne	-----	F	1941	17486	Place-20
SMITH	Shawn	-----	M	1941	17487	Place-22
SMITH	Briony	-----	F	1941	17488	Place-12
SMITH	Sheila	-----	F	1941	17489	Place-23
SMITH	Joseph	-----	M	1941	17490	Place-27
SMITH	Briony	-----	F	1941	17491	Place-4
SMITH	Sharon	-----	F	1941	17492	Place-4
SMITH	Joseph	-----	M	1941	17493	Place-14
SMITH	Bob	-----	M	1941	17494	Place-8
SMITH	Sharon	-----	F	1941	17495	Place-2
SMITH	Sheila	-----	F	1941	17496	Place-17
SMITH	Seonaid	-----	F	1941	17497	Place-7
SMITH	Shawn	-----	M	1941	17498	Place-5
SMITH	Jim	-----	M	1941	17499	Place-13
SMITH	Briony	-----	F	1941	17500	Place-25
SMITH	Briony	-----	F	1941	17501	Place-15
SMITH	Paulo	-----	M	1941	17502	Place-20
SMITH	Shawn	-----	M	1941	17503	Place-14
SMITH	Suzanne	-----	F	1941	17504	Place-14
SMITH	Jenkins	-----	M	1941	17505	Place-15
SMITH	Sharon	-----	F	1941	17506	Place-8
SMITH	Briony	-----	F	1941	17507	Place-8
SMITH	Shawn	-----	M	1941	17508	Place-4
SMITH	Susan	-----	F	1941	17509	Place-12
SMITH	Paulo	-----	M	1941	17510	Place-6
SMITH	Susan	-----	F	1941	17511	Place-3
SMITH	James	-----	M	1941	17512	Place-7
SMITH	Seonaid	-----	F	1941	17513	Place-25
SMITH	Suzanne	-----	F	1941	17514	Place-20
SMITH	Jim	-----	M	1941	17515	Place-17
SMITH	Seonaid	-----	F	1941	17516	Place-8
SMITH	Susan	-----	F	1941	17517	Place-0
SMITH	James	-----	M	1941	17518	Place-22
SMITH	Joseph	-----	M	1941	17519	Place-20
SMITH	Selina	-----	F	1941	17520	Place-17
SMITH	Jim	-----	M	1941	17521	Place-27
SMITH	Susan	-----	F	1941	17522	Place-10
SMITH	Sarah	-----	F	1941	17523	Place-26
SMITH	James	-----	M	1941	17524	Place-4
SMITH	Bob	-----	M	1941	17525	Place-0
SMITH	Jim	-----	M	1941	17526	Place-0
SMITH	Briony	-----	F	1941	17527	Place-0
SMITH	Sheila	-----	F	1941	17528	Place-5
SMITH	Jenkins	-----	M	1941	17529	Place-28
SMITH	Seonaid	-----	F	1941	17530	Place-17
SMITH	Briony	-----	F	1941	17531	Place-23
SMITH	Sharon	-----	F	1941	17532	Place-23
SMITH	Sheila	-----	F	1941	17533	Place-1
SMITH	Sarah	-----	F	1941	17534	Place-4
SMITH	James	-----	M	1941	17535	Place-13
SMITH	Jenkins	-----	M	1941	17536	Place-16
SMITH	Susan	-----	F	1941	17537	Place-22
SMITH	Susan	-----	F	1941	17538	Place-5
SMITH	Briony	-----	F	1941	17539	Place-13
SMITH	Bob	-----	M	1941	17540	Place-4
SMITH	Joseph	-----	M	1941	17541	Place-19
SMITH	Bob	-----	M	1941	17542	Place-19
SMITH	Joseph	-----	M	1941	17543	Place-28
SMITH	Suzanne	-----	F	1941	17544	Place-10
SMITH	Paulo	-----	M	1941	17545	Place-1
SMITH	Shawn	-----	M	1941	17546	Place-26
SMITH	Seonaid	-----	F	1941	17547	Place-13
SMITH	Jacob	-----	M	1941	17548	Place-23
SMITH	Briony	-----	F	1941	17549	Place-21
SMITH	Bob	-----	M	1941	17550	Place-2
SMITH	Seonaid	-----	F	1941	17551	Place-5
SMITH	Suzanne	-----	F	1941	17552	Place-21
SMITH	James	-----	M	1941	17553	Place-28
SMITH	Paulo	-----	M	1941	17554	Place-5
SMITH	Joseph	-----	M	1941	17555	Place-24
SMITH	Jim	-----	M	1941	17556	Place-0
SMITH	Selina	-----	F	1941	17557	Place-23
SMITH	Bob	-----	M	1941	17558	Place-18
SMITH	Shawn	-----	M	1941	17559	Place-7
SMITH	Joseph	-----	M	1941	17560	Place-4
SMITH	Briony	-----	F	1941	17561	Place-16
SMITH	Paulo	-----	M	1941	17562	Place-24
SMITH	Jim	-----	M	1941	17563	Place-15
SMITH	Selina	-----	F	1941	17564	Place-15
SMITH	Suzanne	-----	F	1941	17565	Place-1
SMITH	Shawn	-----	M	1941	17566	Place-12
SMITH	Paulo	-----	M	1941	17567	Place-12
SMITH	Sarah	-----	F	1941	17568	Place-29
SMITH	James	-----	M	1941	17569	Place-9
SMITH	Bob	-----	M	1941	17570	Place-6
SMITH	Joseph	-----	M	1942	17605	Place-27
SMITH	Jim	-----	M	1942	17606	Place-5
SMITH	Sheila	-----	F	1942	17607	Place-2
SMITH	Susan	-----	F	1942	17608	Place-6
SMITH	Sharon	-----	F	1942	17609	Place-21
SMITH	Jacob	-----	M	1942	17610	Place-12
SMITH	Paulo	-----	M	1942	17611	Place-2
SMITH	Bob	-----	M	1942	17612	Place-6
SMITH	Jenkins	-----	M	1942	17613	Place-22
SMITH	Sharon	-----	F	1942	17614	Place-3
SMITH	Bob	-----	M	1942	17615	Place-3
SMITH	Jenkins	-----	M	1942	17616	Place-2
SMITH	Selina	-----	F	1942	17617	Place-13
SMITH	Selina	-----	F	1942	17618	Place-9
SMITH	Selina	-----	F	1942	17619	Place-0
SMITH	James	-----	M	1942	17620	Place-5
SMITH	Briony	-----	F	1942	17621	Place-24
SMITH	Sarah	-----	F	1942	17622	Place-22
SMITH	Jim	-----	M	1942	17623	Place-7
SMITH	Paulo	-----	M	1942	17624	Place-25
SMITH	Sheila	-----	F	1942	17625	Place-1
SMITH	Suzanne	-----	F	1942	17626	Place-6
SMITH	Sheila	-----	F	1942	17627	Place-21
SMITH	Jenkins	-----	M	1942	17628	Place-9
SMITH	Briony	-----	F	1942	17629	Place-14
SMITH	Susan	-----	F	1942	17630	Place-26
SMITH	James	-----	M	1942	17631	Place-14
SMITH	Briony	-----	F	1942	17632	Place-7
SMITH	Sarah	-----	F	1942	17633	Place-4
SMITH	James	-----	M	1942	17634	Place-8
SMITH	Shawn	-----	M	1942	17635	Place-21
SMITH	Joseph	-----	M	1942	17636	Place-16
SMITH	Selina	-----	F	1942	17637	Place-5
SMITH	Sharon	-----	F	1942	17638	Place-7
SMITH	Susan	-----	F	1942	17639	Place-5
SMITH	Selina	-----	F	1942	17640	Place-21
SMITH	Briony	-----	F	1942	17641	Place-10
SMITH	Suzanne	-----	F	1942	17642	Place-18
SMITH	Shawn	-----	M	1942	17643	Place-26
SMITH	Susan	-----	F	1942	17644	Place-15
SMITH	Briony	-----	F	1942	17645	Place-11
SMITH	Bob	-----	M	1942	17646	Place-12
SMITH	Paulo	-----	M	1942	17647	Place-9
SMITH	Briony	-----	F	1942	17648	Place-9
SMITH	Susan	-----	F	1942	17649	Place-7
SMITH	Briony	-----	F	1942	17650	Place-3
SMITH	Sharon	-----	F	1942	17651	Place-11
SMITH	Sharon	-----	F	1942	17652	Place-9
SMITH	Briony	-----	F	1942	17653	Place-14
SMITH	Jacob	-----	M	1942	17654	Place-19
SMITH	Seonaid	-----	F	1942	17655	Place-26
SMITH	Suzanne	-----	F	1942	17656	Place-12
SMITH	Joseph	-----	M	1942	17657	Place-10
SMITH	Sarah	-----	F	1942	17658	Place-19
SMITH	Shawn	-----	M	1942	17659	Place-18
SMITH	Selina	-----	F	1942	17660	Place-12
SMITH	Suzanne	-----	F	1942	17661	Place-23
SMITH	Sharon	-----	F	1942	17662	Place-15
SMITH	Paulo	-----	M	1942	17663	Place-8
SMITH	Shawn	-----	M	1942	17664	Place-8
SMITH	Bob	-----	M	1942	17665	Place-8
SMITH	Paulo	-----	M	1942	17666	Place-13
SMITH	Sharon	-----	F	1942	17667	Place-29
SMITH	Jenkins	-----	M	1942	17668	Place-26
SMITH	Susan	-----	F	1942	17669	Place-14
SMITH	Seonaid	-----	F	1942	17670	Place-16
SMITH	Joseph	-----	M	1942	17671	Place-1
SMITH	Briony	-----	F	1942	17672	Place-11
SMITH	Joseph	-----	M	1942	17673	Place-17
SMITH	Briony	-----	F	1942	17674	Place-25
SMITH	Susan	-----	F	1942	17675	Place-29
SMITH	Bob	-----	M	1942	17676	Place-5
SMITH	Joseph	-----	M	1942	17677	Place-11
SMITH	Joseph	-----	M	1942	17678	Place-16
SMITH	Selina	-----	F	1942	17679	Place-28
SMITH	Bob	-----	M	1942	17680	Place-1
SMITH	Paulo	-----	M	1942	17681	Place-2
SMITH	Briony	-----	F	1942	17682	Place-18
SMITH	James	-----	M	1942	17683	Place-26
SMITH	Selina	-----	F	1942	17684	Place-11
SMITH	Selina	-----	F	1942	17685	Place-8
SMITH	Bob	-----	M	1942	17686	Place-22
SMITH	Sarah	-----	F	1942	17687	Place-29
SMITH	Briony	-----	F	1942	17688	Place-1
SMITH	Jacob	-----	M	1942	17689	Place-26
SMITH	James	-----	M	1942	17690	Place-18
SMITH	Joseph	-----	M	1942	17691	Place-18
SMITH	Jacob	-----	M	1942	17692	Place-10
SMITH	Joseph	-----	M	1942	17693	Place-5
SMITH	Briony	-----	F	1942	17694	Place-19
SMITH	Susan	-----	F	1942	17695	Place-18
SMITH	Seonaid	-----	F	1942	17696	Place-24
SMITH	Paulo	-----	M	1942	17697	Place-23
SMITH	Jim	-----	M	1942	17698	Place-24
SMITH	Seonaid	-----	F	1942	17699	Place-18
SMITH	Joseph	-----	M	1942	17700	Place-26
SMITH	Sheila	-----	F	1942	17701	Place-0
SMITH	Jenkins	-----	M	1942	17702	Place-26
SMITH	James	-----	M	1942	17703	Place-9
SMITH	Joseph	-----	M	1942	17704	Place-6
SMITH	Selina	-----	F	1942	17705	Place-11
SMITH	Joseph	-----	M	1942	17706	Place-27
SMITH	Suzanne	-----	F	1942	17707	Place-21
SMITH	Bob	-----	M	1942	17708	Place-9
SMITH	Jenkins	-----	M	1942	17709	Place-3
SMITH	James	-----	M	1942	17710	Place-1
SMITH	Selina	-----	F	1942	17711	Place-28
SMITH	Shawn	-----	M	1942	17712	Place-14
SMITH	Jacob	-----	M	1942	17713	Place-9
SMITH	Susan	-----	F	1942	17714	Place-20
SMITH	Suzanne	-----	F	1942	17715	Place-2
SMITH	James	-----	M	1942	17716	Place-12
SMITH	Jim	-----	M	1942	17717	Place-2
SMITH	Sharon	-----	F	1942	17718	Place-3
SMITH	Shawn	-----	M	1942	17719	Place-18
SMITH	Seonaid	-----	F	1942	17720	Place-24
SMITH	Paulo	-----	M	1942	17721	Place-3
SMITH	Briony	-----	F	1942	17722	Place-12
SMITH	James	-----	M	1942	17723	Place-26
SMITH	Jenkins	-----	M	1942	17724	Place-23
SMITH	Selina	-----	F	1942	17725	Place-22
SMITH	Selina	-----	F	1942	17726	Place-6
SMITH	Shawn	-----	M	1942	17727	Place-24
SMITH	Selina	-----	F	1942	17728	Place-23
SMITH	Sheila	-----	F	1942	17729	Place-26
SMITH	Jenkins	-----	M	1942	17730	Place-15
SMITH	Susan	-----	F	1942	17731	Place-16
SMITH	James	-----	M	1942	17732	Place-7
SMITH	Joseph	-----	M	1942	17733	Place-12
SMITH	Suzanne	-----	F	1942	17734	Place-18
SMITH	Suzanne	-----	F	1942	17735	Place-0
SMITH	Seonaid	-----	F	1942	17736	Place-2
SMITH	Jenkins	-----	M	1942	17737	Place-4
SMITH	Jacob	-----	M	1942	17738	Place-2
SMITH	Selina	-----	F	1942	17739	Place-0
SMITH	Bob	-----	M	1942	17740	Place-16
SMITH	Paulo	-----	M	1942	17741	Place-13
SMITH	Jenkins	-----	M	1942	17742	Place-22
SMITH	Jim	-----	M	1942	17743	Place-15
SMITH	Jacob	-----	M	1942	17744	Place-18
SMITH	Seonaid	-----	F	1942	17745	Place-3
SMITH	Bob	-----	M	1942	17746	Place-13
SMITH	Sharon	-----	F	1942	17747	Place-8
SMITH	Seonaid	-----	F	1942	17748	Place-24
SMITH	James	-----	M	1942	17749	Place-8
SMITH	Jacob	-----	M	1942	17750	Place-11
SMITH	Jenkins	-----	M	1942	17751	Place-20
SMITH	Jenkins	-----	M	1942	17752	Place-17
SMITH	James	-----	M	1942	17753	Place-19
SMITH	Paulo	-----	M	1942	17754	Place-9
SMITH	Bob	-----	M	1942	17755	Place-26
SMITH	Shawn	-----	M	1942	17756	Place-9
SMITH	Bob	-----	M	1942	17757	Place-4
SMITH	Paulo	-----	M	1942	17758	Place-18
SMITH	Seonaid	-----	F	1942	17759	Place-18
SMITH	Susan	-----	F	1942	17760	Place-20
SMITH	Jim	-----	M	1942	17761	Place-8
SMITH	James	-----	M	1942	17762	Place-16
SMITH	Shawn	-----	M	1942	17763	Place-9
SMITH	Shawn	-----	M	1942	17764	Place-20
SMITH	Seonaid	-----	F	1942	17765	Place-28
SMITH	Jenkins	-----	M	1942	17766	Place-29
SMITH	Selina	-----	F	1942	17767	Place-6
SMITH	Jenkins	-----	M	1942	17768	Place-7
SMITH	Jim	-----	M	1942	17769	Place-29
SMITH	Briony	-----	F	1942	17770	Place-13
SMITH	Jenkins	-----	M	1942	17771	Place-18
SMITH	Jenkins	-----	M	1942	17772	Place-7
SMITH	Sarah	-----	F	1942	17773	Place-17
SMITH	Jenkins	-----	M	1942	17774	Place-0
SMITH	Joseph	-----	M	1942	17775	Place-18
SMITH	Seonaid	-----	F	1942	17776	Place-16
SMITH	Jim	-----	M	1942	17777	Place-24
SMITH	Sarah	-----	F	1942	17778	Place-18
SMITH	Susan	-----	F	1942	17779	Place-9
SMITH	Seonaid	-----	F	1942	17780	Place-27
SMITH	Sheila	-----	F	1942	17781	Place-14
SMITH	Sarah	-----	F	1942	17782	Place-21
SMITH	Paulo	-----	M	1942	17783	Place-11
SMITH	Jim	-----	M	1942	17784	Place-12
SMITH	Jacob	-----	M	1942	17785	Place-15
SMITH	Joseph	-----	M	1942	17786	Place-17
SMITH	Jenkins	-----	M	1942	17787	Place-8
SMITH	Paulo	-----	M	1942	17788	Place-28
SMITH	Paulo	-----	M	1942	17789	Place-7
SMITH	Joseph	-----	M	1942	17790	Place-4
SMITH	Jim	-----	M	1942	17791	Place-23
SMITH	Sharon	-----	F	1942	17792	Place-6
SMITH	Bob	-----	M	1942	17793	Place-27
SMITH	Jim	-----	M	1942	17794	Place-28
SMITH	Joseph	-----	M	1942	17795	Place-16
SMITH	Susan	-----	F	1942	17796	Place-26
SMITH	James	-----	M	1942	17797	Place-20
SMITH	James	-----	M	1942	17798	Place-14
SMITH	Sarah	-----	F	1942	17799	Place-27
SMITH	Bob	-----	M	1942	17800	Place-6
SMITH	Jacob	-----	M	1942	17801	Place-17
SMITH	Shawn	-----	M	1942	17802	Place-22
SMITH	Bob	-----	M	1942	17803	Place-21
SMITH	Jenkins	-----	M	1942	17804	Place-22
SMITH	Bob	-----	M	1942	17805	Place-18
SMITH	Sharon	-----	F	1942	17806	Place-1
SMITH	Jacob	-----	M	1942	17807	Place-7
SMITH	Briony	-----	F	1942	17808	Place-25
SMITH	Bob	-----	M	1942	17809	Place-0
SMITH	Shawn	-----	M	1942	17810	Place-21
SMITH	Jim	-----	M	1942	17811	Place-1
SMITH	Jim	-----	M	1942	17812	Place-23
SMITH	Jenkins	-----	M	1942	17813	Place-18
SMITH	Joseph	-----	M	1942	17814	Place-17
SMITH	Paulo	-----	M	1942	17815	Place-6
SMITH	Shawn	-----	M	1942	17816	Place-5
SMITH	Jim	-----	M	1942	17817	Place-29
SMITH	Sheila	-----	F	1942	17818	Place-25
SMITH	Selina	-----	F	1942	17819	Place-16
SMITH	Selina	-----	F	1942	17820	Place-25
SMITH	Jim	-----	M	1942	17821	Place-8
SMITH	Jenkins	-----	M	1942	17822	Place-17
SMITH	Sarah	-----	F	1942	17823	Place-1
SMITH	Shawn	-----	M	1942	17824	Place-13
SMITH	Paulo	-----	M	1942	17825	Place-28
SMITH	Bob	-----	M	1942	17826	Place-2
SMITH	Jim	-----	M	1942	17827	Place-8
SMITH	Bob	-----	M	1942	17828	Place-13
SMITH	Jenkins	-----	M	1942	17829	Place-16
SMITH	Seonaid	-----	F	1942	17830	Place-18
SMITH	Selina	-----	F	1942	17831	Place-21
SMITH	Sharon	-----	F	1942	17832	Place-29
SMITH	Jenkins	-----	M	1942	17833	Place-27
SMITH	Shawn	-----	M	1942	17834	Place-23
SMITH	Jenkins	-----	M	1942	17835	Place-16
SMITH	Seonaid	-----	F	1942	17836	Place-21
SMITH	Bob	-----	M	1942	17837	Place-2
SMITH	Joseph	-----	M	1942	17838	Place-28
SMITH	Suzanne	-----	F	1942	17839	Place-12
SMITH	Sharon	-----	F	1942	17840	Place-14
SMITH	Bob	-----	M	1942	17841	Place-10
SMITH	Susan	-----	F	1942	17842	Place-9
SMITH	Bob	-----	M	1942	17843	Place-15
SMITH	Sheila	-----	F	1942	17844	Place-12
SMITH	Suzanne	-----	F	1942	17845	Place-13
SMITH	Joseph	-----	M	1942	17846	Place-11
SMITH	Joseph	-----	M	1942	17847	Place-29
SMITH	Selina	-----	F	1942	17848	Place-17
SMITH	Briony	-----	F	1942	17849	Place-27
SMITH	Sharon	-----	F	1942	17850	Place-6
SMITH	Selina	-----	F	1942	17851	Place-16
SMITH	Briony	-----	F	1942	17852	Place-3
SMITH	Jenkins	-----	M	1942	17853	Place-3
SMITH	Bob	-----	M	1942	17854	Place-27
SMITH	James	-----	M	1942	17855	Place-21
SMITH	James	-----	M	1942	17856	Place-2
SMITH	Paulo	-----	M	1942	17857	Place-10
SMITH	Briony	-----	F	1942	17858	Place-21
SMITH	Seonaid	-----	F	1942	17859	Place-13
SMITH	Paulo	-----	M	1942	17860	Place-2
SMITH	Sheila	-----	F	1942	17861	Place-7
SMITH	Bob	-----	M	1942	17862	Place-21
SMITH	Suzanne	-----	F	1942	17863	Place-8
SMITH	James	-----	M	1943	17898	Place-6
SMITH	Jim	-----	M	1943	17899	Place-16
SMITH	Shawn	-----	M	1943	17900	Place-8
SMITH	Jacob	-----	M	1943	17901	Place-28
SMITH	Jenkins	-----	M	1943	17902	Place-20
SMITH	Suzanne	-----	F	1943	17903	Place-17
SMITH	Jim	-----	M	1943	17904	Place-23
SMITH	Jim	-----	M	1943	17905	Place-12
SMITH	Jim	-----	M	1943	17906	Place-19
SMITH	Briony	-----	F	1943	17907	Place-24
SMITH	Briony	-----	F	1943	17908	Place-6
SMITH	Bob	-----	M	1943	17909	Place-9
SMITH	Jenkins	-----	M	1943	17910	Place-28
SMITH	Selina	-----	F	1943	17911	Place-24
SMITH	Jim	-----	M	1943	17912	Place-11
SMITH	Suzanne	-----	F	1943	17913	Place-18
SMITH	Paulo	-----	M	1943	17914	Place-20
SMITH	Bob	-----	M	1943	17915	Place-15
SMITH	Selina	-----	F	1943	17916	Place-2
SMITH	Jenkins	-----	M	1943	17917	Place-27
SMITH	Selina	-----	F	1943	17918	Place-29
SMITH	James	-----	M	1943	17919	Place-28
SMITH	Suzanne	-----	F	1943	17920	Place-24
SMITH	Briony	-----	F	1943	17921	Place-18
SMITH	Sharon	-----	F	1943	17922	Place-10
SMITH	Jacob	-----	M	1943	17923	Place-23
SMITH	Selina	-----	F	1943	17924	Place-13
SMITH	Susan	-----	F	1943	17925	Place-20
SMITH	Sheila	-----	F	1943	17926	Place-17
SMITH	Selina	-----	F	1943	17927	Place-28
SMITH	Paulo	-----	M	1943	17928	Place-13
SMITH	Paulo	-----	M	1943	17929	Place-18
SMITH	Sarah	-----	F	1943	17930	Place-23
SMITH	Jacob	-----	M	1943	17931	Place-23
SMITH	Jenkins	-----	M	1943	17932	Place-22
SMITH	Seonaid	-----	F	1943	17933	Place-0
SMITH	Jim	-----	M	1943	17934	Place-0
SMITH	Joseph	-----	M	1943	17935	Place-25
SMITH	Selina	-----	F	1943	17936	Place-23
SMITH	Jim	-----	M	1943	17937	Place-7
SMITH	Suzanne	-----	F	1943	17938	Place-10
SMITH	Jenkins	-----	M	1943	17939	Place-19
SMITH	Shawn	-----	M	1943	17940	Place-19
SMITH	Suzanne	-----	F	1943	17941	Place-9
SMITH	Suzanne	-----	F	1943	17942	Place-20
SMITH	Seonaid	-----	F	1943	17943	Place-14
SMITH	Paulo	-----	M	1943	17944	Place-1
SMITH	Joseph	-----	M	1943	17945	Place-2
SMITH	Jenkins	-----	M	1943	17946	Place-28
SMITH	Sharon	-----	F	1943	17947	Place-28
SMITH	Jim	-----	M	1943	17948	Place-12
SMITH	Suzanne	-----	F	1943	17949	Place-21
SMITH	Paulo	-----	M	1943	17950	Place-26
SMITH	Susan	-----	F	1943	17951	Place-27
SMITH	Joseph	-----	M	1943	17952	Place-2
SMITH	Bob	-----	M	1943	17953	Place-15
SMITH	Suzanne	-----	F	1943	17954	Place-7
SMITH	Selina	-----	F	1943	17955	Place-11
SMITH	Jacob	-----	M	1943	17956	Place-10
SMITH	Sheila	-----	F	1943	17957	Place-27
SMITH	Seonaid	-----	F	1943	17958	Place-28
SMITH	Briony	-----	F	1943	17959	Place-25
SMITH	Sarah	-----	F	1943	17960	Place-25
SMITH	Selina	-----	F	1943	17961	Place-27
SMITH	Sarah	-----	F	1943	17962	Place-10
SMITH	Jenkins	-----	M	1943	17963	Place-14
SMITH	James	-----	M	1943	17964	Place-29
SMITH	Suzanne	-----	F	1943	17965	Place-9
SMITH	Sarah	-----	F	1943	17966	Place-28
SMITH	Susan	-----	F	1943	17967	Place-3
SMITH	Paulo	-----	M	1943	17968	Place-24
SMITH	Briony	-----	F	1943	17969	Place-24
SMITH	Joseph	-----	M	1943	17970	Place-14
SMITH	Suzanne	-----	F	1943	17971	Place-28
SMITH	Sarah	-----	F	1943	17972	Place-9
SMITH	Sarah	-----	F	1943	17973	Place-17
SMITH	Sheila	-----	F	1943	17974	Place-0
SMITH	Paulo	-----	M	1943	17975	Place-25
SMITH	Susan	-----	F	1943	17976	Place-23
SMITH	Jenkins	-----	M	1943	17977	Place-8
SMITH	Joseph	-----	M	1943	17978	Place-1
SMITH	James	-----	M	1943	17979	Place-15
SMITH	Paulo	-----	M	1943	17980	Place-4
SMITH	Sharon	-----	F	1943	17981	Place-26
SMITH	Shawn	-----	M	1943	17982	Place-3
SMITH	Sheila	-----	F	1943	17983	Place-25
SMITH	Bob	-----	M	1943	17984	Place-4
SMITH	Suzanne	-----	F	1943	17985	Place-29
SMITH	Paulo	-----	M	1943	17986	Place-1
SMITH	Selina	-----	F	1943	17987	Place-9
SMITH	Jenkins	-----	M	1943	17988	Place-22
SMITH	Jacob	-----	M	1943	17989	Place-14
SMITH	Sharon	-----	F	1943	17990	Place-29
SMITH	Selina	-----	F	1943	17991	Place-14
SMITH	Joseph	-----	M	1943	17992	Place-16
SMITH	Bob	-----	M	1943	17993	Place-15
SMITH	Susan	-----	F	1943	17994	Place-23
SMITH	Seonaid	-----	F	1943	17995	Place-19
SMITH	Selina	-----	F	1943	17996	Place-18
SMITH	Jenkins	-----	M	1943	17997	Place-0
SMITH	Susan	-----	F	1943	17998	Place-22
SMITH	James	-----	M	1943	17999	Place-23
SMITH	Shawn	-----	M	1943	18000	Place-12
SMITH	Shawn	-----	M	1943	18001	Place-9
SMITH	Sheila	-----	F	1943	18002	Place-17
SMITH	Joseph	-----	M	1943	18003	Place-4
SMITH	Shawn	-----	M	1943	18004	Place-18
SMITH	Joseph	-----	M	1943	18005	Place-26
SMITH	Susan	-----	F	1943	18006	Place-0
SMITH	Shawn	-----	M	1943	18007	Place-8
SMITH	Selina	-----	F	1943	18008	Place-11
SMITH	Briony	-----	F	1943	18009	Place-19
SMITH	Sarah	-----	F	1943	18010	Place-23
SMITH	Susan	-----	F	1943	18011	Place-24
SMITH	Seonaid	-----	F	1943	18012	Place-21
SMITH	Joseph	-----	M	1943	18013	Place-2
SMITH	Briony	-----	F	1943	18014	Place-14
SMITH	Seonaid	-----	F	1943	18015	Place-11
SMITH	Paulo	-----	M	1943	18016	Place-4
SMITH	Jenkins	-----	M	1943	18017	Place-21
SMITH	Shawn	-----	M	1943	18018	Place-16
SMITH	Paulo	-----	M	1943	18019	Place-12
SMITH	Joseph	-----	M	1943	18020	Place-26
SMITH	Paulo	-----	M	1943	18021	Place-8
SMITH	Briony	-----	F	1943	18022	Place-5
SMITH	Jenkins	-----	M	1943	18023	Place-23
SMITH	Suzanne	-----	F	1943	18024	Place-17
SMITH	Shawn	-----	M	1943	18025	Place-7
SMITH	Susan	-----	F	1943	18026	Place-9
SMITH	Jacob	-----	M	1943	18027	Place-24
SMITH	Susan	-----	F	1943	18028	Place-19
SMITH	Susan	-----	F	1943	18029	Place-15
SMITH	Selina	-----	F	1943	18030	Place-0
SMITH	Jacob	-----	M	1943	18031	Place-2
SMITH	Jim	-----	M	1943	18032	Place-29
SMITH	Joseph	-----	M	1943	18033	Place-4
SMITH	Seonaid	-----	F	1943	18034	Place-13
SMITH	Shawn	-----	M	1943	18035	Place-0
SMITH	Sharon	-----	F	1943	18036	Place-13
SMITH	Seonaid	-----	F	1943	18037	Place-19
SMITH	Susan	-----	F	1943	18038	Place-6
SMITH	Sharon	-----	F	1943	18039	Place-29
SMITH	Briony	-----	F	1943	18040	Place-17
SMITH	Selina	-----	F	1943	18041	Place-8
SMITH	Suzanne	-----	F	1943	18042	Place-3
SMITH	Suzanne	-----	F	1943	18043	Place-7
SMITH	Shawn	-----	M	1943	18044	Place-21
SMITH	Bob	-----	M	1943	18045	Place-20
SMITH	Bob	-----	M	1943	18046	Place-19
SMITH	Bob	-----	M	1943	18047	Place-9
SMITH	Briony	-----	F	1943	18048	Place-9
SMITH	Bob	-----	M	1943	18049	Place-4
SMITH	Bob	-----	M	1943	18050	Place-20
SMITH	Seonaid	-----	F	1943	18051	Place-6
SMITH	Briony	-----	F	1943	18052	Place-5
SMITH	Suzanne	-----	F	1943	18053	Place-15
SMITH	Briony	-----	F	1943	18054	Place-3
SMITH	Sarah	-----	F	1943	18055	Place-19
SMITH	Bob	-----	M	1943	18056	Place-7
SMITH	Sarah	-----	F	1943	18057	Place-19
SMITH	Sheila	-----	F	1943	18058	Place-28
SMITH	Shawn	-----	M	1943	18059	Place-8
SMITH	Jacob	-----	M	1943	18060	Place-7
SMITH	Jim	-----	M	1943	18061	Place-8
SMITH	Sarah	-----	F	1943	18062	Place-10
SMITH	Bob	-----	M	1943	18063	Place-9
SMITH	Bob	-----	M	1943	18064	Place-5
SMITH	Sarah	-----	F	1943	18065	Place-18
SMITH	Joseph	-----	M	1943	18066	Place-24
SMITH	Jim	-----	M	1943	18067	Place-15
SMITH	Jacob	-----	M	1943	18068	Place-27
SMITH	Selina	-----	F	1943	18069	Place-7
SMITH	Sheila	-----	F	1943	18070	Place-27
SMITH	Selina	-----	F	1943	18071	Place-7
SMITH	Sharon	-----	F	1943	18072	Place-29
SMITH	Sharon	-----	F	1943	18073	Place-22
SMITH	Paulo	-----	M	1943	18074	Place-16
SMITH	Joseph	-----	M	1943	18075	Place-18
SMITH	Suzanne	-----	F	1943	18076	Place-25
SMITH	Seonaid	-----	F	1943	18077	Place-16
SMITH	Joseph	-----	M	1943	18078	Place-24
SMITH	Seonaid	-----	F	1943	18079	Place-17
SMITH	Selina	-----	F	1943	18080	Place-4
SMITH	Selina	-----	F	1943	18081	Place-19
SMITH	Jim	-----	M	1943	18082	Place-18
SMITH	Paulo	-----	M	1943	18083	Place-12
SMITH	Sharon	-----	F	1943	18084	Place-4
SMITH	Sharon	-----	F	1943	18085	Place-8
SMITH	Selina	-----	F	1943	18086	Place-19
SMITH	Jim	-----	M	1943	18087	Place-6
SMITH	Bob	-----	M	1943	18088	Place-4
SMITH	Jim	-----	M	1943	18089	Place-3
SMITH	Bob	-----	M	1943	18090	Place-15
SMITH	James	-----	M	1943	18091	Place-1
SMITH	Sarah	-----	F	1943	18092	Place-12
SMITH	Selina	-----	F	1943	18093	Place-27
SMITH	Paulo	-----	M	1943	18094	Place-22
SMITH	Sharon	-----	F	1943	18095	Place-0
SMITH	Bob	-----	M	1943	18096	Place-8
SMITH	Jim	-----	M	1943	18097	Place-27
SMITH	Selina	-----	F	1943	18098	Place-17
SMITH	Sheila	-----	F	1943	18099	Place-18
SMITH	Joseph	-----	M	1943	18100	Place-3
SMITH	Jim	-----	M	1943	18101	Place-0
SMITH	Sharon	-----	F	1943	18102	Place-19
SMITH	Selina	-----	F	1943	18103	Place-11
SMITH	Sheila	-----	F	1943	18104	Place-25
SMITH	Jenkins	-----	M	1943	18105	Place-15
SMITH	Seonaid	-----	F	1943	18106	Place-19
SMITH	Selina	-----	F	1943	18107	Place-3
SMITH	Bob	-----	M	1943	18108	Place-22
SMITH	Jacob	-----	M	1943	18109	Place-7
SMITH	Joseph	-----	M	1943	18110	Place-10
SMITH	Briony	-----	F	1943	18111	Place-7
SMITH	Briony	-----	F	1943	18112	Place-20
SMITH	Susan	-----	F	1943	18113	Place-17
SMITH	Sarah	-----	F	1943	18114	Place-16
SMITH	Joseph	-----	M	1943	18115	Place-26
SMITH	James	-----	M	1943	18116	Place-1
SMITH	Sarah	-----	F	1943	18117	Place-24
SMITH	Susan	-----	F	1943	18118	Place-11
SMITH	Susan	-----	F	1943	18119	Place-10
SMITH	James	-----	M	1943	18120	Place-22
SMITH	Jacob	-----	M	1943	18121	Place-5
SMITH	Bob	-----	M	1943	18122	Place-28
SMITH	Jacob	-----	M	1943	18123	Place-6
SMITH	Jenkins	-----	M	1943	18124	Place-28
SMITH	Seonaid	-----	F	1943	18125	Place-29
SMITH	Joseph	-----	M	1943	18126	Place-29
SMITH	Susan	-----	F	1943	18127	Place-28
SMITH	Jenkins	-----	M	1943	18128	Place-5
SMITH	Sarah	-----	F	1943	18129	Place-17
SMITH	Jacob	-----	M	1943	18130	Place-0
SMITH	Briony	-----	F	1943	18131	Place-6
SMITH	Shawn	-----	M	1943	18132	Place-10
SMITH	Jim	-----	M	1943	18133	Place-19
SMITH	Briony	-----	F	1943	18134	Place-2
SMITH	Bob	-----	M	1943	18135	Place-15
SMITH	Sharon	-----	F	1943	18136	Place-28
SMITH	Seonaid	-----	F	1943	18137	Place-14
SMITH	Joseph	-----	M	1943	18138	Place-11
SMITH	Paulo	-----	M	1943	18139	Place-3
SMITH	James	-----	M	1943	18140	Place-24
SMITH	Susan	-----	F	1943	18141	Place-25
SMITH	Sarah	-----	F	1943	18142	Place-21
SMITH	James	-----	M	1943	18143	Place-16
SMITH	Briony	-----	F	1943	18144	Place-19
SMITH	Suzanne	-----	F	1943	18145	Place-26
SMITH	Jim	-----	M	1943	18146	Place-9
SMITH	Shawn	-----	M	1943	18147	Place-29
SMITH	Shawn	-----	M	1943	18148	Place-22
SMITH	Sheila	-----	F	1943	18149	Place-27
SMITH	Seonaid	-----	F	1943	18150	Place-0
SMITH	Sheila	-----	F	1943	18151	Place-0
SMITH	Suzanne	-----	F	1943	18152	Place-25
SMITH	Joseph	-----	M	1943	18153	Place-13
SMITH	James	-----	M	1943	18154	Place-20
SMITH	Bob	-----	M	1943	18155	Place-0
SMITH	Sharon	-----	F	1943	18156	Place-29
SMITH	Briony	-----	F	1943	18157	Place-13
SMITH	Shawn	-----	M	1943	18158	Place-20
SMITH	Suzanne	-----	F	1943	18159	Place-25
SMITH	James	-----	M	1943	18160	Place-22
SMITH	Briony	-----	F	1943	18161	Place-12
SMITH	Selina	-----	F	1943	18162	Place-21
SMITH	Briony	-----	F	1944	18190	Place-16
SMITH	Joseph	-----	M	1944	18191	Place-10
SMITH	Joseph	-----	M	1944	18192	Place-11
SMITH	Bob	-----	M	1944	18193	Place-14
SMITH	Briony	-----	F	1944	18194	Place-16
SMITH	Selina	-----	F	1944	18195	Place-26
SMITH	Jim	-----	M	1944	18196	Place-16
SMITH	Briony	-----	F	1944	18197	Place-11
SMITH	Susan	-----	F	1944	18198	Place-15
SMITH	Paulo	-----	M	1944	18199	Place-3
SMITH	Bob	-----	M	1944	18200	Place-1
SMITH	Joseph	-----	M	1944	18201	Place-0
SMITH	Sheila	-----	F	1944	18202	Place-23
SMITH	Jacob	-----	M	1944	18203	Place-20
SMITH	Jenkins	-----	M	1944	18204	Place-7
SMITH	Suzanne	-----	F	1944	18205	Place-23
SMITH	Susan	-----	F	1944	18206	Place-4
SMITH	Seonaid	-----	F	1944	18207	Place-24
SMITH	James	-----	M	1944	18208	Place-26
SMITH	Joseph	-----	M	1944	18209	Place-6
SMITH	Sharon	-----	F	1944	18210	Place-22
SMITH	Jim	-----	M	1944	18211	Place-22
SMITH	Susan	-----	F	1944	18212	Place-26
SMITH	Joseph	-----	M	1944	18213	Place-21
SMITH	Jenkins	-----	M	1944	18214	Place-5
SMITH	James	-----	M	1944	18215	Place-7
SMITH	Joseph	-----	M	1944	18216	Place-13
SMITH	Seonaid	-----	F	1944	18217	Place-4
SMITH	Shawn	-----	M	1944	18218	Place-2
SMITH	Jenkins	-----	M	1944	18219	Place-28
SMITH	Joseph	-----	M	1944	18220	Place-5
SMITH	James	-----	M	1944	18221	Place-19
SMITH	Jacob	-----	M	1944	18222	Place-8
SMITH	Joseph	-----	M	1944	18223	Place-0
SMITH	Sharon	-----	F	1944	18224	Place-27
SMITH	Jim	-----	M	1944	18225	Place-28
SMITH	Susan	-----	F	1944	18226	Place-9
SMITH	Susan	-----	F	1944	18227	Place-28
SMITH	Suzanne	-----	F	1944	18228	Place-7
SMITH	Seonaid	-----	F	1944	18229	Place-16
SMITH	Susan	-----	F	1944	18230	Place-17
SMITH	Sharon	-----	F	1944	18231	Place-4
SMITH	Briony	-----	F	1944	18232	Place-27
SMITH	Susan	-----	F	1944	18233	Place-6
SMITH	Briony	-----	F	1944	18234	Place-26
SMITH	Seonaid	-----	F	1944	18235	Place-7
SMITH	Sarah	-----	F	1944	18236	Place-14
SMITH	Joseph	-----	M	1944	18237	Place-13
SMITH	Susan	-----	F	1944	18238	Place-28
SMITH	Jim	-----	M	1944	18239	Place-1
SMITH	James	-----	M	1944	18240	Place-23
SMITH	Briony	-----	F	1944	18241	Place-24
SMITH	Jim	-----	M	1944	18242	Place-22
SMITH	Jim	-----	M	1944	18243	Place-25
SMITH	Susan	-----	F	1944	18244	Place-6
SMITH	Sheila	-----	F	1944	18245	Place-17
SMITH	Shawn	-----	M	1944	18246	Place-27
SMITH	Seonaid	-----	F	1944	18247	Place-19
SMITH	James	-----	M	1944	18248	Place-6
SMITH	Joseph	-----	M	1944	18249	Place-29
SMITH	Suzanne	-----	F	1944	18250	Place-7
SMITH	Bob	-----	M	1944	18251	Place-6
SMITH	Susan	-----	F	1944	18252	Place-18
SMITH	Sarah	-----	F	1944	18253	Place-7
SMITH	Briony	-----	F	1944	18254	Place-20
SMITH	Susan	-----	F	1944	18255	Place-2
SMITH	Bob	-----	M	1944	18256	Place-8
SMITH	Jim	-----	M	1944	18257	Place-7
SMITH	Sharon	-----	F	1944	18258	Place-26
SMITH	Sheila	-----	F	1944	18259	Place-17
SMITH	Suzanne	-----	F	1944	18260	Place-9
SMITH	Sheila	-----	F	1944	18261	Place-23
SMITH	Jim	-----	M	1944	18262	Place-5
SMITH	Susan	-----	F	1944	18263	Place-5
SMITH	Shawn	-----	M	1944	18264	Place-6
SMITH	Seonaid	-----	F	1944	18265	Place-12
SMITH	Joseph	-----	M	1944	18266	Place-21
SMITH	Seonaid	-----	F	1944	18267	Place-7
SMITH	Briony	-----	F	1944	18268	Place-5
SMITH	Jenkins	-----	M	1944	18269	Place-27
SMITH	Joseph	-----	M	1944	18270	Place-12
SMITH	Suzanne	-----	F	1944	18271	Place-15
SMITH	Selina	-----	F	1944	18272	Place-21
SMITH	Bob	-----	M	1944	18273	Place-9
SMITH	Susan	-----	F	1944	18274	Place-26
SMITH	Jacob	-----	M	1944	18275	Place-11
SMITH	Briony	-----	F	1944	18276	Place-11
SMITH	James	-----	M	1944	18277	Place-25
SMITH	Bob	-----	M	1944	18278	Place-13
SMITH	Briony	-----	F	1944	18279	Place-4
SMITH	Sarah	-----	F	1944	18280	Place-3
SMITH	Shawn	-----	M	1944	18281	Place-13
SMITH	Sheila	-----	F	1944	18282	Place-6
SMITH	James	-----	M	1944	18283	Place-15
SMITH	Sarah	-----	F	1944	18284	Place-1
SMITH	Suzanne	-----	F	1944	18285	Place-29
SMITH	Selina	-----	F	1944	18286	Place-29
SMITH	James	-----	M	1944	18287	Place-26
SMITH	Paulo	-----	M	1944	18288	Place-8
SMITH	Joseph	-----	M	1944	18289	Place-19
SMITH	Sarah	-----	F	1944	18290	Place-20
SMITH	Sheila	-----	F	1944	18291	Place-14
SMITH	Paulo	-----	M	1944	18292	Place-1
SMITH	Sheila	-----	F	1944	18293	Place-8
SMITH	Seonaid	-----	F	1944	18294	Place-20
SMITH	Selina	-----	F	1944	18295	Place-10
SMITH	Jacob	-----	M	1944	18296	Place-23
SMITH	Paulo	-----	M	1944	18297	Place-1
SMITH	Jim	-----	M	1944	18298	Place-23
SMITH	Bob	-----	M	1944	18299	Place-25
SMITH	Jenkins	-----	M	1944	18300	Place-16
SMITH	Bob	-----	M	1944	18301	Place-21
SMITH	Jacob	-----	M	1944	18302	Place-24
SMITH	Suzanne	-----	F	1944	18303	Place-23
SMITH	Bob	-----	M	1944	18304	Place-29
SMITH	Bob	-----	M	1944	18305	Place-8
SMITH	Jacob	-----	M	1944	18306	Place-23
SMITH	Seonaid	-----	F	1944	18307	Place-15
SMITH	Selina	-----	F	1944	18308	Place-1
SMITH	Briony	-----	F	1944	18309	Place-26
SMITH	Sarah	-----	F	1944	18310	Place-0
SMITH	Paulo	-----	M	1944	18311	Place-22
SMITH	Sheila	-----	F	1944	18312	Place-18
SMITH	Sarah	-----	F	1944	18313	Place-18
SMITH	Sheila	-----	F	1944	18314	Place-26
SMITH	Suzanne	-----	F	1944	18315	Place-14
SMITH	Jacob	-----	M	1944	18316	Place-16
SMITH	Shawn	-----	M	1944	18317	Place-5
SMITH	Sharon	-----	F	1944	18318	Place-9
SMITH	Joseph	-----	M	1944	18319	Place-2
SMITH	Sharon	-----	F	1944	18320	Place-24
SMITH	Jacob	-----	M	1944	18321	Place-19
SMITH	Seonaid	-----	F	1944	18322	Place-6
SMITH	Jenkins	-----	M	1944	18323	Place-19
SMITH	Sharon	-----	F	1944	18324	Place-10
SMITH	Paulo	-----	M	1944	18325	Place-21
SMITH	Suzanne	-----	F	1944	18326	Place-16
SMITH	Briony	-----	F	1944	18327	Place-8
SMITH	James	-----	M	1944	18328	Place-24
SMITH	Briony	-----	F	1944	18329	Place-26
SMITH	Sheila	-----	F	1944	18330	Place-2
SMITH	James	-----	M	1944	18331	Place-20
SMITH	Selina	-----	F	1944	18332	Place-11
SMITH	Briony	-----	F	1944	18333	Place-27
SMITH	Suzanne	-----	F	1944	18334	Place-28
SMITH	Sarah	-----	F	1944	18335	Place-0
SMITH	Sheila	-----	F	1944	18336	Place-14
SMITH	James	-----	M	1944	18337	Place-13
SMITH	Suzanne	-----	F	1944	18338	Place-20
SMITH	Selina	-----	F	1944	18339	Place-13
SMITH	Paulo	-----	M	1944	18340	Place-19
SMITH	Sheila	-----	F	1944	18341	Place-28
SMITH	Joseph	-----	M	1944	18342	Place-15
SMITH	Sheila	-----	F	1944	18343	Place-18
SMITH	Sheila	-----	F	1944	18344	Place-28
SMITH	Jacob	-----	M	1944	18345	Place-20
SMITH	James	-----	M	1944	18346	Place-23
SMITH	Sheila	-----	F	1944	18347	Place-12
SMITH	Jacob	-----	M	1944	18348	Place-14
SMITH	Joseph	-----	M	1944	18349	Place-25
SMITH	Jacob	-----	M	1944	18350	Place-8
SMITH	Sharon	-----	F	1944	18351	Place-15
SMITH	Shawn	-----	M	1944	18352	Place-13
SMITH	Jenkins	-----	M	1944	18353	Place-14
SMITH	Sheila	-----	F	1944	18354	Place-21
SMITH	Briony	-----	F	1944	18355	Place-23
SMITH	Shawn	-----	M	1944	18356	Place-6
SMITH	Sarah	-----	F	1944	18357	Place-11
SMITH	Seonaid	-----	F	1944	18358	Place-7
SMITH	Susan	-----	F	1944	18359	Place-28
SMITH	Seonaid	-----	F	1944	18360	Place-5
SMITH	Joseph	-----	M	1944	18361	Place-29
SMITH	Jacob	-----	M	1944	18362	Place-27
SMITH	Bob	-----	M	1944	18363	Place-22
SMITH	James	-----	M	1944	18364	Place-21
SMITH	Sharon	-----	F	1944	18365	Place-4
SMITH	James	-----	M	1944	18366	Place-23
SMITH	Briony	-----	F	1944	18367	Place-9
SMITH	Sharon	-----	F	1944	18368	Place-9
SMITH	Sheila	-----	F	1944	18369	Place-7
SMITH	Bob	-----	M	1944	18370	Place-20
SMITH	Sharon	-----	F	1944	18371	Place-29
SMITH	Suzanne	-----	F	1944	18372	Place-29
SMITH	James	-----	M	1944	18373	Place-17
SMITH	Sheila	-----	F	1944	18374	Place-3
SMITH	Bob	-----	M	1944	18375	Place-26
SMITH	Joseph	-----	M	1944	18376	Place-21
SMITH	Sharon	-----	F	1944	18377	Place-16
SMITH	Shawn	-----	M	1944	18378	Place-4
SMITH	Susan	-----	F	1944	18379	Place-25
SMITH	Jim	-----	M	1944	18380	Place-1
SMITH	Suzanne	-----	F	1944	18381	Place-16
SMITH	Sharon	-----	F	1944	18382	Place-16
SMITH	Shawn	-----	M	1944	18383	Place-0
SMITH	Suzanne	-----	F	1944	18384	Place-5
SMITH	Seonaid	-----	F	1944	18385	Place-4
SMITH	Sheila	-----	F	1944	18386	Place-1
SMITH	Selina	-----	F	1944	18387	Place-20
SMITH	Shawn	-----	M	1944	18388	Place-27
SMITH	Joseph	-----	M	1944	18389	Place-17
SMITH	Paulo	-----	M	1944	18390	Place-5
SMITH	Bob	-----	M	1944	18391	Place-17
SMITH	Selina	-----	F	1944	18392	Place-27
SMITH	Jacob	-----	M	1944	18393	Place-0
SMITH	Shawn	-----	M	1944	18394	Place-17
SMITH	Shawn	-----	M	1944	18395	Place-23
SMITH	Seonaid	-----	F	1944	18396	Place-29
SMITH	Jenkins	-----	M	1944	18397	Place-9
SMITH	Suzanne	-----	F	1944	18398	Place-17
SMITH	Briony	-----	F	1944	18399	Place-4
SMITH	Jim	-----	M	1944	18400	Place-7
SMITH	James	-----	M	1944	18401	Place-9
SMITH	Seonaid	-----	F	1944	18402	Place-25
SMITH	Jenkins	-----	M	1944	18403	Place-14
SMITH	Seonaid	-----	F	1944	18404	Place-10
SMITH	Sarah	-----	F	1944	18405	Place-17
SMITH	Paulo	-----	M	1944	18406	Place-3
SMITH	Suzanne	-----	F	1944	18407	Place-3
SMITH	Jim	-----	M	1944	18408	Place-22
SMITH	Briony	-----	F	1944	18409	Place-13
SMITH	Paulo	-----	M	1944	18410	Place-5
SMITH	Jenkins	-----	M	1944	18411	Place-6
SMITH	Sarah	-----	F	1944	18412	Place-17
SMITH	Suzanne	-----	F	1944	18413	Place-13
SMITH	Sheila	-----	F	1944	18414	Place-29
SMITH	Shawn	-----	M	1944	18415	Place-5
SMITH	Sarah	-----	F	1944	18416	Place-29
SMITH	Briony	-----	F	1944	18417	Place-3
SMITH	Jenkins	-----	M	1944	18418	Place-12
SMITH	Sharon	-----	F	1944	18419	Place-3
SMITH	James	-----	M	1944	18420	Place-28
SMITH	Sheila	-----	F	1944	18421	Place-2
SMITH	Susan	-----	F	1944	18422	Place-15
SMITH	Selina	-----	F	1944	18423	Place-28
SMITH	Sheila	-----	F	1944	18424	Place-9
SMITH	Selina	-----	F	1944	18425	Place-3
SMITH	Selina	-----	F	1944	18426	Place-21
SMITH	Jenkins	-----	M	1944	18427	Place-2
SMITH	Sharon	-----	F	1944	18428	Place-21
SMITH	Sharon	-----	F	1944	18429	Place-13
SMITH	Joseph	-----	M	1944	18430	Place-2
SMITH	Jim	-----	M	1944	18431	Place-29
SMITH	Susan	-----	F	1944	18432	Place-20
SMITH	Jacob	-----	M	1944	18433	Place-0
SMITH	Sharon	-----	F	1944	18434	Place-29
SMITH	Selina	-----	F	1944	18435	Place-21
SMITH	Seonaid	-----	F	1944	18436	Place-8
SMITH	Paulo	-----	M	1944	18437	Place-11
SMITH	Joseph	-----	M	1944	18438	Place-28
SMITH	Sharon	-----	F	1944	18439	Place-19
SMITH	Joseph	-----	M	1944	18440	Place-12
SMITH	Shawn	-----	M	1944	18441	Place-29
SMITH	Sarah	-----	F	1944	18442	Place-11
SMITH	Jacob	-----	M	1944	18443	Place-14
SMITH	Shawn	-----	M	1944	18444	Place-10
SMITH	Suzanne	-----	F	1944	18445	Place-9
SMITH	Selina	-----	F	1945	18491	Place-29
SMITH	Suzanne	-----	F	1945	18492	Place-24
SMITH	Jim	-----	M	1945	18493	Place-28
SMITH	Joseph	-----	M	1945	18494	Place-7
SMITH	Paulo	-----	M	1945	18495	Place-21
SMITH	Shawn	-----	M	1945	18496	Place-1
SMITH	Selina	-----	F	1945	18497	Place-14
SMITH	Sharon	-----	F	1945	18498	Place-7
SMITH	Sarah	-----	F	1945	18499	Place-21
SMITH	Bob	-----	M	1945	18500	Place-28
SMITH	Sarah	-----	F	1945	18501	Place-1
SMITH	Paulo	-----	M	1945	18502	Place-28
SMITH	Joseph	-----	M	1945	18503	Place-13
SMITH	Sarah	-----	F	1945	18504	Place-23
SMITH	Paulo	-----	M	1945	18505	Place-20
SMITH	Paulo	-----	M	1945	18506	Place-3
SMITH	Suzanne	-----	F	1945	18507	Place-3
SMITH	Paulo	-----	M	1945	18508	Place-14
SMITH	Shawn	-----	M	1945	18509	Place-28
SMITH	Joseph	-----	M	1945	18510	Place-9
SMITH	Paulo	-----	M	1945	18511	Place-3
SMITH	Sarah	-----	F	1945	18512	Place-21
SMITH	Briony	-----	F	1945	18513	Place-17
SMITH	Jacob	-----	M	1945	18514	Place-7
SMITH	Suzanne	-----	F	1945	18515	Place-28
SMITH	Bob	-----	M	1945	18516	Place-13
SMITH	Susan	-----	F	1945	18517	Place-7
SMITH	Suzanne	-----	F	1945	18518	Place-18
SMITH	James	-----	M	1945	18519	Place-20
SMITH	Shawn	-----	M	1945	18520	Place-21
SMITH	Shawn	-----	M	1945	18521	Place-9
SMITH	Seonaid	-----	F	1945	18522	Place-2
SMITH	Paulo	-----	M	1945	18523	Place-8
SMITH	Sheila	-----	F	1945	18524	Place-23
SMITH	Shawn	-----	M	1945	18525	Place-8
SMITH	Joseph	-----	M	1945	18526	Place-18
SMITH	Sheila	-----	F	1945	18527	Place-22
SMITH	Jacob	-----	M	1945	18528	Place-0
SMITH	Sheila	-----	F	1945	18529	Place-26
SMITH	Shawn	-----	M	1945	18530	Place-28
SMITH	Bob	-----	M	1945	18531	Place-17
SMITH	Paulo	-----	M	1945	18532	Place-24
SMITH	Selina	-----	F	1945	18533	Place-11
SMITH	Jacob	-----	M	1945	18534	Place-12
SMITH	Paulo	-----	M	1945	18535	Place-20
SMITH	Selina	-----	F	1945	18536	Place-8
SMITH	Joseph	-----	M	1945	18537	Place-3
SMITH	Sharon	-----	F	1945	18538	Place-19
SMITH	Joseph	-----	M	1945	18539	Place-1
SMITH	James	-----	M	1945	18540	Place-24
SMITH	Suzanne	-----	F	1945	18541	Place-18
SMITH	Paulo	-----	M	1945	18542	Place-0
SMITH	Briony	-----	F	1945	18543	Place-5
SMITH	Sarah	-----	F	1945	18544	Place-17
SMITH	Sarah	-----	F	1945	18545	Place-7
SMITH	Susan	-----	F	1945	18546	Place-6
SMITH	Bob	-----	M	1945	18547	Place-9
SMITH	Susan	-----	F	1945	18548	Place-1
SMITH	Jenkins	-----	M	1945	18549	Place-15
SMITH	Jacob	-----	M	1945	18550	Place-6
SMITH	Briony	-----	F	1945	18551	Place-27
SMITH	Suzanne	-----	F	1945	18552	Place-7
SMITH	Briony	-----	F	1945	18553	Place-20
SMITH	James	-----	M	1945	18554	Place-4
SMITH	Seonaid	-----	F	1945	18555	Place-13
SMITH	Paulo	-----	M	1945	18556	Place-29
SMITH	Suzanne	-----	F	1945	18557	Place-28
SMITH	Bob	-----	M	1945	18558	Place-7
SMITH	Briony	-----	F	1945	18559	Place-6
SMITH	Susan	-----	F	1945	18560	Place-16
SMITH	Sheila	-----	F	1945	18561	Place-26
SMITH	Paulo	-----	M	1945	18562	Place-17
SMITH	Susan	-----	F	1945	18563	Place-13
SMITH	Suzanne	-----	F	1945	18564	Place-17
SMITH	Suzanne	-----	F	1945	18565	Place-27
SMITH	Shawn	-----	M	1945	18566	Place-12
SMITH	Shawn	-----	M	1945	18567	Place-26
SMITH	Sarah	-----	F	1945	18568	Place-21
SMITH	Susan	-----	F	1945	18569	Place-1
SMITH	Seonaid	-----	F	1945	18570	Place-3
SMITH	Selina	-----	F	1945	18571	Place-26
SMITH	Bob	-----	M	1945	18572	Place-14
SMITH	Sharon	-----	F	1945	18573	Place-1
SMITH	James	-----	M	1945	18574	Place-17
SMITH	Bob	-----	M	1945	18575	Place-23
SMITH	James	-----	M	1945	18576	Place-12
SMITH	Joseph	-----	M	1945	18577	Place-26
SMITH	Selina	-----	F	1945	18578	Place-5
SMITH	Jim	-----	M	1945	18579	Place-23
SMITH	Seonaid	-----	F	1945	18580	Place-16
SMITH	Seonaid	-----	F	1945	18581	Place-12
SMITH	Shawn	-----	M	1945	18582	Place-2
SMITH	Shawn	-----	M	1945	18583	Place-21
SMITH	Briony	-----	F	1945	18584	Place-14
SMITH	Paulo	-----	M	1945	18585	Place-25
SMITH	Bob	-----	M	1945	18586	Place-7
SMITH	Jacob	-----	M	1945	18587	Place-7
SMITH	Jim	-----	M	1945	18588	Place-8
SMITH	Selina	-----	F	1945	18589	Place-15
SMITH	Sarah	-----	F	1945	18590	Place-29
SMITH	Jim	-----	M	1945	18591	Place-22
SMITH	Seonaid	-----	F	1945	18592	Place-0
SMITH	Joseph	-----	M	1945	18593	Place-28
SMITH	Jim	-----	M	1945	18594	Place-22
SMITH	Suzanne	-----	F	1945	18595	Place-23
SMITH	Sarah	-----	F	1945	18596	Place-6
SMITH	Paulo	-----	M	1945	18597	Place-1
SMITH	Joseph	-----	M	1945	18598	Place-24
SMITH	Selina	-----	F	1945	18599	Place-27
SMITH	Jim	-----	M	1945	18600	Place-24
SMITH	Bob	-----	M	1945	18601	Place-11
SMITH	Sharon	-----	F	1945	18602	Place-13
SMITH	Jacob	-----	M	1945	18603	Place-15
SMITH	Jim	-----	M	1945	18604	Place-19
SMITH	Susan	-----	F	1945	18605	Place-25
SMITH	Susan	-----	F	1945	18606	Place-26
SMITH	Jim	-----	M	1945	18607	Place-25
SMITH	Joseph	-----	M	1945	18608	Place-22
SMITH	Paulo	-----	M	1945	18609	Place-15
SMITH	Jim	-----	M	1945	18610	Place-12
SMITH	Sheila	-----	F	1945	18611	Place-19
SMITH	Paulo	-----	M	1945	18612	Place-26
SMITH	Jacob	-----	M	1945	18613	Place-24
SMITH	James	-----	M	1945	18614	Place-12
SMITH	Susan	-----	F	1945	18615	Place-21
SMITH	Jenkins	-----	M	1945	18616	Place-5
SMITH	Bob	-----	M	1945	18617	Place-2
SMITH	Sheila	-----	F	1945	18618	Place-24
SMITH	Susan	-----	F	1945	18619	Place-18
SMITH	Jenkins	-----	M	1945	18620	Place-10
SMITH	Joseph	-----	M	1945	18621	Place-1
SMITH	Joseph	-----	M	1945	18622	Place-26
SMITH	Suzanne	-----	F	1945	18623	Place-8
SMITH	Briony	-----	F	1945	18624	Place-16
SMITH	Sarah	-----	F	1945	18625	Place-7
SMITH	Sarah	-----	F	1945	18626	Place-18
SMITH	Sheila	-----	F	1945	18627	Place-0
SMITH	Sharon	-----	F	1945	18628	Place-12
SMITH	Jenkins	-----	M	1945	18629	Place-16
SMITH	Jacob	-----	M	1945	18630	Place-28
SMITH	Joseph	-----	M	1945	18631	Place-0
SMITH	Jenkins	-----	M	1945	18632	Place-28
SMITH	Sarah	-----	F	1945	18633	Place-16
SMITH	Jenkins	-----	M	1945	18634	Place-3
SMITH	Joseph	-----	M	1945	18635	Place-9
SMITH	Briony	-----	F	1945	18636	Place-15
SMITH	Shawn	-----	M	1945	18637	Place-8
SMITH	Suzanne	-----	F	1945	18638	Place-0
SMITH	Suzanne	-----	F	1945	18639	Place-26
SMITH	Jim	-----	M	1945	18640	Place-12
SMITH	Shawn	-----	M	1945	18641	Place-10
SMITH	Shawn	-----	M	1945	18642	Place-22
SMITH	Joseph	-----	M	1945	18643	Place-4
SMITH	Jacob	-----	M	1945	18644	Place-12
SMITH	Joseph	-----	M	1945	18645	Place-14
SMITH	Joseph	-----	M	1945	18646	Place-7
SMITH	Suzanne	-----	F	1945	18647	Place-20
SMITH	Joseph	-----	M	1945	18648	Place-20
SMITH	Seonaid	-----	F	1945	18649	Place-23
SMITH	Paulo	-----	M	1945	18650	Place-8
SMITH	Paulo	-----	M	1945	18651	Place-14
SMITH	Bob	-----	M	1945	18652	Place-20
SMITH	Jim	-----	M	1945	18653	Place-28
SMITH	Joseph	-----	M	1945	18654	Place-9
SMITH	Susan	-----	F	1945	18655	Place-12
SMITH	Jacob	-----	M	1945	18656	Place-21
SMITH	Sheila	-----	F	1945	18657	Place-9
SMITH	Suzanne	-----	F	1945	18658	Place-29
SMITH	Joseph	-----	M	1945	18659	Place-23
SMITH	Jim	-----	M	1945	18660	Place-15
SMITH	Selina	-----	F	1945	18661	Place-1
SMITH	Bob	-----	M	1945	18662	Place-16
SMITH	Suzanne	-----	F	1945	18663	Place-10
SMITH	Suzanne	-----	F	1945	18664	Place-12
SMITH	Sharon	-----	F	1945	18665	Place-29
SMITH	Jim	-----	M	1945	18666	Place-18
SMITH	Selina	-----	F	1945	18667	Place-17
SMITH	Briony	-----	F	1945	18668	Place-26
SMITH	Jenkins	-----	M	1945	18669	Place-6
SMITH	Bob	-----	M	1945	18670	Place-1
SMITH	Briony	-----	F	1945	18671	Place-10
SMITH	Suzanne	-----	F	1945	18672	Place-11
SMITH	Susan	-----	F	1945	18673	Place-3
SMITH	Jenkins	-----	M	1945	18674	Place-19
SMITH	Selina	-----	F	1945	18675	Place-3
SMITH	Suzanne	-----	F	1945	18676	Place-7
SMITH	Sharon	-----	F	1945	18677	Place-21
SMITH	Joseph	-----	M	1945	18678	Place-27
SMITH	Joseph	-----	M	1945	18679	Place-17
SMITH	Sarah	-----	F	1945	18680	Place-6
SMITH	Suzanne	-----	F	1945	18681	Place-26
SMITH	Sharon	-----	F	1945	18682	Place-29
SMITH	Sheila	-----	F	1945	18683	Place-24
SMITH	Susan	-----	F	1945	18684	Place-27
SMITH	Sarah	-----	F	1945	18685	Place-6
SMITH	Bob	-----	M	1945	18686	Place-15
SMITH	Seonaid	-----	F	1945	18687	Place-22
SMITH	Jim	-----	M	1945	18688	Place-21
SMITH	Shawn	-----	M	1945	18689	Place-26
SMITH	Susan	-----	F	1945	18690	Place-22
SMITH	Selina	-----	F	1945	18691	Place-29
SMITH	Selina	-----	F	1945	18692	Place-28
SMITH	Selina	-----	F	1945	18693	Place-17
SMITH	Jacob	-----	M	1945	18694	Place-10
SMITH	Briony	-----	F	1945	18695	Place-10
SMITH	Susan	-----	F	1945	18696	Place-23
SMITH	Joseph	-----	M	1945	18697	Place-5
SMITH	Shawn	-----	M	1945	18698	Place-9
SMITH	Seonaid	-----	F	1945	18699	Place-21
SMITH	Paulo	-----	M	1945	18700	Place-13
SMITH	Paulo	-----	M	1945	18701	Place-17
SMITH	Suzanne	-----	F	1945	18702	Place-3
SMITH	Selina	-----	F	1945	18703	Place-28
SMITH	Jenkins	-----	M	1945	18704	Place-28
SMITH	Susan	-----	F	1945	18705	Place-12
SMITH	Suzanne	-----	F	1945	18706	Place-17
SMITH	Suzanne	-----	F	1945	18707	Place-12
SMITH	Susan	-----	F	1945	18708	Place-25
SMITH	Sharon	-----	F	1945	18709	Place-13
SMITH	Sarah	-----	F	1945	18710	Place-25
SMITH	Shawn	-----	M	1945	18711	Place-6
SMITH	Shawn	-----	M	1945	18712	Place-18
SMITH	Bob	-----	M	1945	18713	Place-15
SMITH	Suzanne	-----	F	1945	18714	Place-28
SMITH	James	-----	M	1945	18715	Place-18
SMITH	Joseph	-----	M	1945	18716	Place-22
SMITH	Joseph	-----	M	1945	18717	Place-9
SMITH	Seonaid	-----	F	1945	18718	Place-18
SMITH	Selina	-----	F	1945	18719	Place-12
SMITH	Jenkins	-----	M	1945	18720	Place-21
SMITH	Suzanne	-----	F	1945	18721	Place-10
SMITH	Sarah	-----	F	1945	18722	Place-19
SMITH	Jim	-----	M	1945	18723	Place-7
SMITH	Suzanne	-----	F	1945	18724	Place-4
SMITH	Briony	-----	F	1945	18725	Place-8
SMITH	Joseph	-----	M	1945	18726	Place-4
SMITH	Sarah	-----	F	1945	18727	Place-4
SMITH	Seonaid	-----	F	1945	18728	Place-25
SMITH	Paulo	-----	M	1945	18729	Place-12
SMITH	Sharon	-----	F	1945	18730	Place-9
SMITH	Suzanne	-----	F	1945	18731	Place-17
SMITH	Selina	-----	F	1945	18732	Place-28
SMITH	Selina	-----	F	1945	18733	Place-6
SMITH	Sheila	-----	F	1945	18734	Place-25
SMITH	Bob	-----	M	1945	18735	Place-3
SMITH	Sarah	-----	F	1945	18736	Place-27
SMITH	Seonaid	-----	F	1945	18737	Place-18
SMITH	Jenkins	-----	M	1945	18738	Place-11
SMITH	Sarah	-----	F	1945	18739	Place-4
SMITH	James	-----	M	1945	18740	Place-19
SMITH	Bob	-----	M	1945	18741	Place-5
SMITH	Joseph	-----	M	1946	18776	Place-19
SMITH	Paulo	-----	M	1946	18777	Place-0
SMITH	Jenkins	-----	M	1946	18778	Place-27
SMITH	Seonaid	-----	F	1946	18779	Place-4
SMITH	Shawn	-----	M	1946	18780	Place-15
SMITH	Susan	-----	F	1946	18781	Place-2
SMITH	Jim	-----	M	1946	18782	Place-1
SMITH	Susan	-----	F	1946	18783	Place-27
SMITH	Sheila	-----	F	1946	18784	Place-15
SMITH	Seonaid	-----	F	1946	18785	Place-4
SMITH	Bob	-----	M	1946	18786	Place-24
SMITH	Shawn	-----	M	1946	18787	Place-8
SMITH	Jim	-----	M	1946	18788	Place-3
SMITH	Selina	-----	F	1946	18789	Place-25
SMITH	Jacob	-----	M	1946	18790	Place-27
SMITH	Susan	-----	F	1946	18791	Place-6
SMITH	Sharon	-----	F	1946	18792	Place-0
SMITH	James	-----	M	1946	18793	Place-19
SMITH	Shawn	-----	M	1946	18794	Place-5
SMITH	Jacob	-----	M	1946	18795	Place-5
SMITH	Sarah	-----	F	1946	18796	Place-2
SMITH	Jenkins	-----	M	1946	18797	Place-22
SMITH	Jacob	-----	M	1946	18798	Place-20
SMITH	Seonaid	-----	F	1946	18799	Place-8
SMITH	Bob	-----	M	1946	18800	Place-26
SMITH	Suzanne	-----	F	1946	18801	Place-11
SMITH	Seonaid	-----	F	1946	18802	Place-14
SMITH	Bob	-----	M	1946	18803	Place-17
SMITH	Jacob	-----	M	1946	18804	Place-27
SMITH	Joseph	-----	M	1946	18805	Place-5
SMITH	Briony	-----	F	1946	18806	Place-17
SMITH	Joseph	-----	M	1946	18807	Place-29
SMITH	Susan	-----	F	1946	18808	Place-16
SMITH	Jacob	-----	M	1946	18809	Place-6
SMITH	Jim	-----	M	1946	18810	Place-24
SMITH	Suzanne	-----	F	1946	18811	Place-15
SMITH	Jim	-----	M	1946	18812	Place-9
SMITH	Shawn	-----	M	1946	18813	Place-22
SMITH	Bob	-----	M	1946	18814	Place-22
SMITH	Jenkins	-----	M	1946	18815	Place-14
SMITH	Jim	-----	M	1946	18816	Place-19
SMITH	Paulo	-----	M	1946	18817	Place-14
SMITH	Suzanne	-----	F	1946	18818	Place-24
SMITH	Susan	-----	F	1946	18819	Place-4
SMITH	Briony	-----	F	1946	18820	Place-23
SMITH	Sarah	-----	F	1946	18821	Place-9
SMITH	Joseph	-----	M	1946	18822	Place-13
SMITH	Seonaid	-----	F	1946	18823	Place-20
SMITH	Sharon	-----	F	1946	18824	Place-23
SMITH	Sharon	-----	F	1946	18825	Place-26
SMITH	Selina	-----	F	1946	18826	Place-28
SMITH	Susan	-----	F	1946	18827	Place-0
SMITH	Selina	-----	F	1946	18828	Place-27
SMITH	Joseph	-----	M	1946	18829	Place-3
SMITH	Joseph	-----	M	1946	18830	Place-25
SMITH	Shawn	-----	M	1946	18831	Place-13
SMITH	Sarah	-----	F	1946	18832	Place-26
SMITH	Selina	-----	F	1946	18833	Place-5
SMITH	Sarah	-----	F	1946	18834	Place-11
SMITH	Sharon	-----	F	1946	18835	Place-20
SMITH	Briony	-----	F	1946	18836	Place-3
SMITH	Suzanne	-----	F	1946	18837	Place-25
SMITH	Jenkins	-----	M	1946	18838	Place-15
SMITH	Sharon	-----	F	1946	18839	Place-2
SMITH	Shawn	-----	M	1946	18840	Place-24
SMITH	Selina	-----	F	1946	18841	Place-3
SMITH	Paulo	-----	M	1946	18842	Place-1
SMITH	Susan	-----	F	1946	18843	Place-13
SMITH	Joseph	-----	M	1946	18844	Place-28
SMITH	Sheila	-----	F	1946	18845	Place-23
SMITH	Suzanne	-----	F	1946	18846	Place-4
SMITH	Briony	-----	F	1946	18847	Place-12
SMITH	Briony	-----	F	1946	18848	Place-22
SMITH	James	-----	M	1946	18849	Place-7
SMITH	Shawn	-----	M	1946	18850	Place-7
SMITH	Sarah	-----	F	1946	18851	Place-16
SMITH	Shawn	-----	M	1946	18852	Place-21
SMITH	Susan	-----	F	1946	18853	Place-27
SMITH	Sarah	-----	F	1946	18854	Place-19
SMITH	Paulo	-----	M	1946	18855	Place-21
SMITH	Jacob	-----	M	1946	18856	Place-17
SMITH	Jenkins	-----	M	1946	18857	Place-21
SMITH	Joseph	-----	M	1946	18858	Place-24
SMITH	Sarah	-----	F	1946	18859	Place-1
SMITH	Jenkins	-----	M	1946	18860	Place-17
SMITH	Selina	-----	F	1946	18861	Place-27
SMITH	Jenkins	-----	M	1946	18862	Place-3
SMITH	Sheila	-----	F	1946	18863	Place-17
SMITH	Sarah	-----	F	1946	18864	Place-7
SMITH	James	-----	M	1946	18865	Place-25
SMITH	Bob	-----	M	1946	18866	Place-3
SMITH	Sarah	-----	F	1946	18867	Place-27
SMITH	Susan	-----	F	1946	18868	Place-2
SMITH	Paulo	-----	M	1946	18869	Place-28
SMITH	Sheila	-----	F	1946	18870	Place-21
SMITH	Shawn	-----	M	1946	18871	Place-24
SMITH	Shawn	-----	M	1946	18872	Place-26
SMITH	Jacob	-----	M	1946	18873	Place-12
SMITH	Seonaid	-----	F	1946	18874	Place-1
SMITH	Paulo	-----	M	1946	18875	Place-17
SMITH	Susan	-----	F	1946	18876	Place-9
SMITH	Selina	-----	F	1946	18877	Place-7
SMITH	Paulo	-----	M	1946	18878	Place-25
SMITH	Suzanne	-----	F	1946	18879	Place-3
SMITH	Sharon	-----	F	1946	18880	Place-6
SMITH	Joseph	-----	M	1946	18881	Place-6
SMITH	Sharon	-----	F	1946	18882	Place-26
SMITH	Briony	-----	F	1946	18883	Place-16
SMITH	Jacob	-----	M	1946	18884	Place-21
SMITH	Jenkins	-----	M	1946	18885	Place-13
SMITH	Paulo	-----	M	1946	18886	Place-5
SMITH	Joseph	-----	M	1946	18887	Place-8
SMITH	Shawn	-----	M	1946	18888	Place-1
SMITH	James	-----	M	1946	18889	Place-16
SMITH	Paulo	-----	M	1946	18890	Place-21
SMITH	Shawn	-----	M	1946	18891	Place-23
SMITH	Sharon	-----	F	1946	18892	Place-13
SMITH	Bob	-----	M	1946	18893	Place-10
SMITH	Sharon	-----	F	1946	18894	Place-28
SMITH	Selina	-----	F	1946	18895	Place-24
SMITH	Selina	-----	F	1946	18896	Place-25
SMITH	Sheila	-----	F	1946	18897	Place-4
SMITH	Paulo	-----	M	1946	18898	Place-7
SMITH	Bob	-----	M	1946	18899	Place-14
SMITH	Paulo	-----	M	1946	18900	Place-20
SMITH	Briony	-----	F	1946	18901	Place-26
SMITH	Sharon	-----	F	1946	18902	Place-11
SMITH	Suzanne	-----	F	1946	18903	Place-24
SMITH	James	-----	M	1946	18904	Place-26
SMITH	Jacob	-----	M	1946	18905	Place-7
SMITH	Sheila	-----	F	1946	18906	Place-29
SMITH	Briony	-----	F	1946	18907	Place-14
SMITH	Selina	-----	F	1946	18908	Place-23
SMITH	Bob	-----	M	1946	18909	Place-11
SMITH	Seonaid	-----	F	1946	18910	Place-23
SMITH	Sheila	-----	F	1946	18911	Place-20
SMITH	Sheila	-----	F	1946	18912	Place-28
SMITH	Jacob	-----	M	1946	18913	Place-17
SMITH	Sheila	-----	F	1946	18914	Place-26
SMITH	Selina	-----	F	1946	18915	Place-24
SMITH	Jacob	-----	M	1946	18916	Place-5
SMITH	Selina	-----	F	1946	18917	Place-14
SMITH	Jacob	-----	M	1946	18918	Place-15
SMITH	James	-----	M	1946	18919	Place-28
SMITH	Sarah	-----	F	1946	18920	Place-7
SMITH	Jacob	-----	M	1946	18921	Place-21
SMITH	Susan	-----	F	1946	18922	Place-29
SMITH	Suzanne	-----	F	1946	18923	Place-13
SMITH	Seonaid	-----	F	1946	18924	Place-22
SMITH	Susan	-----	F	1946	18925	Place-14
SMITH	Jim	-----	M	1946	18926	Place-0
SMITH	Jenkins	-----	M	1946	18927	Place-25
SMITH	Susan	-----	F	1946	18928	Place-28
SMITH	James	-----	M	1946	18929	Place-3
SMITH	Selina	-----	F	1946	18930	Place-9
SMITH	Jenkins	-----	M	1946	18931	Place-26
SMITH	Joseph	-----	M	1946	18932	Place-14
SMITH	Shawn	-----	M	1946	18933	Place-7
SMITH	James	-----	M	1946	18934	Place-1
SMITH	Susan	-----	F	1946	18935	Place-4
SMITH	Sharon	-----	F	1946	18936	Place-8
SMITH	Susan	-----	F	1946	18937	Place-19
SMITH	Shawn	-----	M	1946	18938	Place-4
SMITH	Jenkins	-----	M	1946	18939	Place-22
SMITH	Selina	-----	F	1946	18940	Place-16
SMITH	Seonaid	-----	F	1946	18941	Place-1
SMITH	Briony	-----	F	1946	18942	Place-10
SMITH	Paulo	-----	M	1946	18943	Place-13
SMITH	Jim	-----	M	1946	18944	Place-18
SMITH	Selina	-----	F	1946	18945	Place-2
SMITH	Bob	-----	M	1946	18946	Place-19
SMITH	Jenkins	-----	M	1946	18947	Place-10
SMITH	Jenkins	-----	M	1946	18948	Place-16
SMITH	Selina	-----	F	1946	18949	Place-11
SMITH	Sheila	-----	F	1946	18950	Place-17
SMITH	Sheila	-----	F	1946	18951	Place-16
SMITH	Joseph	-----	M	1946	18952	Place-7
SMITH	Jim	-----	M	1946	18953	Place-21
SMITH	Suzanne	-----	F	1946	18954	Place-6
SMITH	Sheila	-----	F	1946	18955	Place-29
SMITH	Jacob	-----	M	1946	18956	Place-6
SMITH	Sarah	-----	F	1946	18957	Place-2
SMITH	Briony	-----	F	1946	18958	Place-24
SMITH	Selina	-----	F	1946	18959	Place-21
SMITH	Paulo	-----	M	1946	18960	Place-22
SMITH	Seonaid	-----	F	1946	18961	Place-27
SMITH	Sheila	-----	F	1946	18962	Place-12
SMITH	Sharon	-----	F	1946	18963	Place-14
SMITH	Jim	-----	M	1946	18964	Place-19
SMITH	Sheila	-----	F	1946	18965	Place-22
SMITH	Suzanne	-----	F	1946	18966	Place-12
SMITH	Jacob	-----	M	1946	18967	Place-17
SMITH	Joseph	-----	M	1946	18968	Place-24
SMITH	Shawn	-----	M	1946	18969	Place-26
SMITH	Shawn	-----	M	1946	18970	Place-23
SMITH	James	-----	M	1946	18971	Place-3
SMITH	Shawn	-----	M	1946	18972	Place-2
SMITH	Bob	-----	M	1946	18973	Place-13
SMITH	James	-----	M	1946	18974	Place-5
SMITH	Sarah	-----	F	1946	18975	Place-17
SMITH	Bob	-----	M	1946	18976	Place-26
SMITH	Jacob	-----	M	1946	18977	Place-8
SMITH	Suzanne	-----	F	1946	18978	Place-18
SMITH	Paulo	-----	M	1946	18979	Place-16
SMITH	Briony	-----	F	1946	18980	Place-3
SMITH	Sarah	-----	F	1946	18981	Place-23
SMITH	Jim	-----	M	1946	18982	Place-13
SMITH	Susan	-----	F	1946	18983	Place-19
SMITH	Bob	-----	M	1946	18984	Place-12
SMITH	Bob	-----	M	1946	18985	Place-10
SMITH	Bob	-----	M	1946	18986	Place-2
SMITH	James	-----	M	1946	18987	Place-19
SMITH	Seonaid	-----	F	1946	18988	Place-2
SMITH	Jenkins	-----	M	1946	18989	Place-0
SMITH	Sarah	-----	F	1946	18990	Place-9
SMITH	Briony	-----	F	1946	18991	Place-19
SMITH	Sarah	-----	F	1946	18992	Place-26
SMITH	Sharon	-----	F	1946	18993	Place-27
SMITH	Joseph	-----	M	1946	18994	Place-10
SMITH	Sheila	-----	F	1946	18995	Place-29
SMITH	Jacob	-----	M	1946	18996	Place-20
SMITH	Briony	-----	F	1946	18997	Place-21
SMITH	Suzanne	-----	F	1946	18998	Place-28
SMITH	Selina	-----	F	1946	18999	Place-28
SMITH	Suzanne	-----	F	1946	19000	Place-0
SMITH	Briony	-----	F	1946	19001	Place-21
SMITH	Jim	-----	M	1946	19002	Place-29
SMITH	Paulo	-----	M	1946	19003	Place-6
SMITH	Sheila	-----	F	1946	19004	Place-13
SMITH	Suzanne	-----	F	1946	19005	Place-10
SMITH	Sarah	-----	F	1946	19006	Place-12
SMITH	Jim	-----	M	1946	19007	Place-6
SMITH	Jacob	-----	M	1946	19008	Place-9
SMITH	Seonaid	-----	F	1946	19009	Place-20
SMITH	Paulo	-----	M	1946	19010	Place-5
SMITH	Jacob	-----	M	1946	19011	Place-27
SMITH	Joseph	-----	M	1946	19012	Place-18
SMITH	Bob	-----	M	1946	19013	Place-9
SMITH	Jim	-----	M	1946	19014	Place-9
SMITH	Jacob	-----	M	1947	19043	Place-6
SMITH	Paulo	-----	M	1947	19044	Place-23
SMITH	Joseph	-----	M	1947	19045	Place-9
SMITH	Jim	-----	M	1947	19046	Place-22
SMITH	Bob	-----	M	1947	19047	Place-18
SMITH	Bob	-----	M	1947	19048	Place-27
SMITH	Sarah	-----	F	1947	19049	Place-0
SMITH	Shawn	-----	M	1947	19050	Place-25
SMITH	James	-----	M	1947	19051	Place-6
SMITH	Susan	-----	F	1947	19052	Place-18
SMITH	Suzanne	-----	F	1947	19053	Place-23
SMITH	Jenkins	-----	M	1947	19054	Place-6
SMITH	Suzanne	-----	F	1947	19055	Place-27
SMITH	Jim	-----	M	1947	19056	Place-8
SMITH	Sheila	-----	F	1947	19057	Place-20
SMITH	Jenkins	-----	M	1947	19058	Place-20
SMITH	Joseph	-----	M	1947	19059	Place-26
SMITH	Jacob	-----	M	1947	19060	Place-12
SMITH	Jim	-----	M	1947	19061	Place-8
SMITH	Sharon	-----	F	1947	19062	Place-13
SMITH	Selina	-----	F	1947	19063	Place-12
SMITH	Jenkins	-----	M	1947	19064	Place-28
SMITH	Joseph	-----	M	1947	19065	Place-5
SMITH	Suzanne	-----	F	1947	19066	Place-14
SMITH	Jim	-----	M	1947	19067	Place-0
SMITH	Briony	-----	F	1947	19068	Place-11
SMITH	Paulo	-----	M	1947	19069	Place-20
SMITH	Jim	-----	M	1947	19070	Place-9
SMITH	Briony	-----	F	1947	19071	Place-15
SMITH	Joseph	-----	M	1947	19072	Place-16
SMITH	Paulo	-----	M	1947	19073	Place-0
SMITH	Sheila	-----	F	1947	19074	Place-29
SMITH	Seonaid	-----	F	1947	19075	Place-12
SMITH	Shawn	-----	M	1947	19076	Place-8
SMITH	Jacob	-----	M	1947	19077	Place-1
SMITH	Seonaid	-----	F	1947	19078	Place-8
SMITH	Paulo	-----	M	1947	19079	Place-12
SMITH	Jenkins	-----	M	1947	19080	Place-13
SMITH	Sheila	-----	F	1947	19081	Place-5
SMITH	Sharon	-----	F	1947	19082	Place-14
SMITH	Seonaid	-----	F	1947	19083	Place-2
SMITH	Sarah	-----	F	1947	19084	Place-29
SMITH	Paulo	-----	M	1947	19085	Place-26
SMITH	Sheila	-----	F	1947	19086	Place-20
SMITH	Paulo	-----	M	1947	19087	Place-7
SMITH	Sheila	-----	F	1947	19088	Place-6
SMITH	Jim	-----	M	1947	19089	Place-27
SMITH	Joseph	-----	M	1947	19090	Place-16
SMITH	Jenkins	-----	M	1947	19091	Place-5
SMITH	Bob	-----	M	1947	19092	Place-29
SMITH	Jenkins	-----	M	1947	19093	Place-17
SMITH	Sheila	-----	F	1947	19094	Place-20
SMITH	Shawn	-----	M	1947	19095	Place-24
SMITH	Susan	-----	F	1947	19096	Place-6
SMITH	Susan	-----	F	1947	19097	Place-25
SMITH	Jim	-----	M	1947	19098	Place-7
SMITH	Bob	-----	M	1947	19099	Place-2
SMITH	Joseph	-----	M	1947	19100	Place-17
SMITH	Sheila	-----	F	1947	19101	Place-1
SMITH	Suzanne	-----	F	1947	19102	Place-24
SMITH	Jenkins	-----	M	1947	19103	Place-11
SMITH	Jacob	-----	M	1947	19104	Place-13
SMITH	Seonaid	-----	F	1947	19105	Place-25
SMITH	Jacob	-----	M	1947	19106	Place-24
SMITH	Susan	-----	F	1947	19107	Place-28
SMITH	Jacob	-----	M	1947	19108	Place-25
SMITH	Jacob	-----	M	1947	19109	Place-26
SMITH	Sharon	-----	F	1947	19110	Place-23
SMITH	Bob	-----	M	1947	19111	Place-13
SMITH	Paulo	-----	M	1947	19112	Place-18
SMITH	Briony	-----	F	1947	19113	Place-27
SMITH	James	-----	M	1947	19114	Place-8
SMITH	Suzanne	-----	F	1947	19115	Place-3
SMITH	Sheila	-----	F	1947	19116	Place-22
SMITH	Susan	-----	F	1947	19117	Place-17
SMITH	Sheila	-----	F	1947	19118	Place-18
SMITH	Jacob	-----	M	1947	19119	Place-27
SMITH	Seonaid	-----	F	1947	19120	Place-15
SMITH	Suzanne	-----	F	1947	19121	Place-16
SMITH	Bob	-----	M	1947	19122	Place-25
SMITH	James	-----	M	1947	19123	Place-11
SMITH	Selina	-----	F	1947	19124	Place-4
SMITH	Jacob	-----	M	1947	19125	Place-28
SMITH	Seonaid	-----	F	1947	19126	Place-1
SMITH	Bob	-----	M	1947	19127	Place-10
SMITH	Suzanne	-----	F	1947	19128	Place-24
SMITH	Susan	-----	F	1947	19129	Place-21
SMITH	Seonaid	-----	F	1947	19130	Place-19
SMITH	Sheila	-----	F	1947	19131	Place-5
SMITH	Briony	-----	F	1947	19132	Place-6
SMITH	Suzanne	-----	F	1947	19133	Place-9
SMITH	Paulo	-----	M	1947	19134	Place-0
SMITH	Jim	-----	M	1947	19135	Place-25
SMITH	Jacob	-----	M	1947	19136	Place-23
SMITH	Susan	-----	F	1947	19137	Place-20
SMITH	Joseph	-----	M	1947	19138	Place-22
SMITH	Jenkins	-----	M	1947	19139	Place-22
SMITH	Bob	-----	M	1947	19140	Place-17
SMITH	Selina	-----	F	1947	19141	Place-23
SMITH	Suzanne	-----	F	1947	19142	Place-2
SMITH	Selina	-----	F	1947	19143	Place-6
SMITH	Sheila	-----	F	1947	19144	Place-1
SMITH	Selina	-----	F	1947	19145	Place-6
SMITH	Shawn	-----	M	1947	19146	Place-24
SMITH	Joseph	-----	M	1947	19147	Place-9
SMITH	Joseph	-----	M	1947	19148	Place-25
SMITH	Briony	-----	F	1947	19149	Place-4
SMITH	Sharon	-----	F	1947	19150	Place-18
SMITH	Briony	-----	F	1947	19151	Place-27
SMITH	Joseph	-----	M	1947	19152	Place-11
SMITH	Jacob	-----	M	1947	19153	Place-16
SMITH	Seonaid	-----	F	1947	19154	Place-20
SMITH	Shawn	-----	M	1947	19155	Place-7
SMITH	Shawn	-----	M	1947	19156	Place-6
SMITH	Shawn	-----	M	1947	19157	Place-21
SMITH	Suzanne	-----	F	1947	19158	Place-20
SMITH	Paulo	-----	M	1947	19159	Place-6
SMITH	Joseph	-----	M	1947	19160	Place-23
SMITH	Bob	-----	M	1947	19161	Place-4
SMITH	Briony	-----	F	1947	19162	Place-6
SMITH	Shawn	-----	M	1947	19163	Place-5
SMITH	Jacob	-----	M	1947	19164	Place-12
SMITH	Susan	-----	F	1947	19165	Place-26
SMITH	Briony	-----	F	1947	19166	Place-6
SMITH	Sharon	-----	F	1947	19167	Place-21
SMITH	Paulo	-----	M	1947	19168	Place-28
SMITH	Jacob	-----	M	1947	19169	Place-13
SMITH	Jenkins	-----	M	1947	19170	Place-27
SMITH	Sharon	-----	F	1947	19171	Place-8
SMITH	Susan	-----	F	1947	19172	Place-18
SMITH	Sharon	-----	F	1947	19173	Place-0
SMITH	Jacob	-----	M	1947	19174	Place-28
SMITH	Selina	-----	F	1947	19175	Place-11
SMITH	James	-----	M	1947	19176	Place-4
SMITH	Briony	-----	F	1947	19177	Place-4
SMITH	Sheila	-----	F	1947	19178	Place-0
SMITH	Bob	-----	M	1947	19179	Place-6
SMITH	Jim	-----	M	1947	19180	Place-27
SMITH	Shawn	-----	M	1947	19181	Place-19
SMITH	Seonaid	-----	F	1947	19182	Place-10
SMITH	Jenkins	-----	M	1947	19183	Place-1
SMITH	Sharon	-----	F	1947	19184	Place-25
SMITH	James	-----	M	1947	19185	Place-15
SMITH	Sheila	-----	F	1947	19186	Place-27
SMITH	Bob	-----	M	1947	19187	Place-25
SMITH	Briony	-----	F	1947	19188	Place-17
SMITH	Joseph	-----	M	1947	19189	Place-24
SMITH	Joseph	-----	M	1947	19190	Place-2
SMITH	Susan	-----	F	1947	19191	Place-19
SMITH	Sharon	-----	F	1947	19192	Place-26
SMITH	Bob	-----	M	1947	19193	Place-23
SMITH	Shawn	-----	M	1947	19194	Place-19
SMITH	Shawn	-----	M	1947	19195	Place-12
SMITH	Jim	-----	M	1947	19196	Place-8
SMITH	Sarah	-----	F	1947	19197	Place-26
SMITH	Shawn	-----	M	1947	19198	Place-12
SMITH	James	-----	M	1947	19199	Place-5
SMITH	Sharon	-----	F	1947	19200	Place-15
SMITH	Selina	-----	F	1947	19201	Place-20
SMITH	Seonaid	-----	F	1947	19202	Place-14
SMITH	Sarah	-----	F	1947	19203	Place-13
SMITH	Jacob	-----	M	1947	19204	Place-27
SMITH	Briony	-----	F	1947	19205	Place-29
SMITH	Jim	-----	M	1947	19206	Place-19
SMITH	Shawn	-----	M	1947	19207	Place-14
SMITH	Joseph	-----	M	1947	19208	Place-1
SMITH	Sheila	-----	F	1947	19209	Place-3
SMITH	Joseph	-----	M	1947	19210	Place-9
SMITH	James	-----	M	1947	19211	Place-20
SMITH	Seonaid	-----	F	1947	19212	Place-14
SMITH	James	-----	M	1947	19213	Place-20
SMITH	Jenkins	-----	M	1947	19214	Place-26
SMITH	Jenkins	-----	M	1947	19215	Place-15
SMITH	Suzanne	-----	F	1947	19216	Place-28
SMITH	Jenkins	-----	M	1947	19217	Place-20
SMITH	Jacob	-----	M	1947	19218	Place-23
SMITH	Selina	-----	F	1947	19219	Place-2
SMITH	Sharon	-----	F	1947	19220	Place-25
SMITH	Briony	-----	F	1947	19221	Place-4
SMITH	Briony	-----	F	1947	19222	Place-19
SMITH	Sarah	-----	F	1947	19223	Place-7
SMITH	Bob	-----	M	1947	19224	Place-22
SMITH	Jenkins	-----	M	1947	19225	Place-8
SMITH	Sheila	-----	F	1947	19226	Place-4
SMITH	James	-----	M	1947	19227	Place-9
SMITH	Joseph	-----	M	1947	19228	Place-22
SMITH	Selina	-----	F	1947	19229	Place-4
SMITH	Suzanne	-----	F	1947	19230	Place-9
SMITH	Susan	-----	F	1947	19231	Place-25
SMITH	Joseph	-----	M	1947	19232	Place-27
SMITH	Paulo	-----	M	1947	19233	Place-20
SMITH	Briony	-----	F	1947	19234	Place-8
SMITH	Jim	-----	M	1947	19235	Place-17
SMITH	Seonaid	-----	F	1947	19236	Place-16
SMITH	Sharon	-----	F	1947	19237	Place-20
SMITH	James	-----	M	1947	19238	Place-12
SMITH	Jacob	-----	M	1947	19239	Place-10
SMITH	Sharon	-----	F	1947	19240	Place-21
SMITH	Suzanne	-----	F	1947	19241	Place-3
SMITH	Susan	-----	F	1947	19242	Place-0
SMITH	Joseph	-----	M	1947	19243	Place-11
SMITH	Joseph	-----	M	1947	19244	Place-12
SMITH	Jim	-----	M	1947	19245	Place-6
SMITH	Joseph	-----	M	1947	19246	Place-29
SMITH	Jim	-----	M	1947	19247	Place-7
SMITH	Joseph	-----	M	1947	19248	Place-12
SMITH	James	-----	M	1947	19249	Place-7
SMITH	Jim	-----	M	1947	19250	Place-8
SMITH	Paulo	-----	M	1947	19251	Place-3
SMITH	Jim	-----	M	1947	19252	Place-19
SMITH	Susan	-----	F	1947	19253	Place-9
SMITH	Sheila	-----	F	1947	19254	Place-10
SMITH	Suzanne	-----	F	1947	19255	Place-28
SMITH	Sheila	-----	F	1947	19256	Place-29
SMITH	Shawn	-----	M	1947	19257	Place-22
SMITH	Sarah	-----	F	1947	19258	Place-0
SMITH	Briony	-----	F	1947	19259	Place-26
SMITH	Susan	-----	F	1947	19260	Place-11
SMITH	Paulo	-----	M	1947	19261	Place-29
SMITH	Briony	-----	F	1947	19262	Place-21
SMITH	Joseph	-----	M	1947	19263	Place-24
SMITH	Susan	-----	F	1947	19264	Place-7
SMITH	Jim	-----	M	1947	19265	Place-23
SMITH	Sarah	-----	F	1947	19266	Place-25
SMITH	Bob	-----	M	1947	19267	Place-14
SMITH	Jim	-----	M	1947	19268	Place-24
SMITH	Joseph	-----	M	1947	19269	Place-28
SMITH	Paulo	-----	M	1947	19270	Place-16
SMITH	Paulo	-----	M	1947	19271	Place-8
SMITH	Briony	-----	F	1947	19272	Place-12
SMITH	Suzanne	-----	F	1947	19273	Place-20
SMITH	James	-----	M	1947	19274	Place-2
SMITH	Jacob	-----	M	1947	19275	Place-19
SMITH	Briony	-----	F	1947	19276	Place-16
SMITH	Sheila	-----	F	1947	19277	Place-3
SMITH	Shawn	-----	M	1947	19278	Place-2
SMITH	James	-----	M	1947	19279	Place-13
SMITH	James	-----	M	1947	19280	Place-25
SMITH	James	-----	M	1947	19281	Place-7
SMITH	James	-----	M	1947	19282	Place-6
SMITH	Paulo	-----	M	1947	19283	Place-0
SMITH	Susan	-----	F	1947	19284	Place-4
SMITH	Selina	-----	F	1947	19285	Place-6
SMITH	Sheila	-----	F	1947	19286	Place-21
SMITH	Jenkins	-----	M	1947	19287	Place-6
SMITH	Selina	-----	F	1947	19288	Place-16
SMITH	Selina	-----	F	1947	19289	Place-27
SMITH	Sharon	-----	F	1947	19290	Place-27
SMITH	Sharon	-----	F	1947	19291	Place-6
SMITH	Jim	-----	M	1947	19292	Place-11
SMITH	Shawn	-----	M	1947	19293	Place-9
SMITH	Briony	-----	F	1947	19294	Place-24
SMITH	Suzanne	-----	F	1947	19295	Place-4
SMITH	Jenkins	-----	M	1947	19296	Place-23
SMITH	Paulo	-----	M	1947	19297	Place-9
SMITH	Susan	-----	F	1947	19298	Place-9
SMITH	Suzanne	-----	F	1947	19299	Place-19
SMITH	Sarah	-----	F	1947	19300	Place-24
SMITH	Suzanne	-----	F	1947	19301	Place-27
SMITH	James	-----	M	1948	19346	Place-10
SMITH	Bob	-----	M	1948	19347	Place-14
SMITH	Sarah	-----	F	1948	19348	Place-18
SMITH	Jacob	-----	M	1948	19349	Place-23
SMITH	Susan	-----	F	1948	19350	Place-22
SMITH	Jacob	-----	M	1948	19351	Place-11
SMITH	Shawn	-----	M	1948	19352	Place-8
SMITH	Sarah	-----	F	1948	19353	Place-9
SMITH	Jim	-----	M	1948	19354	Place-3
SMITH	Sharon	-----	F	1948	19355	Place-18
SMITH	Jacob	-----	M	1948	19356	Place-25
SMITH	Joseph	-----	M	1948	19357	Place-9
SMITH	Jenkins	-----	M	1948	19358	Place-0
SMITH	Selina	-----	F	1948	19359	Place-6
SMITH	Jacob	-----	M	1948	19360	Place-23
SMITH	Joseph	-----	M	1948	19361	Place-12
SMITH	Jim	-----	M	1948	19362	Place-0
SMITH	Selina	-----	F	1948	19363	Place-9
SMITH	Jenkins	-----	M	1948	19364	Place-11
SMITH	Selina	-----	F	1948	19365	Place-29
SMITH	Jenkins	-----	M	1948	19366	Place-14
SMITH	Bob	-----	M	1948	19367	Place-22
SMITH	Jacob	-----	M	1948	19368	Place-28
SMITH	Susan	-----	F	1948	19369	Place-7
SMITH	Sheila	-----	F	1948	19370	Place-23
SMITH	Briony	-----	F	1948	19371	Place-5
SMITH	Suzanne	-----	F	1948	19372	Place-18
SMITH	Briony	-----	F	1948	19373	Place-9
SMITH	Sharon	-----	F	1948	19374	Place-18
SMITH	Briony	-----	F	1948	19375	Place-15
SMITH	Jenkins	-----	M	1948	19376	Place-24
SMITH	Selina	-----	F	1948	19377	Place-11
SMITH	Sarah	-----	F	1948	19378	Place-6
SMITH	Paulo	-----	M	1948	19379	Place-2
SMITH	Seonaid	-----	F	1948	19380	Place-28
SMITH	Bob	-----	M	1948	19381	Place-3
SMITH	Jenkins	-----	M	1948	19382	Place-19
SMITH	Joseph	-----	M	1948	19383	Place-6
SMITH	Bob	-----	M	1948	19384	Place-8
SMITH	Sheila	-----	F	1948	19385	Place-22
SMITH	James	-----	M	1948	19386	Place-13
SMITH	Shawn	-----	M	1948	19387	Place-24
SMITH	Joseph	-----	M	1948	19388	Place-10
SMITH	Paulo	-----	M	1948	19389	Place-25
SMITH	Paulo	-----	M	1948	19390	Place-3
SMITH	James	-----	M	1948	19391	Place-6
SMITH	Sharon	-----	F	1948	19392	Place-22
SMITH	Jacob	-----	M	1948	19393	Place-4
SMITH	Seonaid	-----	F	1948	19394	Place-6
SMITH	Susan	-----	F	1948	19395	Place-22
SMITH	Sarah	-----	F	1948	19396	Place-16
SMITH	Suzanne	-----	F	1948	19397	Place-20
SMITH	Sheila	-----	F	1948	19398	Place-21
SMITH	Suzanne	-----	F	1948	19399	Place-27
SMITH	Sharon	-----	F	1948	19400	Place-21
SMITH	Joseph	-----	M	1948	19401	Place-12
SMITH	Jenkins	-----	M	1948	19402	Place-18
SMITH	Jim	-----	M	1948	19403	Place-5
SMITH	Joseph	-----	M	1948	19404	Place-9
SMITH	Sharon	-----	F	1948	19405	Place-19
SMITH	Joseph	-----	M	1948	19406	Place-28
SMITH	Selina	-----	F	1948	19407	Place-10
SMITH	Sheila	-----	F	1948	19408	Place-5
SMITH	James	-----	M	1948	19409	Place-11
SMITH	Suzanne	-----	F	1948	19410	Place-10
SMITH	Suzanne	-----	F	1948	19411	Place-14
SMITH	Shawn	-----	M	1948	19412	Place-6
SMITH	Susan	-----	F	1948	19413	Place-18
SMITH	Bob	-----	M	1948	19414	Place-17
SMITH	Jenkins	-----	M	1948	19415	Place-18
SMITH	Sheila	-----	F	1948	19416	Place-15
SMITH	Paulo	-----	M	1948	19417	Place-2
SMITH	Jenkins	-----	M	1948	19418	Place-27
SMITH	Bob	-----	M	1948	19419	Place-14
SMITH	Paulo	-----	M	1948	19420	Place-23
SMITH	Suzanne	-----	F	1948	19421	Place-3
SMITH	Jim	-----	M	1948	19422	Place-22
SMITH	Joseph	-----	M	1948	19423	Place-13
SMITH	Sharon	-----	F	1948	19424	Place-1
SMITH	Suzanne	-----	F	1948	19425	Place-25
SMITH	James	-----	M	1948	19426	Place-13
SMITH	Jim	-----	M	1948	19427	Place-27
SMITH	Suzanne	-----	F	1948	19428	Place-4
SMITH	Jenkins	-----	M	1948	19429	Place-29
SMITH	Suzanne	-----	F	1948	19430	Place-8
SMITH	Jim	-----	M	1948	19431	Place-23
SMITH	Jim	-----	M	1948	19432	Place-22
SMITH	Joseph	-----	M	1948	19433	Place-27
SMITH	Joseph	-----	M	1948	19434	Place-21
SMITH	Briony	-----	F	1948	19435	Place-15
SMITH	Suzanne	-----	F	1948	19436	Place-29
SMITH	Briony	-----	F	1948	19437	Place-25
SMITH	Seonaid	-----	F	1948	19438	Place-13
SMITH	Shawn	-----	M	1948	19439	Place-29
SMITH	Bob	-----	M	1948	19440	Place-4
SMITH	Jacob	-----	M	1948	19441	Place-16
SMITH	Paulo	-----	M	1948	19442	Place-2
SMITH	Jenkins	-----	M	1948	19443	Place-27
SMITH	Susan	-----	F	1948	19444	Place-1
SMITH	Selina	-----	F	1948	19445	Place-21
SMITH	Shawn	-----	M	1948	19446	Place-4
SMITH	Shawn	-----	M	1948	19447	Place-24
SMITH	Selina	-----	F	1948	19448	Place-26
SMITH	Joseph	-----	M	1948	19449	Place-15
SMITH	Jim	-----	M	1948	19450	Place-20
SMITH	Bob	-----	M	1948	19451	Place-5
SMITH	James	-----	M	1948	19452	Place-8
SMITH	Seonaid	-----	F	1948	19453	Place-6
SMITH	Suzanne	-----	F	1948	19454	Place-3
SMITH	Susan	-----	F	1948	19455	Place-14
SMITH	Selina	-----	F	1948	19456	Place-28
SMITH	Paulo	-----	M	1948	19457	Place-18
SMITH	Seonaid	-----	F	1948	19458	Place-4
SMITH	Jim	-----	M	1948	19459	Place-25
SMITH	Briony	-----	F	1948	19460	Place-28
SMITH	Seonaid	-----	F	1948	19461	Place-13
SMITH	Jenkins	-----	M	1948	19462	Place-21
SMITH	Jim	-----	M	1948	19463	Place-25
SMITH	Seonaid	-----	F	1948	19464	Place-10
SMITH	Shawn	-----	M	1948	19465	Place-14
SMITH	Briony	-----	F	1948	19466	Place-29
SMITH	Briony	-----	F	1948	19467	Place-17
SMITH	Joseph	-----	M	1948	19468	Place-24
SMITH	Selina	-----	F	1948	19469	Place-22
SMITH	Suzanne	-----	F	1948	19470	Place-28
SMITH	Shawn	-----	M	1948	19471	Place-16
SMITH	Jacob	-----	M	1948	19472	Place-13
SMITH	Sharon	-----	F	1948	19473	Place-4
SMITH	Susan	-----	F	1948	19474	Place-28
SMITH	Jacob	-----	M	1948	19475	Place-28
SMITH	Selina	-----	F	1948	19476	Place-29
SMITH	Joseph	-----	M	1948	19477	Place-15
SMITH	Paulo	-----	M	1948	19478	Place-7
SMITH	Selina	-----	F	1948	19479	Place-25
SMITH	Paulo	-----	M	1948	19480	Place-15
SMITH	Paulo	-----	M	1948	19481	Place-16
SMITH	Sharon	-----	F	1948	19482	Place-10
SMITH	Bob	-----	M	1948	19483	Place-16
SMITH	Sarah	-----	F	1948	19484	Place-10
SMITH	Selina	-----	F	1948	19485	Place-17
SMITH	Bob	-----	M	1948	19486	Place-7
SMITH	James	-----	M	1948	19487	Place-2
SMITH	Paulo	-----	M	1948	19488	Place-18
SMITH	Paulo	-----	M	1948	19489	Place-21
SMITH	Suzanne	-----	F	1948	19490	Place-7
SMITH	James	-----	M	1948	19491	Place-11
SMITH	Sheila	-----	F	1948	19492	Place-24
SMITH	Shawn	-----	M	1948	19493	Place-0
SMITH	Shawn	-----	M	1948	19494	Place-5
SMITH	Joseph	-----	M	1948	19495	Place-20
SMITH	Suzanne	-----	F	1948	19496	Place-21
SMITH	Selina	-----	F	1948	19497	Place-21
SMITH	Bob	-----	M	1948	19498	Place-12
SMITH	Selina	-----	F	1948	19499	Place-13
SMITH	Seonaid	-----	F	1948	19500	Place-7
SMITH	Sheila	-----	F	1948	19501	Place-21
SMITH	Suzanne	-----	F	1948	19502	Place-21
SMITH	Jenkins	-----	M	1948	19503	Place-7
SMITH	Joseph	-----	M	1948	19504	Place-8
SMITH	Seonaid	-----	F	1948	19505	Place-21
SMITH	Seonaid	-----	F	1948	19506	Place-11
SMITH	Joseph	-----	M	1948	19507	Place-25
SMITH	James	-----	M	1948	19508	Place-9
SMITH	Jenkins	-----	M	1948	19509	Place-28
SMITH	Selina	-----	F	1948	19510	Place-11
SMITH	Sheila	-----	F	1948	19511	Place-17
SMITH	Briony	-----	F	1948	19512	Place-5
SMITH	Jenkins	-----	M	1948	19513	Place-22
SMITH	Jenkins	-----	M	1948	19514	Place-12
SMITH	Sharon	-----	F	1948	19515	Place-14
SMITH	Jacob	-----	M	1948	19516	Place-10
SMITH	Bob	-----	M	1948	19517	Place-4
SMITH	Sheila	-----	F	1948	19518	Place-19
SMITH	Seonaid	-----	F	1948	19519	Place-4
SMITH	Paulo	-----	M	1948	19520	Place-21
SMITH	Sharon	-----	F	1948	19521	Place-16
SMITH	Jacob	-----	M	1948	19522	Place-12
SMITH	Suzanne	-----	F	1948	19523	Place-1
SMITH	Briony	-----	F	1948	19524	Place-26
SMITH	Sheila	-----	F	1948	19525	Place-21
SMITH	Susan	-----	F	1948	19526	Place-18
SMITH	Paulo	-----	M	1948	19527	Place-23
SMITH	Seonaid	-----	F	1948	19528	Place-5
SMITH	Seonaid	-----	F	1948	19529	Place-19
SMITH	Briony	-----	F	1948	19530	Place-23
SMITH	James	-----	M	1948	19531	Place-8
SMITH	Jim	-----	M	1948	19532	Place-2
SMITH	Bob	-----	M	1948	19533	Place-17
SMITH	Briony	-----	F	1948	19534	Place-21
SMITH	Shawn	-----	M	1948	19535	Place-12
SMITH	Shawn	-----	M	1948	19536	Place-1
SMITH	James	-----	M	1948	19537	Place-8
SMITH	Suzanne	-----	F	1948	19538	Place-5
SMITH	Sarah	-----	F	1948	19539	Place-19
SMITH	James	-----	M	1948	19540	Place-14
SMITH	Jacob	-----	M	1948	19541	Place-0
SMITH	Sheila	-----	F	1948	19542	Place-20
SMITH	Seonaid	-----	F	1948	19543	Place-28
SMITH	Sharon	-----	F	1948	19544	Place-15
SMITH	Bob	-----	M	1948	19545	Place-29
SMITH	James	-----	M	1948	19546	Place-16
SMITH	Jenkins	-----	M	1948	19547	Place-0
SMITH	Sheila	-----	F	1948	19548	Place-0
SMITH	Paulo	-----	M	1948	19549	Place-12
SMITH	Susan	-----	F	1948	19550	Place-27
SMITH	Jacob	-----	M	1948	19551	Place-4
SMITH	Sarah	-----	F	1948	19552	Place-23
SMITH	Bob	-----	M	1948	19553	Place-8
SMITH	Joseph	-----	M	1948	19554	Place-18
SMITH	Briony	-----	F	1948	19555	Place-3
SMITH	Sarah	-----	F	1948	19556	Place-14
SMITH	Jacob	-----	M	1948	19557	Place-7
SMITH	Seonaid	-----	F	1948	19558	Place-29
SMITH	Suzanne	-----	F	1948	19559	Place-23
SMITH	Sheila	-----	F	1948	19560	Place-4
SMITH	Seonaid	-----	F	1948	19561	Place-22
SMITH	Seonaid	-----	F	1948	19562	Place-12
SMITH	Paulo	-----	M	1948	19563	Place-16
SMITH	Susan	-----	F	1948	19564	Place-6
SMITH	Shawn	-----	M	1948	19565	Place-25
SMITH	Sharon	-----	F	1948	19566	Place-11
SMITH	Seonaid	-----	F	1948	19567	Place-0
SMITH	Joseph	-----	M	1948	19568	Place-27
SMITH	Suzanne	-----	F	1948	19569	Place-26
SMITH	Susan	-----	F	1948	19570	Place-29
SMITH	Shawn	-----	M	1948	19571	Place-25
SMITH	Bob	-----	M	1948	19572	Place-6
SMITH	James	-----	M	1948	19573	Place-9
SMITH	Seonaid	-----	F	1948	19574	Place-13
SMITH	Selina	-----	F	1948	19575	Place-28
SMITH	Selina	-----	F	1948	19576	Place-26
SMITH	Selina	-----	F	1948	19577	Place-29
SMITH	Suzanne	-----	F	1948	19578	Place-0
SMITH	Paulo	-----	M	1948	19579	Place-11
SMITH	Briony	-----	F	1948	19580	Place-17
SMITH	Sheila	-----	F	1948	19581	Place-17
SMITH	Bob	-----	M	1948	19582	Place-23
SMITH	Paulo	-----	M	1948	19583	Place-5
SMITH	Jacob	-----	M	1948	19584	Place-13
SMITH	Bob	-----	M	1948	19585	Place-0
SMITH	Briony	-----	F	1948	19586	Place-18
SMITH	Jacob	-----	M	1948	19587	Place-20
SMITH	Susan	-----	F	1948	19588	Place-19
SMITH	Jacob	-----	M	1948	19589	Place-10
SMITH	James	-----	M	1948	19590	Place-10
SMITH	Shawn	-----	M	1948	19591	Place-9
SMITH	Briony	-----	F	1948	19592	Place-26
SMITH	Paulo	-----	M	1948	19593	Place-3
SMITH	Sarah	-----	F	1948	19594	Place-25
SMITH	Seonaid	-----	F	1948	19595	Place-29
SMITH	Susan	-----	F	1948	19596	Place-23
SMITH	Joseph	-----	M	1948	19597	Place-27
SMITH	Briony	-----	F	1948	19598	Place-17
SMITH	Sarah	-----	F	1948	19599	Place-7
SMITH	Selina	-----	F	1948	19600	Place-25
SMITH	Jenkins	-----	M	1948	19601	Place-10
SMITH	Jenkins	-----	M	1948	19602	Place-8
SMITH	Jim	-----	M	1948	19603	Place-16
SMITH	Paulo	-----	M	1948	19604	Place-0
SMITH	Sarah	-----	F	1948	19605	Place-8
SMITH	Susan	-----	F	1948	19606	Place-25
SMITH	Joseph	-----	M	1948	19607	Place-4
SMITH	Briony	-----	F	1948	19608	Place-6
SMITH	Seonaid	-----	F	1948	19609	Place-20
SMITH	Sheila	-----	F	1948	19610	Place-13
SMITH	Briony	-----	F	1948	19611	Place-4
SMITH	Susan	-----	F	1948	19612	Place-23
SMITH	James	-----	M	1948	19613	Place-15
SMITH	Bob	-----	M	1948	19614	Place-12
SMITH	Sheila	-----	F	1948	19615	Place-3
SMITH	Paulo	-----	M	1948	19616	Place-23
SMITH	Jim	-----	M	1948	19617	Place-22
SMITH	Jenkins	-----	M	1948	19618	Place-13
SMITH	Jenkins	-----	M	1948	19619	Place-15
SMITH	Susan	-----	F	1948	19620	Place-11
SMITH	Shawn	-----	M	1948	19621	Place-25
SMITH	Jenkins	-----	M	1948	19622	Place-5
SMITH	Sarah	-----	F	1948	19623	Place-2
SMITH	Sheila	-----	F	1948	19624	Place-3
SMITH	Selina	-----	F	1948	19625	Place-10
SMITH	Jim	-----	M	1948	19626	Place-3
SMITH	Jim	-----	M	1948	19627	Place-29
SMITH	Seonaid	-----	F	1949	19665	Place-29
SMITH	Suzanne	-----	F	1949	19666	Place-14
SMITH	Seonaid	-----	F	1949	19667	Place-25
SMITH	Sarah	-----	F	1949	19668	Place-15
SMITH	Susan	-----	F	1949	19669	Place-28
SMITH	Bob	-----	M	1949	19670	Place-18
SMITH	Sarah	-----	F	1949	19671	Place-22
SMITH	Jim	-----	M	1949	19672	Place-17
SMITH	James	-----	M	1949	19673	Place-15
SMITH	Bob	-----	M	1949	19674	Place-2
SMITH	Jim	-----	M	1949	19675	Place-21
SMITH	Susan	-----	F	1949	19676	Place-24
SMITH	Sheila	-----	F	1949	19677	Place-18
SMITH	Selina	-----	F	1949	19678	Place-18
SMITH	Suzanne	-----	F	1949	19679	Place-19
SMITH	Briony	-----	F	1949	19680	Place-3
SMITH	Jenkins	-----	M	1949	19681	Place-12
SMITH	Bob	-----	M	1949	19682	Place-29
SMITH	Jim	-----	M	1949	19683	Place-29
SMITH	Bob	-----	M	1949	19684	Place-7
SMITH	Shawn	-----	M	1949	19685	Place-26
SMITH	Bob	-----	M	1949	19686	Place-15
SMITH	Sharon	-----	F	1949	19687	Place-2
SMITH	Jim	-----	M	1949	19688	Place-9
SMITH	Seonaid	-----	F	1949	19689	Place-29
SMITH	Jacob	-----	M	1949	19690	Place-21
SMITH	Jim	-----	M	1949	19691	Place-9
SMITH	Susan	-----	F	1949	19692	Place-25
SMITH	Joseph	-----	M	1949	19693	Place-9
SMITH	Shawn	-----	M	1949	19694	Place-4
SMITH	Joseph	-----	M	1949	19695	Place-16
SMITH	Jenkins	-----	M	1949	19696	Place-20
SMITH	Bob	-----	M	1949	19697	Place-19
SMITH	Suzanne	-----	F	1949	19698	Place-28
SMITH	Joseph	-----	M	1949	19699	Place-12
SMITH	Sharon	-----	F	1949	19700	Place-22
SMITH	Sarah	-----	F	1949	19701	Place-18
SMITH	Paulo	-----	M	1949	19702	Place-3
SMITH	Jacob	-----	M	1949	19703	Place-19
SMITH	Paulo	-----	M	1949	19704	Place-16
SMITH	Paulo	-----	M	1949	19705	Place-23
SMITH	Selina	-----	F	1949	19706	Place-9
SMITH	Susan	-----	F	1949	19707	Place-25
SMITH	Susan	-----	F	1949	19708	Place-5
SMITH	Sarah	-----	F	1949	19709	Place-15
SMITH	Suzanne	-----	F	1949	19710	Place-12
SMITH	Joseph	-----	M	1949	19711	Place-0
SMITH	Sarah	-----	F	1949	19712	Place-13
SMITH	Joseph	-----	M	1949	19713	Place-24
SMITH	Bob	-----	M	1949	19714	Place-18
SMITH	Jenkins	-----	M	1949	19715	Place-27
SMITH	Jim	-----	M	1949	19716	Place-19
SMITH	Sheila	-----	F	1949	19717	Place-15
SMITH	Joseph	-----	M	1949	19718	Place-19
SMITH	Susan	-----	F	1949	19719	Place-23
SMITH	Bob	-----	M	1949	19720	Place-8
SMITH	Jim	-----	M	1949	19721	Place-5
SMITH	Jacob	-----	M	1949	19722	Place-19
SMITH	Bob	-----	M	1949	19723	Place-9
SMITH	Jim	-----	M	1949	19724	Place-21
SMITH	Jacob	-----	M	1949	19725	Place-27
SMITH	James	-----	M	1949	19726	Place-6
SMITH	Sarah	-----	F	1949	19727	Place-10
SMITH	James	-----	M	1949	19728	Place-7
SMITH	Sarah	-----	F	1949	19729	Place-11
SMITH	Sheila	-----	F	1949	19730	Place-24
SMITH	Bob	-----	M	1949	19731	Place-0
SMITH	Jenkins	-----	M	1949	19732	Place-11
SMITH	Sharon	-----	F	1949	19733	Place-28
SMITH	Susan	-----	F	1949	19734	Place-12
SMITH	Jim	-----	M	1949	19735	Place-15
SMITH	Sheila	-----	F	1949	19736	Place-25
SMITH	Sarah	-----	F	1949	19737	Place-9
SMITH	Seonaid	-----	F	1949	19738	Place-10
SMITH	Briony	-----	F	1949	19739	Place-25
SMITH	Shawn	-----	M	1949	19740	Place-29
SMITH	Jacob	-----	M	1949	19741	Place-3
SMITH	Paulo	-----	M	1949	19742	Place-17
SMITH	Shawn	-----	M	1949	19743	Place-9
SMITH	Jim	-----	M	1949	19744	Place-13
SMITH	Jim	-----	M	1949	19745	Place-29
SMITH	Jenkins	-----	M	1949	19746	Place-22
SMITH	Paulo	-----	M	1949	19747	Place-20
SMITH	Shawn	-----	M	1949	19748	Place-22
SMITH	Sheila	-----	F	1949	19749	Place-23
SMITH	Jacob	-----	M	1949	19750	Place-10
SMITH	James	-----	M	1949	19751	Place-9
SMITH	Susan	-----	F	1949	19752	Place-1
SMITH	James	-----	M	1949	19753	Place-22
SMITH	Bob	-----	M	1949	19754	Place-11
SMITH	Seonaid	-----	F	1949	19755	Place-12
SMITH	Sharon	-----	F	1949	19756	Place-15
SMITH	Joseph	-----	M	1949	19757	Place-9
SMITH	Jacob	-----	M	1949	19758	Place-15
SMITH	Bob	-----	M	1949	19759	Place-12
SMITH	Joseph	-----	M	1949	19760	Place-29
SMITH	James	-----	M	1949	19761	Place-8
SMITH	Shawn	-----	M	1949	19762	Place-6
SMITH	Shawn	-----	M	1949	19763	Place-14
SMITH	Sharon	-----	F	1949	19764	Place-4
SMITH	Susan	-----	F	1949	19765	Place-14
SMITH	Bob	-----	M	1949	19766	Place-22
SMITH	James	-----	M	1949	19767	Place-20
SMITH	Briony	-----	F	1949	19768	Place-9
SMITH	Jacob	-----	M	1949	19769	Place-27
SMITH	Joseph	-----	M	1949	19770	Place-28
SMITH	Bob	-----	M	1949	19771	Place-27
SMITH	Sarah	-----	F	1949	19772	Place-5
SMITH	Susan	-----	F	1949	19773	Place-18
SMITH	Briony	-----	F	1949	19774	Place-22
SMITH	Seonaid	-----	F	1949	19775	Place-23
SMITH	Paulo	-----	M	1949	19776	Place-9
SMITH	Selina	-----	F	1949	19777	Place-17
SMITH	Seonaid	-----	F	1949	19778	Place-17
SMITH	Jim	-----	M	1949	19779	Place-9
SMITH	Shawn	-----	M	1949	19780	Place-26
SMITH	James	-----	M	1949	19781	Place-24
SMITH	Bob	-----	M	1949	19782	Place-28
SMITH	Joseph	-----	M	1949	19783	Place-5
SMITH	James	-----	M	1949	19784	Place-16
SMITH	Selina	-----	F	1949	19785	Place-15
SMITH	Sharon	-----	F	1949	19786	Place-14
SMITH	James	-----	M	1949	19787	Place-27
SMITH	James	-----	M	1949	19788	Place-25
SMITH	James	-----	M	1949	19789	Place-7
SMITH	Sheila	-----	F	1949	19790	Place-5
SMITH	Susan	-----	F	1949	19791	Place-15
SMITH	Bob	-----	M	1949	19792	Place-28
SMITH	Seonaid	-----	F	1949	19793	Place-12
SMITH	Paulo	-----	M	1949	19794	Place-11
SMITH	Briony	-----	F	1949	19795	Place-24
SMITH	Paulo	-----	M	1949	19796	Place-17
SMITH	Shawn	-----	M	1949	19797	Place-0
SMITH	Susan	-----	F	1949	19798	Place-19
SMITH	Jim	-----	M	1949	19799	Place-28
SMITH	James	-----	M	1949	19800	Place-23
SMITH	Jacob	-----	M	1949	19801	Place-1
SMITH	Selina	-----	F	1949	19802	Place-20
SMITH	Jacob	-----	M	1949	19803	Place-3
SMITH	Briony	-----	F	1949	19804	Place-22
SMITH	Jacob	-----	M	1949	19805	Place-24
SMITH	Shawn	-----	M	1949	19806	Place-15
SMITH	Paulo	-----	M	1949	19807	Place-2
SMITH	Sharon	-----	F	1949	19808	Place-0
SMITH	Jacob	-----	M	1949	19809	Place-4
SMITH	Sheila	-----	F	1949	19810	Place-28
SMITH	Briony	-----	F	1949	19811	Place-19
SMITH	James	-----	M	1949	19812	Place-2
SMITH	Briony	-----	F	1949	19813	Place-1
SMITH	Jim	-----	M	1949	19814	Place-22
SMITH	Joseph	-----	M	1949	19815	Place-6
SMITH	Jacob	-----	M	1949	19816	Place-15
SMITH	Shawn	-----	M	1949	19817	Place-13
SMITH	Susan	-----	F	1949	19818	Place-17
SMITH	Susan	-----	F	1949	19819	Place-3
SMITH	Bob	-----	M	1949	19820	Place-27
SMITH	Bob	-----	M	1949	19821	Place-3
SMITH	Paulo	-----	M	1949	19822	Place-12
SMITH	Sharon	-----	F	1949	19823	Place-14
SMITH	Jim	-----	M	1949	19824	Place-15
SMITH	Paulo	-----	M	1949	19825	Place-10
SMITH	James	-----	M	1949	19826	Place-22
SMITH	Sheila	-----	F	1949	19827	Place-9
SMITH	Jim	-----	M	1949	19828	Place-11
SMITH	Paulo	-----	M	1949	19829	Place-21
SMITH	Susan	-----	F	1949	19830	Place-15
SMITH	Sarah	-----	F	1949	19831	Place-0
SMITH	Briony	-----	F	1949	19832	Place-1
SMITH	Sharon	-----	F	1949	19833	Place-24
SMITH	Paulo	-----	M	1949	19834	Place-27
SMITH	Bob	-----	M	1949	19835	Place-1
SMITH	Bob	-----	M	1949	19836	Place-2
SMITH	Joseph	-----	M	1949	19837	Place-7
SMITH	Sheila	-----	F	1949	19838	Place-29
SMITH	Shawn	-----	M	1949	19839	Place-14
SMITH	Sarah	-----	F	1949	19840	Place-24
SMITH	Sarah	-----	F	1949	19841	Place-11
SMITH	Shawn	-----	M	1949	19842	Place-16
SMITH	Bob	-----	M	1949	19843	Place-5
SMITH	Jacob	-----	M	1949	19844	Place-28
SMITH	Sarah	-----	F	1949	19845	Place-1
SMITH	Seonaid	-----	F	1949	19846	Place-5
SMITH	Susan	-----	F	1949	19847	Place-6
SMITH	Shawn	-----	M	1949	19848	Place-18
SMITH	Sarah	-----	F	1949	19849	Place-23
SMITH	Suzanne	-----	F	1949	19850	Place-9
SMITH	Seonaid	-----	F	1949	19851	Place-14
SMITH	Sharon	-----	F	1949	19852	Place-14
SMITH	Susan	-----	F	1949	19853	Place-13
SMITH	Paulo	-----	M	1949	19854	Place-12
SMITH	Briony	-----	F	1949	19855	Place-28
SMITH	Seonaid	-----	F	1949	19856	Place-1
SMITH	Sharon	-----	F	1949	19857	Place-13
SMITH	Jenkins	-----	M	1949	19858	Place-13
SMITH	Sheila	-----	F	1949	19859	Place-20
SMITH	Suzanne	-----	F	1949	19860	Place-9
SMITH	Sharon	-----	F	1949	19861	Place-0
SMITH	Susan	-----	F	1949	19862	Place-28
SMITH	Jim	-----	M	1949	19863	Place-29
SMITH	Jacob	-----	M	1949	19864	Place-20
SMITH	Sarah	-----	F	1949	19865	Place-0
SMITH	Sheila	-----	F	1949	19866	Place-29
SMITH	Sharon	-----	F	1949	19867	Place-18
SMITH	Seonaid	-----	F	1949	19868	Place-4
SMITH	Bob	-----	M	1949	19869	Place-7
SMITH	Joseph	-----	M	1949	19870	Place-4
SMITH	Paulo	-----	M	1949	19871	Place-7
SMITH	Susan	-----	F	1949	19872	Place-0
SMITH	Jenkins	-----	M	1949	19873	Place-22
SMITH	Selina	-----	F	1949	19874	Place-29
SMITH	Bob	-----	M	1949	19875	Place-20
SMITH	Joseph	-----	M	1949	19876	Place-13
SMITH	Suzanne	-----	F	1949	19877	Place-10
SMITH	Sharon	-----	F	1949	19878	Place-16
SMITH	James	-----	M	1949	19879	Place-22
SMITH	Jacob	-----	M	1949	19880	Place-4
SMITH	Jim	-----	M	1949	19881	Place-17
SMITH	Joseph	-----	M	1949	19882	Place-2
SMITH	Bob	-----	M	1949	19883	Place-23
SMITH	Susan	-----	F	1949	19884	Place-7
SMITH	Shawn	-----	M	1949	19885	Place-15
SMITH	Seonaid	-----	F	1949	19886	Place-9
SMITH	Suzanne	-----	F	1949	19887	Place-27
SMITH	Selina	-----	F	1949	19888	Place-6
SMITH	Briony	-----	F	1949	19889	Place-10
SMITH	Jenkins	-----	M	1949	19890	Place-27
SMITH	Suzanne	-----	F	1949	19891	Place-10
SMITH	Bob	-----	M	1949	19892	Place-17
SMITH	Jacob	-----	M	1949	19893	Place-20
SMITH	Sheila	-----	F	1949	19894	Place-20
SMITH	Joseph	-----	M	1949	19895	Place-23
SMITH	Suzanne	-----	F	1949	19896	Place-3
SMITH	James	-----	M	1949	19897	Place-5
SMITH	Selina	-----	F	1949	19898	Place-13
SMITH	Paulo	-----	M	1949	19899	Place-29
SMITH	Joseph	-----	M	1949	19900	Place-16
SMITH	Selina	-----	F	1949	19901	Place-8
SMITH	Seonaid	-----	F	1949	19902	Place-9
SMITH	Bob	-----	M	1949	19903	Place-19
SMITH	Paulo	-----	M	1949	19904	Place-0
SMITH	Jenkins	-----	M	1949	19905	Place-9
SMITH	Bob	-----	M	1949	19906	Place-17
SMITH	Susan	-----	F	1949	19907	Place-22
SMITH	Paulo	-----	M	1949	19908	Place-12
SMITH	James	-----	M	1949	19909	Place-2
SMITH	Jacob	-----	M	1949	19910	Place-20
SMITH	Joseph	-----	M	1949	19911	Place-8
SMITH	Seonaid	-----	F	1949	19912	Place-22
SMITH	Selina	-----	F	1949	19913	Place-0
SMITH	Seonaid	-----	F	1949	19914	Place-8
SMITH	Jim	-----	M	1949	19915	Place-13
SMITH	Jacob	-----	M	1949	19916	Place-20
SMITH	Paulo	-----	M	1949	19917	Place-19
SMITH	Suzanne	-----	F	1949	19918	Place-4
SMITH	Briony	-----	F	1949	19919	Place-15
SMITH	Jim	-----	M	1949	19920	Place-29
SMITH	Sarah	-----	F	1949	19921	Place-4
SMITH	Sarah	-----	F	1949	19922	Place-3
SMITH	Bob	-----	M	1949	19923	Place-8
SMITH	Joseph	-----	M	1949	19924	Place-14
SMITH	Seonaid	-----	F	1949	19925	Place-12
SMITH	Joseph	-----	M	1949	19926	Place-17
SMITH	Jacob	-----	M	1949	19927	Place-28
SMITH	Sharon	-----	F	1949	19928	Place-11
SMITH	Seonaid	-----	F	1949	19929	Place-25
SMITH	Seonaid	-----	F	1949	19930	Place-4
SMITH	Shawn	-----	M	1949	19931	Place-12
SMITH	Jim	-----	M	1949	19932	Place-18
SMITH	Jacob	-----	M	1949	19933	Place-0
SMITH	Susan	-----	F	1949	19934	Place-29
SMITH	Susan	-----	F	1949	19935	Place-27
SMITH	Sharon	-----	F	1949	19936	Place-3
SMITH	Jacob	-----	M	1949	19937	Place-21
SMITH	Seonaid	-----	F	1949	19938	Place-26
SMITH	Sheila	-----	F	1949	19939	Place-19
SMITH	Joseph	-----	M	1949	19940	Place-6
SMITH	Briony	-----	F	1949	19941	Place-8
SMITH	Jim	-----	M	1949	19942	Place-16
SMITH	Briony	-----	F	1949	19943	Place-28
SMITH	Sarah	-----	F	1949	19944	Place-6
SMITH	Selina	-----	F	1949	19945	Place-28
SMITH	Sarah	-----	F	1949	19946	Place-5
SMITH	Selina	-----	F	1949	19947	Place-0
SMITH	Bob	-----	M	1949	19948	Place-25
SMITH	Jenkins	-----	M	1950	19999	Place-28
SMITH	Selina	-----	F	1950	20000	Place-0
SMITH	Suzanne	-----	F	1950	20001	Place-12
SMITH	Sheila	-----	F	1950	20002	Place-16
SMITH	James	-----	M	1950	20003	Place-1
SMITH	Suzanne	-----	F	1950	20004	Place-13
SMITH	Sharon	-----	F	1950	20005	Place-23
SMITH	Susan	-----	F	1950	20006	Place-27
SMITH	Briony	-----	F	1950	20007	Place-6
SMITH	Sarah	-----	F	1950	20008	Place-18
SMITH	Jacob	-----	M	1950	20009	Place-26
SMITH	Sarah	-----	F	1950	20010	Place-23
SMITH	Seonaid	-----	F	1950	20011	Place-16
SMITH	Jim	-----	M	1950	20012	Place-19
SMITH	Selina	-----	F	1950	20013	Place-26
SMITH	Jim	-----	M	1950	20014	Place-13
SMITH	James	-----	M	1950	20015	Place-4
SMITH	Jacob	-----	M	1950	20016	Place-21
SMITH	Sarah	-----	F	1950	20017	Place-28
SMITH	Selina	-----	F	1950	20018	Place-21
SMITH	Seonaid	-----	F	1950	20019	Place-1
SMITH	Paulo	-----	M	1950	20020	Place-27
SMITH	Suzanne	-----	F	1950	20021	Place-10
SMITH	James	-----	M	1950	20022	Place-13
SMITH	Jacob	-----	M	1950	20023	Place-19
SMITH	Seonaid	-----	F	1950	20024	Place-14
SMITH	James	-----	M	1950	20025	Place-1
SMITH	Selina	-----	F	1950	20026	Place-29
SMITH	Susan	-----	F	1950	20027	Place-25
SMITH	Bob	-----	M	1950	20028	Place-21
SMITH	James	-----	M	1950	20029	Place-8
SMITH	Sharon	-----	F	1950	20030	Place-21
SMITH	Suzanne	-----	F	1950	20031	Place-8
SMITH	Seonaid	-----	F	1950	20032	Place-15
SMITH	Briony	-----	F	1950	20033	Place-28
SMITH	Sarah	-----	F	1950	20034	Place-1
SMITH	Jacob	-----	M	1950	20035	Place-18
SMITH	Selina	-----	F	1950	20036	Place-18
SMITH	Paulo	-----	M	1950	20037	Place-2
SMITH	Selina	-----	F	1950	20038	Place-6
SMITH	Joseph	-----	M	1950	20039	Place-27
SMITH	Briony	-----	F	1950	20040	Place-12
SMITH	Paulo	-----	M	1950	20041	Place-18
SMITH	Jacob	-----	M	1950	20042	Place-6
SMITH	Suzanne	-----	F	1950	20043	Place-21
SMITH	Joseph	-----	M	1950	20044	Place-29
SMITH	Suzanne	-----	F	1950	20045	Place-26
SMITH	James	-----	M	1950	20046	Place-29
SMITH	James	-----	M	1950	20047	Place-23
SMITH	Selina	-----	F	1950	20048	Place-16
SMITH	Bob	-----	M	1950	20049	Place-23
SMITH	Bob	-----	M	1950	20050	Place-2
SMITH	Seonaid	-----	F	1950	20051	Place-11
SMITH	Briony	-----	F	1950	20052	Place-28
SMITH	James	-----	M	1950	20053	Place-19
SMITH	James	-----	M	1950	20054	Place-12
SMITH	Joseph	-----	M	1950	20055	Place-9
SMITH	Bob	-----	M	1950	20056	Place-29
SMITH	Selina	-----	F	1950	20057	Place-19
SMITH	Jim	-----	M	1950	20058	Place-23
SMITH	James	-----	M	1950	20059	Place-11
SMITH	Paulo	-----	M	1950	20060	Place-11
SMITH	Jenkins	-----	M	1950	20061	Place-0
SMITH	Joseph	-----	M	1950	20062	Place-6
SMITH	Jenkins	-----	M	1950	20063	Place-7
SMITH	Sharon	-----	F	1950	20064	Place-18
SMITH	Suzanne	-----	F	1950	20065	Place-7
SMITH	Shawn	-----	M	1950	20066	Place-14
SMITH	Jacob	-----	M	1950	20067	Place-8
SMITH	Briony	-----	F	1950	20068	Place-4
SMITH	Shawn	-----	M	1950	20069	Place-19
SMITH	Sheila	-----	F	1950	20070	Place-26
SMITH	Suzanne	-----	F	1950	20071	Place-4
SMITH	Susan	-----	F	1950	20072	Place-22
SMITH	Sharon	-----	F	1950	20073	Place-1
SMITH	Sharon	-----	F	1950	20074	Place-21
SMITH	Sharon	-----	F	1950	20075	Place-18
SMITH	Paulo	-----	M	1950	20076	Place-28
SMITH	Jacob	-----	M	1950	20077	Place-9
SMITH	Shawn	-----	M	1950	20078	Place-9
SMITH	Sarah	-----	F	1950	20079	Place-9
SMITH	Jim	-----	M	1950	20080	Place-22
SMITH	Seonaid	-----	F	1950	20081	Place-24
SMITH	Sheila	-----	F	1950	20082	Place-20
SMITH	Bob	-----	M	1950	20083	Place-3
SMITH	Selina	-----	F	1950	20084	Place-25
SMITH	Sarah	-----	F	1950	20085	Place-29
SMITH	Shawn	-----	M	1950	20086	Place-25
SMITH	Susan	-----	F	1950	20087	Place-15
SMITH	Seonaid	-----	F	1950	20088	Place-9
SMITH	Paulo	-----	M	1950	20089	Place-6
SMITH	Shawn	-----	M	1950	20090	Place-5
SMITH	James	-----	M	1950	20091	Place-2
SMITH	Jenkins	-----	M	1950	20092	Place-20
SMITH	Sheila	-----	F	1950	20093	Place-22
SMITH	Sheila	-----	F	1950	20094	Place-2
SMITH	Paulo	-----	M	1950	20095	Place-3
SMITH	Sheila	-----	F	1950	20096	Place-15
SMITH	Briony	-----	F	1950	20097	Place-18
SMITH	Jenkins	-----	M	1950	20098	Place-10
SMITH	Selina	-----	F	1950	20099	Place-24
SMITH	Seonaid	-----	F	1950	20100	Place-0
SMITH	Bob	-----	M	1950	20101	Place-10
SMITH	Briony	-----	F	1950	20102	Place-22
SMITH	Shawn	-----	M	1950	20103	Place-18
SMITH	Sheila	-----	F	1950	20104	Place-25
SMITH	Jim	-----	M	1950	20105	Place-19
SMITH	Shawn	-----	M	1950	20106	Place-17
SMITH	Seonaid	-----	F	1950	20107	Place-1
SMITH	Jenkins	-----	M	1950	20108	Place-10
SMITH	Sarah	-----	F	1950	20109	Place-18
SMITH	Jenkins	-----	M	1950	20110	Place-2
SMITH	Seonaid	-----	F	1950	20111	Place-0
SMITH	Sheila	-----	F	1950	20112	Place-0
SMITH	Sarah	-----	F	1950	20113	Place-13
SMITH	Briony	-----	F	1950	20114	Place-11
SMITH	Suzanne	-----	F	1950	20115	Place-16
SMITH	Suzanne	-----	F	1950	20116	Place-12
SMITH	Selina	-----	F	1950	20117	Place-27
SMITH	Jim	-----	M	1950	20118	Place-22
SMITH	Sharon	-----	F	1950	20119	Place-28
SMITH	Sarah	-----	F	1950	20120	Place-21
SMITH	Selina	-----	F	1950	20121	Place-24
SMITH	Shawn	-----	M	1950	20122	Place-16
SMITH	Seonaid	-----	F	1950	20123	Place-14
SMITH	Bob	-----	M	1950	20124	Place-28
SMITH	Briony	-----	F	1950	20125	Place-21
SMITH	Sharon	-----	F	1950	20126	Place-22
SMITH	Shawn	-----	M	1950	20127	Place-14
SMITH	Paulo	-----	M	1950	20128	Place-14
SMITH	Joseph	-----	M	1950	20129	Place-24
SMITH	Jenkins	-----	M	1950	20130	Place-7
SMITH	Shawn	-----	M	1950	20131	Place-1
SMITH	Sheila	-----	F	1950	20132	Place-24
SMITH	Jenkins	-----	M	1950	20133	Place-15
SMITH	Sharon	-----	F	1950	20134	Place-15
SMITH	Paulo	-----	M	1950	20135	Place-0
SMITH	Jacob	-----	M	1950	20136	Place-0
SMITH	Joseph	-----	M	1950	20137	Place-1
SMITH	Jacob	-----	M	1950	20138	Place-14
SMITH	Joseph	-----	M	1950	20139	Place-28
SMITH	Briony	-----	F	1950	20140	Place-27
SMITH	Jacob	-----	M	1950	20141	Place-20
SMITH	Sarah	-----	F	1950	20142	Place-11
SMITH	James	-----	M	1950	20143	Place-15
SMITH	Paulo	-----	M	1950	20144	Place-26
SMITH	Selina	-----	F	1950	20145	Place-0
SMITH	Briony	-----	F	1950	20146	Place-13
SMITH	Sharon	-----	F	1950	20147	Place-22
SMITH	Bob	-----	M	1950	20148	Place-26
SMITH	Susan	-----	F	1950	20149	Place-0
SMITH	Seonaid	-----	F	1950	20150	Place-5
SMITH	Sharon	-----	F	1950	20151	Place-16
SMITH	Bob	-----	M	1950	20152	Place-6
SMITH	Paulo	-----	M	1950	20153	Place-12
SMITH	Selina	-----	F	1950	20154	Place-15
SMITH	Suzanne	-----	F	1950	20155	Place-15
SMITH	Suzanne	-----	F	1950	20156	Place-16
SMITH	Susan	-----	F	1950	20157	Place-3
SMITH	Jim	-----	M	1950	20158	Place-6
SMITH	Briony	-----	F	1950	20159	Place-24
SMITH	Selina	-----	F	1950	20160	Place-23
SMITH	Sheila	-----	F	1950	20161	Place-25
SMITH	Sheila	-----	F	1950	20162	Place-11
SMITH	Bob	-----	M	1950	20163	Place-12
SMITH	Jim	-----	M	1950	20164	Place-2
SMITH	Joseph	-----	M	1950	20165	Place-7
SMITH	Sarah	-----	F	1950	20166	Place-20
SMITH	Susan	-----	F	1950	20167	Place-28
SMITH	Sheila	-----	F	1950	20168	Place-18
SMITH	Selina	-----	F	1950	20169	Place-24
SMITH	Sarah	-----	F	1950	20170	Place-23
SMITH	Seonaid	-----	F	1950	20171	Place-19
SMITH	Suzanne	-----	F	1950	20172	Place-21
SMITH	Suzanne	-----	F	1950	20173	Place-16
SMITH	Jim	-----	M	1950	20174	Place-25
SMITH	Sharon	-----	F	1950	20175	Place-7
SMITH	Jacob	-----	M	1950	20176	Place-28
SMITH	Joseph	-----	M	1950	20177	Place-21
SMITH	Suzanne	-----	F	1950	20178	Place-12
SMITH	Shawn	-----	M	1950	20179	Place-10
SMITH	Suzanne	-----	F	1950	20180	Place-1
SMITH	Jacob	-----	M	1950	20181	Place-27
SMITH	Jenkins	-----	M	1950	20182	Place-4
SMITH	Jim	-----	M	1950	20183	Place-29
SMITH	Sarah	-----	F	1950	20184	Place-29
SMITH	Briony	-----	F	1950	20185	Place-0
SMITH	Paulo	-----	M	1950	20186	Place-19
SMITH	Paulo	-----	M	1950	20187	Place-6
SMITH	Sheila	-----	F	1950	20188	Place-15
SMITH	Shawn	-----	M	1950	20189	Place-23
SMITH	Sharon	-----	F	1950	20190	Place-16
SMITH	Sheila	-----	F	1950	20191	Place-28
SMITH	Shawn	-----	M	1950	20192	Place-0
SMITH	Shawn	-----	M	1950	20193	Place-29
SMITH	Paulo	-----	M	1950	20194	Place-26
SMITH	Sheila	-----	F	1950	20195	Place-27
SMITH	Jacob	-----	M	1950	20196	Place-28
SMITH	Paulo	-----	M	1950	20197	Place-18
SMITH	Briony	-----	F	1950	20198	Place-7
SMITH	Sheila	-----	F	1950	20199	Place-23
SMITH	Jim	-----	M	1950	20200	Place-29
SMITH	Sheila	-----	F	1950	20201	Place-10
SMITH	Jenkins	-----	M	1950	20202	Place-3
SMITH	Paulo	-----	M	1950	20203	Place-0
SMITH	Jacob	-----	M	1950	20204	Place-27
SMITH	Sharon	-----	F	1950	20205	Place-28
SMITH	Seonaid	-----	F	1950	20206	Place-4
SMITH	Suzanne	-----	F	1950	20207	Place-16
SMITH	Briony	-----	F	1950	20208	Place-11
SMITH	Sheila	-----	F	1950	20209	Place-25
SMITH	Briony	-----	F	1950	20210	Place-25
SMITH	Bob	-----	M	1950	20211	Place-6
SMITH	Sheila	-----	F	1950	20212	Place-9
SMITH	Bob	-----	M	1950	20213	Place-13
SMITH	Sharon	-----	F	1950	20214	Place-6
SMITH	Jenkins	-----	M	1950	20215	Place-17
SMITH	Selina	-----	F	1950	20216	Place-29
SMITH	Jacob	-----	M	1950	20217	Place-17
SMITH	Paulo	-----	M	1950	20218	Place-6
SMITH	Joseph	-----	M	1950	20219	Place-3
SMITH	Seonaid	-----	F	1950	20220	Place-5
SMITH	Briony	-----	F	1950	20221	Place-10
SMITH	James	-----	M	1950	20222	Place-5
SMITH	Briony	-----	F	1950	20223	Place-29
SMITH	Sarah	-----	F	1950	20224	Place-22
SMITH	Selina	-----	F	1950	20225	Place-12
SMITH	James	-----	M	1950	20226	Place-28
SMITH	Sarah	-----	F	1950	20227	Place-8
SMITH	Sharon	-----	F	1950	20228	Place-0
SMITH	Shawn	-----	M	1950	20229	Place-19
SMITH	Sheila	-----	F	1950	20230	Place-18
SMITH	Bob	-----	M	1950	20231	Place-2
SMITH	Jacob	-----	M	1950	20232	Place-9
SMITH	Jim	-----	M	1950	20233	Place-10
SMITH	Sarah	-----	F	1950	20234	Place-13
SMITH	Sarah	-----	F	1950	20235	Place-16
SMITH	Jacob	-----	M	1950	20236	Place-2
SMITH	Seonaid	-----	F	1950	20237	Place-6
SMITH	Sheila	-----	F	1950	20238	Place-8
SMITH	James	-----	M	1950	20239	Place-16
SMITH	Sheila	-----	F	1950	20240	Place-8
SMITH	Jim	-----	M	1950	20241	Place-15
SMITH	Suzanne	-----	F	1950	20242	Place-29
SMITH	Sheila	-----	F	1950	20243	Place-20
SMITH	Shawn	-----	M	1950	20244	Place-8
SMITH	Paulo	-----	M	1950	20245	Place-25
SMITH	Susan	-----	F	1950	20246	Place-5
SMITH	Seonaid	-----	F	1950	20247	Place-0
SMITH	Briony	-----	F	1950	20248	Place-29
SMITH	Sheila	-----	F	1950	20249	Place-0
SMITH	Briony	-----	F	1950	20250	Place-3
SMITH	James	-----	M	1950	20251	Place-8
SMITH	Suzanne	-----	F	1950	20252	Place-21
SMITH	Shawn	-----	M	1950	20253	Place-20
SMITH	Joseph	-----	M	1950	20254	Place-10
SMITH	Seonaid	-----	F	1950	20255	Place-28
SMITH	Briony	-----	F	1950	20256	Place-9
SMITH	Sarah	-----	F	1950	20257	Place-25
SMITH	Bob	-----	M	1950	20258	Place-4
SMITH	Sharon	-----	F	1950	20259	Place-6
SMITH	Susan	-----	F	1950	20260	Place-2
SMITH	Sharon	-----	F	1950	20261	Place-9
SMITH	Joseph	-----	M	1950	20262	Place-23
SMITH	Selina	-----	F	1950	20263	Place-23
SMITH	Jim	-----	M	1950	20264	Place-4
SMITH	Jenkins	-----	M	1951	20297	Place-15
SMITH	James	-----	M	1951	20298	Place-26
SMITH	Jim	-----	M	1951	20299	Place-6
SMITH	Jim	-----	M	1951	20300	Place-21
SMITH	Sheila	-----	F	1951	20301	Place-22
SMITH	Suzanne	-----	F	1951	20302	Place-3
SMITH	Paulo	-----	M	1951	20303	Place-6
SMITH	Susan	-----	F	1951	20304	Place-14
SMITH	James	-----	M	1951	20305	Place-2
SMITH	Susan	-----	F	1951	20306	Place-12
SMITH	Jenkins	-----	M	1951	20307	Place-25
SMITH	Seonaid	-----	F	1951	20308	Place-4
SMITH	Suzanne	-----	F	1951	20309	Place-25
SMITH	Bob	-----	M	1951	20310	Place-0
SMITH	Seonaid	-----	F	1951	20311	Place-16
SMITH	Suzanne	-----	F	1951	20312	Place-27
SMITH	Paulo	-----	M	1951	20313	Place-26
SMITH	Jim	-----	M	1951	20314	Place-1
SMITH	Sarah	-----	F	1951	20315	Place-11
SMITH	Briony	-----	F	1951	20316	Place-12
SMITH	Susan	-----	F	1951	20317	Place-8
SMITH	Sheila	-----	F	1951	20318	Place-19
SMITH	Sharon	-----	F	1951	20319	Place-15
SMITH	Shawn	-----	M	1951	20320	Place-22
SMITH	Jenkins	-----	M	1951	20321	Place-7
SMITH	Jim	-----	M	1951	20322	Place-18
SMITH	Sarah	-----	F	1951	20323	Place-24
SMITH	Jim	-----	M	1951	20324	Place-21
SMITH	Suzanne	-----	F	1951	20325	Place-17
SMITH	Jenkins	-----	M	1951	20326	Place-7
SMITH	Briony	-----	F	1951	20327	Place-10
SMITH	Shawn	-----	M	1951	20328	Place-9
SMITH	Selina	-----	F	1951	20329	Place-28
SMITH	Paulo	-----	M	1951	20330	Place-14
SMITH	Seonaid	-----	F	1951	20331	Place-11
SMITH	Paulo	-----	M	1951	20332	Place-18
SMITH	Briony	-----	F	1951	20333	Place-3
SMITH	Briony	-----	F	1951	20334	Place-7
SMITH	Jacob	-----	M	1951	20335	Place-10
SMITH	Suzanne	-----	F	1951	20336	Place-13
SMITH	Seonaid	-----	F	1951	20337	Place-29
SMITH	Jacob	-----	M	1951	20338	Place-25
SMITH	Jenkins	-----	M	1951	20339	Place-29
SMITH	Susan	-----	F	1951	20340	Place-26
SMITH	Sarah	-----	F	1951	20341	Place-17
SMITH	Sheila	-----	F	1951	20342	Place-19
SMITH	Briony	-----	F	1951	20343	Place-13
SMITH	Shawn	-----	M	1951	20344	Place-20
SMITH	Bob	-----	M	1951	20345	Place-11
SMITH	Bob	-----	M	1951	20346	Place-17
SMITH	Sheila	-----	F	1951	20347	Place-21
SMITH	Selina	-----	F	1951	20348	Place-7
SMITH	Paulo	-----	M	1951	20349	Place-21
SMITH	Sarah	-----	F	1951	20350	Place-17
SMITH	Selina	-----	F	1951	20351	Place-16
SMITH	Shawn	-----	M	1951	20352	Place-29
SMITH	Shawn	-----	M	1951	20353	Place-28
SMITH	Joseph	-----	M	1951	20354	Place-28
SMITH	Briony	-----	F	1951	20355	Place-1
SMITH	Sheila	-----	F	1951	20356	Place-9
SMITH	Susan	-----	F	1951	20357	Place-8
SMITH	Suzanne	-----	F	1951	20358	Place-29
SMITH	Joseph	-----	M	1951	20359	Place-3
SMITH	Susan	-----	F	1951	20360	Place-14
SMITH	Shawn	-----	M	1951	20361	Place-0
SMITH	Jim	-----	M	1951	20362	Place-27
SMITH	Selina	-----	F	1951	20363	Place-25
SMITH	Jim	-----	M	1951	20364	Place-15
SMITH	Sheila	-----	F	1951	20365	Place-1
SMITH	Jim	-----	M	1951	20366	Place-2
SMITH	Paulo	-----	M	1951	20367	Place-9
SMITH	James	-----	M	1951	20368	Place-10
SMITH	Briony	-----	F	1951	20369	Place-16
SMITH	Jacob	-----	M	1951	20370	Place-18
SMITH	Shawn	-----	M	1951	20371	Place-29
SMITH	James	-----	M	1951	20372	Place-3
SMITH	Selina	-----	F	1951	20373	Place-26
SMITH	Susan	-----	F	1951	20374	Place-18
SMITH	Sharon	-----	F	1951	20375	Place-6
SMITH	Jacob	-----	M	1951	20376	Place-24
SMITH	Jacob	-----	M	1951	20377	Place-8
SMITH	Jenkins	-----	M	1951	20378	Place-26
SMITH	Jim	-----	M	1951	20379	Place-1
SMITH	Jenkins	-----	M	1951	20380	Place-2
SMITH	Bob	-----	M	1951	20381	Place-22
SMITH	Sarah	-----	F	1951	20382	Place-29
SMITH	Selina	-----	F	1951	20383	Place-28
SMITH	Sharon	-----	F	1951	20384	Place-2
SMITH	Jacob	-----	M	1951	20385	Place-4
SMITH	Susan	-----	F	1951	20386	Place-25
SMITH	Shawn	-----	M	1951	20387	Place-4
SMITH	Susan	-----	F	1951	20388	Place-16
SMITH	Shawn	-----	M	1951	20389	Place-9
SMITH	Jacob	-----	M	1951	20390	Place-28
SMITH	James	-----	M	1951	20391	Place-10
SMITH	Jenkins	-----	M	1951	20392	Place-0
SMITH	Joseph	-----	M	1951	20393	Place-26
SMITH	Briony	-----	F	1951	20394	Place-3
SMITH	Susan	-----	F	1951	20395	Place-0
SMITH	Bob	-----	M	1951	20396	Place-11
SMITH	Joseph	-----	M	1951	20397	Place-0
SMITH	Jenkins	-----	M	1951	20398	Place-23
SMITH	Selina	-----	F	1951	20399	Place-22
SMITH	Sarah	-----	F	1951	20400	Place-0
SMITH	Suzanne	-----	F	1951	20401	Place-15
SMITH	Bob	-----	M	1951	20402	Place-8
SMITH	Selina	-----	F	1951	20403	Place-8
SMITH	Shawn	-----	M	1951	20404	Place-12
SMITH	Suzanne	-----	F	1951	20405	Place-4
SMITH	Seonaid	-----	F	1951	20406	Place-11
SMITH	Sarah	-----	F	1951	20407	Place-9
SMITH	Susan	-----	F	1951	20408	Place-5
SMITH	Paulo	-----	M	1951	20409	Place-21
SMITH	Sharon	-----	F	1951	20410	Place-28
SMITH	Susan	-----	F	1951	20411	Place-21
SMITH	Paulo	-----	M	1951	20412	Place-22
SMITH	Susan	-----	F	1951	20413	Place-23
SMITH	Sheila	-----	F	1951	20414	Place-10
SMITH	Shawn	-----	M	1951	20415	Place-29
SMITH	Susan	-----	F	1951	20416	Place-6
SMITH	Briony	-----	F	1951	20417	Place-5
SMITH	Briony	-----	F	1951	20418	Place-27
SMITH	Shawn	-----	M	1951	20419	Place-4
SMITH	Seonaid	-----	F	1951	20420	Place-22
SMITH	Suzanne	-----	F	1951	20421	Place-0
SMITH	Jenkins	-----	M	1951	20422	Place-16
SMITH	Seonaid	-----	F	1951	20423	Place-20
SMITH	Bob	-----	M	1951	20424	Place-26
SMITH	Jenkins	-----	M	1951	20425	Place-22
SMITH	Susan	-----	F	1951	20426	Place-23
SMITH	Shawn	-----	M	1951	20427	Place-9
SMITH	Suzanne	-----	F	1951	20428	Place-15
SMITH	Sarah	-----	F	1951	20429	Place-19
SMITH	Briony	-----	F	1951	20430	Place-19
SMITH	Susan	-----	F	1951	20431	Place-1
SMITH	Susan	-----	F	1951	20432	Place-6
SMITH	Jim	-----	M	1951	20433	Place-23
SMITH	Seonaid	-----	F	1951	20434	Place-20
SMITH	Jenkins	-----	M	1951	20435	Place-19
SMITH	Joseph	-----	M	1951	20436	Place-2
SMITH	Jim	-----	M	1951	20437	Place-16
SMITH	Briony	-----	F	1951	20438	Place-10
SMITH	Jim	-----	M	1951	20439	Place-21
SMITH	Selina	-----	F	1951	20440	Place-11
SMITH	Jenkins	-----	M	1951	20441	Place-7
SMITH	Sheila	-----	F	1951	20442	Place-18
SMITH	Selina	-----	F	1951	20443	Place-27
SMITH	James	-----	M	1951	20444	Place-0
SMITH	Briony	-----	F	1951	20445	Place-22
SMITH	Jenkins	-----	M	1951	20446	Place-27
SMITH	Shawn	-----	M	1951	20447	Place-28
SMITH	Jacob	-----	M	1951	20448	Place-15
SMITH	Jacob	-----	M	1951	20449	Place-7
SMITH	Shawn	-----	M	1951	20450	Place-5
SMITH	Seonaid	-----	F	1951	20451	Place-14
SMITH	Bob	-----	M	1951	20452	Place-17
SMITH	Bob	-----	M	1951	20453	Place-23
SMITH	Jacob	-----	M	1951	20454	Place-25
SMITH	Jenkins	-----	M	1951	20455	Place-6
SMITH	Bob	-----	M	1951	20456	Place-26
SMITH	Briony	-----	F	1951	20457	Place-7
SMITH	Jim	-----	M	1951	20458	Place-3
SMITH	Susan	-----	F	1951	20459	Place-25
SMITH	Sarah	-----	F	1951	20460	Place-16
SMITH	Jenkins	-----	M	1951	20461	Place-12
SMITH	Briony	-----	F	1951	20462	Place-18
SMITH	Paulo	-----	M	1951	20463	Place-23
SMITH	Shawn	-----	M	1951	20464	Place-6
SMITH	Seonaid	-----	F	1951	20465	Place-0
SMITH	Bob	-----	M	1951	20466	Place-11
SMITH	Joseph	-----	M	1951	20467	Place-0
SMITH	Jim	-----	M	1951	20468	Place-24
SMITH	Susan	-----	F	1951	20469	Place-6
SMITH	Suzanne	-----	F	1951	20470	Place-12
SMITH	Shawn	-----	M	1951	20471	Place-0
SMITH	Seonaid	-----	F	1951	20472	Place-1
SMITH	Paulo	-----	M	1951	20473	Place-24
SMITH	Briony	-----	F	1951	20474	Place-0
SMITH	Susan	-----	F	1951	20475	Place-15
SMITH	Sharon	-----	F	1951	20476	Place-21
SMITH	Sarah	-----	F	1951	20477	Place-24
SMITH	Shawn	-----	M	1951	20478	Place-19
SMITH	Selina	-----	F	1951	20479	Place-28
SMITH	Briony	-----	F	1951	20480	Place-10
SMITH	Paulo	-----	M	1951	20481	Place-18
SMITH	Sarah	-----	F	1951	20482	Place-24
SMITH	Jacob	-----	M	1951	20483	Place-7
SMITH	Susan	-----	F	1951	20484	Place-6
SMITH	Bob	-----	M	1951	20485	Place-20
SMITH	Joseph	-----	M	1951	20486	Place-21
SMITH	Seonaid	-----	F	1951	20487	Place-1
SMITH	Bob	-----	M	1951	20488	Place-15
SMITH	Sarah	-----	F	1951	20489	Place-29
SMITH	Jim	-----	M	1951	20490	Place-23
SMITH	Bob	-----	M	1951	20491	Place-27
SMITH	Jacob	-----	M	1951	20492	Place-24
SMITH	Sharon	-----	F	1951	20493	Place-17
SMITH	Sharon	-----	F	1951	20494	Place-16
SMITH	Shawn	-----	M	1951	20495	Place-17
SMITH	Paulo	-----	M	1951	20496	Place-9
SMITH	Sheila	-----	F	1951	20497	Place-11
SMITH	Sheila	-----	F	1951	20498	Place-12
SMITH	James	-----	M	1951	20499	Place-11
SMITH	Shawn	-----	M	1951	20500	Place-11
SMITH	Joseph	-----	M	1951	20501	Place-12
SMITH	James	-----	M	1951	20502	Place-21
SMITH	Jacob	-----	M	1951	20503	Place-26
SMITH	Sarah	-----	F	1951	20504	Place-6
SMITH	Susan	-----	F	1951	20505	Place-28
SMITH	Selina	-----	F	1951	20506	Place-23
SMITH	Jacob	-----	M	1951	20507	Place-17
SMITH	Paulo	-----	M	1951	20508	Place-27
SMITH	Joseph	-----	M	1951	20509	Place-13
SMITH	Seonaid	-----	F	1951	20510	Place-20
SMITH	Shawn	-----	M	1951	20511	Place-10
SMITH	Paulo	-----	M	1951	20512	Place-17
SMITH	Selina	-----	F	1951	20513	Place-4
SMITH	Jim	-----	M	1951	20514	Place-12
SMITH	Selina	-----	F	1951	20515	Place-23
SMITH	Selina	-----	F	1951	20516	Place-7
SMITH	James	-----	M	1951	20517	Place-1
SMITH	Jacob	-----	M	1951	20518	Place-14
SMITH	Bob	-----	M	1951	20519	Place-24
SMITH	Sharon	-----	F	1951	20520	Place-5
SMITH	Sharon	-----	F	1951	20521	Place-10
SMITH	Jacob	-----	M	1951	20522	Place-28
SMITH	Briony	-----	F	1951	20523	Place-28
SMITH	Shawn	-----	M	1951	20524	Place-2
SMITH	Bob	-----	M	1951	20525	Place-23
SMITH	James	-----	M	1951	20526	Place-29
SMITH	Shawn	-----	M	1951	20527	Place-8
SMITH	Jim	-----	M	1951	20528	Place-22
SMITH	Suzanne	-----	F	1951	20529	Place-25
SMITH	Seonaid	-----	F	1951	20530	Place-0
SMITH	Paulo	-----	M	1951	20531	Place-27
SMITH	Joseph	-----	M	1951	20532	Place-6
SMITH	Joseph	-----	M	1951	20533	Place-27
SMITH	Joseph	-----	M	1951	20534	Place-15
SMITH	Jacob	-----	M	1951	20535	Place-20
SMITH	Suzanne	-----	F	1951	20536	Place-15
SMITH	Sarah	-----	F	1951	20537	Place-3
SMITH	Selina	-----	F	1951	20538	Place-23
SMITH	Briony	-----	F	1951	20539	Place-8
SMITH	Susan	-----	F	1951	20540	Place-28
SMITH	Selina	-----	F	1951	20541	Place-13
SMITH	James	-----	M	1951	20542	Place-24
SMITH	Bob	-----	M	1951	20543	Place-15
SMITH	Shawn	-----	M	1951	20544	Place-20
SMITH	Shawn	-----	M	1951	20545	Place-5
SMITH	Sharon	-----	F	1951	20546	Place-4
SMITH	Susan	-----	F	1951	20547	Place-13
SMITH	Jacob	-----	M	1951	20548	Place-3
SMITH	Briony	-----	F	1951	20549	Place-26
SMITH	Sarah	-----	F	1951	20550	Place-29
SMITH	Seonaid	-----	F	1951	20551	Place-6
SMITH	Shawn	-----	M	1951	20552	Place-22
SMITH	Jacob	-----	M	1951	20553	Place-0
SMITH	Jenkins	-----	M	1951	20554	Place-9
SMITH	Shawn	-----	M	1951	20555	Place-28
SMITH	Briony	-----	F	1951	20556	Place-17
SMITH	Suzanne	-----	F	1951	20557	Place-6
SMITH	Jim	-----	M	1951	20558	Place-19
SMITH	Seonaid	-----	F	1951	20559	Place-24
SMITH	Suzanne	-----	F	1951	20560	Place-25
SMITH	Jim	-----	M	1951	20561	Place-13
SMITH	James	-----	M	1951	20562	Place-5
SMITH	Susan	-----	F	1951	20563	Place-12
SMITH	Jenkins	-----	M	1951	20564	Place-2
SMITH	Sarah	-----	F	1951	20565	Place-17
SMITH	Suzanne	-----	F	1951	20566	Place-1
SMITH	Sheila	-----	F	1951	20567	Place-21
SMITH	Jim	-----	M	1951	20568	Place-10
SMITH	Jacob	-----	M	1951	20569	Place-14
SMITH	Joseph	-----	M	1951	20570	Place-22
SMITH	James	-----	M	1951	20571	Place-18
SMITH	Jacob	-----	M	1951	20572	Place-2
SMITH	Bob	-----	M	1952	20617	Place-10
SMITH	Seonaid	-----	F	1952	20618	Place-28
SMITH	Paulo	-----	M	1952	20619	Place-17
SMITH	Sarah	-----	F	1952	20620	Place-7
SMITH	Suzanne	-----	F	1952	20621	Place-26
SMITH	Briony	-----	F	1952	20622	Place-3
SMITH	Susan	-----	F	1952	20623	Place-7
SMITH	Suzanne	-----	F	1952	20624	Place-13
SMITH	Jim	-----	M	1952	20625	Place-26
SMITH	James	-----	M	1952	20626	Place-8
SMITH	Selina	-----	F	1952	20627	Place-28
SMITH	Briony	-----	F	1952	20628	Place-11
SMITH	Jim	-----	M	1952	20629	Place-0
SMITH	James	-----	M	1952	20630	Place-27
SMITH	James	-----	M	1952	20631	Place-21
SMITH	Susan	-----	F	1952	20632	Place-29
SMITH	Joseph	-----	M	1952	20633	Place-20
SMITH	Jenkins	-----	M	1952	20634	Place-19
SMITH	Bob	-----	M	1952	20635	Place-22
SMITH	Jenkins	-----	M	1952	20636	Place-12
SMITH	Susan	-----	F	1952	20637	Place-13
SMITH	Paulo	-----	M	1952	20638	Place-10
SMITH	Joseph	-----	M	1952	20639	Place-8
SMITH	Suzanne	-----	F	1952	20640	Place-15
SMITH	Sarah	-----	F	1952	20641	Place-13
SMITH	Sheila	-----	F	1952	20642	Place-29
SMITH	Briony	-----	F	1952	20643	Place-12
SMITH	Joseph	-----	M	1952	20644	Place-16
SMITH	Sarah	-----	F	1952	20645	Place-0
SMITH	Suzanne	-----	F	1952	20646	Place-3
SMITH	Jacob	-----	M	1952	20647	Place-24
SMITH	Selina	-----	F	1952	20648	Place-16
SMITH	Jacob	-----	M	1952	20649	Place-15
SMITH	Suzanne	-----	F	1952	20650	Place-15
SMITH	Suzanne	-----	F	1952	20651	Place-26
SMITH	Shawn	-----	M	1952	20652	Place-11
SMITH	Jenkins	-----	M	1952	20653	Place-11
SMITH	Susan	-----	F	1952	20654	Place-22
SMITH	Briony	-----	F	1952	20655	Place-17
SMITH	Susan	-----	F	1952	20656	Place-19
SMITH	Sheila	-----	F	1952	20657	Place-3
SMITH	Sarah	-----	F	1952	20658	Place-2
SMITH	Jenkins	-----	M	1952	20659	Place-5
SMITH	Joseph	-----	M	1952	20660	Place-8
SMITH	Sheila	-----	F	1952	20661	Place-4
SMITH	Paulo	-----	M	1952	20662	Place-1
SMITH	Shawn	-----	M	1952	20663	Place-28
SMITH	Seonaid	-----	F	1952	20664	Place-7
SMITH	Briony	-----	F	1952	20665	Place-29
SMITH	James	-----	M	1952	20666	Place-9
SMITH	Selina	-----	F	1952	20667	Place-26
SMITH	Paulo	-----	M	1952	20668	Place-10
SMITH	Sheila	-----	F	1952	20669	Place-12
SMITH	Selina	-----	F	1952	20670	Place-21
SMITH	Paulo	-----	M	1952	20671	Place-14
SMITH	Shawn	-----	M	1952	20672	Place-24
SMITH	Jacob	-----	M	1952	20673	Place-7
SMITH	James	-----	M	1952	20674	Place-11
SMITH	Seonaid	-----	F	1952	20675	Place-24
SMITH	Jenkins	-----	M	1952	20676	Place-1
SMITH	James	-----	M	1952	20677	Place-20
SMITH	Seonaid	-----	F	1952	20678	Place-27
SMITH	Sarah	-----	F	1952	20679	Place-24
SMITH	Seonaid	-----	F	1952	20680	Place-18
SMITH	Sheila	-----	F	1952	20681	Place-10
SMITH	James	-----	M	1952	20682	Place-1
SMITH	Paulo	-----	M	1952	20683	Place-19
SMITH	Jacob	-----	M	1952	20684	Place-21
SMITH	Selina	-----	F	1952	20685	Place-23
SMITH	Jenkins	-----	M	1952	20686	Place-28
SMITH	James	-----	M	1952	20687	Place-4
SMITH	James	-----	M	1952	20688	Place-1
SMITH	Bob	-----	M	1952	20689	Place-10
SMITH	Sheila	-----	F	1952	20690	Place-12
SMITH	Jim	-----	M	1952	20691	Place-0
SMITH	James	-----	M	1952	20692	Place-14
SMITH	Joseph	-----	M	1952	20693	Place-20
SMITH	Jacob	-----	M	1952	20694	Place-23
SMITH	Joseph	-----	M	1952	20695	Place-25
SMITH	James	-----	M	1952	20696	Place-11
SMITH	Joseph	-----	M	1952	20697	Place-17
SMITH	Suzanne	-----	F	1952	20698	Place-17
SMITH	Jenkins	-----	M	1952	20699	Place-17
SMITH	Sheila	-----	F	1952	20700	Place-7
SMITH	Shawn	-----	M	1952	20701	Place-5
SMITH	Seonaid	-----	F	1952	20702	Place-8
SMITH	Paulo	-----	M	1952	20703	Place-28
SMITH	Jacob	-----	M	1952	20704	Place-9
SMITH	Jenkins	-----	M	1952	20705	Place-9
SMITH	Sarah	-----	F	1952	20706	Place-29
SMITH	Briony	-----	F	1952	20707	Place-23
SMITH	James	-----	M	1952	20708	Place-10
SMITH	Sarah	-----	F	1952	20709	Place-26
SMITH	Bob	-----	M	1952	20710	Place-1
SMITH	Shawn	-----	M	1952	20711	Place-25
SMITH	Seonaid	-----	F	1952	20712	Place-25
SMITH	Sharon	-----	F	1952	20713	Place-4
SMITH	Jim	-----	M	1952	20714	Place-4
SMITH	Shawn	-----	M	1952	20715	Place-12
SMITH	James	-----	M	1952	20716	Place-3
SMITH	Sharon	-----	F	1952	20717	Place-23
SMITH	Sheila	-----	F	1952	20718	Place-28
SMITH	Susan	-----	F	1952	20719	Place-7
SMITH	Sheila	-----	F	1952	20720	Place-2
SMITH	Susan	-----	F	1952	20721	Place-28
SMITH	Susan	-----	F	1952	20722	Place-11
SMITH	Bob	-----	M	1952	20723	Place-25
SMITH	Jim	-----	M	1952	20724	Place-29
SMITH	Shawn	-----	M	1952	20725	Place-8
SMITH	Jacob	-----	M	1952	20726	Place-28
SMITH	Suzanne	-----	F	1952	20727	Place-24
SMITH	Sheila	-----	F	1952	20728	Place-23
SMITH	Suzanne	-----	F	1952	20729	Place-21
SMITH	Shawn	-----	M	1952	20730	Place-1
SMITH	Joseph	-----	M	1952	20731	Place-13
SMITH	Briony	-----	F	1952	20732	Place-23
SMITH	Sarah	-----	F	1952	20733	Place-10
SMITH	Selina	-----	F	1952	20734	Place-14
SMITH	Shawn	-----	M	1952	20735	Place-29
SMITH	Suzanne	-----	F	1952	20736	Place-23
SMITH	Jim	-----	M	1952	20737	Place-24
SMITH	Shawn	-----	M	1952	20738	Place-12
SMITH	Sheila	-----	F	1952	20739	Place-9
SMITH	Susan	-----	F	1952	20740	Place-29
SMITH	Paulo	-----	M	1952	20741	Place-29
SMITH	Susan	-----	F	1952	20742	Place-8
SMITH	Briony	-----	F	1952	20743	Place-11
SMITH	Paulo	-----	M	1952	20744	Place-21
SMITH	Jacob	-----	M	1952	20745	Place-18
SMITH	Shawn	-----	M	1952	20746	Place-26
SMITH	Shawn	-----	M	1952	20747	Place-1
SMITH	Jenkins	-----	M	1952	20748	Place-26
SMITH	Sarah	-----	F	1952	20749	Place-1
SMITH	Jim	-----	M	1952	20750	Place-26
SMITH	Joseph	-----	M	1952	20751	Place-11
SMITH	Sharon	-----	F	1952	20752	Place-8
SMITH	Susan	-----	F	1952	20753	Place-13
SMITH	Sharon	-----	F	1952	20754	Place-20
SMITH	Susan	-----	F	1952	20755	Place-25
SMITH	Sharon	-----	F	1952	20756	Place-4
SMITH	Jim	-----	M	1952	20757	Place-27
SMITH	Susan	-----	F	1952	20758	Place-22
SMITH	Jim	-----	M	1952	20759	Place-0
SMITH	Briony	-----	F	1952	20760	Place-27
SMITH	Selina	-----	F	1952	20761	Place-20
SMITH	Jenkins	-----	M	1952	20762	Place-20
SMITH	Sharon	-----	F	1952	20763	Place-18
SMITH	Sheila	-----	F	1952	20764	Place-9
SMITH	Sharon	-----	F	1952	20765	Place-10
SMITH	Paulo	-----	M	1952	20766	Place-10
SMITH	Joseph	-----	M	1952	20767	Place-19
SMITH	Sharon	-----	F	1952	20768	Place-16
SMITH	Shawn	-----	M	1952	20769	Place-21
SMITH	Selina	-----	F	1952	20770	Place-26
SMITH	Selina	-----	F	1952	20771	Place-16
SMITH	Jacob	-----	M	1952	20772	Place-21
SMITH	Susan	-----	F	1952	20773	Place-24
SMITH	Jenkins	-----	M	1952	20774	Place-12
SMITH	Sarah	-----	F	1952	20775	Place-24
SMITH	Bob	-----	M	1952	20776	Place-15
SMITH	James	-----	M	1952	20777	Place-7
SMITH	Jacob	-----	M	1952	20778	Place-17
SMITH	Briony	-----	F	1952	20779	Place-24
SMITH	Shawn	-----	M	1952	20780	Place-7
SMITH	James	-----	M	1952	20781	Place-28
SMITH	Joseph	-----	M	1952	20782	Place-25
SMITH	Selina	-----	F	1952	20783	Place-6
SMITH	Shawn	-----	M	1952	20784	Place-25
SMITH	James	-----	M	1952	20785	Place-28
SMITH	Joseph	-----	M	1952	20786	Place-20
SMITH	Jacob	-----	M	1952	20787	Place-27
SMITH	Selina	-----	F	1952	20788	Place-11
SMITH	Sharon	-----	F	1952	20789	Place-7
SMITH	Sarah	-----	F	1952	20790	Place-28
SMITH	Sharon	-----	F	1952	20791	Place-27
SMITH	Seonaid	-----	F	1952	20792	Place-28
SMITH	James	-----	M	1952	20793	Place-17
SMITH	Sharon	-----	F	1952	20794	Place-8
SMITH	Seonaid	-----	F	1952	20795	Place-3
SMITH	Selina	-----	F	1952	20796	Place-17
SMITH	Joseph	-----	M	1952	20797	Place-26
SMITH	Bob	-----	M	1952	20798	Place-4
SMITH	Paulo	-----	M	1952	20799	Place-15
SMITH	Sheila	-----	F	1952	20800	Place-13
SMITH	Susan	-----	F	1952	20801	Place-1
SMITH	Jenkins	-----	M	1952	20802	Place-11
SMITH	Suzanne	-----	F	1952	20803	Place-15
SMITH	Shawn	-----	M	1952	20804	Place-2
SMITH	Sarah	-----	F	1952	20805	Place-19
SMITH	Seonaid	-----	F	1952	20806	Place-7
SMITH	Jenkins	-----	M	1952	20807	Place-15
SMITH	Sheila	-----	F	1952	20808	Place-16
SMITH	Sharon	-----	F	1952	20809	Place-7
SMITH	Paulo	-----	M	1952	20810	Place-18
SMITH	Selina	-----	F	1952	20811	Place-5
SMITH	Seonaid	-----	F	1952	20812	Place-12
SMITH	Jacob	-----	M	1952	20813	Place-1
SMITH	Bob	-----	M	1952	20814	Place-26
SMITH	Shawn	-----	M	1952	20815	Place-14
SMITH	Suzanne	-----	F	1952	20816	Place-12
SMITH	Bob	-----	M	1952	20817	Place-21
SMITH	Jim	-----	M	1952	20818	Place-17
SMITH	Briony	-----	F	1952	20819	Place-26
SMITH	Joseph	-----	M	1952	20820	Place-25
SMITH	Seonaid	-----	F	1952	20821	Place-28
SMITH	Sarah	-----	F	1952	20822	Place-7
SMITH	Sarah	-----	F	1952	20823	Place-15
SMITH	Bob	-----	M	1952	20824	Place-21
SMITH	Seonaid	-----	F	1952	20825	Place-10
SMITH	James	-----	M	1952	20826	Place-23
SMITH	James	-----	M	1952	20827	Place-5
SMITH	Jenkins	-----	M	1952	20828	Place-18
SMITH	Sarah	-----	F	1952	20829	Place-1
SMITH	Susan	-----	F	1952	20830	Place-26
SMITH	Briony	-----	F	1952	20831	Place-19
SMITH	Seonaid	-----	F	1952	20832	Place-19
SMITH	Bob	-----	M	1952	20833	Place-28
SMITH	James	-----	M	1952	20834	Place-27
SMITH	Jacob	-----	M	1952	20835	Place-28
SMITH	Seonaid	-----	F	1952	20836	Place-18
SMITH	Jenkins	-----	M	1952	20837	Place-12
SMITH	Shawn	-----	M	1952	20838	Place-23
SMITH	Briony	-----	F	1952	20839	Place-20
SMITH	Sarah	-----	F	1952	20840	Place-29
SMITH	Bob	-----	M	1952	20841	Place-6
SMITH	Joseph	-----	M	1952	20842	Place-14
SMITH	Sheila	-----	F	1952	20843	Place-18
SMITH	James	-----	M	1952	20844	Place-22
SMITH	Joseph	-----	M	1952	20845	Place-10
SMITH	Shawn	-----	M	1952	20846	Place-12
SMITH	Briony	-----	F	1952	20847	Place-29
SMITH	Seonaid	-----	F	1952	20848	Place-0
SMITH	Jacob	-----	M	1952	20849	Place-13
SMITH	Selina	-----	F	1952	20850	Place-1
SMITH	Briony	-----	F	1952	20851	Place-6
SMITH	Selina	-----	F	1952	20852	Place-14
SMITH	Suzanne	-----	F	1952	20853	Place-19
SMITH	Jim	-----	M	1952	20854	Place-17
SMITH	Sarah	-----	F	1952	20855	Place-25
SMITH	Jacob	-----	M	1952	20856	Place-28
SMITH	Suzanne	-----	F	1952	20857	Place-0
SMITH	Bob	-----	M	1952	20858	Place-12
SMITH	Briony	-----	F	1952	20859	Place-6
SMITH	Sarah	-----	F	1952	20860	Place-28
SMITH	Susan	-----	F	1952	20861	Place-9
SMITH	Selina	-----	F	1952	20862	Place-22
SMITH	Briony	-----	F	1952	20863	Place-11
SMITH	Bob	-----	M	1952	20864	Place-19
SMITH	Shawn	-----	M	1952	20865	Place-4
SMITH	Shawn	-----	M	1952	20866	Place-17
SMITH	Paulo	-----	M	1952	20867	Place-23
SMITH	Jenkins	-----	M	1952	20868	Place-22
SMITH	Sharon	-----	F	1952	20869	Place-8
SMITH	Selina	-----	F	1952	20870	Place-29
SMITH	Jim	-----	M	1952	20871	Place-22
SMITH	Shawn	-----	M	1952	20872	Place-23
SMITH	Jacob	-----	M	1952	20873	Place-9
SMITH	James	-----	M	1952	20874	Place-0
SMITH	Jenkins	-----	M	1952	20875	Place-12
SMITH	Jenkins	-----	M	1952	20876	Place-18
SMITH	Sheila	-----	F	1952	20877	Place-5
SMITH	Jacob	-----	M	1952	20878	Place-3
SMITH	Suzanne	-----	F	1952	20879	Place-21
SMITH	Jenkins	-----	M	1952	20880	Place-6
SMITH	Sharon	-----	F	1952	20881	Place-22
SMITH	Susan	-----	F	1952	20882	Place-6
SMITH	Paulo	-----	M	1952	20883	Place-12
SMITH	Briony	-----	F	1952	20884	Place-1
SMITH	Sheila	-----	F	1952	20885	Place-25
SMITH	Bob	-----	M	1952	20886	Place-24
SMITH	Joseph	-----	M	1952	20887	Place-5
SMITH	Susan	-----	F	1952	20888	Place-14
SMITH	Shawn	-----	M	1952	20889	Place-23
SMITH	Jacob	-----	M	1952	20890	Place-28
SMITH	Paulo	-----	M	1952	20891	Place-24
SMITH	Jenkins	-----	M	1952	20892	Place-27
SMITH	Susan	-----	F	1952	20893	Place-4
SMITH	Seonaid	-----	F	1952	20894	Place-14
SMITH	Sheila	-----	F	1952	20895	Place-22
SMITH	Sarah	-----	F	1952	20896	Place-21
SMITH	Shawn	-----	M	1952	20897	Place-1
SMITH	Suzanne	-----	F	1952	20898	Place-18
SMITH	Joseph	-----	M	1952	20899	Place-14
SMITH	Joseph	-----	M	1952	20900	Place-17
SMITH	Bob	-----	M	1952	20901	Place-27
SMITH	Shawn	-----	M	1952	20902	Place-27
SMITH	Jim	-----	M	1952	20903	Place-20
SMITH	Sheila	-----	F	1952	20904	Place-2
SMITH	Joseph	-----	M	1952	20905	Place-9
SMITH	Jenkins	-----	M	1952	20906	Place-3
SMITH	Joseph	-----	M	1952	20907	Place-10
SMITH	Briony	-----	F	1952	20908	Place-5
SMITH	James	-----	M	1953	20949	Place-1
SMITH	Seonaid	-----	F	1953	20950	Place-2
SMITH	James	-----	M	1953	20951	Place-14
SMITH	Selina	-----	F	1953	20952	Place-5
SMITH	Suzanne	-----	F	1953	20953	Place-21
SMITH	Bob	-----	M	1953	20954	Place-26
SMITH	Shawn	-----	M	1953	20955	Place-14
SMITH	Jenkins	-----	M	1953	20956	Place-20
SMITH	Jenkins	-----	M	1953	20957	Place-1
SMITH	Sheila	-----	F	1953	20958	Place-6
SMITH	Paulo	-----	M	1953	20959	Place-5
SMITH	Paulo	-----	M	1953	20960	Place-7
SMITH	Jenkins	-----	M	1953	20961	Place-28
SMITH	Jenkins	-----	M	1953	20962	Place-0
SMITH	Sharon	-----	F	1953	20963	Place-13
SMITH	Jim	-----	M	1953	20964	Place-11
SMITH	Sarah	-----	F	1953	20965	Place-1
SMITH	Briony	-----	F	1953	20966	Place-22
SMITH	Bob	-----	M	1953	20967	Place-27
SMITH	Paulo	-----	M	1953	20968	Place-2
SMITH	Susan	-----	F	1953	20969	Place-16
SMITH	Sheila	-----	F	1953	20970	Place-28
SMITH	Susan	-----	F	1953	20971	Place-25
SMITH	Joseph	-----	M	1953	20972	Place-14
SMITH	Seonaid	-----	F	1953	20973	Place-8
SMITH	Susan	-----	F	1953	20974	Place-6
SMITH	Shawn	-----	M	1953	20975	Place-25
SMITH	Briony	-----	F	1953	20976	Place-3
SMITH	Sharon	-----	F	1953	20977	Place-14
SMITH	Sharon	-----	F	1953	20978	Place-28
SMITH	Sheila	-----	F	1953	20979	Place-23
SMITH	James	-----	M	1953	20980	Place-16
SMITH	Paulo	-----	M	1953	20981	Place-13
SMITH	Bob	-----	M	1953	20982	Place-7
SMITH	Shawn	-----	M	1953	20983	Place-27
SMITH	Susan	-----	F	1953	20984	Place-10
SMITH	Jenkins	-----	M	1953	20985	Place-29
SMITH	Paulo	-----	M	1953	20986	Place-7
SMITH	Jenkins	-----	M	1953	20987	Place-6
SMITH	Jacob	-----	M	1953	20988	Place-8
SMITH	Shawn	-----	M	1953	20989	Place-24
SMITH	Sarah	-----	F	1953	20990	Place-22
SMITH	Bob	-----	M	1953	20991	Place-8
SMITH	Jenkins	-----	M	1953	20992	Place-10
SMITH	Briony	-----	F	1953	20993	Place-2
SMITH	Susan	-----	F	1953	20994	Place-24
SMITH	Suzanne	-----	F	1953	20995	Place-18
SMITH	Sharon	-----	F	1953	20996	Place-7
SMITH	Susan	-----	F	1953	20997	Place-15
SMITH	Sarah	-----	F	1953	20998	Place-26
SMITH	Sheila	-----	F	1953	20999	Place-7
SMITH	Joseph	-----	M	1953	21000	Place-14
SMITH	Jenkins	-----	M	1953	21001	Place-21
SMITH	Seonaid	-----	F	1953	21002	Place-25
SMITH	James	-----	M	1953	21003	Place-6
SMITH	Joseph	-----	M	1953	21004	Place-28
SMITH	Paulo	-----	M	1953	21005	Place-4
SMITH	Shawn	-----	M	1953	21006	Place-26
SMITH	Jenkins	-----	M	1953	21007	Place-29
SMITH	Sheila	-----	F	1953	21008	Place-1
SMITH	Joseph	-----	M	1953	21009	Place-16
SMITH	Shawn	-----	M	1953	21010	Place-1
SMITH	Jacob	-----	M	1953	21011	Place-12
SMITH	Jacob	-----	M	1953	21012	Place-7
SMITH	Seonaid	-----	F	1953	21013	Place-7
SMITH	Bob	-----	M	1953	21014	Place-4
SMITH	Sharon	-----	F	1953	21015	Place-14
SMITH	Bob	-----	M	1953	21016	Place-7
SMITH	Sarah	-----	F	1953	21017	Place-13
SMITH	Joseph	-----	M	1953	21018	Place-15
SMITH	Briony	-----	F	1953	21019	Place-11
SMITH	James	-----	M	1953	21020	Place-17
SMITH	Suzanne	-----	F	1953	21021	Place-11
SMITH	Sheila	-----	F	1953	21022	Place-20
SMITH	Selina	-----	F	1953	21023	Place-24
SMITH	Suzanne	-----	F	1953	21024	Place-19
SMITH	Paulo	-----	M	1953	21025	Place-0
SMITH	Jim	-----	M	1953	21026	Place-28
SMITH	Shawn	-----	M	1953	21027	Place-15
SMITH	Jenkins	-----	M	1953	21028	Place-21
SMITH	Jacob	-----	M	1953	21029	Place-1
SMITH	Jacob	-----	M	1953	21030	Place-9
SMITH	Seonaid	-----	F	1953	21031	Place-23
SMITH	Selina	-----	F	1953	21032	Place-23
SMITH	Jenkins	-----	M	1953	21033	Place-25
SMITH	Sheila	-----	F	1953	21034	Place-9
SMITH	Selina	-----	F	1953	21035	Place-0
SMITH	Bob	-----	M	1953	21036	Place-26
SMITH	Briony	-----	F	1953	21037	Place-14
SMITH	Jacob	-----	M	1953	21038	Place-8
SMITH	Jim	-----	M	1953	21039	Place-27
SMITH	Bob	-----	M	1953	21040	Place-19
SMITH	Jacob	-----	M	1953	21041	Place-3
SMITH	Seonaid	-----	F	1953	21042	Place-12
SMITH	Joseph	-----	M	1953	21043	Place-8
SMITH	Selina	-----	F	1953	21044	Place-8
SMITH	Joseph	-----	M	1953	21045	Place-12
SMITH	Selina	-----	F	1953	21046	Place-2
SMITH	Sarah	-----	F	1953	21047	Place-25
SMITH	Sarah	-----	F	1953	21048	Place-14
SMITH	Shawn	-----	M	1953	21049	Place-11
SMITH	Jim	-----	M	1953	21050	Place-14
SMITH	Jacob	-----	M	1953	21051	Place-26
SMITH	Suzanne	-----	F	1953	21052	Place-25
SMITH	Selina	-----	F	1953	21053	Place-25
SMITH	Selina	-----	F	1953	21054	Place-14
SMITH	Selina	-----	F	1953	21055	Place-29
SMITH	Sarah	-----	F	1953	21056	Place-12
SMITH	James	-----	M	1953	21057	Place-19
SMITH	Sharon	-----	F	1953	21058	Place-4
SMITH	Suzanne	-----	F	1953	21059	Place-6
SMITH	Joseph	-----	M	1953	21060	Place-27
SMITH	Sharon	-----	F	1953	21061	Place-19
SMITH	Paulo	-----	M	1953	21062	Place-29
SMITH	Bob	-----	M	1953	21063	Place-8
SMITH	Jacob	-----	M	1953	21064	Place-23
SMITH	Selina	-----	F	1953	21065	Place-28
SMITH	Sharon	-----	F	1953	21066	Place-2
SMITH	Sarah	-----	F	1953	21067	Place-12
SMITH	Susan	-----	F	1953	21068	Place-1
SMITH	Briony	-----	F	1953	21069	Place-9
SMITH	Jim	-----	M	1953	21070	Place-29
SMITH	Shawn	-----	M	1953	21071	Place-15
SMITH	Briony	-----	F	1953	21072	Place-25
SMITH	Susan	-----	F	1953	21073	Place-10
SMITH	Paulo	-----	M	1953	21074	Place-3
SMITH	Bob	-----	M	1953	21075	Place-8
SMITH	Bob	-----	M	1953	21076	Place-23
SMITH	Shawn	-----	M	1953	21077	Place-15
SMITH	Sharon	-----	F	1953	21078	Place-15
SMITH	Shawn	-----	M	1953	21079	Place-28
SMITH	Sheila	-----	F	1953	21080	Place-9
SMITH	Suzanne	-----	F	1953	21081	Place-9
SMITH	Selina	-----	F	1953	21082	Place-29
SMITH	Briony	-----	F	1953	21083	Place-0
SMITH	Sarah	-----	F	1953	21084	Place-26
SMITH	Seonaid	-----	F	1953	21085	Place-16
SMITH	Sharon	-----	F	1953	21086	Place-4
SMITH	Suzanne	-----	F	1953	21087	Place-5
SMITH	Shawn	-----	M	1953	21088	Place-28
SMITH	Seonaid	-----	F	1953	21089	Place-6
SMITH	Bob	-----	M	1953	21090	Place-24
SMITH	Sharon	-----	F	1953	21091	Place-22
SMITH	Sarah	-----	F	1953	21092	Place-17
SMITH	Susan	-----	F	1953	21093	Place-12
SMITH	Jenkins	-----	M	1953	21094	Place-10
SMITH	Selina	-----	F	1953	21095	Place-21
SMITH	Jim	-----	M	1953	21096	Place-2
SMITH	Sarah	-----	F	1953	21097	Place-14
SMITH	Jenkins	-----	M	1953	21098	Place-13
SMITH	Seonaid	-----	F	1953	21099	Place-25
SMITH	Bob	-----	M	1953	21100	Place-10
SMITH	Joseph	-----	M	1953	21101	Place-27
SMITH	Selina	-----	F	1953	21102	Place-4
SMITH	Bob	-----	M	1953	21103	Place-20
SMITH	Selina	-----	F	1953	21104	Place-20
SMITH	Paulo	-----	M	1953	21105	Place-23
SMITH	Jim	-----	M	1953	21106	Place-8
SMITH	Shawn	-----	M	1953	21107	Place-9
SMITH	Susan	-----	F	1953	21108	Place-21
SMITH	Susan	-----	F	1953	21109	Place-15
SMITH	Briony	-----	F	1953	21110	Place-0
SMITH	Jim	-----	M	1953	21111	Place-13
SMITH	Sheila	-----	F	1953	21112	Place-26
SMITH	Susan	-----	F	1953	21113	Place-1
SMITH	Briony	-----	F	1953	21114	Place-7
SMITH	James	-----	M	1953	21115	Place-22
SMITH	Briony	-----	F	1953	21116	Place-1
SMITH	Suzanne	-----	F	1953	21117	Place-17
SMITH	Shawn	-----	M	1953	21118	Place-2
SMITH	Paulo	-----	M	1953	21119	Place-12
SMITH	Jim	-----	M	1953	21120	Place-21
SMITH	Shawn	-----	M	1953	21121	Place-8
SMITH	Seonaid	-----	F	1953	21122	Place-13
SMITH	Susan	-----	F	1953	21123	Place-1
SMITH	Joseph	-----	M	1953	21124	Place-20
SMITH	James	-----	M	1953	21125	Place-23
SMITH	Jim	-----	M	1953	21126	Place-19
SMITH	Seonaid	-----	F	1953	21127	Place-28
SMITH	Bob	-----	M	1953	21128	Place-25
SMITH	Sheila	-----	F	1953	21129	Place-27
SMITH	Sarah	-----	F	1953	21130	Place-7
SMITH	James	-----	M	1953	21131	Place-4
SMITH	Sarah	-----	F	1953	21132	Place-16
SMITH	Jacob	-----	M	1953	21133	Place-29
SMITH	Sharon	-----	F	1953	21134	Place-5
SMITH	Briony	-----	F	1953	21135	Place-24
SMITH	Shawn	-----	M	1953	21136	Place-24
SMITH	Sarah	-----	F	1953	21137	Place-1
SMITH	Jacob	-----	M	1953	21138	Place-28
SMITH	Jacob	-----	M	1953	21139	Place-13
SMITH	Paulo	-----	M	1953	21140	Place-6
SMITH	Sharon	-----	F	1953	21141	Place-28
SMITH	Sheila	-----	F	1953	21142	Place-26
SMITH	Suzanne	-----	F	1953	21143	Place-13
SMITH	Jenkins	-----	M	1953	21144	Place-6
SMITH	Selina	-----	F	1953	21145	Place-14
SMITH	Susan	-----	F	1953	21146	Place-17
SMITH	Sheila	-----	F	1953	21147	Place-8
SMITH	Selina	-----	F	1953	21148	Place-0
SMITH	Seonaid	-----	F	1953	21149	Place-1
SMITH	Susan	-----	F	1953	21150	Place-2
SMITH	Selina	-----	F	1953	21151	Place-22
SMITH	Bob	-----	M	1953	21152	Place-11
SMITH	Sheila	-----	F	1953	21153	Place-11
SMITH	James	-----	M	1953	21154	Place-24
SMITH	Briony	-----	F	1953	21155	Place-24
SMITH	Sharon	-----	F	1953	21156	Place-9
SMITH	Joseph	-----	M	1953	21157	Place-13
SMITH	Jim	-----	M	1953	21158	Place-18
SMITH	Suzanne	-----	F	1953	21159	Place-1
SMITH	James	-----	M	1953	21160	Place-12
SMITH	Sharon	-----	F	1953	21161	Place-26
SMITH	Selina	-----	F	1953	21162	Place-23
SMITH	James	-----	M	1953	21163	Place-29
SMITH	Suzanne	-----	F	1953	21164	Place-12
SMITH	Sharon	-----	F	1953	21165	Place-17
SMITH	Shawn	-----	M	1953	21166	Place-13
SMITH	Suzanne	-----	F	1953	21167	Place-4
SMITH	Suzanne	-----	F	1953	21168	Place-6
SMITH	Sharon	-----	F	1953	21169	Place-29
SMITH	Seonaid	-----	F	1953	21170	Place-27
SMITH	Jacob	-----	M	1953	21171	Place-28
SMITH	Sharon	-----	F	1953	21172	Place-17
SMITH	Jenkins	-----	M	1953	21173	Place-26
SMITH	Sarah	-----	F	1953	21174	Place-4
SMITH	Jim	-----	M	1953	21175	Place-20
SMITH	Jenkins	-----	M	1953	21176	Place-28
SMITH	Selina	-----	F	1953	21177	Place-4
SMITH	Joseph	-----	M	1953	21178	Place-3
SMITH	Briony	-----	F	1953	21179	Place-17
SMITH	Sarah	-----	F	1953	21180	Place-5
SMITH	Sheila	-----	F	1953	21181	Place-15
SMITH	Suzanne	-----	F	1953	21182	Place-28
SMITH	Jenkins	-----	M	1953	21183	Place-2
SMITH	Shawn	-----	M	1953	21184	Place-10
SMITH	Sharon	-----	F	1953	21185	Place-22
SMITH	Bob	-----	M	1953	21186	Place-6
SMITH	Briony	-----	F	1953	21187	Place-13
SMITH	Shawn	-----	M	1953	21188	Place-18
SMITH	Seonaid	-----	F	1953	21189	Place-23
SMITH	Sarah	-----	F	1953	21190	Place-3
SMITH	Briony	-----	F	1953	21191	Place-20
SMITH	Sharon	-----	F	1953	21192	Place-15
SMITH	Paulo	-----	M	1953	21193	Place-9
SMITH	Sheila	-----	F	1953	21194	Place-23
SMITH	Shawn	-----	M	1953	21195	Place-3
SMITH	Sharon	-----	F	1953	21196	Place-5
SMITH	Bob	-----	M	1953	21197	Place-24
SMITH	Susan	-----	F	1953	21198	Place-3
SMITH	Bob	-----	M	1953	21199	Place-11
SMITH	Suzanne	-----	F	1953	21200	Place-14
SMITH	Sheila	-----	F	1953	21201	Place-15
SMITH	Sheila	-----	F	1953	21202	Place-21
SMITH	Jim	-----	M	1953	21203	Place-29
SMITH	Briony	-----	F	1953	21204	Place-4
SMITH	Paulo	-----	M	1953	21205	Place-21
SMITH	Susan	-----	F	1953	21206	Place-6
SMITH	Jacob	-----	M	1953	21207	Place-10
SMITH	Seonaid	-----	F	1953	21208	Place-3
SMITH	Jenkins	-----	M	1953	21209	Place-13
SMITH	Briony	-----	F	1953	21210	Place-17
SMITH	Jim	-----	M	1953	21211	Place-0
SMITH	Jim	-----	M	1953	21212	Place-18
SMITH	Sharon	-----	F	1953	21213	Place-28
SMITH	Briony	-----	F	1953	21214	Place-0
SMITH	Shawn	-----	M	1953	21215	Place-23
SMITH	Suzanne	-----	F	1953	21216	Place-12
SMITH	Susan	-----	F	1953	21217	Place-21
SMITH	Paulo	-----	M	1953	21218	Place-27
SMITH	Briony	-----	F	1953	21219	Place-27
SMITH	Jacob	-----	M	1953	21220	Place-6
SMITH	James	-----	M	1953	21221	Place-8
SMITH	Briony	-----	F	1953	21222	Place-0
SMITH	Jim	-----	M	1953	21223	Place-27
SMITH	Seonaid	-----	F	1953	21224	Place-5
SMITH	Jenkins	-----	M	1953	21225	Place-26
SMITH	Briony	-----	F	1953	21226	Place-3
SMITH	Suzanne	-----	F	1953	21227	Place-4
SMITH	Joseph	-----	M	1953	21228	Place-7
SMITH	Sheila	-----	F	1953	21229	Place-11
SMITH	Briony	-----	F	1953	21230	Place-4
SMITH	Shawn	-----	M	1953	21231	Place-8
SMITH	Paulo	-----	M	1953	21232	Place-15
SMITH	Selina	-----	F	1953	21233	Place-21
SMITH	Susan	-----	F	1953	21234	Place-5
SMITH	Bob	-----	M	1953	21235	Place-8
SMITH	Selina	-----	F	1953	21236	Place-28
SMITH	Susan	-----	F	1953	21237	Place-3
SMITH	Jenkins	-----	M	1953	21238	Place-8
SMITH	Selina	-----	F	1953	21239	Place-23
SMITH	Sarah	-----	F	1953	21240	Place-16
SMITH	Joseph	-----	M	1954	21279	Place-12
SMITH	Jacob	-----	M	1954	21280	Place-6
SMITH	Briony	-----	F	1954	21281	Place-5
SMITH	Suzanne	-----	F	1954	21282	Place-3
SMITH	Paulo	-----	M	1954	21283	Place-23
SMITH	Seonaid	-----	F	1954	21284	Place-14
SMITH	James	-----	M	1954	21285	Place-24
SMITH	Joseph	-----	M	1954	21286	Place-9
SMITH	Seonaid	-----	F	1954	21287	Place-28
SMITH	Susan	-----	F	1954	21288	Place-19
SMITH	Seonaid	-----	F	1954	21289	Place-5
SMITH	Paulo	-----	M	1954	21290	Place-7
SMITH	James	-----	M	1954	21291	Place-10
SMITH	Sheila	-----	F	1954	21292	Place-17
SMITH	Paulo	-----	M	1954	21293	Place-28
SMITH	Sheila	-----	F	1954	21294	Place-19
SMITH	Jim	-----	M	1954	21295	Place-20
SMITH	James	-----	M	1954	21296	Place-0
SMITH	Jim	-----	M	1954	21297	Place-26
SMITH	Sheila	-----	F	1954	21298	Place-15
SMITH	Paulo	-----	M	1954	21299	Place-2
SMITH	Seonaid	-----	F	1954	21300	Place-24
SMITH	Susan	-----	F	1954	21301	Place-21
SMITH	Sheila	-----	F	1954	21302	Place-17
SMITH	Bob	-----	M	1954	21303	Place-0
SMITH	Sarah	-----	F	1954	21304	Place-3
SMITH	Paulo	-----	M	1954	21305	Place-12
SMITH	Jacob	-----	M	1954	21306	Place-1
SMITH	Selina	-----	F	1954	21307	Place-4
SMITH	Sharon	-----	F	1954	21308	Place-19
SMITH	Jim	-----	M	1954	21309	Place-7
SMITH	Shawn	-----	M	1954	21310	Place-24
SMITH	Paulo	-----	M	1954	21311	Place-22
SMITH	Paulo	-----	M	1954	21312	Place-19
SMITH	Jenkins	-----	M	1954	21313	Place-2
SMITH	Susan	-----	F	1954	21314	Place-1
SMITH	Selina	-----	F	1954	21315	Place-8
SMITH	James	-----	M	1954	21316	Place-4
SMITH	Sheila	-----	F	1954	21317	Place-9
SMITH	Joseph	-----	M	1954	21318	Place-19
SMITH	Jim	-----	M	1954	21319	Place-29
SMITH	Bob	-----	M	1954	21320	Place-23
SMITH	Selina	-----	F	1954	21321	Place-8
SMITH	Jenkins	-----	M	1954	21322	Place-1
SMITH	Sheila	-----	F	1954	21323	Place-17
SMITH	Sharon	-----	F	1954	21324	Place-8
SMITH	James	-----	M	1954	21325	Place-16
SMITH	Sharon	-----	F	1954	21326	Place-4
SMITH	Jenkins	-----	M	1954	21327	Place-5
SMITH	Sarah	-----	F	1954	21328	Place-26
SMITH	Selina	-----	F	1954	21329	Place-24
SMITH	Bob	-----	M	1954	21330	Place-9
SMITH	Selina	-----	F	1954	21331	Place-7
SMITH	Suzanne	-----	F	1954	21332	Place-15
SMITH	Bob	-----	M	1954	21333	Place-23
SMITH	Selina	-----	F	1954	21334	Place-0
SMITH	Briony	-----	F	1954	21335	Place-7
SMITH	Seonaid	-----	F	1954	21336	Place-2
SMITH	Selina	-----	F	1954	21337	Place-17
SMITH	Susan	-----	F	1954	21338	Place-8
SMITH	Sarah	-----	F	1954	21339	Place-8
SMITH	Bob	-----	M	1954	21340	Place-6
SMITH	Briony	-----	F	1954	21341	Place-10
SMITH	Sarah	-----	F	1954	21342	Place-20
SMITH	Seonaid	-----	F	1954	21343	Place-12
SMITH	Sharon	-----	F	1954	21344	Place-21
SMITH	Selina	-----	F	1954	21345	Place-22
SMITH	Sharon	-----	F	1954	21346	Place-0
SMITH	Jim	-----	M	1954	21347	Place-13
SMITH	Sarah	-----	F	1954	21348	Place-0
SMITH	James	-----	M	1954	21349	Place-10
SMITH	Susan	-----	F	1954	21350	Place-12
SMITH	Jenkins	-----	M	1954	21351	Place-27
SMITH	Paulo	-----	M	1954	21352	Place-7
SMITH	Seonaid	-----	F	1954	21353	Place-5
SMITH	Shawn	-----	M	1954	21354	Place-0
SMITH	Jacob	-----	M	1954	21355	Place-29
SMITH	Jacob	-----	M	1954	21356	Place-10
SMITH	Suzanne	-----	F	1954	21357	Place-2
SMITH	Sharon	-----	F	1954	21358	Place-16
SMITH	James	-----	M	1954	21359	Place-15
SMITH	Susan	-----	F	1954	21360	Place-27
SMITH	Sarah	-----	F	1954	21361	Place-3
SMITH	Selina	-----	F	1954	21362	Place-4
SMITH	Briony	-----	F	1954	21363	Place-2
SMITH	Sharon	-----	F	1954	21364	Place-24
SMITH	Briony	-----	F	1954	21365	Place-18
SMITH	Susan	-----	F	1954	21366	Place-15
SMITH	Joseph	-----	M	1954	21367	Place-18
SMITH	Joseph	-----	M	1954	21368	Place-15
SMITH	Joseph	-----	M	1954	21369	Place-28
SMITH	Jacob	-----	M	1954	21370	Place-23
SMITH	Selina	-----	F	1954	21371	Place-7
SMITH	Sheila	-----	F	1954	21372	Place-16
SMITH	Sheila	-----	F	1954	21373	Place-14
SMITH	Sheila	-----	F	1954	21374	Place-19
SMITH	Susan	-----	F	1954	21375	Place-1
SMITH	Joseph	-----	M	1954	21376	Place-1
SMITH	Jim	-----	M	1954	21377	Place-9
SMITH	Paulo	-----	M	1954	21378	Place-28
SMITH	Sharon	-----	F	1954	21379	Place-22
SMITH	Shawn	-----	M	1954	21380	Place-24
SMITH	Shawn	-----	M	1954	21381	Place-7
SMITH	Jim	-----	M	1954	21382	Place-2
SMITH	Seonaid	-----	F	1954	21383	Place-6
SMITH	Susan	-----	F	1954	21384	Place-20
SMITH	Shawn	-----	M	1954	21385	Place-24
SMITH	Jacob	-----	M	1954	21386	Place-23
SMITH	Paulo	-----	M	1954	21387	Place-15
SMITH	Shawn	-----	M	1954	21388	Place-9
SMITH	Briony	-----	F	1954	21389	Place-19
SMITH	Seonaid	-----	F	1954	21390	Place-26
SMITH	Shawn	-----	M	1954	21391	Place-9
SMITH	Briony	-----	F	1954	21392	Place-6
SMITH	Sharon	-----	F	1954	21393	Place-4
SMITH	Joseph	-----	M	1954	21394	Place-28
SMITH	Jenkins	-----	M	1954	21395	Place-21
SMITH	Sheila	-----	F	1954	21396	Place-18
SMITH	Bob	-----	M	1954	21397	Place-28
SMITH	Sarah	-----	F	1954	21398	Place-28
SMITH	James	-----	M	1954	21399	Place-17
SMITH	Selina	-----	F	1954	21400	Place-21
SMITH	Sharon	-----	F	1954	21401	Place-4
SMITH	Joseph	-----	M	1954	21402	Place-12
SMITH	Briony	-----	F	1954	21403	Place-13
SMITH	Suzanne	-----	F	1954	21404	Place-24
SMITH	Susan	-----	F	1954	21405	Place-24
SMITH	Briony	-----	F	1954	21406	Place-29
SMITH	Jim	-----	M	1954	21407	Place-18
SMITH	Susan	-----	F	1954	21408	Place-2
SMITH	James	-----	M	1954	21409	Place-17
SMITH	Suzanne	-----	F	1954	21410	Place-14
SMITH	Selina	-----	F	1954	21411	Place-2
SMITH	Paulo	-----	M	1954	21412	Place-2
SMITH	Sharon	-----	F	1954	21413	Place-7
SMITH	Sarah	-----	F	1954	21414	Place-20
SMITH	Jacob	-----	M	1954	21415	Place-15
SMITH	Selina	-----	F	1954	21416	Place-23
SMITH	Sheila	-----	F	1954	21417	Place-8
SMITH	Sharon	-----	F	1954	21418	Place-25
SMITH	Jenkins	-----	M	1954	21419	Place-28
SMITH	Jim	-----	M	1954	21420	Place-1
SMITH	Joseph	-----	M	1954	21421	Place-27
SMITH	Sarah	-----	F	1954	21422	Place-24
SMITH	Suzanne	-----	F	1954	21423	Place-2
SMITH	Bob	-----	M	1954	21424	Place-15
SMITH	Susan	-----	F	1954	21425	Place-29
SMITH	Jim	-----	M	1954	21426	Place-15
SMITH	James	-----	M	1954	21427	Place-9
SMITH	Sarah	-----	F	1954	21428	Place-29
SMITH	Selina	-----	F	1954	21429	Place-28
SMITH	Joseph	-----	M	1954	21430	Place-0
SMITH	Shawn	-----	M	1954	21431	Place-18
SMITH	Briony	-----	F	1954	21432	Place-0
SMITH	Briony	-----	F	1954	21433	Place-17
SMITH	Susan	-----	F	1954	21434	Place-1
SMITH	Sarah	-----	F	1954	21435	Place-23
SMITH	Susan	-----	F	1954	21436	Place-19
SMITH	Briony	-----	F	1954	21437	Place-29
SMITH	Paulo	-----	M	1954	21438	Place-21
SMITH	Seonaid	-----	F	1954	21439	Place-15
SMITH	Sharon	-----	F	1954	21440	Place-18
SMITH	Jim	-----	M	1954	21441	Place-14
SMITH	James	-----	M	1954	21442	Place-18
SMITH	Susan	-----	F	1954	21443	Place-18
SMITH	Sarah	-----	F	1954	21444	Place-25
SMITH	Sheila	-----	F	1954	21445	Place-8
SMITH	Sheila	-----	F	1954	21446	Place-23
SMITH	Sharon	-----	F	1954	21447	Place-25
SMITH	James	-----	M	1954	21448	Place-15
SMITH	Jim	-----	M	1954	21449	Place-11
SMITH	Susan	-----	F	1954	21450	Place-15
SMITH	James	-----	M	1954	21451	Place-2
SMITH	Shawn	-----	M	1954	21452	Place-11
SMITH	Seonaid	-----	F	1954	21453	Place-24
SMITH	Paulo	-----	M	1954	21454	Place-27
SMITH	Briony	-----	F	1954	21455	Place-22
SMITH	Jenkins	-----	M	1954	21456	Place-26
SMITH	Sarah	-----	F	1954	21457	Place-13
SMITH	Susan	-----	F	1954	21458	Place-24
SMITH	Briony	-----	F	1954	21459	Place-25
SMITH	Bob	-----	M	1954	21460	Place-9
SMITH	James	-----	M	1954	21461	Place-14
SMITH	Shawn	-----	M	1954	21462	Place-15
SMITH	Paulo	-----	M	1954	21463	Place-20
SMITH	Briony	-----	F	1954	21464	Place-3
SMITH	Jacob	-----	M	1954	21465	Place-25
SMITH	Jenkins	-----	M	1954	21466	Place-24
SMITH	Sarah	-----	F	1954	21467	Place-19
SMITH	James	-----	M	1954	21468	Place-3
SMITH	Seonaid	-----	F	1954	21469	Place-29
SMITH	Briony	-----	F	1954	21470	Place-24
SMITH	Sheila	-----	F	1954	21471	Place-13
SMITH	Sarah	-----	F	1954	21472	Place-24
SMITH	Jenkins	-----	M	1954	21473	Place-10
SMITH	Susan	-----	F	1954	21474	Place-25
SMITH	Sheila	-----	F	1954	21475	Place-21
SMITH	Sarah	-----	F	1954	21476	Place-5
SMITH	Sharon	-----	F	1954	21477	Place-26
SMITH	Susan	-----	F	1954	21478	Place-26
SMITH	Sharon	-----	F	1954	21479	Place-9
SMITH	Sarah	-----	F	1954	21480	Place-27
SMITH	Shawn	-----	M	1954	21481	Place-4
SMITH	Seonaid	-----	F	1954	21482	Place-24
SMITH	Briony	-----	F	1954	21483	Place-23
SMITH	Briony	-----	F	1954	21484	Place-10
SMITH	Jim	-----	M	1954	21485	Place-11
SMITH	Jacob	-----	M	1954	21486	Place-26
SMITH	Selina	-----	F	1954	21487	Place-12
SMITH	Bob	-----	M	1954	21488	Place-4
SMITH	Joseph	-----	M	1954	21489	Place-21
SMITH	Suzanne	-----	F	1954	21490	Place-19
SMITH	Paulo	-----	M	1954	21491	Place-16
SMITH	Paulo	-----	M	1954	21492	Place-20
SMITH	Paulo	-----	M	1954	21493	Place-14
SMITH	Sheila	-----	F	1954	21494	Place-6
SMITH	Bob	-----	M	1954	21495	Place-15
SMITH	Sheila	-----	F	1954	21496	Place-10
SMITH	Suzanne	-----	F	1954	21497	Place-18
SMITH	Suzanne	-----	F	1954	21498	Place-14
SMITH	Sharon	-----	F	1954	21499	Place-14
SMITH	Sharon	-----	F	1954	21500	Place-3
SMITH	Joseph	-----	M	1954	21501	Place-23
SMITH	Susan	-----	F	1954	21502	Place-5
SMITH	Bob	-----	M	1954	21503	Place-12
SMITH	Shawn	-----	M	1954	21504	Place-28
SMITH	Sharon	-----	F	1954	21505	Place-5
SMITH	James	-----	M	1954	21506	Place-20
SMITH	Shawn	-----	M	1954	21507	Place-19
SMITH	Jenkins	-----	M	1954	21508	Place-22
SMITH	Jim	-----	M	1954	21509	Place-20
SMITH	Selina	-----	F	1954	21510	Place-0
SMITH	Sheila	-----	F	1954	21511	Place-4
SMITH	Joseph	-----	M	1954	21512	Place-27
SMITH	Jim	-----	M	1954	21513	Place-27
SMITH	Paulo	-----	M	1954	21514	Place-23
SMITH	Jim	-----	M	1954	21515	Place-26
SMITH	Bob	-----	M	1954	21516	Place-5
SMITH	Shawn	-----	M	1954	21517	Place-24
SMITH	Suzanne	-----	F	1954	21518	Place-11
SMITH	Paulo	-----	M	1954	21519	Place-8
SMITH	Selina	-----	F	1954	21520	Place-3
SMITH	Shawn	-----	M	1954	21521	Place-2
SMITH	Joseph	-----	M	1954	21522	Place-4
SMITH	Bob	-----	M	1954	21523	Place-21
SMITH	Sheila	-----	F	1954	21524	Place-22
SMITH	Suzanne	-----	F	1954	21525	Place-25
SMITH	Susan	-----	F	1954	21526	Place-0
SMITH	Selina	-----	F	1954	21527	Place-22
SMITH	Sarah	-----	F	1954	21528	Place-12
SMITH	Sharon	-----	F	1954	21529	Place-16
SMITH	Bob	-----	M	1954	21530	Place-19
SMITH	Bob	-----	M	1954	21531	Place-27
SMITH	Sarah	-----	F	1954	21532	Place-3
SMITH	Selina	-----	F	1954	21533	Place-13
SMITH	Jenkins	-----	M	1954	21534	Place-2
SMITH	Jenkins	-----	M	1954	21535	Place-5
SMITH	Suzanne	-----	F	1954	21536	Place-26
SMITH	James	-----	M	1954	21537	Place-3
SMITH	Susan	-----	F	1954	21538	Place-1
SMITH	Jenkins	-----	M	1954	21539	Place-4
SMITH	Suzanne	-----	F	1954	21540	Place-24
SMITH	Paulo	-----	M	1954	21541	Place-21
SMITH	Shawn	-----	M	1954	21542	Place-24
SMITH	Seonaid	-----	F	1954	21543	Place-27
SMITH	Susan	-----	F	1954	21544	Place-27
SMITH	Suzanne	-----	F	1954	21545	Place-13
SMITH	Jacob	-----	M	1954	21546	Place-8
SMITH	Joseph	-----	M	1954	21547	Place-4
SMITH	Briony	-----	F	1954	21548	Place-6
SMITH	Seonaid	-----	F	1954	21549	Place-18
SMITH	Joseph	-----	M	1954	21550	Place-22
SMITH	Briony	-----	F	1954	21551	Place-10
SMITH	Jacob	-----	M	1954	21552	Place-2
SMITH	Shawn	-----	M	1954	21553	Place-5
SMITH	Jacob	-----	M	1954	21554	Place-5
SMITH	Sheila	-----	F	1955	21589	Place-3
SMITH	Bob	-----	M	1955	21590	Place-9
SMITH	Bob	-----	M	1955	21591	Place-11
SMITH	Paulo	-----	M	1955	21592	Place-8
SMITH	Joseph	-----	M	1955	21593	Place-24
SMITH	Susan	-----	F	1955	21594	Place-19
SMITH	Sarah	-----	F	1955	21595	Place-1
SMITH	Briony	-----	F	1955	21596	Place-24
SMITH	Selina	-----	F	1955	21597	Place-7
SMITH	Selina	-----	F	1955	21598	Place-3
SMITH	James	-----	M	1955	21599	Place-24
SMITH	Sharon	-----	F	1955	21600	Place-2
SMITH	Jenkins	-----	M	1955	21601	Place-22
SMITH	Bob	-----	M	1955	21602	Place-23
SMITH	Jenkins	-----	M	1955	21603	Place-2
SMITH	Sharon	-----	F	1955	21604	Place-26
SMITH	Shawn	-----	M	1955	21605	Place-6
SMITH	Susan	-----	F	1955	21606	Place-16
SMITH	Selina	-----	F	1955	21607	Place-13
SMITH	Jenkins	-----	M	1955	21608	Place-16
SMITH	James	-----	M	1955	21609	Place-24
SMITH	Jenkins	-----	M	1955	21610	Place-1
SMITH	James	-----	M	1955	21611	Place-19
SMITH	Seonaid	-----	F	1955	21612	Place-12
SMITH	James	-----	M	1955	21613	Place-0
SMITH	James	-----	M	1955	21614	Place-14
SMITH	Suzanne	-----	F	1955	21615	Place-18
SMITH	Sharon	-----	F	1955	21616	Place-0
SMITH	Seonaid	-----	F	1955	21617	Place-6
SMITH	Joseph	-----	M	1955	21618	Place-17
SMITH	Paulo	-----	M	1955	21619	Place-15
SMITH	Paulo	-----	M	1955	21620	Place-21
SMITH	Selina	-----	F	1955	21621	Place-26
SMITH	Sharon	-----	F	1955	21622	Place-23
SMITH	Jenkins	-----	M	1955	21623	Place-20
SMITH	Briony	-----	F	1955	21624	Place-12
SMITH	Selina	-----	F	1955	21625	Place-9
SMITH	Sarah	-----	F	1955	21626	Place-10
SMITH	Jim	-----	M	1955	21627	Place-13
SMITH	Seonaid	-----	F	1955	21628	Place-4
SMITH	Jacob	-----	M	1955	21629	Place-29
SMITH	Briony	-----	F	1955	21630	Place-14
SMITH	Shawn	-----	M	1955	21631	Place-13
SMITH	Jacob	-----	M	1955	21632	Place-3
SMITH	Joseph	-----	M	1955	21633	Place-29
SMITH	Seonaid	-----	F	1955	21634	Place-11
SMITH	James	-----	M	1955	21635	Place-6
SMITH	Suzanne	-----	F	1955	21636	Place-13
SMITH	Briony	-----	F	1955	21637	Place-3
SMITH	James	-----	M	1955	21638	Place-18
SMITH	Joseph	-----	M	1955	21639	Place-25
SMITH	Jenkins	-----	M	1955	21640	Place-3
SMITH	Selina	-----	F	1955	21641	Place-17
SMITH	Paulo	-----	M	1955	21642	Place-28
SMITH	Joseph	-----	M	1955	21643	Place-15
SMITH	Seonaid	-----	F	1955	21644	Place-2
SMITH	Bob	-----	M	1955	21645	Place-18
SMITH	Bob	-----	M	1955	21646	Place-4
SMITH	James	-----	M	1955	21647	Place-22
SMITH	Joseph	-----	M	1955	21648	Place-14
SMITH	Sarah	-----	F	1955	21649	Place-19
SMITH	Suzanne	-----	F	1955	21650	Place-13
SMITH	Joseph	-----	M	1955	21651	Place-3
SMITH	Briony	-----	F	1955	21652	Place-13
SMITH	Sarah	-----	F	1955	21653	Place-6
SMITH	Selina	-----	F	1955	21654	Place-26
SMITH	Susan	-----	F	1955	21655	Place-18
SMITH	Sarah	-----	F	1955	21656	Place-4
SMITH	Sarah	-----	F	1955	21657	Place-1
SMITH	Jacob	-----	M	1955	21658	Place-23
SMITH	Jacob	-----	M	1955	21659	Place-27
SMITH	Sarah	-----	F	1955	21660	Place-14
SMITH	Briony	-----	F	1955	21661	Place-21
SMITH	Seonaid	-----	F	1955	21662	Place-0
SMITH	Briony	-----	F	1955	21663	Place-18
SMITH	Paulo	-----	M	1955	21664	Place-16
SMITH	Paulo	-----	M	1955	21665	Place-27
SMITH	Shawn	-----	M	1955	21666	Place-1
SMITH	Suzanne	-----	F	1955	21667	Place-18
SMITH	Shawn	-----	M	1955	21668	Place-14
SMITH	James	-----	M	1955	21669	Place-27
SMITH	Susan	-----	F	1955	21670	Place-18
SMITH	Jim	-----	M	1955	21671	Place-21
SMITH	Bob	-----	M	1955	21672	Place-16
SMITH	Joseph	-----	M	1955	21673	Place-25
SMITH	Sarah	-----	F	1955	21674	Place-12
SMITH	Jenkins	-----	M	1955	21675	Place-13
SMITH	Selina	-----	F	1955	21676	Place-25
SMITH	James	-----	M	1955	21677	Place-25
SMITH	Selina	-----	F	1955	21678	Place-3
SMITH	Joseph	-----	M	1955	21679	Place-18
SMITH	Jenkins	-----	M	1955	21680	Place-18
SMITH	James	-----	M	1955	21681	Place-8
SMITH	Jacob	-----	M	1955	21682	Place-16
SMITH	Sheila	-----	F	1955	21683	Place-24
SMITH	Sarah	-----	F	1955	21684	Place-26
SMITH	Susan	-----	F	1955	21685	Place-6
SMITH	Suzanne	-----	F	1955	21686	Place-23
SMITH	Briony	-----	F	1955	21687	Place-20
SMITH	Sharon	-----	F	1955	21688	Place-21
SMITH	Suzanne	-----	F	1955	21689	Place-21
SMITH	Susan	-----	F	1955	21690	Place-13
SMITH	Briony	-----	F	1955	21691	Place-16
SMITH	Selina	-----	F	1955	21692	Place-0
SMITH	Jacob	-----	M	1955	21693	Place-3
SMITH	Bob	-----	M	1955	21694	Place-27
SMITH	Briony	-----	F	1955	21695	Place-1
SMITH	Jenkins	-----	M	1955	21696	Place-10
SMITH	Briony	-----	F	1955	21697	Place-0
SMITH	Sarah	-----	F	1955	21698	Place-17
SMITH	Joseph	-----	M	1955	21699	Place-4
SMITH	Jenkins	-----	M	1955	21700	Place-8
SMITH	Jim	-----	M	1955	21701	Place-22
SMITH	Joseph	-----	M	1955	21702	Place-8
SMITH	Sarah	-----	F	1955	21703	Place-16
SMITH	Jacob	-----	M	1955	21704	Place-21
SMITH	Jacob	-----	M	1955	21705	Place-4
SMITH	Selina	-----	F	1955	21706	Place-11
SMITH	Sharon	-----	F	1955	21707	Place-0
SMITH	Jenkins	-----	M	1955	21708	Place-9
SMITH	Sheila	-----	F	1955	21709	Place-4
SMITH	Bob	-----	M	1955	21710	Place-8
SMITH	Bob	-----	M	1955	21711	Place-23
SMITH	James	-----	M	1955	21712	Place-8
SMITH	Joseph	-----	M	1955	21713	Place-14
SMITH	Sarah	-----	F	1955	21714	Place-7
SMITH	Jim	-----	M	1955	21715	Place-26
SMITH	James	-----	M	1955	21716	Place-8
SMITH	Seonaid	-----	F	1955	21717	Place-6
SMITH	Jim	-----	M	1955	21718	Place-24
SMITH	Joseph	-----	M	1955	21719	Place-15
SMITH	Sarah	-----	F	1955	21720	Place-15
SMITH	Sarah	-----	F	1955	21721	Place-11
SMITH	Joseph	-----	M	1955	21722	Place-26
SMITH	Briony	-----	F	1955	21723	Place-20
SMITH	Sarah	-----	F	1955	21724	Place-9
SMITH	Selina	-----	F	1955	21725	Place-15
SMITH	Selina	-----	F	1955	21726	Place-2
SMITH	Suzanne	-----	F	1955	21727	Place-0
SMITH	Selina	-----	F	1955	21728	Place-10
SMITH	Joseph	-----	M	1955	21729	Place-26
SMITH	Bob	-----	M	1955	21730	Place-14
SMITH	Paulo	-----	M	1955	21731	Place-27
SMITH	Shawn	-----	M	1955	21732	Place-26
SMITH	Jacob	-----	M	1955	21733	Place-10
SMITH	Sheila	-----	F	1955	21734	Place-5
SMITH	Susan	-----	F	1955	21735	Place-16
SMITH	Susan	-----	F	1955	21736	Place-9
SMITH	Sarah	-----	F	1955	21737	Place-5
SMITH	Selina	-----	F	1955	21738	Place-8
SMITH	Sheila	-----	F	1955	21739	Place-11
SMITH	Jim	-----	M	1955	21740	Place-1
SMITH	Joseph	-----	M	1955	21741	Place-25
SMITH	Selina	-----	F	1955	21742	Place-29
SMITH	Suzanne	-----	F	1955	21743	Place-3
SMITH	Seonaid	-----	F	1955	21744	Place-28
SMITH	Sharon	-----	F	1955	21745	Place-7
SMITH	James	-----	M	1955	21746	Place-26
SMITH	Susan	-----	F	1955	21747	Place-14
SMITH	Jenkins	-----	M	1955	21748	Place-2
SMITH	Sharon	-----	F	1955	21749	Place-29
SMITH	Briony	-----	F	1955	21750	Place-21
SMITH	Sheila	-----	F	1955	21751	Place-11
SMITH	Selina	-----	F	1955	21752	Place-1
SMITH	Joseph	-----	M	1955	21753	Place-29
SMITH	Suzanne	-----	F	1955	21754	Place-11
SMITH	Seonaid	-----	F	1955	21755	Place-12
SMITH	Bob	-----	M	1955	21756	Place-17
SMITH	Jim	-----	M	1955	21757	Place-16
SMITH	Sharon	-----	F	1955	21758	Place-24
SMITH	Jenkins	-----	M	1955	21759	Place-25
SMITH	Jacob	-----	M	1955	21760	Place-18
SMITH	Briony	-----	F	1955	21761	Place-8
SMITH	Suzanne	-----	F	1955	21762	Place-2
SMITH	Sharon	-----	F	1955	21763	Place-26
SMITH	Susan	-----	F	1955	21764	Place-7
SMITH	James	-----	M	1955	21765	Place-13
SMITH	Bob	-----	M	1955	21766	Place-27
SMITH	Bob	-----	M	1955	21767	Place-16
SMITH	Susan	-----	F	1955	21768	Place-16
SMITH	Susan	-----	F	1955	21769	Place-7
SMITH	Jim	-----	M	1955	21770	Place-19
SMITH	Jim	-----	M	1955	21771	Place-14
SMITH	Jenkins	-----	M	1955	21772	Place-9
SMITH	Suzanne	-----	F	1955	21773	Place-1
SMITH	Jenkins	-----	M	1955	21774	Place-17
SMITH	Paulo	-----	M	1955	21775	Place-19
SMITH	Susan	-----	F	1955	21776	Place-2
SMITH	James	-----	M	1955	21777	Place-21
SMITH	Briony	-----	F	1955	21778	Place-13
SMITH	Paulo	-----	M	1955	21779	Place-18
SMITH	Bob	-----	M	1955	21780	Place-26
SMITH	Susan	-----	F	1955	21781	Place-13
SMITH	Paulo	-----	M	1955	21782	Place-22
SMITH	Selina	-----	F	1955	21783	Place-11
SMITH	Sarah	-----	F	1955	21784	Place-8
SMITH	Sharon	-----	F	1955	21785	Place-28
SMITH	Suzanne	-----	F	1955	21786	Place-23
SMITH	Seonaid	-----	F	1955	21787	Place-23
SMITH	Shawn	-----	M	1955	21788	Place-9
SMITH	Jenkins	-----	M	1955	21789	Place-1
SMITH	Sheila	-----	F	1955	21790	Place-11
SMITH	Seonaid	-----	F	1955	21791	Place-24
SMITH	Paulo	-----	M	1955	21792	Place-24
SMITH	Bob	-----	M	1955	21793	Place-27
SMITH	Briony	-----	F	1955	21794	Place-16
SMITH	Sharon	-----	F	1955	21795	Place-10
SMITH	James	-----	M	1955	21796	Place-5
SMITH	James	-----	M	1955	21797	Place-26
SMITH	Selina	-----	F	1955	21798	Place-23
SMITH	Selina	-----	F	1955	21799	Place-17
SMITH	James	-----	M	1955	21800	Place-2
SMITH	Briony	-----	F	1955	21801	Place-5
SMITH	Seonaid	-----	F	1955	21802	Place-7
SMITH	Sarah	-----	F	1955	21803	Place-11
SMITH	Jim	-----	M	1955	21804	Place-14
SMITH	Selina	-----	F	1955	21805	Place-26
SMITH	Sharon	-----	F	1955	21806	Place-23
SMITH	Sharon	-----	F	1955	21807	Place-27
SMITH	Jim	-----	M	1955	21808	Place-23
SMITH	Susan	-----	F	1955	21809	Place-6
SMITH	Jenkins	-----	M	1955	21810	Place-19
SMITH	James	-----	M	1955	21811	Place-3
SMITH	Paulo	-----	M	1955	21812	Place-5
SMITH	Seonaid	-----	F	1955	21813	Place-4
SMITH	Bob	-----	M	1955	21814	Place-13
SMITH	Sarah	-----	F	1955	21815	Place-24
SMITH	Sarah	-----	F	1955	21816	Place-26
SMITH	Sharon	-----	F	1955	21817	Place-9
SMITH	Susan	-----	F	1955	21818	Place-9
SMITH	Briony	-----	F	1955	21819	Place-26
SMITH	James	-----	M	1955	21820	Place-18
SMITH	Jim	-----	M	1955	21821	Place-7
SMITH	Suzanne	-----	F	1955	21822	Place-5
SMITH	Bob	-----	M	1955	21823	Place-25
SMITH	Susan	-----	F	1955	21824	Place-10
SMITH	Jim	-----	M	1955	21825	Place-11
SMITH	Shawn	-----	M	1955	21826	Place-10
SMITH	Joseph	-----	M	1955	21827	Place-24
SMITH	Paulo	-----	M	1955	21828	Place-0
SMITH	Joseph	-----	M	1955	21829	Place-10
SMITH	Seonaid	-----	F	1955	21830	Place-14
SMITH	Selina	-----	F	1955	21831	Place-7
SMITH	Sarah	-----	F	1955	21832	Place-5
SMITH	Bob	-----	M	1955	21833	Place-19
SMITH	Shawn	-----	M	1955	21834	Place-18
SMITH	Jim	-----	M	1955	21835	Place-9
SMITH	Sheila	-----	F	1955	21836	Place-27
SMITH	Shawn	-----	M	1955	21837	Place-21
SMITH	Selina	-----	F	1955	21838	Place-20
SMITH	Jacob	-----	M	1955	21839	Place-22
SMITH	Sarah	-----	F	1955	21840	Place-20
SMITH	Jim	-----	M	1955	21841	Place-18
SMITH	Sharon	-----	F	1955	21842	Place-4
SMITH	Briony	-----	F	1955	21843	Place-22
SMITH	Sarah	-----	F	1955	21844	Place-12
SMITH	James	-----	M	1955	21845	Place-11
SMITH	Selina	-----	F	1955	21846	Place-0
SMITH	James	-----	M	1955	21847	Place-3
SMITH	Sarah	-----	F	1955	21848	Place-29
SMITH	Sarah	-----	F	1955	21849	Place-20
SMITH	James	-----	M	1955	21850	Place-10
SMITH	Jenkins	-----	M	1955	21851	Place-9
SMITH	Bob	-----	M	1955	21852	Place-25
SMITH	Sheila	-----	F	1955	21853	Place-17
SMITH	Briony	-----	F	1955	21854	Place-1
SMITH	Sharon	-----	F	1955	21855	Place-0
SMITH	Seonaid	-----	F	1955	21856	Place-25
SMITH	Bob	-----	M	1955	21857	Place-28
SMITH	Sheila	-----	F	1955	21858	Place-10
SMITH	Selina	-----	F	1955	21859	Place-14
SMITH	Joseph	-----	M	1955	21860	Place-3
SMITH	Jenkins	-----	M	1955	21861	Place-8
SMITH	Susan	-----	F	1955	21862	Place-10
SMITH	Selina	-----	F	1955	21863	Place-18
SMITH	Seonaid	-----	F	1955	21864	Place-25
SMITH	Sheila	-----	F	1955	21865	Place-1
SMITH	Seonaid	-----	F	1955	21866	Place-24
SMITH	Jacob	-----	M	1955	21867	Place-18
SMITH	Suzanne	-----	F	1955	21868	Place-21
SMITH	Suzanne	-----	F	1955	21869	Place-13
SMITH	James	-----	M	1955	21870	Place-25
SMITH	Sheila	-----	F	1955	21871	Place-23
SMITH	Sheila	-----	F	1955	21872	Place-16
SMITH	Sheila	-----	F	1955	21873	Place-2
SMITH	Jim	-----	M	1955	21874	Place-2
SMITH	Sharon	-----	F	1955	21875	Place-17
SMITH	Shawn	-----	M	1955	21876	Place-26
SMITH	Bob	-----	M	1955	21877	Place-2
SMITH	James	-----	M	1955	21878	Place-28
SMITH	Jenkins	-----	M	1955	21879	Place-20
SMITH	Bob	-----	M	1955	21880	Place-19
SMITH	Seonaid	-----	F	1955	21881	Place-13
SMITH	Sharon	-----	F	1955	21882	Place-18
SMITH	Susan	-----	F	1955	21883	Place-8
SMITH	Susan	-----	F	1955	21884	Place-14
SMITH	Jacob	-----	M	1955	21885	Place-6
SMITH	Joseph	-----	M	1955	21886	Place-17
SMITH	Sarah	-----	F	1955	21887	Place-22
SMITH	Sharon	-----	F	1955	21888	Place-24
SMITH	Sharon	-----	F	1956	21934	Place-15
SMITH	Jacob	-----	M	1956	21935	Place-16
SMITH	Susan	-----	F	1956	21936	Place-0
SMITH	Selina	-----	F	1956	21937	Place-28
SMITH	Seonaid	-----	F	1956	21938	Place-1
SMITH	Shawn	-----	M	1956	21939	Place-19
SMITH	Sharon	-----	F	1956	21940	Place-17
SMITH	Suzanne	-----	F	1956	21941	Place-14
SMITH	Joseph	-----	M	1956	21942	Place-10
SMITH	Jim	-----	M	1956	21943	Place-16
SMITH	Shawn	-----	M	1956	21944	Place-11
SMITH	Seonaid	-----	F	1956	21945	Place-12
SMITH	Jim	-----	M	1956	21946	Place-10
SMITH	Sarah	-----	F	1956	21947	Place-24
SMITH	Paulo	-----	M	1956	21948	Place-28
SMITH	Sheila	-----	F	1956	21949	Place-11
SMITH	Jim	-----	M	1956	21950	Place-8
SMITH	Paulo	-----	M	1956	21951	Place-10
SMITH	Suzanne	-----	F	1956	21952	Place-6
SMITH	Jim	-----	M	1956	21953	Place-29
SMITH	Jim	-----	M	1956	21954	Place-13
SMITH	Sheila	-----	F	1956	21955	Place-16
SMITH	Paulo	-----	M	1956	21956	Place-11
SMITH	Sheila	-----	F	1956	21957	Place-9
SMITH	Jenkins	-----	M	1956	21958	Place-24
SMITH	Jacob	-----	M	1956	21959	Place-26
SMITH	Seonaid	-----	F	1956	21960	Place-16
SMITH	Paulo	-----	M	1956	21961	Place-24
SMITH	Seonaid	-----	F	1956	21962	Place-15
SMITH	Jacob	-----	M	1956	21963	Place-4
SMITH	Suzanne	-----	F	1956	21964	Place-19
SMITH	Suzanne	-----	F	1956	21965	Place-9
SMITH	Shawn	-----	M	1956	21966	Place-29
SMITH	Bob	-----	M	1956	21967	Place-24
SMITH	Briony	-----	F	1956	21968	Place-25
SMITH	Paulo	-----	M	1956	21969	Place-3
SMITH	Seonaid	-----	F	1956	21970	Place-3
SMITH	Jacob	-----	M	1956	21971	Place-25
SMITH	Selina	-----	F	1956	21972	Place-8
SMITH	Susan	-----	F	1956	21973	Place-12
SMITH	Selina	-----	F	1956	21974	Place-12
SMITH	Suzanne	-----	F	1956	21975	Place-4
SMITH	Joseph	-----	M	1956	21976	Place-5
SMITH	Jacob	-----	M	1956	21977	Place-7
SMITH	James	-----	M	1956	21978	Place-9
SMITH	Suzanne	-----	F	1956	21979	Place-25
SMITH	Sheila	-----	F	1956	21980	Place-2
SMITH	Joseph	-----	M	1956	21981	Place-0
SMITH	Jacob	-----	M	1956	21982	Place-26
SMITH	Suzanne	-----	F	1956	21983	Place-2
SMITH	Sarah	-----	F	1956	21984	Place-16
SMITH	Sheila	-----	F	1956	21985	Place-29
SMITH	Sarah	-----	F	1956	21986	Place-6
SMITH	Seonaid	-----	F	1956	21987	Place-16
SMITH	Jacob	-----	M	1956	21988	Place-19
SMITH	Sarah	-----	F	1956	21989	Place-9
SMITH	Sarah	-----	F	1956	21990	Place-11
SMITH	Sheila	-----	F	1956	21991	Place-28
SMITH	Selina	-----	F	1956	21992	Place-21
SMITH	Briony	-----	F	1956	21993	Place-29
SMITH	Sarah	-----	F	1956	21994	Place-3
SMITH	Jacob	-----	M	1956	21995	Place-20
SMITH	Seonaid	-----	F	1956	21996	Place-22
SMITH	Jim	-----	M	1956	21997	Place-6
SMITH	Sarah	-----	F	1956	21998	Place-27
SMITH	Selina	-----	F	1956	21999	Place-17
SMITH	Shawn	-----	M	1956	22000	Place-7
SMITH	Jacob	-----	M	1956	22001	Place-23
SMITH	Bob	-----	M	1956	22002	Place-6
SMITH	Susan	-----	F	1956	22003	Place-25
SMITH	Paulo	-----	M	1956	22004	Place-4
SMITH	Briony	-----	F	1956	22005	Place-24
SMITH	Jenkins	-----	M	1956	22006	Place-7
SMITH	Paulo	-----	M	1956	22007	Place-5
SMITH	Suzanne	-----	F	1956	22008	Place-18
SMITH	Selina	-----	F	1956	22009	Place-7
SMITH	Jacob	-----	M	1956	22010	Place-19
SMITH	Selina	-----	F	1956	22011	Place-6
SMITH	Jenkins	-----	M	1956	22012	Place-18
SMITH	Briony	-----	F	1956	22013	Place-28
SMITH	Sarah	-----	F	1956	22014	Place-17
SMITH	Suzanne	-----	F	1956	22015	Place-9
SMITH	Paulo	-----	M	1956	22016	Place-25
SMITH	Jacob	-----	M	1956	22017	Place-6
SMITH	Jenkins	-----	M	1956	22018	Place-26
SMITH	James	-----	M	1956	22019	Place-4
SMITH	Jenkins	-----	M	1956	22020	Place-24
SMITH	Sharon	-----	F	1956	22021	Place-14
SMITH	Sharon	-----	F	1956	22022	Place-18
SMITH	Susan	-----	F	1956	22023	Place-15
SMITH	Briony	-----	F	1956	22024	Place-18
SMITH	Joseph	-----	M	1956	22025	Place-16
SMITH	Paulo	-----	M	1956	22026	Place-16
SMITH	Suzanne	-----	F	1956	22027	Place-8
SMITH	Joseph	-----	M	1956	22028	Place-1
SMITH	Susan	-----	F	1956	22029	Place-5
SMITH	Briony	-----	F	1956	22030	Place-26
SMITH	Joseph	-----	M	1956	22031	Place-23
SMITH	Sharon	-----	F	1956	22032	Place-18
SMITH	Shawn	-----	M	1956	22033	Place-16
SMITH	Seonaid	-----	F	1956	22034	Place-21
SMITH	Sharon	-----	F	1956	22035	Place-18
SMITH	Bob	-----	M	1956	22036	Place-29
SMITH	Sarah	-----	F	1956	22037	Place-13
SMITH	Sharon	-----	F	1956	22038	Place-2
SMITH	Briony	-----	F	1956	22039	Place-27
SMITH	Susan	-----	F	1956	22040	Place-3
SMITH	Suzanne	-----	F	1956	22041	Place-8
SMITH	Selina	-----	F	1956	22042	Place-18
SMITH	Sheila	-----	F	1956	22043	Place-8
SMITH	Susan	-----	F	1956	22044	Place-24
SMITH	Briony	-----	F	1956	22045	Place-29
SMITH	Jacob	-----	M	1956	22046	Place-25
SMITH	Sheila	-----	F	1956	22047	Place-21
SMITH	Shawn	-----	M	1956	22048	Place-8
SMITH	Sarah	-----	F	1956	22049	Place-13
SMITH	Bob	-----	M	1956	22050	Place-5
SMITH	Jacob	-----	M	1956	22051	Place-21
SMITH	Joseph	-----	M	1956	22052	Place-21
SMITH	Jacob	-----	M	1956	22053	Place-12
SMITH	Paulo	-----	M	1956	22054	Place-0
SMITH	Susan	-----	F	1956	22055	Place-7
SMITH	Jim	-----	M	1956	22056	Place-6
SMITH	Selina	-----	F	1956	22057	Place-4
SMITH	Suzanne	-----	F	1956	22058	Place-2
SMITH	Joseph	-----	M	1956	22059	Place-5
SMITH	Shawn	-----	M	1956	22060	Place-0
SMITH	Jim	-----	M	1956	22061	Place-11
SMITH	Joseph	-----	M	1956	22062	Place-13
SMITH	Joseph	-----	M	1956	22063	Place-3
SMITH	Joseph	-----	M	1956	22064	Place-15
SMITH	Sarah	-----	F	1956	22065	Place-7
SMITH	Briony	-----	F	1956	22066	Place-9
SMITH	Sarah	-----	F	1956	22067	Place-8
SMITH	Jim	-----	M	1956	22068	Place-26
SMITH	James	-----	M	1956	22069	Place-27
SMITH	James	-----	M	1956	22070	Place-18
SMITH	Bob	-----	M	1956	22071	Place-14
SMITH	Bob	-----	M	1956	22072	Place-13
SMITH	Bob	-----	M	1956	22073	Place-17
SMITH	Sheila	-----	F	1956	22074	Place-6
SMITH	Joseph	-----	M	1956	22075	Place-28
SMITH	Jacob	-----	M	1956	22076	Place-11
SMITH	Jacob	-----	M	1956	22077	Place-4
SMITH	Jim	-----	M	1956	22078	Place-15
SMITH	James	-----	M	1956	22079	Place-28
SMITH	Briony	-----	F	1956	22080	Place-14
SMITH	Sharon	-----	F	1956	22081	Place-28
SMITH	Paulo	-----	M	1956	22082	Place-17
SMITH	Jenkins	-----	M	1956	22083	Place-26
SMITH	Sheila	-----	F	1956	22084	Place-10
SMITH	Sharon	-----	F	1956	22085	Place-27
SMITH	Shawn	-----	M	1956	22086	Place-16
SMITH	James	-----	M	1956	22087	Place-0
SMITH	Sarah	-----	F	1956	22088	Place-20
SMITH	Bob	-----	M	1956	22089	Place-17
SMITH	Paulo	-----	M	1956	22090	Place-24
SMITH	Jacob	-----	M	1956	22091	Place-29
SMITH	Suzanne	-----	F	1956	22092	Place-6
SMITH	Selina	-----	F	1956	22093	Place-29
SMITH	Selina	-----	F	1956	22094	Place-4
SMITH	Selina	-----	F	1956	22095	Place-25
SMITH	Jim	-----	M	1956	22096	Place-8
SMITH	Jacob	-----	M	1956	22097	Place-29
SMITH	Susan	-----	F	1956	22098	Place-4
SMITH	Seonaid	-----	F	1956	22099	Place-18
SMITH	Sharon	-----	F	1956	22100	Place-29
SMITH	Suzanne	-----	F	1956	22101	Place-19
SMITH	Seonaid	-----	F	1956	22102	Place-19
SMITH	Jacob	-----	M	1956	22103	Place-20
SMITH	Briony	-----	F	1956	22104	Place-9
SMITH	Sarah	-----	F	1956	22105	Place-2
SMITH	James	-----	M	1956	22106	Place-23
SMITH	Seonaid	-----	F	1956	22107	Place-1
SMITH	Paulo	-----	M	1956	22108	Place-15
SMITH	Bob	-----	M	1956	22109	Place-18
SMITH	James	-----	M	1956	22110	Place-18
SMITH	Bob	-----	M	1956	22111	Place-0
SMITH	Suzanne	-----	F	1956	22112	Place-13
SMITH	Jim	-----	M	1956	22113	Place-9
SMITH	Seonaid	-----	F	1956	22114	Place-1
SMITH	Selina	-----	F	1956	22115	Place-17
SMITH	Sarah	-----	F	1956	22116	Place-24
SMITH	Sharon	-----	F	1956	22117	Place-18
SMITH	Selina	-----	F	1956	22118	Place-1
SMITH	Bob	-----	M	1956	22119	Place-24
SMITH	Jim	-----	M	1956	22120	Place-12
SMITH	Sheila	-----	F	1956	22121	Place-2
SMITH	Susan	-----	F	1956	22122	Place-15
SMITH	Jacob	-----	M	1956	22123	Place-19
SMITH	Jenkins	-----	M	1956	22124	Place-11
SMITH	Sharon	-----	F	1956	22125	Place-21
SMITH	Briony	-----	F	1956	22126	Place-16
SMITH	Jacob	-----	M	1956	22127	Place-8
SMITH	Paulo	-----	M	1956	22128	Place-23
SMITH	Selina	-----	F	1956	22129	Place-23
SMITH	Paulo	-----	M	1956	22130	Place-9
SMITH	Jacob	-----	M	1956	22131	Place-21
SMITH	Shawn	-----	M	1956	22132	Place-7
SMITH	Jacob	-----	M	1956	22133	Place-27
SMITH	Selina	-----	F	1956	22134	Place-25
SMITH	James	-----	M	1956	22135	Place-18
SMITH	Shawn	-----	M	1956	22136	Place-0
SMITH	Paulo	-----	M	1956	22137	Place-26
SMITH	Sharon	-----	F	1956	22138	Place-18
SMITH	Sheila	-----	F	1956	22139	Place-0
SMITH	Jenkins	-----	M	1956	22140	Place-9
SMITH	Joseph	-----	M	1956	22141	Place-12
SMITH	Bob	-----	M	1956	22142	Place-28
SMITH	Briony	-----	F	1956	22143	Place-15
SMITH	Jacob	-----	M	1956	22144	Place-3
SMITH	Sarah	-----	F	1956	22145	Place-28
SMITH	Jacob	-----	M	1956	22146	Place-15
SMITH	Jim	-----	M	1956	22147	Place-13
SMITH	Sarah	-----	F	1956	22148	Place-17
SMITH	Joseph	-----	M	1956	22149	Place-24
SMITH	Briony	-----	F	1956	22150	Place-12
SMITH	Briony	-----	F	1956	22151	Place-23
SMITH	Paulo	-----	M	1956	22152	Place-18
SMITH	Jacob	-----	M	1956	22153	Place-21
SMITH	Susan	-----	F	1956	22154	Place-5
SMITH	James	-----	M	1956	22155	Place-26
SMITH	Shawn	-----	M	1956	22156	Place-5
SMITH	Joseph	-----	M	1956	22157	Place-28
SMITH	Paulo	-----	M	1956	22158	Place-7
SMITH	Jim	-----	M	1956	22159	Place-2
SMITH	Jim	-----	M	1956	22160	Place-11
SMITH	Jenkins	-----	M	1956	22161	Place-25
SMITH	Joseph	-----	M	1956	22162	Place-28
SMITH	Selina	-----	F	1956	22163	Place-21
SMITH	Suzanne	-----	F	1956	22164	Place-18
SMITH	Sarah	-----	F	1956	22165	Place-23
SMITH	Susan	-----	F	1956	22166	Place-6
SMITH	Sheila	-----	F	1956	22167	Place-2
SMITH	Paulo	-----	M	1956	22168	Place-1
SMITH	Bob	-----	M	1956	22169	Place-18
SMITH	Joseph	-----	M	1956	22170	Place-19
SMITH	James	-----	M	1956	22171	Place-12
SMITH	Seonaid	-----	F	1956	22172	Place-17
SMITH	James	-----	M	1956	22173	Place-22
SMITH	James	-----	M	1956	22174	Place-1
SMITH	Jenkins	-----	M	1956	22175	Place-27
SMITH	Sarah	-----	F	1956	22176	Place-6
SMITH	Sharon	-----	F	1956	22177	Place-6
SMITH	Selina	-----	F	1956	22178	Place-17
SMITH	Sarah	-----	F	1956	22179	Place-18
SMITH	Jacob	-----	M	1956	22180	Place-10
SMITH	Jacob	-----	M	1956	22181	Place-14
SMITH	Shawn	-----	M	1956	22182	Place-20
SMITH	Shawn	-----	M	1956	22183	Place-10
SMITH	Bob	-----	M	1956	22184	Place-11
SMITH	Sharon	-----	F	1956	22185	Place-19
SMITH	Jim	-----	M	1956	22186	Place-16
SMITH	Joseph	-----	M	1956	22187	Place-6
SMITH	Suzanne	-----	F	1956	22188	Place-9
SMITH	Sheila	-----	F	1956	22189	Place-20
SMITH	Jenkins	-----	M	1956	22190	Place-9
SMITH	James	-----	M	1956	22191	Place-0
SMITH	Selina	-----	F	1956	22192	Place-4
SMITH	Jim	-----	M	1956	22193	Place-29
SMITH	Sharon	-----	F	1956	22194	Place-20
SMITH	Sheila	-----	F	1956	22195	Place-25
SMITH	Sheila	-----	F	1956	22196	Place-19
SMITH	Jim	-----	M	1956	22197	Place-1
SMITH	Paulo	-----	M	1956	22198	Place-0
SMITH	Sharon	-----	F	1956	22199	Place-28
SMITH	Jim	-----	M	1956	22200	Place-16
SMITH	Sarah	-----	F	1956	22201	Place-12
SMITH	Selina	-----	F	1956	22202	Place-22
SMITH	Jim	-----	M	1956	22203	Place-8
SMITH	Seonaid	-----	F	1956	22204	Place-3
SMITH	Shawn	-----	M	1956	22205	Place-1
SMITH	Sheila	-----	F	1956	22206	Place-25
SMITH	Sarah	-----	F	1956	22207	Place-15
SMITH	Susan	-----	F	1956	22208	Place-10
SMITH	Jim	-----	M	1956	22209	Place-8
SMITH	Bob	-----	M	1956	22210	Place-24
SMITH	Sharon	-----	F	1956	22211	Place-15
SMITH	Bob	-----	M	1956	22212	Place-22
SMITH	Sarah	-----	F	1956	22213	Place-8
SMITH	Susan	-----	F	1956	22214	Place-17
SMITH	Briony	-----	F	1956	22215	Place-16
SMITH	Jacob	-----	M	1956	22216	Place-14
SMITH	Suzanne	-----	F	1956	22217	Place-29
SMITH	Shawn	-----	M	1956	22218	Place-23
SMITH	Sharon	-----	F	1956	22219	Place-26
SMITH	Jenkins	-----	M	1956	22220	Place-24
SMITH	Paulo	-----	M	1956	22221	Place-12
SMITH	Jacob	-----	M	1956	22222	Place-19
SMITH	Seonaid	-----	F	1956	22223	Place-4
SMITH	Bob	-----	M	1956	22224	Place-24
SMITH	Jacob	-----	M	1956	22225	Place-28
SMITH	Bob	-----	M	1956	22226	Place-18
SMITH	Briony	-----	F	1956	22227	Place-28
SMITH	Jacob	-----	M	1956	22228	Place-24
SMITH	Selina	-----	F	1956	22229	Place-22
SMITH	Sharon	-----	F	1956	22230	Place-14
SMITH	Shawn	-----	M	1956	22231	Place-7
SMITH	Jacob	-----	M	1956	22232	Place-3
SMITH	Sheila	-----	F	1956	22233	Place-3
SMITH	Sharon	-----	F	1956	22234	Place-14
SMITH	James	-----	M	1956	22235	Place-22
SMITH	Suzanne	-----	F	1956	22236	Place-15
SMITH	Sharon	-----	F	1956	22237	Place-5
SMITH	Joseph	-----	M	1956	22238	Place-13
SMITH	Jacob	-----	M	1956	22239	Place-28
SMITH	Sarah	-----	F	1956	22240	Place-5
SMITH	Paulo	-----	M	1956	22241	Place-16
SMITH	Briony	-----	F	1956	22242	Place-22
SMITH	Suzanne	-----	F	1957	22284	Place-2
SMITH	Sharon	-----	F	1957	22285	Place-6
SMITH	Jacob	-----	M	1957	22286	Place-8
SMITH	Sharon	-----	F	1957	22287	Place-27
SMITH	Susan	-----	F	1957	22288	Place-15
SMITH	Paulo	-----	M	1957	22289	Place-29
SMITH	Selina	-----	F	1957	22290	Place-17
SMITH	Jacob	-----	M	1957	22291	Place-24
SMITH	Selina	-----	F	1957	22292	Place-12
SMITH	Jacob	-----	M	1957	22293	Place-4
SMITH	Jacob	-----	M	1957	22294	Place-15
SMITH	Joseph	-----	M	1957	22295	Place-8
SMITH	Shawn	-----	M	1957	22296	Place-15
SMITH	Susan	-----	F	1957	22297	Place-13
SMITH	Seonaid	-----	F	1957	22298	Place-22
SMITH	James	-----	M	1957	22299	Place-25
SMITH	Selina	-----	F	1957	22300	Place-1
SMITH	Joseph	-----	M	1957	22301	Place-6
SMITH	Jacob	-----	M	1957	22302	Place-3
SMITH	Sheila	-----	F	1957	22303	Place-9
SMITH	Briony	-----	F	1957	22304	Place-26
SMITH	Susan	-----	F	1957	22305	Place-1
SMITH	Shawn	-----	M	1957	22306	Place-27
SMITH	Jim	-----	M	1957	22307	Place-6
SMITH	Selina	-----	F	1957	22308	Place-24
SMITH	Suzanne	-----	F	1957	22309	Place-19
SMITH	Briony	-----	F	1957	22310	Place-17
SMITH	Susan	-----	F	1957	22311	Place-21
SMITH	Sharon	-----	F	1957	22312	Place-25
SMITH	Jim	-----	M	1957	22313	Place-10
SMITH	Sheila	-----	F	1957	22314	Place-8
SMITH	Paulo	-----	M	1957	22315	Place-23
SMITH	Sarah	-----	F	1957	22316	Place-4
SMITH	Sheila	-----	F	1957	22317	Place-21
SMITH	Sharon	-----	F	1957	22318	Place-6
SMITH	Sheila	-----	F	1957	22319	Place-4
SMITH	Joseph	-----	M	1957	22320	Place-1
SMITH	Sarah	-----	F	1957	22321	Place-9
SMITH	Bob	-----	M	1957	22322	Place-11
SMITH	Bob	-----	M	1957	22323	Place-4
SMITH	Sharon	-----	F	1957	22324	Place-21
SMITH	Jim	-----	M	1957	22325	Place-3
SMITH	Jenkins	-----	M	1957	22326	Place-15
SMITH	Susan	-----	F	1957	22327	Place-16
SMITH	Joseph	-----	M	1957	22328	Place-24
SMITH	Sheila	-----	F	1957	22329	Place-9
SMITH	Selina	-----	F	1957	22330	Place-2
SMITH	Sheila	-----	F	1957	22331	Place-25
SMITH	Shawn	-----	M	1957	22332	Place-15
SMITH	Jacob	-----	M	1957	22333	Place-17
SMITH	Susan	-----	F	1957	22334	Place-18
SMITH	Bob	-----	M	1957	22335	Place-9
SMITH	Jenkins	-----	M	1957	22336	Place-2
SMITH	Bob	-----	M	1957	22337	Place-14
SMITH	Briony	-----	F	1957	22338	Place-20
SMITH	Paulo	-----	M	1957	22339	Place-24
SMITH	Seonaid	-----	F	1957	22340	Place-8
SMITH	Shawn	-----	M	1957	22341	Place-1
SMITH	Sharon	-----	F	1957	22342	Place-6
SMITH	Suzanne	-----	F	1957	22343	Place-15
SMITH	Bob	-----	M	1957	22344	Place-6
SMITH	Susan	-----	F	1957	22345	Place-24
SMITH	Joseph	-----	M	1957	22346	Place-21
SMITH	Briony	-----	F	1957	22347	Place-8
SMITH	Jim	-----	M	1957	22348	Place-26
SMITH	Shawn	-----	M	1957	22349	Place-11
SMITH	Seonaid	-----	F	1957	22350	Place-26
SMITH	Selina	-----	F	1957	22351	Place-26
SMITH	Paulo	-----	M	1957	22352	Place-24
SMITH	Suzanne	-----	F	1957	22353	Place-6
SMITH	Jim	-----	M	1957	22354	Place-29
SMITH	Jacob	-----	M	1957	22355	Place-15
SMITH	Sarah	-----	F	1957	22356	Place-21
SMITH	Jacob	-----	M	1957	22357	Place-18
SMITH	Bob	-----	M	1957	22358	Place-29
SMITH	Jim	-----	M	1957	22359	Place-8
SMITH	Sarah	-----	F	1957	22360	Place-13
SMITH	Seonaid	-----	F	1957	22361	Place-3
SMITH	Joseph	-----	M	1957	22362	Place-23
SMITH	James	-----	M	1957	22363	Place-9
SMITH	Paulo	-----	M	1957	22364	Place-10
SMITH	Susan	-----	F	1957	22365	Place-8
SMITH	James	-----	M	1957	22366	Place-21
SMITH	Seonaid	-----	F	1957	22367	Place-0
SMITH	Sheila	-----	F	1957	22368	Place-21
SMITH	Sarah	-----	F	1957	22369	Place-4
SMITH	James	-----	M	1957	22370	Place-0
SMITH	Briony	-----	F	1957	22371	Place-22
SMITH	Jim	-----	M	1957	22372	Place-7
SMITH	Selina	-----	F	1957	22373	Place-29
SMITH	Sarah	-----	F	1957	22374	Place-8
SMITH	Selina	-----	F	1957	22375	Place-27
SMITH	Sharon	-----	F	1957	22376	Place-21
SMITH	Jenkins	-----	M	1957	22377	Place-27
SMITH	Suzanne	-----	F	1957	22378	Place-8
SMITH	Paulo	-----	M	1957	22379	Place-9
SMITH	Shawn	-----	M	1957	22380	Place-14
SMITH	Bob	-----	M	1957	22381	Place-21
SMITH	Jenkins	-----	M	1957	22382	Place-1
SMITH	Joseph	-----	M	1957	22383	Place-18
SMITH	Sharon	-----	F	1957	22384	Place-0
SMITH	Susan	-----	F	1957	22385	Place-13
SMITH	Sharon	-----	F	1957	22386	Place-26
SMITH	Suzanne	-----	F	1957	22387	Place-20
SMITH	Suzanne	-----	F	1957	22388	Place-3
SMITH	Jacob	-----	M	1957	22389	Place-13
SMITH	Susan	-----	F	1957	22390	Place-29
SMITH	Paulo	-----	M	1957	22391	Place-9
SMITH	Shawn	-----	M	1957	22392	Place-26
SMITH	Sheila	-----	F	1957	22393	Place-15
SMITH	Briony	-----	F	1957	22394	Place-28
SMITH	Paulo	-----	M	1957	22395	Place-27
SMITH	Paulo	-----	M	1957	22396	Place-18
SMITH	Sarah	-----	F	1957	22397	Place-10
SMITH	Sarah	-----	F	1957	22398	Place-25
SMITH	Briony	-----	F	1957	22399	Place-24
SMITH	Selina	-----	F	1957	22400	Place-15
SMITH	Jenkins	-----	M	1957	22401	Place-2
SMITH	Suzanne	-----	F	1957	22402	Place-5
SMITH	Seonaid	-----	F	1957	22403	Place-29
SMITH	Joseph	-----	M	1957	22404	Place-9
SMITH	James	-----	M	1957	22405	Place-19
SMITH	Briony	-----	F	1957	22406	Place-4
SMITH	Briony	-----	F	1957	22407	Place-23
SMITH	Seonaid	-----	F	1957	22408	Place-14
SMITH	Seonaid	-----	F	1957	22409	Place-14
SMITH	Bob	-----	M	1957	22410	Place-6
SMITH	Bob	-----	M	1957	22411	Place-18
SMITH	Jim	-----	M	1957	22412	Place-23
SMITH	Suzanne	-----	F	1957	22413	Place-18
SMITH	Sarah	-----	F	1957	22414	Place-17
SMITH	Sarah	-----	F	1957	22415	Place-6
SMITH	Briony	-----	F	1957	22416	Place-25
SMITH	Suzanne	-----	F	1957	22417	Place-5
SMITH	Paulo	-----	M	1957	22418	Place-9
SMITH	Sharon	-----	F	1957	22419	Place-24
SMITH	Shawn	-----	M	1957	22420	Place-18
SMITH	Seonaid	-----	F	1957	22421	Place-25
SMITH	Jacob	-----	M	1957	22422	Place-12
SMITH	Sharon	-----	F	1957	22423	Place-13
SMITH	Jacob	-----	M	1957	22424	Place-16
SMITH	Jenkins	-----	M	1957	22425	Place-17
SMITH	Suzanne	-----	F	1957	22426	Place-28
SMITH	Seonaid	-----	F	1957	22427	Place-7
SMITH	Selina	-----	F	1957	22428	Place-3
SMITH	Jenkins	-----	M	1957	22429	Place-17
SMITH	Sharon	-----	F	1957	22430	Place-8
SMITH	Selina	-----	F	1957	22431	Place-23
SMITH	Selina	-----	F	1957	22432	Place-24
SMITH	Joseph	-----	M	1957	22433	Place-26
SMITH	Suzanne	-----	F	1957	22434	Place-20
SMITH	Seonaid	-----	F	1957	22435	Place-17
SMITH	Briony	-----	F	1957	22436	Place-8
SMITH	Selina	-----	F	1957	22437	Place-21
SMITH	Jenkins	-----	M	1957	22438	Place-0
SMITH	Susan	-----	F	1957	22439	Place-21
SMITH	Sharon	-----	F	1957	22440	Place-20
SMITH	Susan	-----	F	1957	22441	Place-15
SMITH	Suzanne	-----	F	1957	22442	Place-10
SMITH	Jenkins	-----	M	1957	22443	Place-28
SMITH	Shawn	-----	M	1957	22444	Place-16
SMITH	Sharon	-----	F	1957	22445	Place-0
SMITH	Jacob	-----	M	1957	22446	Place-0
SMITH	Joseph	-----	M	1957	22447	Place-3
SMITH	Sheila	-----	F	1957	22448	Place-18
SMITH	Jim	-----	M	1957	22449	Place-11
SMITH	Suzanne	-----	F	1957	22450	Place-23
SMITH	James	-----	M	1957	22451	Place-21
SMITH	Paulo	-----	M	1957	22452	Place-25
SMITH	Selina	-----	F	1957	22453	Place-14
SMITH	Jacob	-----	M	1957	22454	Place-14
SMITH	Jacob	-----	M	1957	22455	Place-6
SMITH	Bob	-----	M	1957	22456	Place-18
SMITH	Joseph	-----	M	1957	22457	Place-18
SMITH	Joseph	-----	M	1957	22458	Place-2
SMITH	Sarah	-----	F	1957	22459	Place-13
SMITH	Susan	-----	F	1957	22460	Place-3
SMITH	Bob	-----	M	1957	22461	Place-29
SMITH	Sharon	-----	F	1957	22462	Place-14
SMITH	Joseph	-----	M	1957	22463	Place-0
SMITH	Susan	-----	F	1957	22464	Place-16
SMITH	Seonaid	-----	F	1957	22465	Place-6
SMITH	Jim	-----	M	1957	22466	Place-10
SMITH	Jacob	-----	M	1957	22467	Place-8
SMITH	Jenkins	-----	M	1957	22468	Place-28
SMITH	Jacob	-----	M	1957	22469	Place-25
SMITH	James	-----	M	1957	22470	Place-27
SMITH	Jenkins	-----	M	1957	22471	Place-10
SMITH	Paulo	-----	M	1957	22472	Place-16
SMITH	Selina	-----	F	1957	22473	Place-19
SMITH	James	-----	M	1957	22474	Place-14
SMITH	Jenkins	-----	M	1957	22475	Place-28
SMITH	James	-----	M	1957	22476	Place-1
SMITH	Jim	-----	M	1957	22477	Place-6
SMITH	Sheila	-----	F	1957	22478	Place-8
SMITH	Sarah	-----	F	1957	22479	Place-7
SMITH	Jim	-----	M	1957	22480	Place-18
SMITH	Paulo	-----	M	1957	22481	Place-11
SMITH	Suzanne	-----	F	1957	22482	Place-29
SMITH	Jim	-----	M	1957	22483	Place-11
SMITH	Sheila	-----	F	1957	22484	Place-12
SMITH	Shawn	-----	M	1957	22485	Place-24
SMITH	Bob	-----	M	1957	22486	Place-1
SMITH	Sharon	-----	F	1957	22487	Place-15
SMITH	Jacob	-----	M	1957	22488	Place-19
SMITH	Paulo	-----	M	1957	22489	Place-29
SMITH	Bob	-----	M	1957	22490	Place-18
SMITH	Jim	-----	M	1957	22491	Place-6
SMITH	Sharon	-----	F	1957	22492	Place-24
SMITH	Susan	-----	F	1957	22493	Place-23
SMITH	Jenkins	-----	M	1957	22494	Place-25
SMITH	Jacob	-----	M	1957	22495	Place-15
SMITH	Susan	-----	F	1957	22496	Place-18
SMITH	Jim	-----	M	1957	22497	Place-2
SMITH	James	-----	M	1957	22498	Place-4
SMITH	Seonaid	-----	F	1957	22499	Place-8
SMITH	Briony	-----	F	1957	22500	Place-3
SMITH	Susan	-----	F	1957	22501	Place-24
SMITH	Jenkins	-----	M	1957	22502	Place-16
SMITH	Sarah	-----	F	1957	22503	Place-21
SMITH	Paulo	-----	M	1957	22504	Place-25
SMITH	Shawn	-----	M	1957	22505	Place-23
SMITH	Briony	-----	F	1957	22506	Place-21
SMITH	Sharon	-----	F	1957	22507	Place-21
SMITH	Shawn	-----	M	1957	22508	Place-23
SMITH	Seonaid	-----	F	1957	22509	Place-3
SMITH	James	-----	M	1957	22510	Place-21
SMITH	Briony	-----	F	1957	22511	Place-7
SMITH	Sarah	-----	F	1957	22512	Place-18
SMITH	Shawn	-----	M	1957	22513	Place-0
SMITH	Bob	-----	M	1957	22514	Place-23
SMITH	Suzanne	-----	F	1957	22515	Place-23
SMITH	Joseph	-----	M	1957	22516	Place-5
SMITH	Joseph	-----	M	1957	22517	Place-28
SMITH	James	-----	M	1957	22518	Place-23
SMITH	James	-----	M	1957	22519	Place-25
SMITH	Susan	-----	F	1957	22520	Place-18
SMITH	Sheila	-----	F	1957	22521	Place-1
SMITH	Suzanne	-----	F	1957	22522	Place-6
SMITH	Joseph	-----	M	1957	22523	Place-14
SMITH	Selina	-----	F	1957	22524	Place-22
SMITH	Joseph	-----	M	1957	22525	Place-23
SMITH	Joseph	-----	M	1957	22526	Place-1
SMITH	Jenkins	-----	M	1957	22527	Place-22
SMITH	Selina	-----	F	1957	22528	Place-23
SMITH	Bob	-----	M	1957	22529	Place-10
SMITH	Selina	-----	F	1957	22530	Place-14
SMITH	Selina	-----	F	1957	22531	Place-11
SMITH	Bob	-----	M	1957	22532	Place-23
SMITH	Seonaid	-----	F	1957	22533	Place-12
SMITH	Bob	-----	M	1957	22534	Place-16
SMITH	Selina	-----	F	1957	22535	Place-9
SMITH	Sarah	-----	F	1957	22536	Place-17
SMITH	Jacob	-----	M	1957	22537	Place-13
SMITH	Sharon	-----	F	1957	22538	Place-9
SMITH	Jim	-----	M	1957	22539	Place-0
SMITH	Selina	-----	F	1957	22540	Place-1
SMITH	Briony	-----	F	1957	22541	Place-29
SMITH	Joseph	-----	M	1957	22542	Place-4
SMITH	Briony	-----	F	1957	22543	Place-18
SMITH	Briony	-----	F	1957	22544	Place-9
SMITH	Jenkins	-----	M	1957	22545	Place-0
SMITH	Joseph	-----	M	1957	22546	Place-26
SMITH	Sheila	-----	F	1957	22547	Place-2
SMITH	Shawn	-----	M	1957	22548	Place-8
SMITH	Sharon	-----	F	1957	22549	Place-0
SMITH	Jacob	-----	M	1957	22550	Place-18
SMITH	Shawn	-----	M	1957	22551	Place-15
SMITH	Jacob	-----	M	1957	22552	Place-11
SMITH	James	-----	M	1957	22553	Place-0
SMITH	James	-----	M	1957	22554	Place-4
SMITH	Bob	-----	M	1957	22555	Place-22
SMITH	Suzanne	-----	F	1957	22556	Place-4
SMITH	Sheila	-----	F	1957	22557	Place-6
SMITH	Sarah	-----	F	1957	22558	Place-10
SMITH	Sheila	-----	F	1957	22559	Place-0
SMITH	Sheila	-----	F	1957	22560	Place-21
SMITH	Jacob	-----	M	1957	22561	Place-11
SMITH	Briony	-----	F	1957	22562	Place-26
SMITH	Briony	-----	F	1957	22563	Place-17
SMITH	Sarah	-----	F	1957	22564	Place-13
SMITH	Suzanne	-----	F	1957	22565	Place-2
SMITH	James	-----	M	1957	22566	Place-6
SMITH	Paulo	-----	M	1957	22567	Place-12
SMITH	Seonaid	-----	F	1957	22568	Place-21
SMITH	Sheila	-----	F	1957	22569	Place-19
SMITH	Shawn	-----	M	1957	22570	Place-15
SMITH	Briony	-----	F	1957	22571	Place-9
SMITH	Sharon	-----	F	1957	22572	Place-8
SMITH	Selina	-----	F	1957	22573	Place-13
SMITH	Susan	-----	F	1957	22574	Place-2
SMITH	Sharon	-----	F	1957	22575	Place-8
SMITH	Seonaid	-----	F	1957	22576	Place-29
SMITH	Shawn	-----	M	1957	22577	Place-20
SMITH	Suzanne	-----	F	1957	22578	Place-7
SMITH	Shawn	-----	M	1957	22579	Place-2
SMITH	James	-----	M	1957	22580	Place-24
SMITH	Suzanne	-----	F	1957	22581	Place-12
SMITH	Jacob	-----	M	1957	22582	Place-6
SMITH	Jenkins	-----	M	1957	22583	Place-28
SMITH	Jacob	-----	M	1957	22584	Place-24
SMITH	Sharon	-----	F	1957	22585	Place-22
SMITH	Jenkins	-----	M	1957	22586	Place-0
SMITH	Sharon	-----	F	1957	22587	Place-2
SMITH	Briony	-----	F	1957	22588	Place-23
SMITH	Briony	-----	F	1957	22589	Place-18
SMITH	Sharon	-----	F	1957	22590	Place-0
SMITH	Sharon	-----	F	1957	22591	Place-12
SMITH	Sheila	-----	F	1957	22592	Place-18
SMITH	Selina	-----	F	1957	22593	Place-16
SMITH	Sarah	-----	F	1957	22594	Place-0
SMITH	Sarah	-----	F	1957	22595	Place-20
SMITH	Sarah	-----	F	1957	22596	Place-24
SMITH	Seonaid	-----	F	1957	22597	Place-9
SMITH	James	-----	M	1957	22598	Place-12
SMITH	Sheila	-----	F	1957	22599	Place-3
SMITH	Susan	-----	F	1957	22600	Place-28
SMITH	Shawn	-----	M	1957	22601	Place-27
SMITH	Sheila	-----	F	1957	22602	Place-12
SMITH	James	-----	M	1957	22603	Place-4
SMITH	Jacob	-----	M	1957	22604	Place-24
SMITH	Seonaid	-----	F	1957	22605	Place-13
SMITH	Bob	-----	M	1957	22606	Place-3
SMITH	Seonaid	-----	F	1958	22641	Place-9
SMITH	Seonaid	-----	F	1958	22642	Place-16
SMITH	Bob	-----	M	1958	22643	Place-5
SMITH	Sheila	-----	F	1958	22644	Place-8
SMITH	Sharon	-----	F	1958	22645	Place-18
SMITH	Shawn	-----	M	1958	22646	Place-1
SMITH	Suzanne	-----	F	1958	22647	Place-7
SMITH	Sharon	-----	F	1958	22648	Place-27
SMITH	Sharon	-----	F	1958	22649	Place-12
SMITH	Shawn	-----	M	1958	22650	Place-29
SMITH	James	-----	M	1958	22651	Place-25
SMITH	Sharon	-----	F	1958	22652	Place-5
SMITH	Briony	-----	F	1958	22653	Place-24
SMITH	Bob	-----	M	1958	22654	Place-6
SMITH	Sarah	-----	F	1958	22655	Place-7
SMITH	Suzanne	-----	F	1958	22656	Place-29
SMITH	Paulo	-----	M	1958	22657	Place-5
SMITH	Shawn	-----	M	1958	22658	Place-12
SMITH	Sharon	-----	F	1958	22659	Place-7
SMITH	Seonaid	-----	F	1958	22660	Place-12
SMITH	Paulo	-----	M	1958	22661	Place-3
SMITH	Jim	-----	M	1958	22662	Place-26
SMITH	Sheila	-----	F	1958	22663	Place-10
SMITH	Shawn	-----	M	1958	22664	Place-23
SMITH	Seonaid	-----	F	1958	22665	Place-23
SMITH	Selina	-----	F	1958	22666	Place-23
SMITH	Sheila	-----	F	1958	22667	Place-20
SMITH	Briony	-----	F	1958	22668	Place-3
SMITH	Sheila	-----	F	1958	22669	Place-25
SMITH	Briony	-----	F	1958	22670	Place-13
SMITH	Seonaid	-----	F	1958	22671	Place-7
SMITH	Seonaid	-----	F	1958	22672	Place-21
SMITH	Susan	-----	F	1958	22673	Place-7
SMITH	Sharon	-----	F	1958	22674	Place-11
SMITH	James	-----	M	1958	22675	Place-2
SMITH	Briony	-----	F	1958	22676	Place-5
SMITH	Jim	-----	M	1958	22677	Place-29
SMITH	Suzanne	-----	F	1958	22678	Place-6
SMITH	Bob	-----	M	1958	22679	Place-8
SMITH	Sharon	-----	F	1958	22680	Place-8
SMITH	Bob	-----	M	1958	22681	Place-20
SMITH	Briony	-----	F	1958	22682	Place-13
SMITH	James	-----	M	1958	22683	Place-6
SMITH	Seonaid	-----	F	1958	22684	Place-26
SMITH	Jacob	-----	M	1958	22685	Place-14
SMITH	Joseph	-----	M	1958	22686	Place-27
SMITH	Sheila	-----	F	1958	22687	Place-9
SMITH	Jim	-----	M	1958	22688	Place-4
SMITH	Susan	-----	F	1958	22689	Place-13
SMITH	Suzanne	-----	F	1958	22690	Place-17
SMITH	Jim	-----	M	1958	22691	Place-23
SMITH	Sarah	-----	F	1958	22692	Place-13
SMITH	James	-----	M	1958	22693	Place-23
SMITH	Bob	-----	M	1958	22694	Place-11
SMITH	Briony	-----	F	1958	22695	Place-6
SMITH	Jenkins	-----	M	1958	22696	Place-3
SMITH	Seonaid	-----	F	1958	22697	Place-13
SMITH	Seonaid	-----	F	1958	22698	Place-19
SMITH	Jenkins	-----	M	1958	22699	Place-23
SMITH	Bob	-----	M	1958	22700	Place-17
SMITH	Bob	-----	M	1958	22701	Place-18
SMITH	Susan	-----	F	1958	22702	Place-10
SMITH	Suzanne	-----	F	1958	22703	Place-2
SMITH	Jim	-----	M	1958	22704	Place-23
SMITH	Bob	-----	M	1958	22705	Place-22
SMITH	Joseph	-----	M	1958	22706	Place-0
SMITH	Jenkins	-----	M	1958	22707	Place-16
SMITH	Seonaid	-----	F	1958	22708	Place-0
SMITH	Susan	-----	F	1958	22709	Place-4
SMITH	Susan	-----	F	1958	22710	Place-28
SMITH	Bob	-----	M	1958	22711	Place-18
SMITH	Jacob	-----	M	1958	22712	Place-3
SMITH	Sheila	-----	F	1958	22713	Place-20
SMITH	Paulo	-----	M	1958	22714	Place-17
SMITH	Jenkins	-----	M	1958	22715	Place-12
SMITH	Joseph	-----	M	1958	22716	Place-15
SMITH	Briony	-----	F	1958	22717	Place-10
SMITH	Suzanne	-----	F	1958	22718	Place-29
SMITH	Paulo	-----	M	1958	22719	Place-16
SMITH	Susan	-----	F	1958	22720	Place-9
SMITH	Sarah	-----	F	1958	22721	Place-26
SMITH	Jacob	-----	M	1958	22722	Place-19
SMITH	Jim	-----	M	1958	22723	Place-24
SMITH	James	-----	M	1958	22724	Place-24
SMITH	Sharon	-----	F	1958	22725	Place-9
SMITH	Bob	-----	M	1958	22726	Place-5
SMITH	Jim	-----	M	1958	22727	Place-8
SMITH	Briony	-----	F	1958	22728	Place-5
SMITH	Jim	-----	M	1958	22729	Place-24
SMITH	Suzanne	-----	F	1958	22730	Place-25
SMITH	Jacob	-----	M	1958	22731	Place-19
SMITH	Jim	-----	M	1958	22732	Place-26
SMITH	Sharon	-----	F	1958	22733	Place-18
SMITH	Selina	-----	F	1958	22734	Place-19
SMITH	Seonaid	-----	F	1958	22735	Place-29
SMITH	Susan	-----	F	1958	22736	Place-0
SMITH	Susan	-----	F	1958	22737	Place-13
SMITH	Briony	-----	F	1958	22738	Place-8
SMITH	Jenkins	-----	M	1958	22739	Place-1
SMITH	Jacob	-----	M	1958	22740	Place-13
SMITH	Jacob	-----	M	1958	22741	Place-18
SMITH	Sarah	-----	F	1958	22742	Place-5
SMITH	Paulo	-----	M	1958	22743	Place-18
SMITH	Sharon	-----	F	1958	22744	Place-3
SMITH	Briony	-----	F	1958	22745	Place-0
SMITH	Suzanne	-----	F	1958	22746	Place-25
SMITH	Sharon	-----	F	1958	22747	Place-15
SMITH	Jim	-----	M	1958	22748	Place-29
SMITH	Jenkins	-----	M	1958	22749	Place-24
SMITH	Sharon	-----	F	1958	22750	Place-19
SMITH	Bob	-----	M	1958	22751	Place-10
SMITH	Jenkins	-----	M	1958	22752	Place-10
SMITH	Jacob	-----	M	1958	22753	Place-15
SMITH	Jenkins	-----	M	1958	22754	Place-22
SMITH	Jenkins	-----	M	1958	22755	Place-11
SMITH	Jacob	-----	M	1958	22756	Place-20
SMITH	Joseph	-----	M	1958	22757	Place-8
SMITH	Jacob	-----	M	1958	22758	Place-21
SMITH	Briony	-----	F	1958	22759	Place-3
SMITH	Jacob	-----	M	1958	22760	Place-14
SMITH	Briony	-----	F	1958	22761	Place-21
SMITH	Briony	-----	F	1958	22762	Place-22
SMITH	Sharon	-----	F	1958	22763	Place-11
SMITH	Jenkins	-----	M	1958	22764	Place-2
SMITH	Suzanne	-----	F	1958	22765	Place-14
SMITH	Bob	-----	M	1958	22766	Place-19
SMITH	Jim	-----	M	1958	22767	Place-15
SMITH	Susan	-----	F	1958	22768	Place-28
SMITH	James	-----	M	1958	22769	Place-25
SMITH	Shawn	-----	M	1958	22770	Place-5
SMITH	Briony	-----	F	1958	22771	Place-21
SMITH	Jim	-----	M	1958	22772	Place-23
SMITH	Bob	-----	M	1958	22773	Place-13
SMITH	Briony	-----	F	1958	22774	Place-3
SMITH	Jacob	-----	M	1958	22775	Place-7
SMITH	Briony	-----	F	1958	22776	Place-29
SMITH	Joseph	-----	M	1958	22777	Place-29
SMITH	Sharon	-----	F	1958	22778	Place-29
SMITH	Bob	-----	M	1958	22779	Place-2
SMITH	Bob	-----	M	1958	22780	Place-19
SMITH	Jenkins	-----	M	1958	22781	Place-14
SMITH	Jenkins	-----	M	1958	22782	Place-27
SMITH	Jim	-----	M	1958	22783	Place-1
SMITH	Briony	-----	F	1958	22784	Place-8
SMITH	James	-----	M	1958	22785	Place-3
SMITH	Joseph	-----	M	1958	22786	Place-24
SMITH	Paulo	-----	M	1958	22787	Place-28
SMITH	Sheila	-----	F	1958	22788	Place-24
SMITH	Seonaid	-----	F	1958	22789	Place-25
SMITH	Sarah	-----	F	1958	22790	Place-25
SMITH	Suzanne	-----	F	1958	22791	Place-3
SMITH	Seonaid	-----	F	1958	22792	Place-10
SMITH	Sarah	-----	F	1958	22793	Place-27
SMITH	Paulo	-----	M	1958	22794	Place-16
SMITH	Jacob	-----	M	1958	22795	Place-24
SMITH	Paulo	-----	M	1958	22796	Place-29
SMITH	Jenkins	-----	M	1958	22797	Place-21
SMITH	Jenkins	-----	M	1958	22798	Place-8
SMITH	Sarah	-----	F	1958	22799	Place-0
SMITH	Sharon	-----	F	1958	22800	Place-21
SMITH	James	-----	M	1958	22801	Place-26
SMITH	Shawn	-----	M	1958	22802	Place-27
SMITH	James	-----	M	1958	22803	Place-21
SMITH	Joseph	-----	M	1958	22804	Place-26
SMITH	Suzanne	-----	F	1958	22805	Place-1
SMITH	Sheila	-----	F	1958	22806	Place-12
SMITH	Jenkins	-----	M	1958	22807	Place-15
SMITH	James	-----	M	1958	22808	Place-1
SMITH	Selina	-----	F	1958	22809	Place-3
SMITH	Shawn	-----	M	1958	22810	Place-0
SMITH	Sharon	-----	F	1958	22811	Place-10
SMITH	Sarah	-----	F	1958	22812	Place-17
SMITH	Selina	-----	F	1958	22813	Place-4
SMITH	Briony	-----	F	1958	22814	Place-2
SMITH	Sharon	-----	F	1958	22815	Place-11
SMITH	Joseph	-----	M	1958	22816	Place-15
SMITH	Bob	-----	M	1958	22817	Place-23
SMITH	Seonaid	-----	F	1958	22818	Place-22
SMITH	James	-----	M	1958	22819	Place-13
SMITH	Sheila	-----	F	1958	22820	Place-13
SMITH	Suzanne	-----	F	1958	22821	Place-26
SMITH	Sarah	-----	F	1958	22822	Place-12
SMITH	Susan	-----	F	1958	22823	Place-28
SMITH	Jenkins	-----	M	1958	22824	Place-28
SMITH	Bob	-----	M	1958	22825	Place-28
SMITH	Jenkins	-----	M	1958	22826	Place-10
SMITH	Seonaid	-----	F	1958	22827	Place-28
SMITH	Sheila	-----	F	1958	22828	Place-20
SMITH	Jenkins	-----	M	1958	22829	Place-1
SMITH	James	-----	M	1958	22830	Place-15
SMITH	Selina	-----	F	1958	22831	Place-4
SMITH	Shawn	-----	M	1958	22832	Place-20
SMITH	Jim	-----	M	1958	22833	Place-15
SMITH	Seonaid	-----	F	1958	22834	Place-19
SMITH	Jenkins	-----	M	1958	22835	Place-28
SMITH	Briony	-----	F	1958	22836	Place-28
SMITH	Seonaid	-----	F	1958	22837	Place-19
SMITH	Sheila	-----	F	1958	22838	Place-24
SMITH	Briony	-----	F	1958	22839	Place-22
SMITH	Suzanne	-----	F	1958	22840	Place-13
SMITH	Seonaid	-----	F	1958	22841	Place-15
SMITH	Selina	-----	F	1958	22842	Place-1
SMITH	Jim	-----	M	1958	22843	Place-24
SMITH	Shawn	-----	M	1958	22844	Place-6
SMITH	Sheila	-----	F	1958	22845	Place-16
SMITH	Bob	-----	M	1958	22846	Place-22
SMITH	Sarah	-----	F	1958	22847	Place-26
SMITH	Selina	-----	F	1958	22848	Place-20
SMITH	Jacob	-----	M	1958	22849	Place-3
SMITH	Shawn	-----	M	1958	22850	Place-20
SMITH	Joseph	-----	M	1958	22851	Place-17
SMITH	Sheila	-----	F	1958	22852	Place-17
SMITH	Susan	-----	F	1958	22853	Place-3
SMITH	Jenkins	-----	M	1958	22854	Place-22
SMITH	Briony	-----	F	1958	22855	Place-28
SMITH	Jenkins	-----	M	1958	22856	Place-21
SMITH	Paulo	-----	M	1958	22857	Place-24
SMITH	Sheila	-----	F	1958	22858	Place-23
SMITH	Jim	-----	M	1958	22859	Place-23
SMITH	James	-----	M	1958	22860	Place-6
SMITH	Jacob	-----	M	1958	22861	Place-24
SMITH	Suzanne	-----	F	1958	22862	Place-13
SMITH	Sheila	-----	F	1958	22863	Place-22
SMITH	Susan	-----	F	1958	22864	Place-11
SMITH	Sheila	-----	F	1958	22865	Place-26
SMITH	Suzanne	-----	F	1958	22866	Place-25
SMITH	Sheila	-----	F	1958	22867	Place-26
SMITH	Jim	-----	M	1958	22868	Place-27
SMITH	Bob	-----	M	1958	22869	Place-12
SMITH	Sharon	-----	F	1958	22870	Place-16
SMITH	Sharon	-----	F	1958	22871	Place-18
SMITH	Jacob	-----	M	1958	22872	Place-26
SMITH	Sarah	-----	F	1958	22873	Place-0
SMITH	Jim	-----	M	1958	22874	Place-8
SMITH	Paulo	-----	M	1958	22875	Place-21
SMITH	James	-----	M	1958	22876	Place-28
SMITH	Joseph	-----	M	1958	22877	Place-15
SMITH	Briony	-----	F	1958	22878	Place-9
SMITH	Paulo	-----	M	1958	22879	Place-22
SMITH	Sharon	-----	F	1958	22880	Place-3
SMITH	Bob	-----	M	1958	22881	Place-17
SMITH	Bob	-----	M	1958	22882	Place-16
SMITH	Susan	-----	F	1958	22883	Place-27
SMITH	Sharon	-----	F	1958	22884	Place-29
SMITH	Joseph	-----	M	1958	22885	Place-3
SMITH	Suzanne	-----	F	1958	22886	Place-15
SMITH	Jacob	-----	M	1958	22887	Place-11
SMITH	Jim	-----	M	1958	22888	Place-22
SMITH	Paulo	-----	M	1958	22889	Place-17
SMITH	Selina	-----	F	1958	22890	Place-0
SMITH	Selina	-----	F	1958	22891	Place-19
SMITH	Sharon	-----	F	1958	22892	Place-2
SMITH	Selina	-----	F	1958	22893	Place-22
SMITH	Shawn	-----	M	1958	22894	Place-5
SMITH	Seonaid	-----	F	1958	22895	Place-26
SMITH	Suzanne	-----	F	1958	22896	Place-8
SMITH	Briony	-----	F	1958	22897	Place-8
SMITH	Sarah	-----	F	1958	22898	Place-22
SMITH	Suzanne	-----	F	1958	22899	Place-20
SMITH	Sarah	-----	F	1958	22900	Place-27
SMITH	Briony	-----	F	1958	22901	Place-10
SMITH	Sharon	-----	F	1958	22902	Place-2
SMITH	Paulo	-----	M	1958	22903	Place-2
SMITH	Shawn	-----	M	1958	22904	Place-13
SMITH	Jim	-----	M	1958	22905	Place-13
SMITH	James	-----	M	1958	22906	Place-8
SMITH	Sharon	-----	F	1958	22907	Place-12
SMITH	Paulo	-----	M	1958	22908	Place-1
SMITH	Sheila	-----	F	1958	22909	Place-23
SMITH	Sharon	-----	F	1958	22910	Place-1
SMITH	James	-----	M	1958	22911	Place-12
SMITH	Bob	-----	M	1958	22912	Place-6
SMITH	Susan	-----	F	1958	22913	Place-18
SMITH	Jim	-----	M	1958	22914	Place-1
SMITH	Jacob	-----	M	1958	22915	Place-28
SMITH	Sarah	-----	F	1958	22916	Place-7
SMITH	Jenkins	-----	M	1958	22917	Place-14
SMITH	Suzanne	-----	F	1958	22918	Place-19
SMITH	Paulo	-----	M	1958	22919	Place-20
SMITH	Sharon	-----	F	1958	22920	Place-23
SMITH	Bob	-----	M	1958	22921	Place-17
SMITH	Sarah	-----	F	1958	22922	Place-28
SMITH	Sheila	-----	F	1958	22923	Place-22
SMITH	Suzanne	-----	F	1958	22924	Place-29
SMITH	Suzanne	-----	F	1958	22925	Place-15
SMITH	James	-----	M	1958	22926	Place-20
SMITH	Sheila	-----	F	1958	22927	Place-5
SMITH	Selina	-----	F	1958	22928	Place-4
SMITH	Suzanne	-----	F	1958	22929	Place-21
SMITH	Sharon	-----	F	1958	22930	Place-20
SMITH	Selina	-----	F	1958	22931	Place-13
SMITH	James	-----	M	1958	22932	Place-14
SMITH	Sarah	-----	F	1958	22933	Place-12
SMITH	Sarah	-----	F	1958	22934	Place-11
SMITH	Jenkins	-----	M	1958	22935	Place-6
SMITH	Paulo	-----	M	1958	22936	Place-21
SMITH	Seonaid	-----	F	1958	22937	Place-17
SMITH	Sharon	-----	F	1958	22938	Place-17
SMITH	Joseph	-----	M	1958	22939	Place-18
SMITH	Paulo	-----	M	1958	22940	Place-18
SMITH	Selina	-----	F	1958	22941	Place-8
SMITH	Suzanne	-----	F	1958	22942	Place-18
SMITH	Jenkins	-----	M	1958	22943	Place-3
SMITH	Sheila	-----	F	1958	22944	Place-19
SMITH	Joseph	-----	M	1958	22945	Place-6
SMITH	Briony	-----	F	1958	22946	Place-14
SMITH	Sarah	-----	F	1958	22947	Place-9
SMITH	Sarah	-----	F	1958	22948	Place-8
