Surname	Forename	Year	Gender	Age at Census	Ref	RD Name	County / City
SMITH	Sarah	1841	F	29	3342	Place-23	-----
SMITH	Selina	1841	F	41	3343	Place-8	-----
SMITH	Suzanne	1841	F	47	3344	Place-7	-----
SMITH	Selina	1841	F	25	3345	Place-15	-----
SMITH	Sarah	1841	F	45	3346	Place-1	-----
SMITH	Briony	1841	F	44	3347	Place-13	-----
SMITH	Susan	1841	F	25	3348	Place-25	-----
SMITH	Sharon	1841	F	43	3349	Place-9	-----
SMITH	Seonaid	1841	F	46	3350	Place-12	-----
SMYTH	James	1841	M	29	1908	Place-6	-----
SMITH	Shawn	1841	M	32	1783	Place-7	-----
SMITH	Seonaid	1841	F	28	1946	Place-4	-----
SMITH	Sharon	1841	F	53	1132	Place-1	-----
SMITH	Bob	1841	M	37	1611	Place-8	-----
SMITH	Shawn	1841	M	27	2008	Place-18	-----
SMITH	Sharon	1841	F	18	2398	Place-7	-----
SMITH	Susan	1841	F	45	2976	Place-6	-----
SMITH	James	1841	M	20	2315	Place-17	-----
SMITH	Briony	1841	F	23	2208	Place-21	-----
SMITH	Sarah	1841	F	39	2298	Place-12	-----
SMITH	Bob	1841	M	42	1471	Place-28	-----
SMITH	Jacob	1841	M	21	2295	Place-8	-----
SMITH	Jacob	1841	M	54	1090	Place-13	-----
SMITH	James	1841	M	43	1434	Place-3	-----
SMITH	Joseph	1841	M	51	1188	Place-8	-----
SMITH	James	1841	M	41	1490	Place-11	-----
SMITH	Briony	1841	F	37	2806	Place-4	-----
SMITH	Sharon	1841	F	52	1769	Place-20	-----
SMITH	Selina	1841	F	27	2020	Place-19	-----
SMITH	Susan	1841	F	26	2973	Place-24	-----
SMITH	Suzanne	1841	F	44	2334	Place-2	-----
SMITH	Shawn	1841	M	29	1930	Place-23	-----
SMITH	James	1841	M	39	1543	Place-22	-----
SMITH	Suzanne	1841	F	49	2907	Place-19	-----
SMITH	Seonaid	1841	F	31	1833	Place-26	-----
SMITH	Sheila	1841	F	30	1855	Place-23	-----
SMITH	Susan	1841	F	27	2011	Place-3	-----
SMITH	Sheila	1841	F	37	2701	Place-15	-----
SMITH	Paulo	1841	M	41	1497	Place-8	-----
SMITH	Jacob	1841	M	30	1852	Place-21	-----
SMITH	Selina	1841	F	22	2231	Place-29	-----
SMITH	James	1841	M	52	1157	Place-5	-----
SMITH	Jacob	1841	M	19	2358	Place-6	-----
SMITH	Jenkins	1841	M	50	1212	Place-14	-----
SMITH	Sarah	1841	F	32	1804	Place-14	-----
SMITH	Briony	1841	F	37	1610	Place-17	-----
SMITH	Joseph	1841	M	55	1079	Place-16	-----
SMITH	Shawn	1841	M	47	1305	Place-7	-----
SMITH	Seonaid	1841	F	21	2281	Place-23	-----
SMITH	Paulo	1841	M	55	1061	Place-27	-----
SMITH	Bob	1841	M	43	1454	Place-13	-----
SMITH	Shawn	1841	M	41	1508	Place-1	-----
SMITH	Sarah	1841	F	27	1990	Place-6	-----
SMITH	James	1841	M	24	2142	Place-26	-----
SMITH	Susan	1841	F	24	2164	Place-26	-----
SMITH	Sheila	1841	F	21	2270	Place-29	-----
SMITH	Sheila	1841	F	18	2376	Place-4	-----
SMITH	Joseph	1841	M	13	2639	Place-13	-----
SMITH	Seonaid	1841	F	2	3261	Place-6	-----
SMITH	Selina	1841	F	43	3285	Place-4	-----
SMITH	Suzanne	1841	F	31	3286	Place-12	-----
SMITH	Selina	1841	F	36	3287	Place-20	-----
SMITH	Sarah	1841	F	37	3288	Place-26	-----
SMITH	Sharon	1841	F	31	3290	Place-22	-----
SMITH	Seonaid	1841	F	30	3291	Place-10	-----
SMITH	Joseph	1841	M	39	1539	Place-13	-----
SMITH	Suzanne	1841	F	31	2700	Place-19	-----
SMITH	Jenkins	1841	M	24	2143	Place-9	-----
SMITH	Susan	1841	F	28	3175	Place-25	-----
SMITH	Briony	1841	F	51	3102	Place-26	-----
SMITH	Jim	1841	M	40	1527	Place-11	-----
SMITH	Paulo	1841	M	44	1411	Place-19	-----
SMITH	Suzanne	1841	F	18	2367	Place-15	-----
SMITH	Seonaid	1841	F	40	2805	Place-14	-----
SMITH	Sarah	1841	F	38	2753	Place-27	-----
SMITH	Jim	1841	M	44	1421	Place-18	-----
SMITH	Selina	1841	F	26	2057	Place-27	-----
SMITH	Jenkins	1841	M	33	1756	Place-12	-----
SMITH	Selina	1841	F	25	2118	Place-18	-----
SMITH	Seonaid	1841	F	37	3039	Place-2	-----
SMITH	James	1841	M	39	1549	Place-2	-----
SMITH	Jacob	1841	M	47	1317	Place-11	-----
SMITH	Selina	1841	F	23	2201	Place-25	-----
SMITH	Selina	1841	F	54	2972	Place-12	-----
SMITH	Sheila	1841	F	36	2513	Place-19	-----
SMITH	Seonaid	1841	F	26	2041	Place-22	-----
SMITH	Joseph	1841	M	55	1060	Place-14	-----
SMITH	Suzanne	1841	F	27	2013	Place-7	-----
SMITH	Jenkins	1841	M	43	1438	Place-4	-----
SMITH	Bob	1841	M	28	1969	Place-0	-----
SMITH	Selina	1841	F	34	2704	Place-13	-----
SMITH	Sarah	1841	F	42	1481	Place-17	-----
SMITH	Jenkins	1841	M	42	1463	Place-6	-----
SMITH	James	1841	M	30	1871	Place-9	-----
SMITH	Selina	1841	F	32	1777	Place-4	-----
SMITH	Bob	1841	M	38	1593	Place-13	-----
SMITH	Joseph	1841	M	36	1647	Place-10	-----
SMITH	Bob	1841	M	38	1583	Place-27	-----
SMITH	Jim	1841	M	44	1413	Place-19	-----
SMITH	James	1841	M	35	1670	Place-14	-----
SMITH	Sarah	1841	F	33	1747	Place-8	-----
SMITH	Selina	1841	F	30	1884	Place-20	-----
SMITH	Jenkins	1841	M	28	1957	Place-14	-----
SMITH	Suzanne	1841	F	25	2100	Place-9	-----
SMITH	Briony	1841	F	25	2101	Place-26	-----
SMITH	James	1841	M	24	2166	Place-11	-----
SMITH	Selina	1841	F	23	2183	Place-19	-----
SMITH	Suzanne	1841	F	23	2195	Place-29	-----
SMITH	Jim	1841	M	22	2243	Place-18	-----
SMITH	Susan	1841	F	22	2251	Place-4	-----
SMITH	Shawn	1841	M	21	2267	Place-9	-----
SMITH	Sarah	1841	F	19	2351	Place-10	-----
SMITH	Susan	1841	F	8	2869	Place-11	-----
SMITH	James	1841	M	7	2931	Place-3	-----
SMITH	Bob	1841	M	6	2981	Place-5	-----
SMITH	Sheila	1841	F	4	3134	Place-6	-----
SMITH	Seonaid	1841	F	4	3135	Place-28	-----
SMITH	Seonaid	1841	F	30	3229	Place-8	-----
SMITH	Sheila	1841	F	26	3230	Place-0	-----
SMITH	Sheila	1841	F	35	3173	Place-16	-----
SMITH	Suzanne	1841	F	54	3098	Place-16	-----
SMITH	Seonaid	1841	F	47	3101	Place-24	-----
SMITH	Paulo	1841	M	24	2162	Place-0	-----
SMITH	Sharon	1841	F	51	1180	Place-11	-----
SMITH	Briony	1841	F	34	1713	Place-18	-----
SMITH	Shawn	1841	M	25	2109	Place-15	-----
SMITH	Sheila	1841	F	47	3036	Place-0	-----
SMITH	Shawn	1841	M	29	1913	Place-26	-----
SMITH	Sarah	1841	F	42	1465	Place-20	-----
SMITH	Briony	1841	F	39	1540	Place-12	-----
SMITH	Sharon	1841	F	40	1521	Place-29	-----
SMITH	Jim	1841	M	24	2131	Place-4	-----
SMITH	Jacob	1841	M	31	1841	Place-12	-----
SMITH	Briony	1841	F	37	2751	Place-13	-----
SMITH	Bob	1841	M	62	900	Place-12	-----
SMITH	Selina	1841	F	32	1810	Place-28	-----
SMITH	Jenkins	1841	M	51	1175	Place-2	-----
SMITH	Jenkins	1841	M	45	1374	Place-1	-----
SMITH	Suzanne	1841	F	54	1091	Place-2	-----
SMITH	Joseph	1841	M	48	1286	Place-24	-----
SMITH	Bob	1841	M	31	1842	Place-7	-----
SMITH	Joseph	1841	M	34	1723	Place-17	-----
SMITH	Sarah	1841	F	32	1790	Place-9	-----
SMITH	Jacob	1841	M	28	1944	Place-28	-----
SMITH	Sheila	1841	F	27	1989	Place-4	-----
SMITH	Sheila	1841	F	25	2094	Place-8	-----
SMITH	Susan	1841	F	24	2132	Place-4	-----
SMITH	Sheila	1841	F	24	2145	Place-9	-----
SMITH	Sharon	1841	F	23	2182	Place-12	-----
SMITH	Paulo	1841	M	22	2246	Place-26	-----
SMITH	Jacob	1841	M	20	2306	Place-20	-----
SMITH	Briony	1841	F	11	2716	Place-16	-----
SMITH	Sharon	1841	F	8	2889	Place-27	-----
SMITH	Sharon	1841	F	7	2969	Place-24	-----
SMITH	Seonaid	1841	F	3	3194	Place-22	-----
SMITH	Sheila	1841	F	41	3170	Place-21	-----
SMITH	Selina	1841	F	27	3171	Place-23	-----
SMITH	Briony	1841	F	45	3172	Place-9	-----
SMITH	Sheila	1841	F	45	3037	Place-25	-----
SMITH	Shawn	1841	M	27	2003	Place-12	-----
SMITH	Sharon	1841	F	47	1309	Place-24	-----
SMITH	Seonaid	1841	F	43	1450	Place-1	-----
SMITH	Paulo	1841	M	54	1099	Place-0	-----
SMITH	Sharon	1841	F	33	2908	Place-18	-----
SMITH	Bob	1841	M	49	1249	Place-22	-----
SMITH	Bob	1841	M	32	1805	Place-23	-----
SMITH	Jenkins	1841	M	56	1025	Place-27	-----
SMITH	Paulo	1841	M	36	1652	Place-20	-----
SMITH	Suzanne	1841	F	34	2514	Place-23	-----
SMITH	Jim	1841	M	44	1424	Place-13	-----
SMITH	Susan	1841	F	56	1052	Place-13	-----
SMITH	Suzanne	1841	F	50	2173	Place-22	-----
SMITH	Jenkins	1841	M	51	1183	Place-11	-----
SMITH	Bob	1841	M	26	2072	Place-20	-----
SMITH	Seonaid	1841	F	58	984	Place-0	-----
SMITH	James	1841	M	30	1865	Place-4	-----
SMITH	Briony	1841	F	30	1875	Place-17	-----
SMITH	Sarah	1841	F	29	1903	Place-6	-----
SMITH	Sheila	1841	F	29	1912	Place-29	-----
SMITH	Sheila	1841	F	29	1924	Place-5	-----
SMITH	Jim	1841	M	27	2019	Place-26	-----
SMITH	Sharon	1841	F	26	2062	Place-10	-----
SMITH	Jim	1841	M	25	2102	Place-16	-----
SMITH	Shawn	1841	M	22	2245	Place-0	-----
SMITH	Jacob	1841	M	12	2671	Place-22	-----
SMITH	Jacob	1841	M	7	2919	Place-28	-----
SMITH	Shawn	1841	M	6	3004	Place-23	-----
SMITH	Suzanne	1841	F	25	3097	Place-22	-----
SMITH	Suzanne	1841	F	37	3099	Place-26	-----
SMITH	Seonaid	1841	F	24	3100	Place-10	-----
SMITH	Sarah	1841	F	49	2458	Place-17	-----
SMITH	Joseph	1841	M	30	1862	Place-9	-----
SMITH	Bob	1841	M	40	1514	Place-12	-----
SMITH	Sharon	1841	F	25	2086	Place-12	-----
SMITH	Susan	1841	F	29	2807	Place-27	-----
SMITH	Bob	1841	M	52	1163	Place-23	-----
SMITH	Paulo	1841	M	27	2004	Place-4	-----
SMITH	Shawn	1841	M	26	2046	Place-13	-----
SMITH	Sharon	1841	F	48	2754	Place-27	-----
SMITH	Jim	1841	M	41	1501	Place-21	-----
SMITH	Jacob	1841	M	35	1677	Place-17	-----
SMITH	Seonaid	1841	F	21	2293	Place-24	-----
SMITH	Joseph	1841	M	49	1231	Place-24	-----
SMITH	Jacob	1841	M	43	1436	Place-10	-----
SMITH	Sarah	1841	F	45	2361	Place-22	-----
SMITH	Paulo	1841	M	32	1781	Place-17	-----
SMITH	Suzanne	1841	F	28	1971	Place-15	-----
SMITH	Seonaid	1841	F	28	1977	Place-5	-----
SMITH	Jim	1841	M	22	2247	Place-11	-----
SMITH	Sheila	1841	F	21	2273	Place-5	-----
SMITH	Jacob	1841	M	14	2588	Place-1	-----
SMITH	Sarah	1841	F	14	2605	Place-1	-----
SMITH	Susan	1841	F	8	2864	Place-15	-----
SMITH	Bob	1841	M	6	2987	Place-11	-----
SMITH	Sharon	1841	F	41	3035	Place-15	-----
SMITH	Seonaid	1841	F	46	3038	Place-12	-----
SMITH	Briony	1841	F	28	3040	Place-2	-----
SMITH	Sarah	1841	F	54	2360	Place-22	-----
SMITH	Jenkins	1841	M	34	1721	Place-25	-----
SMITH	Sharon	1841	F	47	2329	Place-20	-----
SMITH	Jacob	1841	M	27	2026	Place-23	-----
SMITH	Susan	1841	F	36	1632	Place-16	-----
SMITH	Seonaid	1841	F	32	2651	Place-4	-----
SMITH	Jim	1841	M	30	1869	Place-16	-----
SMITH	Bob	1841	M	17	2411	Place-23	-----
SMITH	Jim	1841	M	53	1127	Place-21	-----
SMITH	Seonaid	1841	F	43	2366	Place-10	-----
SMITH	Sheila	1841	F	34	1707	Place-27	-----
SMITH	Sarah	1841	F	33	1761	Place-21	-----
SMITH	Paulo	1841	M	31	1824	Place-1	-----
SMITH	Seonaid	1841	F	27	2031	Place-13	-----
SMITH	Jacob	1841	M	25	2111	Place-22	-----
SMITH	Jim	1841	M	25	2117	Place-25	-----
SMITH	Sheila	1841	F	24	2148	Place-7	-----
SMITH	Jim	1841	M	24	2163	Place-29	-----
SMITH	Suzanne	1841	F	23	2203	Place-4	-----
SMITH	Shawn	1841	M	22	2218	Place-2	-----
SMITH	Briony	1841	F	20	2303	Place-3	-----
SMITH	Seonaid	1841	F	18	2380	Place-4	-----
SMITH	James	1841	M	14	2601	Place-17	-----
SMITH	Shawn	1841	M	12	2696	Place-8	-----
SMITH	Seonaid	1841	F	11	2734	Place-15	-----
SMITH	Jenkins	1841	M	9	2837	Place-10	-----
SMITH	Susan	1841	F	34	2971	Place-18	-----
SMITH	Susan	1841	F	30	2974	Place-8	-----
SMITH	Susan	1841	F	48	2975	Place-10	-----
SMITH	Seonaid	1841	F	30	2977	Place-22	-----
SMITH	Suzanne	1841	F	27	2980	Place-23	-----
SMITH	Paulo	1841	M	50	1213	Place-3	-----
SMITH	Jim	1841	M	25	2087	Place-25	-----
SMITH	Sharon	1841	F	35	1694	Place-21	-----
SMITH	Jenkins	1841	M	56	1032	Place-22	-----
SMITH	Jim	1841	M	41	1491	Place-16	-----
SMITH	Susan	1841	F	48	2332	Place-28	-----
SMITH	Sarah	1841	F	43	1432	Place-15	-----
SMITH	Sharon	1841	F	38	1592	Place-21	-----
SMITH	Sharon	1841	F	27	1988	Place-6	-----
SMITH	Susan	1841	F	49	2078	Place-14	-----
SMITH	Paulo	1841	M	31	1828	Place-8	-----
SMITH	Jenkins	1841	M	30	1877	Place-14	-----
SMITH	Sheila	1841	F	27	1992	Place-12	-----
SMITH	Sarah	1841	F	16	2492	Place-11	-----
SMITH	Sheila	1841	F	12	2669	Place-0	-----
SMITH	Paulo	1841	M	10	2769	Place-29	-----
SMITH	Suzanne	1841	F	43	2910	Place-4	-----
SMITH	Briony	1841	F	51	2912	Place-23	-----
SMITH	Seonaid	1841	F	41	2914	Place-23	-----
SMITH	Briony	1841	F	33	2851	Place-16	-----
SMITH	Bob	1841	M	42	1468	Place-27	-----
SMITH	Bob	1841	M	39	1544	Place-18	-----
SMITH	Sheila	1841	F	53	1128	Place-6	-----
SMITH	Jenkins	1841	M	26	2043	Place-10	-----
SMITH	Suzanne	1841	F	44	2752	Place-11	-----
SMITH	Jim	1841	M	34	1720	Place-18	-----
SMITH	Paulo	1841	M	45	1386	Place-9	-----
SMITH	Briony	1841	F	33	1744	Place-25	-----
SMITH	Jim	1841	M	46	1346	Place-22	-----
SMITH	Jim	1841	M	26	2061	Place-26	-----
SMITH	Jenkins	1841	M	25	2095	Place-23	-----
SMITH	Briony	1841	F	24	2171	Place-7	-----
SMITH	Sheila	1841	F	19	2352	Place-22	-----
SMITH	Sharon	1841	F	13	2640	Place-21	-----
SMITH	Susan	1841	F	9	2839	Place-26	-----
SMITH	Sheila	1841	F	55	2854	Place-17	-----
SMITH	Sarah	1841	F	52	2079	Place-0	-----
SMITH	Suzanne	1841	F	28	1975	Place-3	-----
SMITH	Joseph	1841	M	51	1182	Place-29	-----
SMITH	Jenkins	1841	M	54	1100	Place-26	-----
SMITH	Shawn	1841	M	34	1726	Place-15	-----
SMITH	Sarah	1841	F	33	1751	Place-28	-----
SMITH	Sharon	1841	F	51	2506	Place-8	-----
SMITH	Sharon	1841	F	41	2453	Place-25	-----
SMITH	Jenkins	1841	M	43	1441	Place-5	-----
SMITH	Shawn	1841	M	43	1448	Place-9	-----
SMITH	Jacob	1841	M	15	2530	Place-10	-----
SMITH	Seonaid	1841	F	41	2755	Place-7	-----
SMITH	Sharon	1841	F	29	1933	Place-19	-----
SMITH	Paulo	1841	M	46	1340	Place-9	-----
SMITH	Jim	1841	M	48	1292	Place-7	-----
SMITH	Briony	1841	F	57	1768	Place-5	-----
SMITH	James	1841	M	49	1233	Place-20	-----
SMITH	Sheila	1841	F	37	1619	Place-13	-----
SMITH	James	1841	M	33	1743	Place-23	-----
SMITH	Bob	1841	M	19	2346	Place-25	-----
SMITH	Sarah	1841	F	57	2756	Place-25	-----
SMITH	Jim	1841	M	54	1110	Place-13	-----
SMITH	Seonaid	1841	F	49	1237	Place-19	-----
SMITH	Bob	1841	M	36	1656	Place-22	-----
SMITH	Jenkins	1841	M	37	1613	Place-26	-----
SMITH	Susan	1841	F	27	2000	Place-21	-----
SMITH	Bob	1841	M	43	1445	Place-4	-----
SMITH	Jacob	1841	M	24	2149	Place-10	-----
SMITH	Briony	1841	F	18	2393	Place-20	-----
SMITH	Briony	1841	F	34	2703	Place-23	-----
SMITH	Seonaid	1841	F	33	2705	Place-21	-----
SMITH	Shawn	1841	M	41	1498	Place-27	-----
SMITH	James	1841	M	48	1276	Place-9	-----
SMITH	Jenkins	1841	M	34	1717	Place-12	-----
SMITH	Bob	1841	M	32	1774	Place-28	-----
SMITH	Selina	1841	F	28	1948	Place-9	-----
SMITH	Bob	1841	M	28	1954	Place-25	-----
SMITH	Sharon	1841	F	18	2395	Place-0	-----
SMITH	Jacob	1841	M	33	1764	Place-10	-----
SMITH	Shawn	1841	M	39	1560	Place-11	-----
SMITH	Seonaid	1841	F	32	1807	Place-27	-----
SMITH	Sheila	1841	F	43	2405	Place-2	-----
SMITH	James	1841	M	38	1579	Place-29	-----
SMITH	Jacob	1841	M	48	1274	Place-10	-----
SMITH	Suzanne	1841	F	33	1760	Place-8	-----
SMITH	Jacob	1841	M	29	1918	Place-6	-----
SMITH	James	1841	M	16	2476	Place-23	-----
SMITH	Seonaid	1841	F	61	2611	Place-25	-----
SMITH	Bob	1841	M	45	1388	Place-24	-----
SMITH	Jacob	1841	M	45	1360	Place-5	-----
SMITH	Briony	1841	F	35	1696	Place-8	-----
SMITH	Sarah	1841	F	36	2403	Place-13	-----
SMITH	Selina	1841	F	45	2178	Place-14	-----
SMITH	Bob	1841	M	56	1024	Place-14	-----
SMITH	Paulo	1841	M	30	1895	Place-22	-----
SMITH	Susan	1841	F	45	2563	Place-24	-----
SMITH	Susan	1841	F	46	2569	Place-18	-----
SMITH	Jim	1841	M	34	1724	Place-7	-----
SMITH	Paulo	1841	M	51	1191	Place-4	-----
SMITH	Susan	1841	F	21	2274	Place-11	-----
SMITH	Paulo	1841	M	15	2556	Place-6	-----
SMITH	Susan	1841	F	44	2508	Place-22	-----
SMITH	James	1841	M	57	1006	Place-5	-----
SMITH	Joseph	1841	M	39	1552	Place-6	-----
SMITH	James	1841	M	32	1792	Place-17	-----
SMITH	James	1841	M	47	1303	Place-4	-----
SMITH	Shawn	1841	M	34	1708	Place-25	-----
SMITH	Shawn	1841	M	25	2106	Place-26	-----
SMITH	Sharon	1841	F	17	2415	Place-8	-----
SMITH	Jenkins	1841	M	47	1318	Place-15	-----
SMITH	Sarah	1841	F	37	1614	Place-5	-----
SMITH	Sarah	1841	F	37	1605	Place-23	-----
SMITH	James	1841	M	25	2120	Place-9	-----
SMITH	Shawn	1841	M	44	1414	Place-12	-----
SMITH	Paulo	1841	M	44	1419	Place-21	-----
SMITH	Shawn	1841	M	45	1376	Place-5	-----
SMITH	Paulo	1841	M	46	1355	Place-12	-----
SMITH	James	1841	M	21	2256	Place-12	-----
SMITH	Paulo	1841	M	50	1214	Place-6	-----
SMITH	Paulo	1841	M	53	1117	Place-28	-----
SMITH	Susan	1841	F	28	1949	Place-18	-----
SMITH	Shawn	1841	M	25	2090	Place-28	-----
SMITH	Selina	1841	F	55	2176	Place-10	-----
SMITH	Jenkins	1841	M	51	1190	Place-5	-----
SMITH	Paulo	1841	M	57	1008	Place-25	-----
SMITH	Jenkins	1841	M	55	1068	Place-10	-----
SMITH	Bob	1841	M	55	1072	Place-27	-----
SMITH	Briony	1841	F	39	1548	Place-10	-----
SMITH	Shawn	1841	M	39	1571	Place-28	-----
SMITH	Selina	1841	F	38	1584	Place-18	-----
SMITH	Jim	1841	M	37	1609	Place-19	-----
SMITH	Paulo	1841	M	36	1648	Place-0	-----
SMITH	Shawn	1841	M	31	1817	Place-27	-----
SMITH	Seonaid	1841	F	31	1818	Place-3	-----
SMITH	Selina	1841	F	31	1821	Place-13	-----
SMITH	Joseph	1841	M	31	1829	Place-22	-----
SMITH	Jenkins	1841	M	31	1838	Place-26	-----
SMITH	Paulo	1841	M	30	1853	Place-10	-----
SMITH	Joseph	1841	M	30	1857	Place-12	-----
SMITH	Joseph	1841	M	30	1860	Place-0	-----
SMITH	Joseph	1841	M	30	1866	Place-17	-----
SMITH	Jenkins	1841	M	30	1880	Place-22	-----
SMITH	Seonaid	1841	F	30	1886	Place-22	-----
SMITH	James	1841	M	30	1894	Place-21	-----
SMITH	Joseph	1841	M	29	1922	Place-9	-----
SMITH	Shawn	1841	M	29	1936	Place-1	-----
SMITH	Bob	1841	M	28	1945	Place-9	-----
SMITH	Jacob	1841	M	28	1955	Place-2	-----
SMITH	Sarah	1841	F	28	1966	Place-22	-----
SMITH	Susan	1841	F	28	1967	Place-13	-----
SMITH	Sarah	1841	F	27	1998	Place-11	-----
SMITH	Jenkins	1841	M	27	2015	Place-23	-----
SMITH	Shawn	1841	M	26	2040	Place-18	-----
SMITH	Jim	1841	M	26	2050	Place-14	-----
SMITH	Jenkins	1841	M	26	2052	Place-0	-----
SMITH	Selina	1841	F	26	2071	Place-10	-----
SMITH	Sharon	1841	F	25	2083	Place-5	-----
SMITH	James	1841	M	25	2099	Place-5	-----
SMITH	Suzanne	1841	F	25	2108	Place-19	-----
SMITH	Jacob	1841	M	25	2112	Place-10	-----
SMITH	Sheila	1841	F	25	2116	Place-8	-----
SMITH	Sharon	1841	F	24	2133	Place-5	-----
SMITH	Briony	1841	F	24	2152	Place-22	-----
SMITH	Jim	1841	M	24	2161	Place-22	-----
SMITH	Shawn	1841	M	24	2168	Place-8	-----
SMITH	Selina	1841	F	24	2169	Place-26	-----
SMITH	Sarah	1841	F	23	2179	Place-7	-----
SMITH	Joseph	1841	M	23	2189	Place-22	-----
SMITH	Sheila	1841	F	23	2202	Place-28	-----
SMITH	Sharon	1841	F	23	2204	Place-8	-----
SMITH	Paulo	1841	M	23	2207	Place-19	-----
SMITH	Joseph	1841	M	22	2219	Place-9	-----
SMITH	Selina	1841	F	22	2222	Place-12	-----
SMITH	James	1841	M	22	2228	Place-26	-----
SMITH	Jim	1841	M	22	2232	Place-24	-----
SMITH	Briony	1841	F	22	2240	Place-6	-----
SMITH	Jim	1841	M	22	2244	Place-10	-----
SMITH	Jacob	1841	M	22	2250	Place-18	-----
SMITH	Briony	1841	F	21	2257	Place-4	-----
SMITH	Bob	1841	M	21	2258	Place-25	-----
SMITH	James	1841	M	21	2259	Place-21	-----
SMITH	Seonaid	1841	F	21	2264	Place-16	-----
SMITH	Jim	1841	M	21	2283	Place-5	-----
SMITH	Sheila	1841	F	21	2284	Place-0	-----
SMITH	Jacob	1841	M	21	2289	Place-24	-----
SMITH	Shawn	1841	M	20	2299	Place-23	-----
SMITH	Seonaid	1841	F	20	2304	Place-18	-----
SMITH	Paulo	1841	M	20	2305	Place-21	-----
SMITH	James	1841	M	20	2309	Place-5	-----
SMITH	Susan	1841	F	20	2314	Place-6	-----
SMITH	Seonaid	1841	F	20	2320	Place-20	-----
SMITH	Suzanne	1841	F	20	2322	Place-3	-----
SMITH	Briony	1841	F	20	2323	Place-3	-----
SMITH	Sarah	1841	F	19	2336	Place-4	-----
SMITH	Suzanne	1841	F	19	2337	Place-28	-----
SMITH	Suzanne	1841	F	19	2344	Place-24	-----
SMITH	Selina	1841	F	19	2345	Place-10	-----
SMITH	Seonaid	1841	F	19	2353	Place-3	-----
SMITH	Jim	1841	M	19	2355	Place-9	-----
SMITH	Briony	1841	F	19	2356	Place-18	-----
SMITH	Jim	1841	M	19	2359	Place-7	-----
SMITH	Sheila	1841	F	18	2368	Place-9	-----
SMITH	Sarah	1841	F	18	2369	Place-23	-----
SMITH	Sarah	1841	F	18	2370	Place-0	-----
SMITH	Selina	1841	F	18	2371	Place-24	-----
SMITH	Joseph	1841	M	18	2372	Place-7	-----
SMITH	James	1841	M	18	2373	Place-28	-----
SMITH	Jenkins	1841	M	18	2374	Place-12	-----
SMITH	Sharon	1841	F	18	2379	Place-21	-----
SMITH	Shawn	1841	M	18	2388	Place-29	-----
SMITH	James	1841	M	18	2391	Place-10	-----
SMITH	Jim	1841	M	18	2394	Place-12	-----
SMITH	Sheila	1841	F	18	2396	Place-21	-----
SMITH	Seonaid	1841	F	18	2402	Place-19	-----
SMITH	Joseph	1841	M	17	2407	Place-15	-----
SMITH	Briony	1841	F	17	2413	Place-1	-----
SMITH	Sheila	1841	F	17	2414	Place-17	-----
SMITH	Paulo	1841	M	17	2416	Place-1	-----
SMITH	Seonaid	1841	F	17	2419	Place-21	-----
SMITH	Jenkins	1841	M	17	2421	Place-9	-----
SMITH	Shawn	1841	M	17	2426	Place-17	-----
SMITH	Jenkins	1841	M	17	2427	Place-24	-----
SMITH	Bob	1841	M	17	2429	Place-14	-----
SMITH	Selina	1841	F	17	2430	Place-9	-----
SMITH	Susan	1841	F	17	2434	Place-16	-----
SMITH	Sarah	1841	F	17	2436	Place-28	-----
SMITH	Sharon	1841	F	17	2438	Place-16	-----
SMITH	Jenkins	1841	M	17	2440	Place-14	-----
SMITH	Seonaid	1841	F	17	2442	Place-25	-----
SMITH	Joseph	1841	M	17	2443	Place-22	-----
SMITH	Sheila	1841	F	17	2444	Place-10	-----
SMITH	Briony	1841	F	17	2445	Place-20	-----
SMITH	Shawn	1841	M	17	2449	Place-8	-----
SMITH	Paulo	1841	M	17	2450	Place-29	-----
SMITH	Briony	1841	F	17	2451	Place-22	-----
SMITH	Seonaid	1841	F	17	2452	Place-28	-----
SMITH	Suzanne	1841	F	16	2460	Place-17	-----
SMITH	Sheila	1841	F	16	2461	Place-5	-----
SMITH	Bob	1841	M	16	2463	Place-25	-----
SMITH	Sarah	1841	F	16	2464	Place-15	-----
SMITH	Suzanne	1841	F	16	2465	Place-24	-----
SMITH	Sarah	1841	F	16	2468	Place-2	-----
SMITH	Jim	1841	M	16	2469	Place-2	-----
SMITH	James	1841	M	16	2470	Place-8	-----
SMITH	Shawn	1841	M	16	2471	Place-28	-----
SMITH	Sharon	1841	F	16	2472	Place-6	-----
SMITH	James	1841	M	16	2473	Place-20	-----
SMITH	Jenkins	1841	M	16	2477	Place-2	-----
SMITH	Susan	1841	F	16	2478	Place-7	-----
SMITH	Jacob	1841	M	16	2480	Place-10	-----
SMITH	Joseph	1841	M	16	2483	Place-11	-----
SMITH	Sarah	1841	F	16	2484	Place-21	-----
SMITH	Bob	1841	M	16	2485	Place-22	-----
SMITH	Seonaid	1841	F	16	2488	Place-24	-----
SMITH	Briony	1841	F	16	2490	Place-24	-----
SMITH	Sharon	1841	F	16	2494	Place-13	-----
SMITH	James	1841	M	16	2496	Place-17	-----
SMITH	Jacob	1841	M	16	2497	Place-10	-----
SMITH	Shawn	1841	M	16	2498	Place-20	-----
SMITH	Seonaid	1841	F	16	2499	Place-19	-----
SMITH	Briony	1841	F	16	2502	Place-21	-----
SMITH	Briony	1841	F	16	2503	Place-28	-----
SMITH	Shawn	1841	M	15	2516	Place-28	-----
SMITH	Seonaid	1841	F	15	2518	Place-0	-----
SMITH	Briony	1841	F	15	2521	Place-10	-----
SMITH	Susan	1841	F	15	2522	Place-9	-----
SMITH	Bob	1841	M	15	2523	Place-0	-----
SMITH	Jacob	1841	M	15	2524	Place-0	-----
SMITH	Jenkins	1841	M	15	2526	Place-3	-----
SMITH	Selina	1841	F	15	2528	Place-6	-----
SMITH	Susan	1841	F	15	2531	Place-6	-----
SMITH	Selina	1841	F	15	2532	Place-20	-----
SMITH	Selina	1841	F	15	2533	Place-18	-----
SMITH	Suzanne	1841	F	15	2535	Place-27	-----
SMITH	Jim	1841	M	15	2542	Place-21	-----
SMITH	Susan	1841	F	15	2544	Place-24	-----
SMITH	Jacob	1841	M	15	2545	Place-28	-----
SMITH	Bob	1841	M	15	2546	Place-5	-----
SMITH	Sheila	1841	F	15	2547	Place-24	-----
SMITH	Selina	1841	F	15	2548	Place-16	-----
SMITH	Selina	1841	F	15	2549	Place-26	-----
SMITH	Sharon	1841	F	15	2550	Place-1	-----
SMITH	Bob	1841	M	15	2552	Place-18	-----
SMITH	Sharon	1841	F	15	2554	Place-22	-----
SMITH	Paulo	1841	M	15	2557	Place-19	-----
SMITH	Paulo	1841	M	15	2559	Place-24	-----
SMITH	Suzanne	1841	F	15	2560	Place-28	-----
SMITH	Seonaid	1841	F	15	2561	Place-18	-----
SMITH	Sarah	1841	F	14	2572	Place-4	-----
SMITH	Jim	1841	M	14	2574	Place-10	-----
SMITH	Sharon	1841	F	14	2575	Place-10	-----
SMITH	Jacob	1841	M	14	2577	Place-26	-----
SMITH	Paulo	1841	M	14	2578	Place-8	-----
SMITH	Sharon	1841	F	14	2581	Place-14	-----
SMITH	Paulo	1841	M	14	2583	Place-19	-----
SMITH	Jenkins	1841	M	14	2584	Place-15	-----
SMITH	Sharon	1841	F	14	2587	Place-23	-----
SMITH	Sheila	1841	F	14	2589	Place-2	-----
SMITH	Selina	1841	F	14	2593	Place-23	-----
SMITH	Seonaid	1841	F	14	2594	Place-9	-----
SMITH	Shawn	1841	M	14	2595	Place-3	-----
SMITH	Bob	1841	M	14	2603	Place-24	-----
SMITH	Sharon	1841	F	14	2606	Place-23	-----
SMITH	Sheila	1841	F	14	2607	Place-29	-----
SMITH	Jim	1841	M	14	2610	Place-18	-----
SMITH	Jenkins	1841	M	13	2613	Place-1	-----
SMITH	Bob	1841	M	13	2616	Place-14	-----
SMITH	Jenkins	1841	M	13	2619	Place-28	-----
SMITH	Sarah	1841	F	13	2622	Place-11	-----
SMITH	Paulo	1841	M	13	2623	Place-11	-----
SMITH	Sharon	1841	F	13	2626	Place-4	-----
SMITH	Susan	1841	F	13	2631	Place-1	-----
SMITH	Paulo	1841	M	13	2636	Place-18	-----
SMITH	Paulo	1841	M	13	2637	Place-24	-----
SMITH	Suzanne	1841	F	13	2641	Place-24	-----
SMITH	Paulo	1841	M	13	2644	Place-28	-----
SMITH	Jacob	1841	M	13	2647	Place-26	-----
SMITH	Sarah	1841	F	13	2648	Place-9	-----
SMITH	Joseph	1841	M	13	2649	Place-26	-----
SMITH	Bob	1841	M	12	2653	Place-27	-----
SMITH	Joseph	1841	M	12	2654	Place-29	-----
SMITH	Jacob	1841	M	12	2655	Place-28	-----
SMITH	Shawn	1841	M	12	2656	Place-6	-----
SMITH	Sheila	1841	F	12	2657	Place-19	-----
SMITH	Jim	1841	M	12	2659	Place-17	-----
SMITH	Jim	1841	M	12	2661	Place-11	-----
SMITH	Jim	1841	M	12	2663	Place-28	-----
SMITH	Selina	1841	F	12	2665	Place-29	-----
SMITH	Sarah	1841	F	12	2667	Place-10	-----
SMITH	Joseph	1841	M	12	2668	Place-15	-----
SMITH	Selina	1841	F	12	2673	Place-15	-----
SMITH	Paulo	1841	M	12	2674	Place-24	-----
SMITH	Jacob	1841	M	12	2675	Place-10	-----
SMITH	Seonaid	1841	F	12	2676	Place-0	-----
SMITH	Sarah	1841	F	12	2677	Place-27	-----
SMITH	Selina	1841	F	12	2682	Place-24	-----
SMITH	Shawn	1841	M	12	2687	Place-6	-----
SMITH	Bob	1841	M	12	2689	Place-20	-----
SMITH	Selina	1841	F	12	2691	Place-7	-----
SMITH	Sarah	1841	F	12	2697	Place-16	-----
SMITH	Joseph	1841	M	12	2698	Place-9	-----
SMITH	Jim	1841	M	12	2699	Place-4	-----
SMITH	Suzanne	1841	F	11	2706	Place-21	-----
SMITH	Bob	1841	M	11	2707	Place-12	-----
SMITH	James	1841	M	11	2709	Place-6	-----
SMITH	Jacob	1841	M	11	2710	Place-27	-----
SMITH	Shawn	1841	M	11	2711	Place-11	-----
SMITH	Shawn	1841	M	11	2714	Place-19	-----
SMITH	Shawn	1841	M	11	2717	Place-9	-----
SMITH	Joseph	1841	M	11	2718	Place-25	-----
SMITH	Jacob	1841	M	11	2719	Place-14	-----
SMITH	Sharon	1841	F	11	2720	Place-3	-----
SMITH	Sheila	1841	F	11	2722	Place-0	-----
SMITH	Paulo	1841	M	11	2726	Place-8	-----
SMITH	Selina	1841	F	11	2728	Place-19	-----
SMITH	Jim	1841	M	11	2730	Place-4	-----
SMITH	James	1841	M	11	2731	Place-0	-----
SMITH	Seonaid	1841	F	11	2732	Place-12	-----
SMITH	Briony	1841	F	11	2733	Place-5	-----
SMITH	Sharon	1841	F	11	2736	Place-26	-----
SMITH	Sarah	1841	F	11	2738	Place-1	-----
SMITH	Jenkins	1841	M	11	2740	Place-29	-----
SMITH	Sheila	1841	F	11	2741	Place-19	-----
SMITH	Sarah	1841	F	11	2744	Place-21	-----
SMITH	Joseph	1841	M	11	2748	Place-20	-----
SMITH	James	1841	M	10	2760	Place-21	-----
SMITH	Selina	1841	F	10	2764	Place-27	-----
SMITH	Bob	1841	M	10	2766	Place-28	-----
SMITH	Jenkins	1841	M	10	2767	Place-5	-----
SMITH	Suzanne	1841	F	10	2768	Place-13	-----
SMITH	Seonaid	1841	F	10	2770	Place-24	-----
SMITH	Seonaid	1841	F	10	2772	Place-15	-----
SMITH	Selina	1841	F	10	2773	Place-29	-----
SMITH	Susan	1841	F	10	2774	Place-2	-----
SMITH	James	1841	M	10	2775	Place-0	-----
SMITH	Joseph	1841	M	10	2783	Place-1	-----
SMITH	Jim	1841	M	10	2787	Place-25	-----
SMITH	Jenkins	1841	M	10	2788	Place-22	-----
SMITH	Susan	1841	F	10	2790	Place-12	-----
SMITH	Briony	1841	F	10	2792	Place-23	-----
SMITH	Joseph	1841	M	10	2793	Place-24	-----
SMITH	Bob	1841	M	10	2799	Place-3	-----
SMITH	James	1841	M	10	2801	Place-0	-----
SMITH	Selina	1841	F	10	2803	Place-13	-----
SMITH	Shawn	1841	M	10	2804	Place-12	-----
SMITH	Joseph	1841	M	9	2808	Place-25	-----
SMITH	Susan	1841	F	9	2809	Place-19	-----
SMITH	Briony	1841	F	9	2810	Place-5	-----
SMITH	Sarah	1841	F	9	2816	Place-0	-----
SMITH	Suzanne	1841	F	9	2817	Place-26	-----
SMITH	Suzanne	1841	F	9	2820	Place-27	-----
SMITH	Briony	1841	F	9	2821	Place-27	-----
SMITH	Jenkins	1841	M	9	2826	Place-13	-----
SMITH	Sharon	1841	F	9	2827	Place-14	-----
SMITH	Sheila	1841	F	9	2830	Place-4	-----
SMITH	Shawn	1841	M	9	2832	Place-13	-----
SMITH	Seonaid	1841	F	9	2836	Place-7	-----
SMITH	Jenkins	1841	M	9	2843	Place-8	-----
SMITH	Sharon	1841	F	9	2844	Place-0	-----
SMITH	Sharon	1841	F	9	2846	Place-28	-----
SMITH	Sharon	1841	F	9	2847	Place-23	-----
SMITH	Selina	1841	F	9	2848	Place-5	-----
SMITH	Sharon	1841	F	9	2849	Place-9	-----
SMITH	James	1841	M	9	2850	Place-21	-----
SMITH	Selina	1841	F	8	2856	Place-25	-----
SMITH	Sharon	1841	F	8	2858	Place-15	-----
SMITH	Paulo	1841	M	8	2861	Place-19	-----
SMITH	Suzanne	1841	F	8	2862	Place-12	-----
SMITH	James	1841	M	8	2866	Place-3	-----
SMITH	Sharon	1841	F	8	2867	Place-4	-----
SMITH	Susan	1841	F	8	2870	Place-16	-----
SMITH	Shawn	1841	M	8	2871	Place-22	-----
SMITH	Jenkins	1841	M	8	2872	Place-20	-----
SMITH	Seonaid	1841	F	8	2873	Place-21	-----
SMITH	Paulo	1841	M	8	2875	Place-1	-----
SMITH	Sheila	1841	F	8	2876	Place-8	-----
SMITH	Suzanne	1841	F	8	2878	Place-23	-----
SMITH	Bob	1841	M	8	2879	Place-27	-----
SMITH	Joseph	1841	M	8	2880	Place-27	-----
SMITH	Susan	1841	F	8	2885	Place-13	-----
SMITH	Paulo	1841	M	8	2888	Place-18	-----
SMITH	Briony	1841	F	8	2892	Place-13	-----
SMITH	Bob	1841	M	8	2893	Place-24	-----
SMITH	Selina	1841	F	8	2895	Place-20	-----
SMITH	Suzanne	1841	F	8	2897	Place-5	-----
SMITH	Paulo	1841	M	8	2898	Place-23	-----
SMITH	Shawn	1841	M	8	2900	Place-18	-----
SMITH	Bob	1841	M	8	2901	Place-26	-----
SMITH	Sharon	1841	F	8	2902	Place-10	-----
SMITH	Suzanne	1841	F	8	2904	Place-1	-----
SMITH	Paulo	1841	M	8	2905	Place-9	-----
SMITH	Bob	1841	M	7	2916	Place-3	-----
SMITH	Shawn	1841	M	7	2921	Place-17	-----
SMITH	Seonaid	1841	F	7	2923	Place-26	-----
SMITH	Jacob	1841	M	7	2924	Place-3	-----
SMITH	Jenkins	1841	M	7	2926	Place-20	-----
SMITH	Sarah	1841	F	7	2927	Place-9	-----
SMITH	Bob	1841	M	7	2929	Place-7	-----
SMITH	Sarah	1841	F	7	2933	Place-21	-----
SMITH	Shawn	1841	M	7	2934	Place-28	-----
SMITH	Briony	1841	F	7	2936	Place-21	-----
SMITH	Sharon	1841	F	7	2939	Place-16	-----
SMITH	Joseph	1841	M	7	2940	Place-0	-----
SMITH	Jenkins	1841	M	7	2941	Place-5	-----
SMITH	Selina	1841	F	7	2942	Place-1	-----
SMITH	Jacob	1841	M	7	2944	Place-13	-----
SMITH	James	1841	M	7	2945	Place-3	-----
SMITH	Briony	1841	F	7	2946	Place-18	-----
SMITH	Jim	1841	M	7	2947	Place-12	-----
SMITH	Paulo	1841	M	7	2949	Place-27	-----
SMITH	Sharon	1841	F	7	2950	Place-8	-----
SMITH	Jenkins	1841	M	7	2951	Place-24	-----
SMITH	Jacob	1841	M	7	2952	Place-5	-----
SMITH	Bob	1841	M	7	2953	Place-8	-----
SMITH	Briony	1841	F	7	2955	Place-20	-----
SMITH	Bob	1841	M	7	2956	Place-13	-----
SMITH	Jenkins	1841	M	7	2957	Place-26	-----
SMITH	Suzanne	1841	F	7	2958	Place-27	-----
SMITH	Jacob	1841	M	7	2960	Place-12	-----
SMITH	Jim	1841	M	7	2964	Place-13	-----
SMITH	Sheila	1841	F	7	2966	Place-10	-----
SMITH	Selina	1841	F	7	2967	Place-0	-----
SMITH	Bob	1841	M	7	2968	Place-21	-----
SMITH	Paulo	1841	M	7	2970	Place-18	-----
SMITH	Jenkins	1841	M	6	2983	Place-23	-----
SMITH	Bob	1841	M	6	2984	Place-9	-----
SMITH	Seonaid	1841	F	6	2985	Place-0	-----
SMITH	James	1841	M	6	2986	Place-29	-----
SMITH	James	1841	M	6	2989	Place-5	-----
SMITH	Suzanne	1841	F	6	2990	Place-4	-----
SMITH	Jenkins	1841	M	6	2991	Place-12	-----
SMITH	James	1841	M	6	2992	Place-15	-----
SMITH	Susan	1841	F	6	2993	Place-29	-----
SMITH	Selina	1841	F	6	2994	Place-23	-----
SMITH	Jim	1841	M	6	2995	Place-19	-----
SMITH	Suzanne	1841	F	6	2996	Place-19	-----
SMITH	Joseph	1841	M	6	2997	Place-26	-----
SMITH	Jacob	1841	M	6	3000	Place-16	-----
SMITH	Sarah	1841	F	6	3001	Place-28	-----
SMITH	Sarah	1841	F	6	3003	Place-2	-----
SMITH	Seonaid	1841	F	6	3007	Place-0	-----
SMITH	Jacob	1841	M	6	3009	Place-1	-----
SMITH	Sarah	1841	F	6	3011	Place-23	-----
SMITH	Seonaid	1841	F	6	3012	Place-26	-----
SMITH	Suzanne	1841	F	6	3013	Place-18	-----
SMITH	Jenkins	1841	M	6	3015	Place-12	-----
SMITH	Susan	1841	F	6	3016	Place-27	-----
SMITH	Suzanne	1841	F	6	3017	Place-13	-----
SMITH	Shawn	1841	M	6	3019	Place-13	-----
SMITH	Seonaid	1841	F	6	3021	Place-28	-----
SMITH	Sheila	1841	F	6	3022	Place-3	-----
SMITH	Paulo	1841	M	6	3024	Place-28	-----
SMITH	Jim	1841	M	6	3027	Place-22	-----
SMITH	Bob	1841	M	6	3030	Place-21	-----
SMITH	Briony	1841	F	5	3041	Place-15	-----
SMITH	Joseph	1841	M	5	3045	Place-4	-----
SMITH	Jim	1841	M	5	3047	Place-7	-----
SMITH	Sarah	1841	F	5	3048	Place-29	-----
SMITH	Sheila	1841	F	5	3049	Place-5	-----
SMITH	Briony	1841	F	5	3052	Place-12	-----
SMITH	Jenkins	1841	M	5	3053	Place-18	-----
SMITH	Briony	1841	F	5	3054	Place-11	-----
SMITH	Briony	1841	F	5	3055	Place-28	-----
SMITH	Sharon	1841	F	5	3058	Place-3	-----
SMITH	Suzanne	1841	F	5	3061	Place-12	-----
SMITH	Seonaid	1841	F	5	3062	Place-19	-----
SMITH	Suzanne	1841	F	5	3063	Place-26	-----
SMITH	Sharon	1841	F	5	3064	Place-25	-----
SMITH	Shawn	1841	M	5	3065	Place-13	-----
SMITH	James	1841	M	5	3066	Place-19	-----
SMITH	Seonaid	1841	F	5	3067	Place-15	-----
SMITH	Bob	1841	M	5	3068	Place-9	-----
SMITH	Selina	1841	F	5	3070	Place-27	-----
SMITH	Suzanne	1841	F	5	3071	Place-14	-----
SMITH	Jim	1841	M	5	3072	Place-6	-----
SMITH	Shawn	1841	M	5	3073	Place-0	-----
SMITH	Sheila	1841	F	5	3074	Place-11	-----
SMITH	Paulo	1841	M	5	3075	Place-6	-----
SMITH	Susan	1841	F	5	3076	Place-25	-----
SMITH	Suzanne	1841	F	5	3078	Place-13	-----
SMITH	Suzanne	1841	F	5	3079	Place-13	-----
SMITH	Briony	1841	F	5	3080	Place-1	-----
SMITH	Jim	1841	M	5	3081	Place-3	-----
SMITH	Seonaid	1841	F	5	3083	Place-24	-----
SMITH	Jim	1841	M	5	3084	Place-28	-----
SMITH	Sarah	1841	F	5	3086	Place-27	-----
SMITH	Jim	1841	M	5	3087	Place-22	-----
SMITH	Jim	1841	M	5	3088	Place-26	-----
SMITH	Sarah	1841	F	5	3090	Place-18	-----
SMITH	Shawn	1841	M	5	3092	Place-5	-----
SMITH	Shawn	1841	M	5	3093	Place-1	-----
SMITH	Jenkins	1841	M	5	3094	Place-14	-----
SMITH	Jacob	1841	M	5	3095	Place-13	-----
SMITH	Shawn	1841	M	4	3103	Place-18	-----
SMITH	Joseph	1841	M	4	3104	Place-23	-----
SMITH	Briony	1841	F	4	3105	Place-17	-----
SMITH	Jacob	1841	M	4	3106	Place-5	-----
SMITH	Jim	1841	M	4	3107	Place-25	-----
SMITH	Susan	1841	F	4	3108	Place-2	-----
SMITH	Paulo	1841	M	4	3109	Place-17	-----
SMITH	James	1841	M	4	3111	Place-16	-----
SMITH	Susan	1841	F	4	3112	Place-27	-----
SMITH	Shawn	1841	M	4	3113	Place-13	-----
SMITH	Seonaid	1841	F	4	3114	Place-9	-----
SMITH	Shawn	1841	M	4	3115	Place-7	-----
SMITH	Shawn	1841	M	4	3116	Place-18	-----
SMITH	James	1841	M	4	3117	Place-7	-----
SMITH	Bob	1841	M	4	3118	Place-22	-----
SMITH	Selina	1841	F	4	3120	Place-8	-----
SMITH	James	1841	M	4	3122	Place-23	-----
SMITH	Bob	1841	M	4	3123	Place-15	-----
SMITH	Jacob	1841	M	4	3124	Place-8	-----
SMITH	Paulo	1841	M	4	3127	Place-9	-----
SMITH	Jacob	1841	M	4	3128	Place-20	-----
SMITH	Paulo	1841	M	4	3129	Place-26	-----
SMITH	James	1841	M	4	3130	Place-25	-----
SMITH	Joseph	1841	M	4	3131	Place-13	-----
SMITH	Sharon	1841	F	4	3132	Place-26	-----
SMITH	Jacob	1841	M	4	3133	Place-10	-----
SMITH	Briony	1841	F	4	3136	Place-20	-----
SMITH	Jim	1841	M	4	3138	Place-14	-----
SMITH	Sharon	1841	F	4	3139	Place-8	-----
SMITH	Paulo	1841	M	4	3141	Place-28	-----
SMITH	James	1841	M	4	3143	Place-22	-----
SMITH	Paulo	1841	M	4	3144	Place-24	-----
SMITH	Sharon	1841	F	4	3147	Place-5	-----
SMITH	Jacob	1841	M	4	3149	Place-27	-----
SMITH	Bob	1841	M	4	3150	Place-27	-----
SMITH	Joseph	1841	M	4	3151	Place-1	-----
SMITH	Selina	1841	F	4	3152	Place-24	-----
SMITH	Sheila	1841	F	4	3154	Place-10	-----
SMITH	James	1841	M	4	3155	Place-9	-----
SMITH	Jim	1841	M	4	3157	Place-0	-----
SMITH	Bob	1841	M	4	3158	Place-21	-----
SMITH	Susan	1841	F	4	3159	Place-20	-----
SMITH	Sharon	1841	F	4	3161	Place-21	-----
SMITH	Sarah	1841	F	4	3162	Place-24	-----
SMITH	James	1841	M	4	3163	Place-19	-----
SMITH	Joseph	1841	M	4	3164	Place-8	-----
SMITH	Paulo	1841	M	4	3165	Place-10	-----
SMITH	Briony	1841	F	4	3167	Place-13	-----
SMITH	Sarah	1841	F	4	3168	Place-11	-----
SMITH	Suzanne	1841	F	4	3169	Place-19	-----
SMITH	James	1841	M	3	3181	Place-17	-----
SMITH	Bob	1841	M	3	3182	Place-20	-----
SMITH	Seonaid	1841	F	3	3183	Place-21	-----
SMITH	Susan	1841	F	3	3184	Place-27	-----
SMITH	Suzanne	1841	F	3	3185	Place-4	-----
SMITH	Briony	1841	F	3	3186	Place-15	-----
SMITH	Seonaid	1841	F	3	3187	Place-27	-----
SMITH	Jacob	1841	M	3	3190	Place-8	-----
SMITH	Selina	1841	F	3	3195	Place-16	-----
SMITH	Briony	1841	F	3	3196	Place-21	-----
SMITH	Susan	1841	F	3	3197	Place-16	-----
SMITH	Susan	1841	F	3	3199	Place-13	-----
SMITH	Susan	1841	F	3	3206	Place-10	-----
SMITH	James	1841	M	3	3207	Place-17	-----
SMITH	Jim	1841	M	3	3208	Place-22	-----
SMITH	Bob	1841	M	3	3210	Place-16	-----
SMITH	Bob	1841	M	3	3211	Place-11	-----
SMITH	Briony	1841	F	3	3213	Place-5	-----
SMITH	Sharon	1841	F	3	3214	Place-13	-----
SMITH	Jenkins	1841	M	3	3215	Place-27	-----
SMITH	Bob	1841	M	3	3216	Place-27	-----
SMITH	Jacob	1841	M	3	3218	Place-28	-----
SMITH	Sarah	1841	F	3	3219	Place-25	-----
SMITH	Jacob	1841	M	3	3220	Place-8	-----
SMITH	Jenkins	1841	M	3	3221	Place-26	-----
SMITH	Joseph	1841	M	3	3222	Place-10	-----
SMITH	Sarah	1841	F	3	3223	Place-0	-----
SMITH	Suzanne	1841	F	3	3225	Place-21	-----
SMITH	Bob	1841	M	3	3227	Place-0	-----
SMITH	Briony	1841	F	2	3231	Place-0	-----
SMITH	Suzanne	1841	F	2	3232	Place-11	-----
SMITH	Paulo	1841	M	2	3234	Place-28	-----
SMITH	James	1841	M	2	3235	Place-2	-----
SMITH	Jim	1841	M	2	3236	Place-25	-----
SMITH	Shawn	1841	M	2	3237	Place-1	-----
SMITH	Seonaid	1841	F	2	3238	Place-15	-----
SMITH	Briony	1841	F	2	3239	Place-22	-----
SMITH	Paulo	1841	M	2	3240	Place-13	-----
SMITH	Seonaid	1841	F	2	3241	Place-22	-----
SMITH	Bob	1841	M	2	3242	Place-29	-----
SMITH	James	1841	M	2	3243	Place-17	-----
SMITH	Sharon	1841	F	2	3249	Place-4	-----
SMITH	Bob	1841	M	2	3250	Place-27	-----
SMITH	Sarah	1841	F	2	3254	Place-16	-----
SMITH	Sheila	1841	F	2	3256	Place-22	-----
SMITH	Selina	1841	F	2	3258	Place-25	-----
SMITH	James	1841	M	2	3259	Place-19	-----
SMITH	James	1841	M	2	3260	Place-13	-----
SMITH	Seonaid	1841	F	2	3265	Place-24	-----
SMITH	Sharon	1841	F	2	3267	Place-22	-----
SMITH	Jim	1841	M	2	3270	Place-12	-----
SMITH	Paulo	1841	M	2	3271	Place-18	-----
SMITH	Shawn	1841	M	2	3272	Place-13	-----
SMITH	Sarah	1841	F	2	3276	Place-8	-----
SMITH	Susan	1841	F	2	3277	Place-22	-----
SMITH	Jim	1841	M	2	3280	Place-4	-----
SMITH	Jim	1841	M	2	3281	Place-25	-----
SMITH	Jacob	1841	M	2	3283	Place-0	-----
SMITH	Sheila	1841	F	2	3284	Place-24	-----
SMITH	Jenkins	1841	M	1	3292	Place-23	-----
SMITH	Sheila	1841	F	1	3293	Place-19	-----
SMITH	Bob	1841	M	1	3294	Place-26	-----
SMITH	Suzanne	1841	F	1	3295	Place-27	-----
SMITH	Suzanne	1841	F	1	3299	Place-17	-----
SMITH	Susan	1841	F	1	3300	Place-4	-----
SMITH	Jenkins	1841	M	1	3302	Place-3	-----
SMITH	Bob	1841	M	1	3303	Place-26	-----
SMITH	Bob	1841	M	1	3304	Place-16	-----
SMITH	James	1841	M	1	3305	Place-18	-----
SMITH	Sarah	1841	F	1	3307	Place-12	-----
SMITH	Sharon	1841	F	1	3308	Place-29	-----
SMITH	Selina	1841	F	1	3309	Place-1	-----
SMITH	Susan	1841	F	1	3311	Place-8	-----
SMITH	Paulo	1841	M	1	3312	Place-21	-----
SMITH	Susan	1841	F	1	3313	Place-23	-----
SMITH	Susan	1841	F	1	3314	Place-28	-----
SMITH	Jim	1841	M	1	3316	Place-23	-----
SMITH	Suzanne	1841	F	1	3317	Place-21	-----
SMITH	Sharon	1841	F	1	3318	Place-17	-----
SMITH	James	1841	M	1	3319	Place-10	-----
SMITH	Jenkins	1841	M	1	3321	Place-12	-----
SMITH	Joseph	1841	M	1	3322	Place-2	-----
SMITH	Susan	1841	F	1	3324	Place-2	-----
SMITH	Suzanne	1841	F	1	3325	Place-10	-----
SMITH	Jenkins	1841	M	1	3326	Place-27	-----
SMITH	Jenkins	1841	M	1	3327	Place-23	-----
SMITH	Jenkins	1841	M	1	3328	Place-20	-----
SMITH	Suzanne	1841	F	1	3329	Place-9	-----
SMITH	Joseph	1841	M	1	3330	Place-14	-----
SMITH	Selina	1841	F	1	3331	Place-24	-----
SMITH	James	1841	M	1	3332	Place-18	-----
SMITH	Sheila	1841	F	1	3333	Place-6	-----
SMITH	Sarah	1841	F	1	3334	Place-4	-----
SMITH	Jim	1841	M	1	3335	Place-25	-----
SMITH	James	1841	M	1	3337	Place-18	-----
SMITH	Jim	1841	M	1	3338	Place-9	-----
SMITH	Suzanne	1841	F	1	3339	Place-16	-----
SMITH	Jim	1841	M	1	3341	Place-26	-----
SMITH	Susan	1851	F	28	3980	Place-23	-----
SMITH	Sarah	1851	F	41	3981	Place-28	-----
SMITH	Sharon	1851	F	24	3982	Place-18	-----
SMITH	Susan	1851	F	20	3983	Place-6	-----
SMITH	Sarah	1851	F	48	3984	Place-29	-----
SMITH	Suzanne	1851	F	50	3985	Place-5	-----
SMITH	Susan	1851	F	37	3986	Place-26	-----
SMITH	Sarah	1851	F	29	3987	Place-7	-----
SMITH	Seonaid	1851	F	28	3795	Place-11	-----
SMITH	Jacob	1851	M	35	2111	Place-0	-----
SMITH	Seonaid	1851	F	26	2488	Place-5	-----
SMITH	Susan	1851	F	54	3587	Place-25	-----
SMITH	Seonaid	1851	F	51	2914	Place-27	-----
SMITH	Bob	1851	M	31	2258	Place-13	-----
SMITH	Selina	1851	F	25	2533	Place-25	-----
SMITH	Seonaid	1851	F	54	3586	Place-4	-----
SMITH	Selina	1851	F	34	2169	Place-23	-----
SMITH	Seonaid	1851	F	34	3100	Place-2	-----
SMITH	Jenkins	1851	M	19	2837	Place-29	-----
SMITH	Joseph	1851	M	26	2483	Place-21	-----
SMITH	Suzanne	1851	F	25	3789	Place-7	-----
SMITH	Susan	1851	F	38	3592	Place-20	-----
SMITH	Sharon	1851	F	57	1309	Place-1	-----
SMITH	Jenkins	1851	M	53	1441	Place-25	-----
SMITH	Suzanne	1851	F	54	2334	Place-18	-----
SMITH	Briony	1851	F	47	2806	Place-13	-----
SMITH	Selina	1851	F	29	2345	Place-13	-----
SMITH	Susan	1851	F	54	2508	Place-14	-----
SMITH	Jenkins	1851	M	40	1880	Place-12	-----
SMITH	Jacob	1851	M	25	2524	Place-25	-----
SMITH	Sheila	1851	F	34	2145	Place-8	-----
SMITH	Sarah	1851	F	39	1903	Place-1	-----
SMITH	Jim	1851	M	28	2394	Place-23	-----
SMITH	Seonaid	1851	F	47	3039	Place-4	-----
SMITH	James	1851	M	49	1549	Place-10	-----
SMITH	Paulo	1851	M	32	2246	Place-19	-----
SMITH	Shawn	1851	M	37	2003	Place-10	-----
SMITH	James	1851	M	17	2945	Place-29	-----
SMITH	Bob	1851	M	13	3227	Place-19	-----
SMITH	Joseph	1851	M	44	1723	Place-23	-----
SMITH	Paulo	1851	M	41	1824	Place-28	-----
SMITH	James	1851	M	28	2373	Place-22	-----
SMITH	Jacob	1851	M	31	2295	Place-28	-----
SMITH	Jacob	1851	M	64	1090	Place-5	-----
SMITH	Briony	1851	F	49	1540	Place-26	-----
SMITH	Jacob	1851	M	30	2306	Place-1	-----
SMITH	Sharon	1851	F	18	2889	Place-25	-----
SMITH	Jim	1851	M	36	2061	Place-19	-----
SMITH	Jacob	1851	M	39	1918	Place-14	-----
SMITH	Shawn	1851	M	49	1571	Place-17	-----
SMITH	Sarah	1851	F	28	2369	Place-26	-----
SMITH	Joseph	1851	M	28	2372	Place-11	-----
SMITH	Seonaid	1851	F	27	2442	Place-6	-----
SMITH	Shawn	1851	M	27	2449	Place-29	-----
SMITH	Seonaid	1851	F	25	2518	Place-26	-----
SMITH	Jim	1851	M	24	2574	Place-18	-----
SMITH	Jim	1851	M	20	2787	Place-29	-----
SMITH	Bob	1851	M	20	2799	Place-4	-----
SMITH	Joseph	1851	M	19	2808	Place-21	-----
SMITH	Shawn	1851	M	19	2832	Place-0	-----
SMITH	Susan	1851	F	18	2885	Place-18	-----
SMITH	Paulo	1851	M	18	2888	Place-29	-----
SMITH	Selina	1851	F	17	2942	Place-10	-----
SMITH	Jacob	1851	M	17	2960	Place-29	-----
SMITH	Jenkins	1851	M	16	2983	Place-25	-----
SMITH	Seonaid	1851	F	15	3067	Place-20	-----
SMITH	Shawn	1851	M	15	3092	Place-22	-----
SMITH	Sarah	1851	F	14	3162	Place-10	-----
SMITH	Sharon	1851	F	6	3602	Place-12	-----
SMITH	Sarah	1851	F	1	3938	Place-20	-----
SMITH	Sarah	1851	F	1	3964	Place-9	-----
SMITH	Sarah	1851	F	1	3971	Place-22	-----
SMITH	Selina	1851	F	54	3911	Place-15	-----
SMITH	Selina	1851	F	55	3912	Place-2	-----
SMITH	Sharon	1851	F	25	3913	Place-23	-----
SMITH	Seonaid	1851	F	31	3914	Place-8	-----
SMITH	Selina	1851	F	52	3915	Place-6	-----
SMITH	Susan	1851	F	32	3916	Place-18	-----
SMITH	Suzanne	1851	F	38	3917	Place-28	-----
SMITH	Briony	1851	F	31	3918	Place-5	-----
SMITH	Selina	1851	F	22	3919	Place-6	-----
SMITH	Seonaid	1851	F	51	3848	Place-2	-----
SMITH	Paulo	1851	M	54	1419	Place-15	-----
SMITH	Selina	1851	F	40	1884	Place-17	-----
SMITH	Shawn	1851	M	35	2090	Place-12	-----
SMITH	Shawn	1851	M	37	2008	Place-11	-----
SMITH	Seonaid	1851	F	21	2732	Place-21	-----
SMITH	Seonaid	1851	F	26	3724	Place-1	-----
SMITH	Bob	1851	M	36	2072	Place-12	-----
SMITH	Seonaid	1851	F	54	3650	Place-13	-----
SMITH	Selina	1851	F	41	1821	Place-21	-----
SMITH	Bob	1851	M	26	2463	Place-0	-----
SMITH	Paulo	1851	M	40	1853	Place-13	-----
SMITH	Bob	1851	M	25	2552	Place-28	-----
SMITH	Briony	1851	F	49	3466	Place-19	-----
SMITH	Shawn	1851	M	26	2471	Place-23	-----
SMITH	Selina	1851	F	42	1810	Place-29	-----
SMITH	Shawn	1851	M	32	2245	Place-28	-----
SMITH	Susan	1851	F	44	2971	Place-14	-----
SMITH	Bob	1851	M	49	1544	Place-24	-----
SMITH	Shawn	1851	M	53	1448	Place-20	-----
SMITH	Jacob	1851	M	25	2530	Place-28	-----
SMITH	James	1851	M	26	2476	Place-2	-----
SMITH	James	1851	M	35	2120	Place-4	-----
SMITH	Joseph	1851	M	40	1860	Place-29	-----
SMITH	Sheila	1851	F	26	2461	Place-3	-----
SMITH	Sharon	1851	F	26	2494	Place-1	-----
SMITH	Susan	1851	F	25	2522	Place-4	-----
SMITH	Susan	1851	F	25	2544	Place-29	-----
SMITH	Paulo	1851	M	22	2674	Place-15	-----
SMITH	Selina	1851	F	20	2764	Place-29	-----
SMITH	Jenkins	1851	M	20	2788	Place-7	-----
SMITH	Briony	1851	F	20	2792	Place-19	-----
SMITH	Briony	1851	F	19	2810	Place-29	-----
SMITH	Suzanne	1851	F	19	2817	Place-24	-----
SMITH	Sharon	1851	F	19	2846	Place-17	-----
SMITH	James	1851	M	19	2850	Place-11	-----
SMITH	Sheila	1851	F	18	2876	Place-0	-----
SMITH	Bob	1851	M	18	2893	Place-23	-----
SMITH	Shawn	1851	M	18	2900	Place-7	-----
SMITH	Seonaid	1851	F	16	3021	Place-10	-----
SMITH	Seonaid	1851	F	6	3633	Place-9	-----
SMITH	Sarah	1851	F	55	3847	Place-12	-----
SMITH	Seonaid	1851	F	26	3849	Place-28	-----
SMITH	Suzanne	1851	F	22	3853	Place-15	-----
SMITH	Sharon	1851	F	22	3854	Place-24	-----
SMITH	Susan	1851	F	21	3855	Place-20	-----
SMITH	Suzanne	1851	F	23	2641	Place-29	-----
SMITH	Briony	1851	F	35	2101	Place-16	-----
SMITH	Paulo	1851	M	23	2644	Place-26	-----
SMITH	Sheila	1851	F	35	2094	Place-1	-----
SMITH	Jim	1851	M	34	2163	Place-9	-----
SMITH	Jacob	1851	M	32	2250	Place-9	-----
SMITH	Selina	1851	F	27	2430	Place-22	-----
SMITH	Bob	1851	M	22	2689	Place-10	-----
SMITH	Briony	1851	F	35	3406	Place-18	-----
SMITH	Selina	1851	F	58	3460	Place-9	-----
SMITH	Sheila	1851	F	35	2116	Place-3	-----
SMITH	Suzanne	1851	F	25	2535	Place-29	-----
SMITH	Paulo	1851	M	51	1497	Place-13	-----
SMITH	Bob	1851	M	42	1805	Place-20	-----
SMITH	James	1851	M	32	2228	Place-1	-----
SMITH	Paulo	1851	M	54	1411	Place-28	-----
SMITH	Suzanne	1851	F	33	2195	Place-14	-----
SMITH	Sharon	1851	F	35	2086	Place-2	-----
SMITH	Jenkins	1851	M	36	2043	Place-7	-----
SMITH	Jacob	1851	M	43	1764	Place-14	-----
SMITH	Shawn	1851	M	36	2040	Place-26	-----
SMITH	Jenkins	1851	M	36	2052	Place-1	-----
SMITH	Suzanne	1851	F	29	2344	Place-5	-----
SMITH	Sheila	1851	F	27	2414	Place-16	-----
SMITH	Briony	1851	F	27	2445	Place-9	-----
SMITH	Jenkins	1851	M	23	2619	Place-2	-----
SMITH	Suzanne	1851	F	20	2768	Place-9	-----
SMITH	Joseph	1851	M	20	2793	Place-6	-----
SMITH	Susan	1851	F	19	2809	Place-11	-----
SMITH	Sharon	1851	F	19	2849	Place-20	-----
SMITH	Susan	1851	F	13	3197	Place-7	-----
SMITH	Selina	1851	F	5	3669	Place-18	-----
SMITH	Bob	1851	M	5	3702	Place-3	-----
SMITH	Selina	1851	F	4	3729	Place-25	-----
SMITH	Selina	1851	F	4	3785	Place-15	-----
SMITH	Sharon	1851	F	49	3791	Place-13	-----
SMITH	Sheila	1851	F	25	3793	Place-10	-----
SMITH	Susan	1851	F	33	3794	Place-22	-----
SMITH	Briony	1851	F	25	3796	Place-21	-----
SMITH	Sarah	1851	F	22	3797	Place-4	-----
SMITH	Suzanne	1851	F	48	3721	Place-21	-----
SMITH	Selina	1851	F	40	3722	Place-13	-----
SMITH	Jacob	1851	M	37	2026	Place-16	-----
SMITH	Sarah	1851	F	27	2436	Place-26	-----
SMITH	Bob	1851	M	55	1388	Place-12	-----
SMITH	Joseph	1851	M	39	1922	Place-8	-----
SMITH	Sharon	1851	F	51	3589	Place-7	-----
SMITH	Suzanne	1851	F	35	3097	Place-9	-----
SMITH	Seonaid	1851	F	40	3229	Place-3	-----
SMITH	Joseph	1851	M	40	1862	Place-8	-----
SMITH	Jenkins	1851	M	35	2095	Place-23	-----
SMITH	Seonaid	1851	F	43	2705	Place-6	-----
SMITH	Briony	1851	F	34	2152	Place-15	-----
SMITH	Shawn	1851	M	34	2168	Place-10	-----
SMITH	Sharon	1851	F	28	2379	Place-22	-----
SMITH	Selina	1851	F	20	2773	Place-27	-----
SMITH	Jacob	1851	M	14	3133	Place-4	-----
SMITH	James	1851	M	13	3207	Place-1	-----
SMITH	Jim	1851	M	6	3615	Place-27	-----
SMITH	Bob	1851	M	5	3676	Place-9	-----
SMITH	Susan	1851	F	44	3720	Place-7	-----
SMITH	Sharon	1851	F	44	3723	Place-25	-----
SMITH	Sarah	1851	F	32	3725	Place-10	-----
SMITH	Selina	1851	F	32	3647	Place-4	-----
SMITH	Jim	1851	M	29	2355	Place-6	-----
SMITH	Joseph	1851	M	22	2654	Place-23	-----
SMITH	Sarah	1851	F	28	2370	Place-1	-----
SMITH	Seonaid	1851	F	26	3523	Place-22	-----
SMITH	Shawn	1851	M	25	2516	Place-15	-----
SMITH	Jim	1851	M	34	2131	Place-6	-----
SMITH	Sarah	1851	F	29	2351	Place-21	-----
SMITH	Sarah	1851	F	47	1614	Place-24	-----
SMITH	Sharon	1851	F	26	2472	Place-14	-----
SMITH	Jim	1851	M	36	2050	Place-28	-----
SMITH	Shawn	1851	M	42	1783	Place-5	-----
SMITH	Selina	1851	F	37	2020	Place-13	-----
SMITH	Shawn	1851	M	31	2267	Place-21	-----
SMITH	Sheila	1851	F	36	3230	Place-0	-----
SMITH	Jacob	1851	M	53	1436	Place-14	-----
SMITH	Paulo	1851	M	42	1781	Place-9	-----
SMITH	Sharon	1851	F	61	2506	Place-28	-----
SMITH	Bob	1851	M	42	1774	Place-9	-----
SMITH	Seonaid	1851	F	42	1807	Place-13	-----
SMITH	Jacob	1851	M	55	1360	Place-2	-----
SMITH	Paulo	1851	M	56	1355	Place-4	-----
SMITH	James	1851	M	35	2099	Place-7	-----
SMITH	Sharon	1851	F	24	2581	Place-8	-----
SMITH	Suzanne	1851	F	21	2706	Place-24	-----
SMITH	Jacob	1851	M	21	2710	Place-19	-----
SMITH	Sarah	1851	F	21	2738	Place-4	-----
SMITH	Sharon	1851	F	13	3214	Place-10	-----
SMITH	Shawn	1851	M	8	3497	Place-12	-----
SMITH	Sheila	1851	F	5	3666	Place-6	-----
SMITH	Sarah	1851	F	34	3649	Place-7	-----
SMITH	Selina	1851	F	34	3585	Place-28	-----
SMITH	Shawn	1851	M	28	2388	Place-21	-----
SMITH	Suzanne	1851	F	38	1975	Place-23	-----
SMITH	Susan	1851	F	38	3175	Place-12	-----
SMITH	Sarah	1851	F	43	1751	Place-1	-----
SMITH	Susan	1851	F	38	1949	Place-12	-----
SMITH	James	1851	M	51	1490	Place-16	-----
SMITH	Joseph	1851	M	40	1857	Place-13	-----
SMITH	Bob	1851	M	46	1656	Place-17	-----
SMITH	Suzanne	1851	F	19	2820	Place-10	-----
SMITH	Briony	1851	F	47	1610	Place-13	-----
SMITH	Sharon	1851	F	50	1521	Place-0	-----
SMITH	Briony	1851	F	43	1744	Place-20	-----
SMITH	Shawn	1851	M	41	1817	Place-25	-----
SMITH	Joseph	1851	M	41	1829	Place-25	-----
SMITH	Shawn	1851	M	39	1936	Place-24	-----
SMITH	Seonaid	1851	F	27	2419	Place-20	-----
SMITH	Suzanne	1851	F	26	2465	Place-11	-----
SMITH	Sarah	1851	F	26	2484	Place-20	-----
SMITH	Sheila	1851	F	24	2589	Place-14	-----
SMITH	Jim	1851	M	22	2661	Place-27	-----
SMITH	Bob	1851	M	17	2929	Place-4	-----
SMITH	Briony	1851	F	14	3105	Place-24	-----
SMITH	Sharon	1851	F	12	3249	Place-28	-----
SMITH	Selina	1851	F	8	3503	Place-26	-----
SMITH	Sharon	1851	F	7	3578	Place-7	-----
SMITH	Sheila	1851	F	35	3590	Place-13	-----
SMITH	Seonaid	1851	F	40	3593	Place-9	-----
SMITH	Sheila	1851	F	31	3595	Place-25	-----
SMITH	Suzanne	1851	F	41	2700	Place-11	-----
SMITH	Joseph	1851	M	49	1552	Place-16	-----
SMITH	Seonaid	1851	F	42	2651	Place-27	-----
SMITH	Shawn	1851	M	35	2106	Place-2	-----
SMITH	Jacob	1851	M	40	1852	Place-15	-----
SMITH	Selina	1851	F	32	2231	Place-24	-----
SMITH	Paulo	1851	M	46	1652	Place-1	-----
SMITH	Jim	1851	M	35	2102	Place-29	-----
SMITH	Suzanne	1851	F	47	3099	Place-17	-----
SMITH	Jim	1851	M	51	1491	Place-26	-----
SMITH	James	1851	M	42	1792	Place-7	-----
SMITH	Paulo	1851	M	33	2207	Place-7	-----
SMITH	Sheila	1851	F	24	2607	Place-1	-----
SMITH	Paulo	1851	M	23	2637	Place-8	-----
SMITH	James	1851	M	18	2866	Place-23	-----
SMITH	Jacob	1851	M	14	3149	Place-9	-----
SMITH	Sarah	1851	F	14	3168	Place-20	-----
SMITH	James	1851	M	11	3332	Place-3	-----
SMITH	Sheila	1851	F	49	3518	Place-28	-----
SMITH	Susan	1851	F	47	3520	Place-26	-----
SMITH	Shawn	1851	M	30	2299	Place-10	-----
SMITH	Jim	1851	M	32	2247	Place-8	-----
SMITH	Sarah	1851	F	43	1761	Place-20	-----
SMITH	Paulo	1851	M	25	2556	Place-23	-----
SMITH	Joseph	1851	M	27	2407	Place-27	-----
SMITH	Bob	1851	M	52	1471	Place-13	-----
SMITH	Sheila	1851	F	47	2701	Place-18	-----
SMITH	Bob	1851	M	53	1454	Place-13	-----
SMITH	James	1851	M	34	2142	Place-7	-----
SMITH	Selina	1851	F	33	2201	Place-25	-----
SMITH	Seonaid	1851	F	36	2041	Place-21	-----
SMITH	James	1851	M	34	2166	Place-6	-----
SMITH	Paulo	1851	M	41	1828	Place-26	-----
SMITH	Bob	1851	M	52	1468	Place-21	-----
SMITH	James	1851	M	40	1894	Place-13	-----
SMITH	Sharon	1851	F	35	2083	Place-14	-----
SMITH	Sarah	1851	F	33	2179	Place-4	-----
SMITH	Sharon	1851	F	33	2204	Place-26	-----
SMITH	Jenkins	1851	M	27	2421	Place-29	-----
SMITH	Joseph	1851	M	27	2443	Place-2	-----
SMITH	Bob	1851	M	25	2523	Place-17	-----
SMITH	Sharon	1851	F	25	2550	Place-5	-----
SMITH	Jacob	1851	M	24	2577	Place-10	-----
SMITH	Paulo	1851	M	23	2623	Place-11	-----
SMITH	Paulo	1851	M	18	2875	Place-28	-----
SMITH	Jim	1851	M	17	2947	Place-25	-----
SMITH	Paulo	1851	M	9	3456	Place-7	-----
SMITH	Suzanne	1851	F	52	3464	Place-27	-----
SMITH	Seonaid	1851	F	36	3405	Place-9	-----
SMITH	Selina	1851	F	36	2057	Place-25	-----
SMITH	Sheila	1851	F	37	1992	Place-15	-----
SMITH	Sarah	1851	F	48	2753	Place-27	-----
SMITH	Jim	1851	M	54	1421	Place-20	-----
SMITH	Bob	1851	M	48	1583	Place-29	-----
SMITH	Jim	1851	M	54	1413	Place-1	-----
SMITH	Shawn	1851	M	39	1913	Place-19	-----
SMITH	Joseph	1851	M	58	1286	Place-16	-----
SMITH	Sheila	1851	F	55	3037	Place-9	-----
SMITH	Seonaid	1851	F	53	1450	Place-27	-----
SMITH	Sheila	1851	F	34	2148	Place-0	-----
SMITH	Jenkins	1851	M	44	1717	Place-7	-----
SMITH	Bob	1851	M	38	1954	Place-9	-----
SMITH	Sheila	1851	F	28	2396	Place-20	-----
SMITH	Briony	1851	F	26	2490	Place-17	-----
SMITH	Selina	1851	F	25	2548	Place-28	-----
SMITH	Sharon	1851	F	18	2902	Place-15	-----
SMITH	Suzanne	1851	F	18	2904	Place-5	-----
SMITH	Sharon	1851	F	14	3139	Place-25	-----
SMITH	Paulo	1851	M	9	3415	Place-6	-----
SMITH	Briony	1851	F	33	2208	Place-2	-----
SMITH	James	1851	M	53	1434	Place-23	-----
SMITH	Jacob	1851	M	29	2358	Place-26	-----
SMITH	Joseph	1851	M	23	2639	Place-7	-----
SMITH	Sarah	1851	F	52	1481	Place-6	-----
SMITH	Bob	1851	M	50	1514	Place-5	-----
SMITH	Jim	1851	M	35	2087	Place-13	-----
SMITH	Jim	1851	M	58	1292	Place-1	-----
SMITH	Briony	1851	F	49	1548	Place-9	-----
SMITH	Sheila	1851	F	31	2284	Place-15	-----
SMITH	Sarah	1851	F	39	3342	Place-23	-----
SMITH	Selina	1851	F	35	3345	Place-15	-----
SMITH	James	1851	M	39	1908	Place-6	-----
SMITH	James	1851	M	30	2315	Place-17	-----
SMITH	Susan	1851	F	36	2973	Place-24	-----
SMITH	Shawn	1851	M	39	1930	Place-23	-----
SMITH	James	1851	M	49	1543	Place-22	-----
SMITH	Sheila	1851	F	40	1855	Place-23	-----
SMITH	Sarah	1851	F	42	1804	Place-14	-----
SMITH	Seonaid	1851	F	31	2281	Place-23	-----
SMITH	Shawn	1851	M	51	1508	Place-1	-----
SMITH	Sheila	1851	F	31	2270	Place-29	-----
SMITH	Seonaid	1851	F	12	3261	Place-6	-----
SMITH	Sarah	1851	F	47	3288	Place-26	-----
SMITH	Joseph	1851	M	49	1539	Place-13	-----
SMITH	Jenkins	1851	M	34	2143	Place-9	-----
SMITH	Jim	1851	M	50	1527	Place-11	-----
SMITH	Suzanne	1851	F	28	2367	Place-15	-----
SMITH	Suzanne	1851	F	37	2013	Place-7	-----
SMITH	Bob	1851	M	38	1969	Place-0	-----
SMITH	Jenkins	1851	M	52	1463	Place-6	-----
SMITH	Bob	1851	M	48	1593	Place-13	-----
SMITH	Joseph	1851	M	46	1647	Place-10	-----
SMITH	Jim	1851	M	32	2243	Place-18	-----
SMITH	Susan	1851	F	32	2251	Place-4	-----
SMITH	Susan	1851	F	18	2869	Place-11	-----
SMITH	Sheila	1851	F	14	3134	Place-6	-----
SMITH	Seonaid	1851	F	14	3135	Place-28	-----
SMITH	Shawn	1851	M	35	2109	Place-15	-----
SMITH	Jacob	1851	M	41	1841	Place-12	-----
SMITH	Bob	1851	M	41	1842	Place-7	-----
SMITH	Jacob	1851	M	38	1944	Place-28	-----
SMITH	Sheila	1851	F	37	1989	Place-4	-----
SMITH	Sharon	1851	F	33	2182	Place-12	-----
SMITH	Briony	1851	F	21	2716	Place-16	-----
SMITH	Sharon	1851	F	17	2969	Place-24	-----
SMITH	Seonaid	1851	F	13	3194	Place-22	-----
SMITH	Sharon	1851	F	43	2908	Place-18	-----
SMITH	James	1851	M	40	1865	Place-4	-----
SMITH	Briony	1851	F	40	1875	Place-17	-----
SMITH	Jim	1851	M	37	2019	Place-26	-----
SMITH	Jacob	1851	M	17	2919	Place-28	-----
SMITH	Shawn	1851	M	16	3004	Place-23	-----
SMITH	Jim	1851	M	51	1501	Place-21	-----
SMITH	Jacob	1851	M	45	1677	Place-17	-----
SMITH	Suzanne	1851	F	38	1971	Place-15	-----
SMITH	Seonaid	1851	F	38	1977	Place-5	-----
SMITH	Jacob	1851	M	24	2588	Place-1	-----
SMITH	Sarah	1851	F	24	2605	Place-1	-----
SMITH	Sharon	1851	F	51	3035	Place-15	-----
SMITH	Jenkins	1851	M	44	1721	Place-25	-----
SMITH	Sharon	1851	F	57	2329	Place-20	-----
SMITH	Jim	1851	M	40	1869	Place-16	-----
SMITH	Seonaid	1851	F	37	2031	Place-13	-----
SMITH	Jim	1851	M	35	2117	Place-25	-----
SMITH	Shawn	1851	M	32	2218	Place-2	-----
SMITH	Briony	1851	F	30	2303	Place-3	-----
SMITH	James	1851	M	24	2601	Place-17	-----
SMITH	Shawn	1851	M	22	2696	Place-8	-----
SMITH	Seonaid	1851	F	21	2734	Place-15	-----
SMITH	Susan	1851	F	40	2974	Place-8	-----
SMITH	Seonaid	1851	F	40	2977	Place-22	-----
SMITH	Suzanne	1851	F	37	2980	Place-23	-----
SMITH	Sharon	1851	F	45	1694	Place-21	-----
SMITH	Sheila	1851	F	22	2669	Place-0	-----
SMITH	Paulo	1851	M	20	2769	Place-29	-----
SMITH	Briony	1851	F	43	2851	Place-16	-----
SMITH	Jim	1851	M	44	1720	Place-18	-----
SMITH	Shawn	1851	M	44	1726	Place-15	-----
SMITH	Seonaid	1851	F	51	2755	Place-7	-----
SMITH	Sheila	1851	F	47	1619	Place-13	-----
SMITH	Jacob	1851	M	34	2149	Place-10	-----
SMITH	Briony	1851	F	28	2393	Place-20	-----
SMITH	Shawn	1851	M	51	1498	Place-27	-----
SMITH	Shawn	1851	M	49	1560	Place-11	-----
SMITH	Sheila	1851	F	53	2405	Place-2	-----
SMITH	James	1851	M	48	1579	Place-29	-----
SMITH	Suzanne	1851	F	43	1760	Place-8	-----
SMITH	Paulo	1851	M	40	1895	Place-22	-----
SMITH	Jim	1851	M	44	1724	Place-7	-----
SMITH	Paulo	1851	M	61	1191	Place-4	-----
SMITH	Susan	1851	F	31	2274	Place-11	-----
SMITH	James	1851	M	57	1303	Place-4	-----
SMITH	Shawn	1851	M	44	1708	Place-25	-----
SMITH	Sarah	1851	F	47	1605	Place-23	-----
SMITH	James	1851	M	31	2256	Place-12	-----
SMITH	Paulo	1851	M	46	1648	Place-0	-----
SMITH	Jenkins	1851	M	41	1838	Place-26	-----
SMITH	Joseph	1851	M	40	1866	Place-17	-----
SMITH	Bob	1851	M	38	1945	Place-9	-----
SMITH	Sarah	1851	F	38	1966	Place-22	-----
SMITH	Susan	1851	F	38	1967	Place-13	-----
SMITH	Jenkins	1851	M	37	2015	Place-23	-----
SMITH	Selina	1851	F	36	2071	Place-10	-----
SMITH	Suzanne	1851	F	35	2108	Place-19	-----
SMITH	Jacob	1851	M	35	2112	Place-10	-----
SMITH	Jim	1851	M	34	2161	Place-22	-----
SMITH	Joseph	1851	M	33	2189	Place-22	-----
SMITH	Joseph	1851	M	32	2219	Place-9	-----
SMITH	Selina	1851	F	32	2222	Place-12	-----
SMITH	Jim	1851	M	32	2232	Place-24	-----
SMITH	Briony	1851	F	32	2240	Place-6	-----
SMITH	Jim	1851	M	32	2244	Place-10	-----
SMITH	Jim	1851	M	31	2283	Place-5	-----
SMITH	Jacob	1851	M	31	2289	Place-24	-----
SMITH	Seonaid	1851	F	30	2304	Place-18	-----
SMITH	Paulo	1851	M	30	2305	Place-21	-----
SMITH	Seonaid	1851	F	30	2320	Place-20	-----
SMITH	Sarah	1851	F	29	2336	Place-4	-----
SMITH	Seonaid	1851	F	29	2353	Place-3	-----
SMITH	Briony	1851	F	29	2356	Place-18	-----
SMITH	Jim	1851	M	29	2359	Place-7	-----
SMITH	Sheila	1851	F	28	2368	Place-9	-----
SMITH	Paulo	1851	M	27	2416	Place-1	-----
SMITH	Jenkins	1851	M	27	2427	Place-24	-----
SMITH	Susan	1851	F	27	2434	Place-16	-----
SMITH	Sarah	1851	F	26	2464	Place-15	-----
SMITH	Sarah	1851	F	26	2468	Place-2	-----
SMITH	Jim	1851	M	26	2469	Place-2	-----
SMITH	James	1851	M	26	2473	Place-20	-----
SMITH	Jacob	1851	M	26	2480	Place-10	-----
SMITH	Bob	1851	M	26	2485	Place-22	-----
SMITH	James	1851	M	26	2496	Place-17	-----
SMITH	Jacob	1851	M	26	2497	Place-10	-----
SMITH	Selina	1851	F	25	2528	Place-6	-----
SMITH	Susan	1851	F	25	2531	Place-6	-----
SMITH	Selina	1851	F	25	2532	Place-20	-----
SMITH	Jim	1851	M	25	2542	Place-21	-----
SMITH	Jacob	1851	M	25	2545	Place-28	-----
SMITH	Bob	1851	M	25	2546	Place-5	-----
SMITH	Paulo	1851	M	25	2557	Place-19	-----
SMITH	Suzanne	1851	F	25	2560	Place-28	-----
SMITH	Seonaid	1851	F	25	2561	Place-18	-----
SMITH	Sarah	1851	F	24	2572	Place-4	-----
SMITH	Paulo	1851	M	24	2578	Place-8	-----
SMITH	Jenkins	1851	M	24	2584	Place-15	-----
SMITH	Seonaid	1851	F	24	2594	Place-9	-----
SMITH	Shawn	1851	M	24	2595	Place-3	-----
SMITH	Bob	1851	M	24	2603	Place-24	-----
SMITH	Sharon	1851	F	24	2606	Place-23	-----
SMITH	Jim	1851	M	24	2610	Place-18	-----
SMITH	Susan	1851	F	23	2631	Place-1	-----
SMITH	Paulo	1851	M	23	2636	Place-18	-----
SMITH	Jacob	1851	M	22	2655	Place-28	-----
SMITH	Shawn	1851	M	22	2656	Place-6	-----
SMITH	Jim	1851	M	22	2659	Place-17	-----
SMITH	Jim	1851	M	22	2663	Place-28	-----
SMITH	Selina	1851	F	22	2665	Place-29	-----
SMITH	Joseph	1851	M	22	2668	Place-15	-----
SMITH	Jacob	1851	M	22	2675	Place-10	-----
SMITH	Seonaid	1851	F	22	2676	Place-0	-----
SMITH	Shawn	1851	M	22	2687	Place-6	-----
SMITH	Selina	1851	F	22	2691	Place-7	-----
SMITH	Jim	1851	M	22	2699	Place-4	-----
SMITH	James	1851	M	21	2709	Place-6	-----
SMITH	Shawn	1851	M	21	2711	Place-11	-----
SMITH	Shawn	1851	M	21	2714	Place-19	-----
SMITH	Jacob	1851	M	21	2719	Place-14	-----
SMITH	Sheila	1851	F	21	2722	Place-0	-----
SMITH	Jim	1851	M	21	2730	Place-4	-----
SMITH	James	1851	M	21	2731	Place-0	-----
SMITH	Briony	1851	F	21	2733	Place-5	-----
SMITH	Sharon	1851	F	21	2736	Place-26	-----
SMITH	James	1851	M	20	2760	Place-21	-----
SMITH	Bob	1851	M	20	2766	Place-28	-----
SMITH	Seonaid	1851	F	20	2770	Place-24	-----
SMITH	James	1851	M	20	2801	Place-0	-----
SMITH	Selina	1851	F	20	2803	Place-13	-----
SMITH	Shawn	1851	M	20	2804	Place-12	-----
SMITH	Sarah	1851	F	19	2816	Place-0	-----
SMITH	Briony	1851	F	19	2821	Place-27	-----
SMITH	Seonaid	1851	F	19	2836	Place-7	-----
SMITH	Jenkins	1851	M	19	2843	Place-8	-----
SMITH	Sharon	1851	F	19	2844	Place-0	-----
SMITH	Selina	1851	F	18	2856	Place-25	-----
SMITH	Sharon	1851	F	18	2858	Place-15	-----
SMITH	Suzanne	1851	F	18	2862	Place-12	-----
SMITH	Sharon	1851	F	18	2867	Place-4	-----
SMITH	Susan	1851	F	18	2870	Place-16	-----
SMITH	Shawn	1851	M	18	2871	Place-22	-----
SMITH	Jenkins	1851	M	18	2872	Place-20	-----
SMITH	Seonaid	1851	F	18	2873	Place-21	-----
SMITH	Suzanne	1851	F	18	2878	Place-23	-----
SMITH	Bob	1851	M	18	2879	Place-27	-----
SMITH	Joseph	1851	M	18	2880	Place-27	-----
SMITH	Selina	1851	F	18	2895	Place-20	-----
SMITH	Suzanne	1851	F	18	2897	Place-5	-----
SMITH	Paulo	1851	M	18	2898	Place-23	-----
SMITH	Paulo	1851	M	18	2905	Place-9	-----
SMITH	Bob	1851	M	17	2916	Place-3	-----
SMITH	Shawn	1851	M	17	2921	Place-17	-----
SMITH	Jacob	1851	M	17	2924	Place-3	-----
SMITH	Jenkins	1851	M	17	2926	Place-20	-----
SMITH	Sarah	1851	F	17	2927	Place-9	-----
SMITH	Sarah	1851	F	17	2933	Place-21	-----
SMITH	Shawn	1851	M	17	2934	Place-28	-----
SMITH	Briony	1851	F	17	2936	Place-21	-----
SMITH	Sharon	1851	F	17	2939	Place-16	-----
SMITH	Joseph	1851	M	17	2940	Place-0	-----
SMITH	Jacob	1851	M	17	2944	Place-13	-----
SMITH	Briony	1851	F	17	2946	Place-18	-----
SMITH	Paulo	1851	M	17	2949	Place-27	-----
SMITH	Sharon	1851	F	17	2950	Place-8	-----
SMITH	Jenkins	1851	M	17	2951	Place-24	-----
SMITH	Jacob	1851	M	17	2952	Place-5	-----
SMITH	Bob	1851	M	17	2953	Place-8	-----
SMITH	Bob	1851	M	17	2956	Place-13	-----
SMITH	Jenkins	1851	M	17	2957	Place-26	-----
SMITH	Suzanne	1851	F	17	2958	Place-27	-----
SMITH	Jim	1851	M	17	2964	Place-13	-----
SMITH	Sheila	1851	F	17	2966	Place-10	-----
SMITH	Bob	1851	M	17	2968	Place-21	-----
SMITH	Paulo	1851	M	17	2970	Place-18	-----
SMITH	Seonaid	1851	F	16	2985	Place-0	-----
SMITH	James	1851	M	16	2986	Place-29	-----
SMITH	James	1851	M	16	2989	Place-5	-----
SMITH	Suzanne	1851	F	16	2990	Place-4	-----
SMITH	James	1851	M	16	2992	Place-15	-----
SMITH	Susan	1851	F	16	2993	Place-29	-----
SMITH	Jim	1851	M	16	2995	Place-19	-----
SMITH	Suzanne	1851	F	16	2996	Place-19	-----
SMITH	Joseph	1851	M	16	2997	Place-26	-----
SMITH	Jacob	1851	M	16	3000	Place-16	-----
SMITH	Sarah	1851	F	16	3001	Place-28	-----
SMITH	Sarah	1851	F	16	3003	Place-2	-----
SMITH	Seonaid	1851	F	16	3007	Place-0	-----
SMITH	Jacob	1851	M	16	3009	Place-1	-----
SMITH	Seonaid	1851	F	16	3012	Place-26	-----
SMITH	Suzanne	1851	F	16	3013	Place-18	-----
SMITH	Jenkins	1851	M	16	3015	Place-12	-----
SMITH	Susan	1851	F	16	3016	Place-27	-----
SMITH	Suzanne	1851	F	16	3017	Place-13	-----
SMITH	Shawn	1851	M	16	3019	Place-13	-----
SMITH	Sheila	1851	F	16	3022	Place-3	-----
SMITH	Jim	1851	M	16	3027	Place-22	-----
SMITH	Bob	1851	M	16	3030	Place-21	-----
SMITH	Briony	1851	F	15	3041	Place-15	-----
SMITH	Jim	1851	M	15	3047	Place-7	-----
SMITH	Sarah	1851	F	15	3048	Place-29	-----
SMITH	Sheila	1851	F	15	3049	Place-5	-----
SMITH	Briony	1851	F	15	3052	Place-12	-----
SMITH	Jenkins	1851	M	15	3053	Place-18	-----
SMITH	Briony	1851	F	15	3054	Place-11	-----
SMITH	Briony	1851	F	15	3055	Place-28	-----
SMITH	Sharon	1851	F	15	3058	Place-3	-----
SMITH	Suzanne	1851	F	15	3061	Place-12	-----
SMITH	Seonaid	1851	F	15	3062	Place-19	-----
SMITH	Suzanne	1851	F	15	3063	Place-26	-----
SMITH	Sharon	1851	F	15	3064	Place-25	-----
SMITH	Shawn	1851	M	15	3065	Place-13	-----
SMITH	James	1851	M	15	3066	Place-19	-----
SMITH	Bob	1851	M	15	3068	Place-9	-----
SMITH	Selina	1851	F	15	3070	Place-27	-----
SMITH	Suzanne	1851	F	15	3071	Place-14	-----
SMITH	Sheila	1851	F	15	3074	Place-11	-----
SMITH	Paulo	1851	M	15	3075	Place-6	-----
SMITH	Suzanne	1851	F	15	3078	Place-13	-----
SMITH	Suzanne	1851	F	15	3079	Place-13	-----
SMITH	Briony	1851	F	15	3080	Place-1	-----
SMITH	Jim	1851	M	15	3081	Place-3	-----
SMITH	Seonaid	1851	F	15	3083	Place-24	-----
SMITH	Jim	1851	M	15	3084	Place-28	-----
SMITH	Sarah	1851	F	15	3086	Place-27	-----
SMITH	Jim	1851	M	15	3087	Place-22	-----
SMITH	Jim	1851	M	15	3088	Place-26	-----
SMITH	Sarah	1851	F	15	3090	Place-18	-----
SMITH	Shawn	1851	M	14	3103	Place-18	-----
SMITH	Joseph	1851	M	14	3104	Place-23	-----
SMITH	Jim	1851	M	14	3107	Place-25	-----
SMITH	Susan	1851	F	14	3108	Place-2	-----
SMITH	Paulo	1851	M	14	3109	Place-17	-----
SMITH	James	1851	M	14	3111	Place-16	-----
SMITH	Susan	1851	F	14	3112	Place-27	-----
SMITH	Shawn	1851	M	14	3113	Place-13	-----
SMITH	Seonaid	1851	F	14	3114	Place-9	-----
SMITH	Shawn	1851	M	14	3115	Place-7	-----
SMITH	Shawn	1851	M	14	3116	Place-18	-----
SMITH	James	1851	M	14	3117	Place-7	-----
SMITH	Selina	1851	F	14	3120	Place-8	-----
SMITH	Bob	1851	M	14	3123	Place-15	-----
SMITH	Jacob	1851	M	14	3124	Place-8	-----
SMITH	Paulo	1851	M	14	3127	Place-9	-----
SMITH	Paulo	1851	M	14	3129	Place-26	-----
SMITH	James	1851	M	14	3130	Place-25	-----
SMITH	Joseph	1851	M	14	3131	Place-13	-----
SMITH	Sharon	1851	F	14	3132	Place-26	-----
SMITH	Briony	1851	F	14	3136	Place-20	-----
SMITH	Jim	1851	M	14	3138	Place-14	-----
SMITH	Paulo	1851	M	14	3141	Place-28	-----
SMITH	James	1851	M	14	3143	Place-22	-----
SMITH	Paulo	1851	M	14	3144	Place-24	-----
SMITH	Sharon	1851	F	14	3147	Place-5	-----
SMITH	Bob	1851	M	14	3150	Place-27	-----
SMITH	Joseph	1851	M	14	3151	Place-1	-----
SMITH	Selina	1851	F	14	3152	Place-24	-----
SMITH	Sheila	1851	F	14	3154	Place-10	-----
SMITH	James	1851	M	14	3155	Place-9	-----
SMITH	Jim	1851	M	14	3157	Place-0	-----
SMITH	Susan	1851	F	14	3159	Place-20	-----
SMITH	Sharon	1851	F	14	3161	Place-21	-----
SMITH	James	1851	M	14	3163	Place-19	-----
SMITH	Joseph	1851	M	14	3164	Place-8	-----
SMITH	Paulo	1851	M	14	3165	Place-10	-----
SMITH	Briony	1851	F	14	3167	Place-13	-----
SMITH	Suzanne	1851	F	14	3169	Place-19	-----
SMITH	James	1851	M	13	3181	Place-17	-----
SMITH	Bob	1851	M	13	3182	Place-20	-----
SMITH	Seonaid	1851	F	13	3183	Place-21	-----
SMITH	Susan	1851	F	13	3184	Place-27	-----
SMITH	Seonaid	1851	F	13	3187	Place-27	-----
SMITH	Jacob	1851	M	13	3190	Place-8	-----
SMITH	Selina	1851	F	13	3195	Place-16	-----
SMITH	Briony	1851	F	13	3196	Place-21	-----
SMITH	Susan	1851	F	13	3199	Place-13	-----
SMITH	Susan	1851	F	13	3206	Place-10	-----
SMITH	Jim	1851	M	13	3208	Place-22	-----
SMITH	Bob	1851	M	13	3210	Place-16	-----
SMITH	Bob	1851	M	13	3211	Place-11	-----
SMITH	Briony	1851	F	13	3213	Place-5	-----
SMITH	Jenkins	1851	M	13	3215	Place-27	-----
SMITH	Jacob	1851	M	13	3218	Place-28	-----
SMITH	Sarah	1851	F	13	3219	Place-25	-----
SMITH	Jacob	1851	M	13	3220	Place-8	-----
SMITH	Jenkins	1851	M	13	3221	Place-26	-----
SMITH	Joseph	1851	M	13	3222	Place-10	-----
SMITH	Sarah	1851	F	13	3223	Place-0	-----
SMITH	Suzanne	1851	F	13	3225	Place-21	-----
SMITH	Briony	1851	F	12	3231	Place-0	-----
SMITH	Suzanne	1851	F	12	3232	Place-11	-----
SMITH	Paulo	1851	M	12	3234	Place-28	-----
SMITH	James	1851	M	12	3235	Place-2	-----
SMITH	Jim	1851	M	12	3236	Place-25	-----
SMITH	Shawn	1851	M	12	3237	Place-1	-----
SMITH	Seonaid	1851	F	12	3238	Place-15	-----
SMITH	Briony	1851	F	12	3239	Place-22	-----
SMITH	Paulo	1851	M	12	3240	Place-13	-----
SMITH	Seonaid	1851	F	12	3241	Place-22	-----
SMITH	James	1851	M	12	3243	Place-17	-----
SMITH	Bob	1851	M	12	3250	Place-27	-----
SMITH	Sarah	1851	F	12	3254	Place-16	-----
SMITH	Selina	1851	F	12	3258	Place-25	-----
SMITH	James	1851	M	12	3260	Place-13	-----
SMITH	Seonaid	1851	F	12	3265	Place-24	-----
SMITH	Jim	1851	M	12	3270	Place-12	-----
SMITH	Paulo	1851	M	12	3271	Place-18	-----
SMITH	Shawn	1851	M	12	3272	Place-13	-----
SMITH	Sarah	1851	F	12	3276	Place-8	-----
SMITH	Susan	1851	F	12	3277	Place-22	-----
SMITH	Jim	1851	M	12	3281	Place-25	-----
SMITH	Jacob	1851	M	12	3283	Place-0	-----
SMITH	Sheila	1851	F	12	3284	Place-24	-----
SMITH	Jenkins	1851	M	11	3292	Place-23	-----
SMITH	Sheila	1851	F	11	3293	Place-19	-----
SMITH	Bob	1851	M	11	3294	Place-26	-----
SMITH	Jenkins	1851	M	11	3302	Place-3	-----
SMITH	Bob	1851	M	11	3303	Place-26	-----
SMITH	Selina	1851	F	11	3309	Place-1	-----
SMITH	Susan	1851	F	11	3311	Place-8	-----
SMITH	Paulo	1851	M	11	3312	Place-21	-----
SMITH	Susan	1851	F	11	3313	Place-23	-----
SMITH	Susan	1851	F	11	3314	Place-28	-----
SMITH	Suzanne	1851	F	11	3317	Place-21	-----
SMITH	James	1851	M	11	3319	Place-10	-----
SMITH	Suzanne	1851	F	11	3325	Place-10	-----
SMITH	Jenkins	1851	M	11	3327	Place-23	-----
SMITH	Suzanne	1851	F	11	3329	Place-9	-----
SMITH	Joseph	1851	M	11	3330	Place-14	-----
SMITH	Sheila	1851	F	11	3333	Place-6	-----
SMITH	Jim	1851	M	11	3335	Place-25	-----
SMITH	Jim	1851	M	11	3338	Place-9	-----
SMITH	Suzanne	1851	F	11	3339	Place-16	-----
SMITH	Jim	1851	M	11	3341	Place-26	-----
SMITH	Paulo	1851	M	10	3351	Place-23	-----
SMITH	Briony	1851	F	10	3352	Place-15	-----
SMITH	Shawn	1851	M	10	3353	Place-29	-----
SMITH	Sheila	1851	F	10	3355	Place-6	-----
SMITH	Briony	1851	F	10	3357	Place-14	-----
SMITH	Shawn	1851	M	10	3358	Place-2	-----
SMITH	Paulo	1851	M	10	3359	Place-11	-----
SMITH	Jim	1851	M	10	3360	Place-0	-----
SMITH	Selina	1851	F	10	3364	Place-16	-----
SMITH	Suzanne	1851	F	10	3366	Place-9	-----
SMITH	Jacob	1851	M	10	3367	Place-26	-----
SMITH	James	1851	M	10	3369	Place-23	-----
SMITH	Jim	1851	M	10	3372	Place-10	-----
SMITH	Sarah	1851	F	10	3376	Place-24	-----
SMITH	Jacob	1851	M	10	3377	Place-17	-----
SMITH	Briony	1851	F	10	3378	Place-5	-----
SMITH	Jacob	1851	M	10	3379	Place-22	-----
SMITH	Shawn	1851	M	10	3380	Place-2	-----
SMITH	Selina	1851	F	10	3384	Place-14	-----
SMITH	Suzanne	1851	F	10	3388	Place-27	-----
SMITH	Bob	1851	M	10	3389	Place-9	-----
SMITH	Jacob	1851	M	10	3393	Place-4	-----
SMITH	Selina	1851	F	10	3395	Place-5	-----
SMITH	Jenkins	1851	M	10	3396	Place-12	-----
SMITH	Briony	1851	F	10	3397	Place-18	-----
SMITH	Sarah	1851	F	10	3398	Place-3	-----
SMITH	James	1851	M	10	3399	Place-10	-----
SMITH	Selina	1851	F	10	3400	Place-2	-----
SMITH	Jim	1851	M	9	3407	Place-23	-----
SMITH	Jim	1851	M	9	3412	Place-9	-----
SMITH	Bob	1851	M	9	3413	Place-1	-----
SMITH	James	1851	M	9	3414	Place-25	-----
SMITH	Jacob	1851	M	9	3416	Place-2	-----
SMITH	Jacob	1851	M	9	3417	Place-23	-----
SMITH	Joseph	1851	M	9	3420	Place-6	-----
SMITH	Jacob	1851	M	9	3427	Place-4	-----
SMITH	Jenkins	1851	M	9	3428	Place-0	-----
SMITH	Sarah	1851	F	9	3429	Place-10	-----
SMITH	Briony	1851	F	9	3433	Place-26	-----
SMITH	Susan	1851	F	9	3436	Place-10	-----
SMITH	Briony	1851	F	9	3439	Place-21	-----
SMITH	Joseph	1851	M	9	3443	Place-26	-----
SMITH	James	1851	M	9	3444	Place-23	-----
SMITH	Sharon	1851	F	9	3445	Place-7	-----
SMITH	James	1851	M	9	3449	Place-11	-----
SMITH	Jenkins	1851	M	9	3450	Place-23	-----
SMITH	Suzanne	1851	F	9	3451	Place-13	-----
SMITH	Paulo	1851	M	9	3452	Place-23	-----
SMITH	Selina	1851	F	9	3453	Place-5	-----
SMITH	Susan	1851	F	9	3454	Place-19	-----
SMITH	Bob	1851	M	9	3459	Place-7	-----
SMITH	Shawn	1851	M	8	3467	Place-16	-----
SMITH	Selina	1851	F	8	3468	Place-23	-----
SMITH	Briony	1851	F	8	3470	Place-22	-----
SMITH	Sheila	1851	F	8	3472	Place-24	-----
SMITH	Seonaid	1851	F	8	3474	Place-5	-----
SMITH	Sarah	1851	F	8	3475	Place-25	-----
SMITH	Susan	1851	F	8	3477	Place-8	-----
SMITH	Suzanne	1851	F	8	3479	Place-6	-----
SMITH	Briony	1851	F	8	3481	Place-21	-----
SMITH	Paulo	1851	M	8	3483	Place-12	-----
SMITH	Suzanne	1851	F	8	3485	Place-19	-----
SMITH	Joseph	1851	M	8	3486	Place-4	-----
SMITH	Jim	1851	M	8	3488	Place-9	-----
SMITH	James	1851	M	8	3489	Place-11	-----
SMITH	Sharon	1851	F	8	3490	Place-18	-----
SMITH	Sharon	1851	F	8	3491	Place-2	-----
SMITH	Selina	1851	F	8	3492	Place-7	-----
SMITH	Joseph	1851	M	8	3494	Place-23	-----
SMITH	Briony	1851	F	8	3495	Place-13	-----
SMITH	Shawn	1851	M	8	3498	Place-23	-----
SMITH	Seonaid	1851	F	8	3505	Place-12	-----
SMITH	Sarah	1851	F	8	3506	Place-28	-----
SMITH	Shawn	1851	M	8	3507	Place-21	-----
SMITH	James	1851	M	8	3508	Place-9	-----
SMITH	Jacob	1851	M	8	3509	Place-11	-----
SMITH	Briony	1851	F	8	3510	Place-19	-----
SMITH	Selina	1851	F	8	3511	Place-22	-----
SMITH	Selina	1851	F	8	3513	Place-25	-----
SMITH	Jenkins	1851	M	8	3514	Place-5	-----
SMITH	Jim	1851	M	8	3515	Place-23	-----
SMITH	Paulo	1851	M	8	3517	Place-28	-----
SMITH	Shawn	1851	M	7	3525	Place-26	-----
SMITH	Sharon	1851	F	7	3527	Place-28	-----
SMITH	Sheila	1851	F	7	3528	Place-13	-----
SMITH	Sarah	1851	F	7	3529	Place-3	-----
SMITH	Selina	1851	F	7	3530	Place-4	-----
SMITH	Bob	1851	M	7	3531	Place-27	-----
SMITH	Shawn	1851	M	7	3537	Place-6	-----
SMITH	Joseph	1851	M	7	3538	Place-7	-----
SMITH	Sharon	1851	F	7	3539	Place-1	-----
SMITH	Jacob	1851	M	7	3541	Place-25	-----
SMITH	Jacob	1851	M	7	3542	Place-28	-----
SMITH	James	1851	M	7	3544	Place-19	-----
SMITH	Jenkins	1851	M	7	3545	Place-0	-----
SMITH	Seonaid	1851	F	7	3546	Place-7	-----
SMITH	Suzanne	1851	F	7	3548	Place-7	-----
SMITH	Seonaid	1851	F	7	3552	Place-26	-----
SMITH	Joseph	1851	M	7	3554	Place-9	-----
SMITH	Shawn	1851	M	7	3555	Place-20	-----
SMITH	Susan	1851	F	7	3560	Place-4	-----
SMITH	Sheila	1851	F	7	3561	Place-3	-----
SMITH	Bob	1851	M	7	3563	Place-25	-----
SMITH	Seonaid	1851	F	7	3564	Place-7	-----
SMITH	Briony	1851	F	7	3566	Place-10	-----
SMITH	Shawn	1851	M	7	3567	Place-6	-----
SMITH	Bob	1851	M	7	3568	Place-14	-----
SMITH	Sharon	1851	F	7	3570	Place-17	-----
SMITH	Paulo	1851	M	7	3571	Place-12	-----
SMITH	Shawn	1851	M	7	3572	Place-5	-----
SMITH	Briony	1851	F	7	3573	Place-12	-----
SMITH	Bob	1851	M	7	3574	Place-27	-----
SMITH	Shawn	1851	M	7	3575	Place-13	-----
SMITH	Jim	1851	M	7	3577	Place-9	-----
SMITH	Paulo	1851	M	7	3579	Place-5	-----
SMITH	Jacob	1851	M	7	3580	Place-20	-----
SMITH	Jacob	1851	M	7	3581	Place-7	-----
SMITH	Paulo	1851	M	7	3583	Place-5	-----
SMITH	Sarah	1851	F	6	3597	Place-1	-----
SMITH	Sarah	1851	F	6	3599	Place-22	-----
SMITH	Jenkins	1851	M	6	3603	Place-18	-----
SMITH	Suzanne	1851	F	6	3604	Place-2	-----
SMITH	Sharon	1851	F	6	3608	Place-7	-----
SMITH	Joseph	1851	M	6	3609	Place-1	-----
SMITH	Bob	1851	M	6	3610	Place-15	-----
SMITH	Joseph	1851	M	6	3611	Place-17	-----
SMITH	Sarah	1851	F	6	3612	Place-2	-----
SMITH	Jenkins	1851	M	6	3622	Place-6	-----
SMITH	Bob	1851	M	6	3624	Place-27	-----
SMITH	Briony	1851	F	6	3625	Place-15	-----
SMITH	Bob	1851	M	6	3626	Place-22	-----
SMITH	Bob	1851	M	6	3628	Place-23	-----
SMITH	Suzanne	1851	F	6	3631	Place-28	-----
SMITH	Paulo	1851	M	6	3632	Place-7	-----
SMITH	Selina	1851	F	6	3634	Place-6	-----
SMITH	Joseph	1851	M	6	3635	Place-28	-----
SMITH	Seonaid	1851	F	6	3636	Place-22	-----
SMITH	James	1851	M	6	3638	Place-22	-----
SMITH	Sarah	1851	F	6	3644	Place-10	-----
SMITH	Joseph	1851	M	6	3645	Place-6	-----
SMITH	Suzanne	1851	F	6	3646	Place-21	-----
SMITH	Paulo	1851	M	5	3652	Place-19	-----
SMITH	Bob	1851	M	5	3653	Place-12	-----
SMITH	Sheila	1851	F	5	3657	Place-20	-----
SMITH	Jim	1851	M	5	3659	Place-8	-----
SMITH	Seonaid	1851	F	5	3660	Place-1	-----
SMITH	Seonaid	1851	F	5	3661	Place-26	-----
SMITH	Jim	1851	M	5	3662	Place-1	-----
SMITH	Selina	1851	F	5	3667	Place-29	-----
SMITH	Sharon	1851	F	5	3668	Place-2	-----
SMITH	Joseph	1851	M	5	3670	Place-25	-----
SMITH	Jacob	1851	M	5	3672	Place-24	-----
SMITH	Suzanne	1851	F	5	3675	Place-26	-----
SMITH	Selina	1851	F	5	3677	Place-6	-----
SMITH	Paulo	1851	M	5	3678	Place-23	-----
SMITH	Joseph	1851	M	5	3679	Place-13	-----
SMITH	Sharon	1851	F	5	3680	Place-15	-----
SMITH	Shawn	1851	M	5	3683	Place-0	-----
SMITH	Paulo	1851	M	5	3686	Place-9	-----
SMITH	Paulo	1851	M	5	3687	Place-17	-----
SMITH	Shawn	1851	M	5	3688	Place-17	-----
SMITH	Joseph	1851	M	5	3689	Place-9	-----
SMITH	Briony	1851	F	5	3690	Place-16	-----
SMITH	Seonaid	1851	F	5	3691	Place-27	-----
SMITH	Selina	1851	F	5	3692	Place-4	-----
SMITH	Jacob	1851	M	5	3693	Place-8	-----
SMITH	Joseph	1851	M	5	3697	Place-20	-----
SMITH	Jim	1851	M	5	3698	Place-12	-----
SMITH	Bob	1851	M	5	3699	Place-11	-----
SMITH	James	1851	M	5	3701	Place-5	-----
SMITH	Briony	1851	F	5	3705	Place-16	-----
SMITH	Jenkins	1851	M	5	3709	Place-0	-----
SMITH	Sarah	1851	F	5	3712	Place-28	-----
SMITH	Joseph	1851	M	5	3713	Place-5	-----
SMITH	Briony	1851	F	5	3714	Place-19	-----
SMITH	Briony	1851	F	5	3715	Place-28	-----
SMITH	Seonaid	1851	F	5	3716	Place-18	-----
SMITH	Jenkins	1851	M	5	3717	Place-3	-----
SMITH	Briony	1851	F	5	3718	Place-18	-----
SMITH	Selina	1851	F	4	3731	Place-15	-----
SMITH	Bob	1851	M	4	3732	Place-6	-----
SMITH	Sharon	1851	F	4	3733	Place-24	-----
SMITH	Sarah	1851	F	4	3734	Place-2	-----
SMITH	Sheila	1851	F	4	3739	Place-28	-----
SMITH	Bob	1851	M	4	3740	Place-23	-----
SMITH	Sarah	1851	F	4	3741	Place-12	-----
SMITH	Suzanne	1851	F	4	3742	Place-13	-----
SMITH	Sharon	1851	F	4	3743	Place-25	-----
SMITH	Jacob	1851	M	4	3744	Place-20	-----
SMITH	Selina	1851	F	4	3745	Place-1	-----
SMITH	Selina	1851	F	4	3746	Place-16	-----
SMITH	Paulo	1851	M	4	3747	Place-27	-----
SMITH	Selina	1851	F	4	3750	Place-22	-----
SMITH	Briony	1851	F	4	3751	Place-23	-----
SMITH	Susan	1851	F	4	3752	Place-21	-----
SMITH	Bob	1851	M	4	3753	Place-7	-----
SMITH	Jenkins	1851	M	4	3759	Place-15	-----
SMITH	Paulo	1851	M	4	3760	Place-17	-----
SMITH	Jenkins	1851	M	4	3765	Place-12	-----
SMITH	Briony	1851	F	4	3766	Place-5	-----
SMITH	Jacob	1851	M	4	3767	Place-15	-----
SMITH	Bob	1851	M	4	3768	Place-22	-----
SMITH	Bob	1851	M	4	3769	Place-10	-----
SMITH	Suzanne	1851	F	4	3770	Place-7	-----
SMITH	Briony	1851	F	4	3772	Place-20	-----
SMITH	Sarah	1851	F	4	3773	Place-21	-----
SMITH	Joseph	1851	M	4	3774	Place-7	-----
SMITH	Sarah	1851	F	4	3775	Place-4	-----
SMITH	Jacob	1851	M	4	3778	Place-18	-----
SMITH	Selina	1851	F	4	3779	Place-22	-----
SMITH	Jenkins	1851	M	4	3780	Place-28	-----
SMITH	Seonaid	1851	F	4	3781	Place-18	-----
SMITH	Susan	1851	F	4	3783	Place-1	-----
SMITH	Bob	1851	M	4	3786	Place-28	-----
SMITH	Bob	1851	M	4	3787	Place-5	-----
SMITH	Susan	1851	F	4	3788	Place-8	-----
SMITH	Jenkins	1851	M	3	3799	Place-3	-----
SMITH	Bob	1851	M	3	3802	Place-21	-----
SMITH	Sharon	1851	F	3	3804	Place-5	-----
SMITH	Selina	1851	F	3	3805	Place-2	-----
SMITH	Sharon	1851	F	3	3806	Place-1	-----
SMITH	Selina	1851	F	3	3807	Place-8	-----
SMITH	Paulo	1851	M	3	3808	Place-8	-----
SMITH	Jim	1851	M	3	3809	Place-11	-----
SMITH	James	1851	M	3	3810	Place-1	-----
SMITH	Suzanne	1851	F	3	3812	Place-21	-----
SMITH	Seonaid	1851	F	3	3813	Place-6	-----
SMITH	Seonaid	1851	F	3	3814	Place-9	-----
SMITH	Jacob	1851	M	3	3815	Place-15	-----
SMITH	James	1851	M	3	3816	Place-0	-----
SMITH	Suzanne	1851	F	3	3817	Place-20	-----
SMITH	Paulo	1851	M	3	3820	Place-28	-----
SMITH	Suzanne	1851	F	3	3821	Place-15	-----
SMITH	Sharon	1851	F	3	3822	Place-0	-----
SMITH	Susan	1851	F	3	3823	Place-11	-----
SMITH	Bob	1851	M	3	3825	Place-19	-----
SMITH	Seonaid	1851	F	3	3827	Place-15	-----
SMITH	Paulo	1851	M	3	3831	Place-10	-----
SMITH	Briony	1851	F	3	3832	Place-20	-----
SMITH	Sheila	1851	F	3	3834	Place-12	-----
SMITH	Seonaid	1851	F	3	3836	Place-22	-----
SMITH	Seonaid	1851	F	3	3837	Place-9	-----
SMITH	Sheila	1851	F	3	3839	Place-25	-----
SMITH	Paulo	1851	M	3	3842	Place-7	-----
SMITH	Briony	1851	F	3	3843	Place-18	-----
SMITH	Briony	1851	F	3	3844	Place-4	-----
SMITH	Jacob	1851	M	3	3846	Place-17	-----
SMITH	Selina	1851	F	2	3856	Place-10	-----
SMITH	Shawn	1851	M	2	3857	Place-17	-----
SMITH	Seonaid	1851	F	2	3858	Place-1	-----
SMITH	Jenkins	1851	M	2	3859	Place-13	-----
SMITH	Sharon	1851	F	2	3860	Place-20	-----
SMITH	Briony	1851	F	2	3862	Place-23	-----
SMITH	Joseph	1851	M	2	3863	Place-22	-----
SMITH	Sheila	1851	F	2	3864	Place-18	-----
SMITH	Joseph	1851	M	2	3865	Place-4	-----
SMITH	Paulo	1851	M	2	3866	Place-5	-----
SMITH	Jenkins	1851	M	2	3867	Place-26	-----
SMITH	Bob	1851	M	2	3871	Place-9	-----
SMITH	Selina	1851	F	2	3874	Place-26	-----
SMITH	Jim	1851	M	2	3875	Place-10	-----
SMITH	Joseph	1851	M	2	3876	Place-23	-----
SMITH	Joseph	1851	M	2	3878	Place-10	-----
SMITH	James	1851	M	2	3884	Place-12	-----
SMITH	Sarah	1851	F	2	3885	Place-23	-----
SMITH	James	1851	M	2	3888	Place-4	-----
SMITH	Sharon	1851	F	2	3890	Place-22	-----
SMITH	Bob	1851	M	2	3891	Place-16	-----
SMITH	Jacob	1851	M	2	3892	Place-25	-----
SMITH	Sharon	1851	F	2	3894	Place-18	-----
SMITH	Sheila	1851	F	2	3896	Place-27	-----
SMITH	Paulo	1851	M	2	3898	Place-19	-----
SMITH	Sharon	1851	F	2	3899	Place-10	-----
SMITH	James	1851	M	2	3901	Place-9	-----
SMITH	Bob	1851	M	2	3904	Place-23	-----
SMITH	Briony	1851	F	2	3907	Place-13	-----
SMITH	Suzanne	1851	F	2	3909	Place-17	-----
SMITH	Sarah	1851	F	1	3920	Place-6	-----
SMITH	Sarah	1851	F	1	3921	Place-21	-----
SMITH	Jim	1851	M	1	3922	Place-28	-----
SMITH	Selina	1851	F	1	3923	Place-29	-----
SMITH	Sharon	1851	F	1	3924	Place-4	-----
SMITH	Jenkins	1851	M	1	3925	Place-29	-----
SMITH	Sarah	1851	F	1	3926	Place-7	-----
SMITH	Susan	1851	F	1	3927	Place-4	-----
SMITH	Susan	1851	F	1	3929	Place-19	-----
SMITH	Bob	1851	M	1	3930	Place-24	-----
SMITH	Suzanne	1851	F	1	3932	Place-9	-----
SMITH	Paulo	1851	M	1	3933	Place-4	-----
SMITH	Jenkins	1851	M	1	3934	Place-14	-----
SMITH	Sheila	1851	F	1	3935	Place-5	-----
SMITH	Joseph	1851	M	1	3936	Place-7	-----
SMITH	Sarah	1851	F	1	3937	Place-4	-----
SMITH	Susan	1851	F	1	3939	Place-12	-----
SMITH	Jenkins	1851	M	1	3940	Place-10	-----
SMITH	Seonaid	1851	F	1	3941	Place-23	-----
SMITH	Briony	1851	F	1	3942	Place-27	-----
SMITH	Shawn	1851	M	1	3943	Place-22	-----
SMITH	Joseph	1851	M	1	3944	Place-0	-----
SMITH	Jenkins	1851	M	1	3946	Place-12	-----
SMITH	Sharon	1851	F	1	3947	Place-24	-----
SMITH	James	1851	M	1	3948	Place-7	-----
SMITH	Briony	1851	F	1	3949	Place-8	-----
SMITH	Briony	1851	F	1	3950	Place-23	-----
SMITH	Paulo	1851	M	1	3951	Place-7	-----
SMITH	Briony	1851	F	1	3953	Place-23	-----
SMITH	Paulo	1851	M	1	3954	Place-26	-----
SMITH	Suzanne	1851	F	1	3955	Place-7	-----
SMITH	Suzanne	1851	F	1	3956	Place-6	-----
SMITH	Suzanne	1851	F	1	3958	Place-28	-----
SMITH	Joseph	1851	M	1	3959	Place-0	-----
SMITH	Bob	1851	M	1	3960	Place-6	-----
SMITH	Jim	1851	M	1	3962	Place-1	-----
SMITH	Jim	1851	M	1	3963	Place-6	-----
SMITH	Jim	1851	M	1	3965	Place-15	-----
SMITH	Jacob	1851	M	1	3968	Place-23	-----
SMITH	Briony	1851	F	1	3969	Place-23	-----
SMITH	Suzanne	1851	F	1	3970	Place-12	-----
SMITH	Sheila	1851	F	1	3972	Place-7	-----
SMITH	Sheila	1851	F	1	3975	Place-10	-----
SMITH	James	1851	M	1	3976	Place-20	-----
SMITH	Briony	1851	F	1	3977	Place-18	-----
SMITH	Suzanne	1851	F	1	3978	Place-6	-----
SMITH	Seonaid	1851	F	1	3979	Place-19	-----
SMITH	Briony	1861	F	25	4715	Place-8	-----
SMITH	Seonaid	1861	F	27	4716	Place-6	-----
SMITH	Seonaid	1861	F	49	4717	Place-6	-----
SMITH	Susan	1861	F	25	4718	Place-22	-----
SMITH	Sheila	1861	F	42	4632	Place-9	-----
SMITH	Sarah	1861	F	24	4633	Place-4	-----
SMITH	Sheila	1861	F	40	4635	Place-23	-----
SMITH	James	1861	M	24	3143	Place-7	-----
SMITH	James	1861	M	20	3399	Place-0	-----
SMITH	Jim	1861	M	25	3081	Place-0	-----
SMITH	Bob	1861	M	20	3389	Place-13	-----
SMITH	Jim	1861	M	19	3412	Place-21	-----
SMITH	Briony	1861	F	18	3495	Place-1	-----
SMITH	Jacob	1861	M	20	3377	Place-16	-----
SMITH	Seonaid	1861	F	24	4496	Place-6	-----
SMITH	Susan	1861	F	37	2434	Place-18	-----
SMITH	Sharon	1861	F	54	3723	Place-9	-----
SMITH	Joseph	1861	M	51	1829	Place-19	-----
SMITH	Selina	1861	F	46	2057	Place-27	-----
SMITH	Paulo	1861	M	20	3351	Place-1	-----
SMITH	Selina	1861	F	42	2231	Place-1	-----
SMITH	Sarah	1861	F	34	2605	Place-21	-----
SMITH	Shawn	1861	M	22	3237	Place-21	-----
SMITH	Jenkins	1861	M	47	2015	Place-18	-----
SMITH	Sheila	1861	F	38	2396	Place-21	-----
SMITH	James	1861	M	31	2709	Place-11	-----
SMITH	Bob	1861	M	28	2893	Place-8	-----
SMITH	Susan	1861	F	43	3794	Place-0	-----
SMITH	Susan	1861	F	41	2274	Place-24	-----
SMITH	Jim	1861	M	44	2161	Place-0	-----
SMITH	Shawn	1861	M	24	3103	Place-28	-----
SMITH	Jim	1861	M	22	3270	Place-26	-----
SMITH	James	1861	M	50	1894	Place-0	-----
SMITH	Bob	1861	M	51	1842	Place-14	-----
SMITH	Sarah	1861	F	26	3003	Place-18	-----
SMITH	Susan	1861	F	42	3916	Place-19	-----
SMITH	Seonaid	1861	F	31	2732	Place-18	-----
SMITH	Sheila	1861	F	37	2414	Place-7	-----
SMITH	Selina	1861	F	42	3647	Place-25	-----
SMITH	Shawn	1861	M	35	2516	Place-29	-----
SMITH	Sharon	1861	F	36	2472	Place-7	-----
SMITH	Sheila	1861	F	46	3230	Place-22	-----
SMITH	Selina	1861	F	18	3503	Place-25	-----
SMITH	Sharon	1861	F	17	3578	Place-16	-----
SMITH	Seonaid	1861	F	46	3405	Place-26	-----
SMITH	Seonaid	1861	F	23	3194	Place-26	-----
SMITH	Jim	1861	M	50	1869	Place-17	-----
SMITH	Shawn	1861	M	42	2218	Place-27	-----
SMITH	Jim	1861	M	54	1720	Place-9	-----
SMITH	Shawn	1861	M	61	1498	Place-20	-----
SMITH	Jacob	1861	M	31	2719	Place-17	-----
SMITH	Bob	1861	M	30	2766	Place-25	-----
SMITH	Jim	1861	M	26	2995	Place-6	-----
SMITH	Sarah	1861	F	25	3090	Place-10	-----
SMITH	Sheila	1861	F	21	3333	Place-17	-----
SMITH	Shawn	1861	M	20	3358	Place-6	-----
SMITH	Jim	1861	M	19	3407	Place-9	-----
SMITH	Seonaid	1861	F	18	3505	Place-6	-----
SMITH	James	1861	M	18	3508	Place-28	-----
SMITH	Briony	1861	F	18	3510	Place-1	-----
SMITH	Paulo	1861	M	18	3517	Place-14	-----
SMITH	Susan	1861	F	17	3560	Place-16	-----
SMITH	Briony	1861	F	8	4133	Place-11	-----
SMITH	Briony	1861	F	7	4208	Place-6	-----
SMITH	Sharon	1861	F	7	4226	Place-5	-----
SMITH	Shawn	1861	M	4	4439	Place-27	-----
SMITH	Jacob	1861	M	1	4664	Place-6	-----
SMITH	Selina	1861	F	23	4631	Place-23	-----
SMITH	Seonaid	1861	F	22	4634	Place-1	-----
SMITH	Susan	1861	F	59	4636	Place-16	-----
SMITH	Sheila	1861	F	26	4637	Place-19	-----
SMITH	Sheila	1861	F	25	4638	Place-22	-----
SMITH	Susan	1861	F	24	4639	Place-26	-----
SMITH	Sarah	1861	F	36	4566	Place-15	-----
SMITH	Susan	1861	F	27	4494	Place-26	-----
SMITH	Bob	1861	M	28	2879	Place-24	-----
SMITH	Selina	1861	F	30	2764	Place-3	-----
SMITH	Jacob	1861	M	27	2919	Place-13	-----
SMITH	Suzanne	1861	F	51	2700	Place-13	-----
SMITH	Jacob	1861	M	23	3220	Place-23	-----
SMITH	Seonaid	1861	F	22	3238	Place-25	-----
SMITH	Jacob	1861	M	4	4445	Place-28	-----
SMITH	Sarah	1861	F	23	4409	Place-19	-----
SMITH	Joseph	1861	M	33	2639	Place-28	-----
SMITH	Jenkins	1861	M	28	2872	Place-5	-----
SMITH	Selina	1861	F	44	4042	Place-21	-----
SMITH	Briony	1861	F	47	4336	Place-16	-----
SMITH	Jacob	1861	M	41	2295	Place-1	-----
SMITH	Sharon	1861	F	45	2086	Place-14	-----
SMITH	Shawn	1861	M	54	1726	Place-12	-----
SMITH	Sarah	1861	F	58	3984	Place-18	-----
SMITH	James	1861	M	26	2986	Place-25	-----
SMITH	James	1861	M	25	3066	Place-16	-----
SMITH	Jim	1861	M	27	2947	Place-13	-----
SMITH	Joseph	1861	M	30	2793	Place-17	-----
SMITH	Jim	1861	M	31	2730	Place-2	-----
SMITH	Bob	1861	M	36	2463	Place-29	-----
SMITH	Shawn	1861	M	18	3497	Place-28	-----
SMITH	Shawn	1861	M	61	1508	Place-9	-----
SMITH	Suzanne	1861	F	45	2108	Place-9	-----
SMITH	Jim	1861	M	41	2283	Place-10	-----
SMITH	Jim	1861	M	39	2359	Place-29	-----
SMITH	Joseph	1861	M	28	2880	Place-18	-----
SMITH	Jacob	1861	M	26	3000	Place-29	-----
SMITH	Selina	1861	F	25	3070	Place-25	-----
SMITH	Jim	1861	M	24	3107	Place-3	-----
SMITH	Shawn	1861	M	24	3115	Place-8	-----
SMITH	Susan	1861	F	23	3199	Place-28	-----
SMITH	James	1861	M	22	3260	Place-12	-----
SMITH	Sheila	1861	F	22	3284	Place-9	-----
SMITH	Susan	1861	F	21	3314	Place-11	-----
SMITH	Jenkins	1861	M	19	3450	Place-11	-----
SMITH	Bob	1861	M	19	3459	Place-11	-----
SMITH	Jenkins	1861	M	18	3514	Place-29	-----
SMITH	Jim	1861	M	18	3515	Place-21	-----
SMITH	Bob	1861	M	14	3769	Place-9	-----
SMITH	Briony	1861	F	11	3949	Place-1	-----
SMITH	Seonaid	1861	F	23	4564	Place-20	-----
SMITH	Suzanne	1861	F	27	4565	Place-19	-----
SMITH	Sarah	1861	F	29	4567	Place-15	-----
SMITH	Susan	1861	F	35	4568	Place-15	-----
SMITH	Susan	1861	F	26	4569	Place-16	-----
SMITH	Bob	1861	M	46	2072	Place-16	-----
SMITH	Jacob	1861	M	27	2944	Place-28	-----
SMITH	Susan	1861	F	48	4403	Place-16	-----
SMITH	Briony	1861	F	27	4407	Place-4	-----
SMITH	Bob	1861	M	27	2956	Place-15	-----
SMITH	Suzanne	1861	F	25	3078	Place-6	-----
SMITH	Seonaid	1861	F	41	3914	Place-25	-----
SMITH	Seonaid	1861	F	24	3114	Place-4	-----
SMITH	Jacob	1861	M	27	2924	Place-25	-----
SMITH	James	1861	M	36	2476	Place-17	-----
SMITH	Sharon	1861	F	43	2182	Place-13	-----
SMITH	Selina	1861	F	35	2532	Place-1	-----
SMITH	Jim	1861	M	39	2355	Place-24	-----
SMITH	Briony	1861	F	59	1540	Place-22	-----
SMITH	Susan	1861	F	54	2971	Place-12	-----
SMITH	Susan	1861	F	35	2544	Place-13	-----
SMITH	Sharon	1861	F	32	3854	Place-19	-----
SMITH	Sharon	1861	F	22	3249	Place-27	-----
SMITH	James	1861	M	21	3332	Place-22	-----
SMITH	Jenkins	1861	M	44	2143	Place-9	-----
SMITH	Sarah	1861	F	48	1966	Place-7	-----
SMITH	Joseph	1861	M	43	2189	Place-5	-----
SMITH	Sheila	1861	F	38	2368	Place-7	-----
SMITH	Bob	1861	M	36	2485	Place-6	-----
SMITH	Sharon	1861	F	28	2867	Place-28	-----
SMITH	Paulo	1861	M	27	2970	Place-0	-----
SMITH	Suzanne	1861	F	26	2996	Place-2	-----
SMITH	Jenkins	1861	M	26	3015	Place-22	-----
SMITH	Susan	1861	F	24	3108	Place-27	-----
SMITH	James	1861	M	24	3130	Place-25	-----
SMITH	Sharon	1861	F	24	3161	Place-21	-----
SMITH	Bob	1861	M	23	3182	Place-21	-----
SMITH	Bob	1861	M	23	3210	Place-22	-----
SMITH	Jim	1861	M	22	3236	Place-23	-----
SMITH	Selina	1861	F	21	3309	Place-13	-----
SMITH	Paulo	1861	M	21	3312	Place-12	-----
SMITH	James	1861	M	21	3319	Place-23	-----
SMITH	Suzanne	1861	F	14	3742	Place-5	-----
SMITH	Jim	1861	M	7	4230	Place-18	-----
SMITH	James	1861	M	4	4475	Place-29	-----
SMITH	Selina	1861	F	30	4488	Place-18	-----
SMITH	Seonaid	1861	F	31	4490	Place-19	-----
SMITH	Sharon	1861	F	30	4491	Place-16	-----
SMITH	Sharon	1861	F	31	4492	Place-15	-----
SMITH	Sheila	1861	F	34	4493	Place-8	-----
SMITH	Sarah	1861	F	24	4495	Place-25	-----
SMITH	Suzanne	1861	F	32	4401	Place-9	-----
SMITH	Susan	1861	F	48	3592	Place-0	-----
SMITH	Suzanne	1861	F	25	3061	Place-7	-----
SMITH	Joseph	1861	M	24	3131	Place-2	-----
SMITH	James	1861	M	22	3235	Place-18	-----
SMITH	Shawn	1861	M	25	3092	Place-8	-----
SMITH	Jenkins	1861	M	54	1717	Place-6	-----
SMITH	James	1861	M	30	2760	Place-18	-----
SMITH	Shawn	1861	M	24	3113	Place-16	-----
SMITH	Bob	1861	M	26	3030	Place-18	-----
SMITH	Suzanne	1861	F	33	2641	Place-21	-----
SMITH	Jenkins	1861	M	50	1880	Place-17	-----
SMITH	Paulo	1861	M	51	1824	Place-6	-----
SMITH	Briony	1861	F	24	3105	Place-1	-----
SMITH	Briony	1861	F	25	3055	Place-7	-----
SMITH	Sarah	1861	F	47	4044	Place-4	-----
SMITH	Joseph	1861	M	38	2372	Place-17	-----
SMITH	Shawn	1861	M	42	2245	Place-28	-----
SMITH	Susan	1861	F	23	3197	Place-19	-----
SMITH	Sarah	1861	F	57	1614	Place-1	-----
SMITH	Jim	1861	M	32	2661	Place-7	-----
SMITH	Jacob	1861	M	24	3149	Place-17	-----
SMITH	Jim	1861	M	45	2087	Place-0	-----
SMITH	Seonaid	1861	F	47	2031	Place-14	-----
SMITH	Briony	1861	F	38	2393	Place-10	-----
SMITH	Jim	1861	M	42	2244	Place-15	-----
SMITH	Shawn	1861	M	24	3116	Place-17	-----
SMITH	Jenkins	1861	M	23	3215	Place-6	-----
SMITH	James	1861	M	22	3243	Place-1	-----
SMITH	Jenkins	1861	M	21	3292	Place-29	-----
SMITH	Sheila	1861	F	21	3293	Place-11	-----
SMITH	Selina	1861	F	18	3468	Place-10	-----
SMITH	Bob	1861	M	14	3732	Place-14	-----
SMITH	Suzanne	1861	F	12	3909	Place-21	-----
SMITH	Susan	1861	F	11	3929	Place-29	-----
SMITH	Jenkins	1861	M	8	4131	Place-18	-----
SMITH	Paulo	1861	M	5	4375	Place-3	-----
SMITH	Bob	1861	M	4	4425	Place-13	-----
SMITH	Suzanne	1861	F	4	4460	Place-4	-----
SMITH	Susan	1861	F	32	4402	Place-18	-----
SMITH	Sarah	1861	F	24	4408	Place-24	-----
SMITH	Jacob	1861	M	55	1677	Place-24	-----
SMITH	Paulo	1861	M	43	2207	Place-25	-----
SMITH	Jim	1861	M	46	2050	Place-11	-----
SMITH	Shawn	1861	M	40	2299	Place-4	-----
SMITH	Sheila	1861	F	27	2966	Place-9	-----
SMITH	Joseph	1861	M	27	2940	Place-6	-----
SMITH	Suzanne	1861	F	30	2768	Place-10	-----
SMITH	Shawn	1861	M	49	1936	Place-27	-----
SMITH	Paulo	1861	M	35	2557	Place-13	-----
SMITH	Joseph	1861	M	42	2219	Place-18	-----
SMITH	Sarah	1861	F	49	1903	Place-3	-----
SMITH	Paulo	1861	M	42	2246	Place-27	-----
SMITH	Shawn	1861	M	47	2003	Place-23	-----
SMITH	Bob	1861	M	23	3227	Place-20	-----
SMITH	Jacob	1861	M	40	2306	Place-4	-----
SMITH	Jim	1861	M	44	2163	Place-11	-----
SMITH	Sheila	1861	F	45	2116	Place-10	-----
SMITH	Suzanne	1861	F	39	2344	Place-0	-----
SMITH	Sarah	1861	F	44	3649	Place-19	-----
SMITH	Paulo	1861	M	50	1895	Place-3	-----
SMITH	Joseph	1861	M	50	1866	Place-13	-----
SMITH	Selina	1861	F	42	2222	Place-10	-----
SMITH	Jim	1861	M	42	2232	Place-12	-----
SMITH	Jim	1861	M	36	2469	Place-12	-----
SMITH	James	1861	M	24	3117	Place-14	-----
SMITH	Sharon	1861	F	24	3132	Place-18	-----
SMITH	Seonaid	1861	F	23	3183	Place-8	-----
SMITH	Briony	1861	F	22	3239	Place-5	-----
SMITH	Paulo	1861	M	22	3240	Place-11	-----
SMITH	Sarah	1861	F	22	3276	Place-16	-----
SMITH	Bob	1861	M	21	3303	Place-13	-----
SMITH	Jenkins	1861	M	21	3327	Place-8	-----
SMITH	Shawn	1861	M	5	4366	Place-21	-----
SMITH	Briony	1861	F	5	4380	Place-17	-----
SMITH	Sharon	1861	F	27	4337	Place-8	-----
SMITH	Sharon	1861	F	37	4341	Place-29	-----
SMITH	Sarah	1861	F	27	2933	Place-12	-----
SMITH	Paulo	1861	M	33	2644	Place-24	-----
SMITH	Shawn	1861	M	29	2832	Place-0	-----
SMITH	Jacob	1861	M	39	2358	Place-7	-----
SMITH	Sharon	1861	F	53	2908	Place-23	-----
SMITH	Shawn	1861	M	54	1708	Place-25	-----
SMITH	Suzanne	1861	F	26	3017	Place-24	-----
SMITH	Joseph	1861	M	54	1723	Place-23	-----
SMITH	Joseph	1861	M	50	1857	Place-13	-----
SMITH	Bob	1861	M	25	3068	Place-9	-----
SMITH	Bob	1861	M	15	3702	Place-21	-----
SMITH	James	1861	M	40	2315	Place-4	-----
SMITH	Suzanne	1861	F	47	2013	Place-8	-----
SMITH	Shawn	1861	M	45	2109	Place-1	-----
SMITH	Briony	1861	F	40	2303	Place-27	-----
SMITH	James	1861	M	34	2601	Place-19	-----
SMITH	Seonaid	1861	F	50	2977	Place-9	-----
SMITH	Sharon	1861	F	55	1694	Place-22	-----
SMITH	Jacob	1861	M	45	2112	Place-7	-----
SMITH	Shawn	1861	M	32	2656	Place-7	-----
SMITH	Joseph	1861	M	32	2668	Place-4	-----
SMITH	Sarah	1861	F	29	2816	Place-6	-----
SMITH	Paulo	1861	M	28	2905	Place-12	-----
SMITH	Briony	1861	F	27	2946	Place-1	-----
SMITH	James	1861	M	26	2989	Place-11	-----
SMITH	Suzanne	1861	F	26	2990	Place-0	-----
SMITH	Seonaid	1861	F	22	3265	Place-26	-----
SMITH	Jim	1861	M	13	3809	Place-18	-----
SMITH	Suzanne	1861	F	8	4194	Place-8	-----
SMITH	Suzanne	1861	F	36	4263	Place-28	-----
SMITH	Briony	1861	F	27	4264	Place-20	-----
SMITH	Sheila	1861	F	27	4265	Place-23	-----
SMITH	Briony	1861	F	34	4266	Place-18	-----
SMITH	Sarah	1861	F	50	4267	Place-15	-----
SMITH	Sarah	1861	F	42	4268	Place-24	-----
SMITH	Jacob	1861	M	27	2952	Place-22	-----
SMITH	Susan	1861	F	38	3980	Place-12	-----
SMITH	Selina	1861	F	44	2169	Place-25	-----
SMITH	Jacob	1861	M	49	1918	Place-25	-----
SMITH	Jacob	1861	M	35	2530	Place-14	-----
SMITH	Jenkins	1861	M	33	2619	Place-27	-----
SMITH	Sharon	1861	F	23	3214	Place-2	-----
SMITH	Briony	1861	F	53	1744	Place-21	-----
SMITH	Seonaid	1861	F	37	2419	Place-24	-----
SMITH	Joseph	1861	M	37	2407	Place-0	-----
SMITH	Shawn	1861	M	49	1930	Place-17	-----
SMITH	Jim	1861	M	45	2117	Place-20	-----
SMITH	Sheila	1861	F	32	2669	Place-6	-----
SMITH	Sarah	1861	F	36	2468	Place-22	-----
SMITH	Selina	1861	F	32	2665	Place-2	-----
SMITH	Selina	1861	F	30	2803	Place-9	-----
SMITH	Jenkins	1861	M	27	2926	Place-19	-----
SMITH	Jim	1861	M	25	3047	Place-23	-----
SMITH	Paulo	1861	M	25	3075	Place-13	-----
SMITH	James	1861	M	24	3111	Place-16	-----
SMITH	Briony	1861	F	24	3136	Place-14	-----
SMITH	Jacob	1861	M	23	3190	Place-23	-----
SMITH	Selina	1861	F	15	3677	Place-6	-----
SMITH	Jim	1861	M	15	3698	Place-27	-----
SMITH	Shawn	1861	M	9	4062	Place-16	-----
SMITH	Sharon	1861	F	7	4200	Place-7	-----
SMITH	Susan	1861	F	59	4196	Place-29	-----
SMITH	Sheila	1861	F	56	4197	Place-1	-----
SMITH	Susan	1861	F	26	4198	Place-5	-----
SMITH	Paulo	1861	M	28	2898	Place-12	-----
SMITH	Paulo	1861	M	32	2674	Place-19	-----
SMITH	Seonaid	1861	F	26	3007	Place-28	-----
SMITH	Sarah	1861	F	24	3162	Place-8	-----
SMITH	Bob	1861	M	32	2689	Place-3	-----
SMITH	Sarah	1861	F	32	3797	Place-14	-----
SMITH	Bob	1861	M	27	2929	Place-3	-----
SMITH	Seonaid	1861	F	50	3593	Place-26	-----
SMITH	Shawn	1861	M	45	2106	Place-0	-----
SMITH	Jim	1861	M	45	2102	Place-6	-----
SMITH	Sheila	1861	F	34	2607	Place-14	-----
SMITH	Suzanne	1861	F	28	2904	Place-24	-----
SMITH	Seonaid	1861	F	40	2304	Place-13	-----
SMITH	Jim	1861	M	32	2663	Place-8	-----
SMITH	Shawn	1861	M	28	2871	Place-19	-----
SMITH	Paulo	1861	M	24	3109	Place-22	-----
SMITH	Suzanne	1861	F	10	4019	Place-14	-----
SMITH	Susan	1861	F	42	4116	Place-1	-----
SMITH	Susan	1861	F	47	3986	Place-1	-----
SMITH	James	1861	M	27	2945	Place-20	-----
SMITH	Jim	1861	M	30	2787	Place-2	-----
SMITH	Susan	1861	F	28	2885	Place-20	-----
SMITH	Paulo	1861	M	50	1853	Place-10	-----
SMITH	Shawn	1861	M	28	2900	Place-12	-----
SMITH	Briony	1861	F	45	3406	Place-26	-----
SMITH	Susan	1861	F	29	2809	Place-24	-----
SMITH	Paulo	1861	M	52	1781	Place-21	-----
SMITH	James	1861	M	45	2099	Place-12	-----
SMITH	Paulo	1861	M	35	2556	Place-1	-----
SMITH	Paulo	1861	M	51	1828	Place-6	-----
SMITH	Paulo	1861	M	28	2875	Place-18	-----
SMITH	Briony	1861	F	43	2208	Place-26	-----
SMITH	Susan	1861	F	46	2973	Place-1	-----
SMITH	Sarah	1861	F	52	1804	Place-27	-----
SMITH	Briony	1861	F	53	2851	Place-25	-----
SMITH	Briony	1861	F	42	2240	Place-27	-----
SMITH	Jim	1861	M	34	2610	Place-29	-----
SMITH	James	1861	M	26	2992	Place-1	-----
SMITH	Susan	1861	F	26	2993	Place-18	-----
SMITH	Briony	1861	F	25	3080	Place-0	-----
SMITH	Jim	1861	M	25	3088	Place-26	-----
SMITH	Susan	1861	F	22	3277	Place-17	-----
SMITH	Selina	1861	F	15	3667	Place-13	-----
SMITH	Jenkins	1861	M	9	4051	Place-28	-----
SMITH	Jenkins	1861	M	29	2837	Place-14	-----
SMITH	Joseph	1861	M	36	2483	Place-16	-----
SMITH	Selina	1861	F	39	2345	Place-22	-----
SMITH	Seonaid	1861	F	57	3039	Place-2	-----
SMITH	Shawn	1861	M	37	2449	Place-24	-----
SMITH	Sarah	1861	F	37	2436	Place-2	-----
SMITH	Joseph	1861	M	32	2654	Place-18	-----
SMITH	Jim	1861	M	42	2247	Place-15	-----
SMITH	Bob	1861	M	48	1954	Place-6	-----
SMITH	Jim	1861	M	42	2243	Place-27	-----
SMITH	Susan	1861	F	28	2869	Place-10	-----
SMITH	Jim	1861	M	32	2659	Place-1	-----
SMITH	Jenkins	1861	M	29	2843	Place-15	-----
SMITH	Bob	1861	M	27	2916	Place-9	-----
SMITH	Shawn	1861	M	27	2921	Place-21	-----
SMITH	Jenkins	1861	M	27	2951	Place-23	-----
SMITH	Paulo	1861	M	24	3165	Place-24	-----
SMITH	Sharon	1861	F	34	3982	Place-18	-----
SMITH	Jacob	1861	M	45	2111	Place-0	-----
SMITH	Seonaid	1861	F	36	2488	Place-5	-----
SMITH	Seonaid	1861	F	44	3100	Place-2	-----
SMITH	Suzanne	1861	F	35	3789	Place-7	-----
SMITH	Briony	1861	F	57	2806	Place-13	-----
SMITH	Jacob	1861	M	35	2524	Place-25	-----
SMITH	Jim	1861	M	38	2394	Place-23	-----
SMITH	James	1861	M	38	2373	Place-22	-----
SMITH	Seonaid	1861	F	37	2442	Place-6	-----
SMITH	Seonaid	1861	F	35	2518	Place-26	-----
SMITH	Jim	1861	M	34	2574	Place-18	-----
SMITH	Jacob	1861	M	27	2960	Place-29	-----
SMITH	Jenkins	1861	M	26	2983	Place-25	-----
SMITH	Seonaid	1861	F	25	3067	Place-20	-----
SMITH	Sharon	1861	F	16	3602	Place-12	-----
SMITH	Selina	1861	F	32	3919	Place-6	-----
SMITH	Selina	1861	F	50	1884	Place-17	-----
SMITH	Shawn	1861	M	45	2090	Place-12	-----
SMITH	Shawn	1861	M	47	2008	Place-11	-----
SMITH	Seonaid	1861	F	36	3724	Place-1	-----
SMITH	Bob	1861	M	35	2552	Place-28	-----
SMITH	Sheila	1861	F	36	2461	Place-3	-----
SMITH	Jenkins	1861	M	30	2788	Place-7	-----
SMITH	Briony	1861	F	30	2792	Place-19	-----
SMITH	Briony	1861	F	29	2810	Place-29	-----
SMITH	James	1861	M	29	2850	Place-11	-----
SMITH	Seonaid	1861	F	36	3849	Place-28	-----
SMITH	Susan	1861	F	31	3855	Place-20	-----
SMITH	Briony	1861	F	45	2101	Place-16	-----
SMITH	Sheila	1861	F	45	2094	Place-1	-----
SMITH	Selina	1861	F	37	2430	Place-22	-----
SMITH	James	1861	M	42	2228	Place-1	-----
SMITH	Suzanne	1861	F	43	2195	Place-14	-----
SMITH	Jenkins	1861	M	46	2043	Place-7	-----
SMITH	Jacob	1861	M	53	1764	Place-14	-----
SMITH	Shawn	1861	M	46	2040	Place-26	-----
SMITH	Jenkins	1861	M	46	2052	Place-1	-----
SMITH	Briony	1861	F	37	2445	Place-9	-----
SMITH	Selina	1861	F	15	3669	Place-18	-----
SMITH	Selina	1861	F	14	3729	Place-25	-----
SMITH	Selina	1861	F	14	3785	Place-15	-----
SMITH	Briony	1861	F	35	3796	Place-21	-----
SMITH	Selina	1861	F	50	3722	Place-13	-----
SMITH	Jacob	1861	M	47	2026	Place-16	-----
SMITH	Suzanne	1861	F	45	3097	Place-9	-----
SMITH	Joseph	1861	M	50	1862	Place-8	-----
SMITH	Jenkins	1861	M	45	2095	Place-23	-----
SMITH	Seonaid	1861	F	53	2705	Place-6	-----
SMITH	Briony	1861	F	44	2152	Place-15	-----
SMITH	Shawn	1861	M	44	2168	Place-10	-----
SMITH	Sharon	1861	F	38	2379	Place-22	-----
SMITH	Jacob	1861	M	24	3133	Place-4	-----
SMITH	James	1861	M	23	3207	Place-1	-----
SMITH	Jim	1861	M	16	3615	Place-27	-----
SMITH	Bob	1861	M	15	3676	Place-9	-----
SMITH	Susan	1861	F	54	3720	Place-7	-----
SMITH	Sarah	1861	F	42	3725	Place-10	-----
SMITH	Jim	1861	M	44	2131	Place-6	-----
SMITH	Shawn	1861	M	52	1783	Place-5	-----
SMITH	Selina	1861	F	47	2020	Place-13	-----
SMITH	Shawn	1861	M	41	2267	Place-21	-----
SMITH	Bob	1861	M	52	1774	Place-9	-----
SMITH	Suzanne	1861	F	31	2706	Place-24	-----
SMITH	Sarah	1861	F	31	2738	Place-4	-----
SMITH	Sheila	1861	F	15	3666	Place-6	-----
SMITH	Sarah	1861	F	53	1751	Place-1	-----
SMITH	Susan	1861	F	48	1949	Place-12	-----
SMITH	Suzanne	1861	F	29	2820	Place-10	-----
SMITH	Shawn	1861	M	51	1817	Place-25	-----
SMITH	Sarah	1861	F	36	2484	Place-20	-----
SMITH	Sheila	1861	F	45	3590	Place-13	-----
SMITH	Sheila	1861	F	41	3595	Place-25	-----
SMITH	Joseph	1861	M	59	1552	Place-16	-----
SMITH	Seonaid	1861	F	52	2651	Place-27	-----
SMITH	Jacob	1861	M	50	1852	Place-15	-----
SMITH	Paulo	1861	M	56	1652	Place-1	-----
SMITH	James	1861	M	52	1792	Place-7	-----
SMITH	James	1861	M	44	2142	Place-7	-----
SMITH	James	1861	M	44	2166	Place-6	-----
SMITH	Sharon	1861	F	45	2083	Place-14	-----
SMITH	Jenkins	1861	M	37	2421	Place-29	-----
SMITH	Joseph	1861	M	37	2443	Place-2	-----
SMITH	Bob	1861	M	35	2523	Place-17	-----
SMITH	Jacob	1861	M	34	2577	Place-10	-----
SMITH	Paulo	1861	M	33	2623	Place-11	-----
SMITH	Sheila	1861	F	47	1992	Place-15	-----
SMITH	Shawn	1861	M	49	1913	Place-19	-----
SMITH	Briony	1861	F	36	2490	Place-17	-----
SMITH	Sharon	1861	F	28	2902	Place-15	-----
SMITH	Paulo	1861	M	19	3415	Place-6	-----
SMITH	Bob	1861	M	60	1514	Place-5	-----
SMITH	Sheila	1861	F	41	2284	Place-15	-----
SMITH	James	1861	M	49	1908	Place-6	-----
SMITH	Seonaid	1861	F	41	2281	Place-23	-----
SMITH	Sheila	1861	F	41	2270	Place-29	-----
SMITH	Bob	1861	M	48	1969	Place-0	-----
SMITH	Bob	1861	M	58	1593	Place-13	-----
SMITH	Sheila	1861	F	24	3134	Place-6	-----
SMITH	Jacob	1861	M	51	1841	Place-12	-----
SMITH	Sheila	1861	F	47	1989	Place-4	-----
SMITH	Sharon	1861	F	27	2969	Place-24	-----
SMITH	James	1861	M	50	1865	Place-4	-----
SMITH	Jim	1861	M	47	2019	Place-26	-----
SMITH	Suzanne	1861	F	48	1971	Place-15	-----
SMITH	Jenkins	1861	M	54	1721	Place-25	-----
SMITH	Seonaid	1861	F	31	2734	Place-15	-----
SMITH	Paulo	1861	M	30	2769	Place-29	-----
SMITH	Jacob	1861	M	44	2149	Place-10	-----
SMITH	Shawn	1861	M	59	1560	Place-11	-----
SMITH	Jim	1861	M	54	1724	Place-7	-----
SMITH	Jacob	1861	M	41	2289	Place-24	-----
SMITH	Paulo	1861	M	40	2305	Place-21	-----
SMITH	Jim	1861	M	35	2542	Place-21	-----
SMITH	Seonaid	1861	F	34	2594	Place-9	-----
SMITH	Bob	1861	M	34	2603	Place-24	-----
SMITH	Susan	1861	F	33	2631	Place-1	-----
SMITH	Paulo	1861	M	33	2636	Place-18	-----
SMITH	Jacob	1861	M	32	2655	Place-28	-----
SMITH	Jacob	1861	M	32	2675	Place-10	-----
SMITH	Shawn	1861	M	32	2687	Place-6	-----
SMITH	Selina	1861	F	32	2691	Place-7	-----
SMITH	Jim	1861	M	32	2699	Place-4	-----
SMITH	Sheila	1861	F	31	2722	Place-0	-----
SMITH	James	1861	M	31	2731	Place-0	-----
SMITH	James	1861	M	30	2801	Place-0	-----
SMITH	Seonaid	1861	F	29	2836	Place-7	-----
SMITH	Selina	1861	F	28	2856	Place-25	-----
SMITH	Sharon	1861	F	28	2858	Place-15	-----
SMITH	Seonaid	1861	F	28	2873	Place-21	-----
SMITH	Suzanne	1861	F	28	2878	Place-23	-----
SMITH	Suzanne	1861	F	28	2897	Place-5	-----
SMITH	Shawn	1861	M	27	2934	Place-28	-----
SMITH	Briony	1861	F	27	2936	Place-21	-----
SMITH	Jim	1861	M	27	2964	Place-13	-----
SMITH	Bob	1861	M	27	2968	Place-21	-----
SMITH	Seonaid	1861	F	26	2985	Place-0	-----
SMITH	Joseph	1861	M	26	2997	Place-26	-----
SMITH	Jacob	1861	M	26	3009	Place-1	-----
SMITH	Jim	1861	M	26	3027	Place-22	-----
SMITH	Briony	1861	F	25	3052	Place-12	-----
SMITH	Briony	1861	F	25	3054	Place-11	-----
SMITH	Sharon	1861	F	25	3058	Place-3	-----
SMITH	Seonaid	1861	F	25	3062	Place-19	-----
SMITH	Sharon	1861	F	25	3064	Place-25	-----
SMITH	Seonaid	1861	F	25	3083	Place-24	-----
SMITH	Jim	1861	M	25	3084	Place-28	-----
SMITH	Sarah	1861	F	25	3086	Place-27	-----
SMITH	Jim	1861	M	25	3087	Place-22	-----
SMITH	Selina	1861	F	24	3120	Place-8	-----
SMITH	Paulo	1861	M	24	3141	Place-28	-----
SMITH	Paulo	1861	M	24	3144	Place-24	-----
SMITH	Bob	1861	M	24	3150	Place-27	-----
SMITH	Joseph	1861	M	24	3151	Place-1	-----
SMITH	Sheila	1861	F	24	3154	Place-10	-----
SMITH	James	1861	M	24	3155	Place-9	-----
SMITH	Jim	1861	M	24	3157	Place-0	-----
SMITH	Suzanne	1861	F	24	3169	Place-19	-----
SMITH	James	1861	M	23	3181	Place-17	-----
SMITH	Seonaid	1861	F	23	3187	Place-27	-----
SMITH	Susan	1861	F	23	3206	Place-10	-----
SMITH	Jim	1861	M	23	3208	Place-22	-----
SMITH	Bob	1861	M	23	3211	Place-11	-----
SMITH	Briony	1861	F	23	3213	Place-5	-----
SMITH	Jacob	1861	M	23	3218	Place-28	-----
SMITH	Suzanne	1861	F	23	3225	Place-21	-----
SMITH	Briony	1861	F	22	3231	Place-0	-----
SMITH	Seonaid	1861	F	22	3241	Place-22	-----
SMITH	Bob	1861	M	22	3250	Place-27	-----
SMITH	Paulo	1861	M	22	3271	Place-18	-----
SMITH	Shawn	1861	M	22	3272	Place-13	-----
SMITH	Jim	1861	M	22	3281	Place-25	-----
SMITH	Jacob	1861	M	22	3283	Place-0	-----
SMITH	Susan	1861	F	21	3313	Place-23	-----
SMITH	Suzanne	1861	F	21	3317	Place-21	-----
SMITH	Suzanne	1861	F	21	3325	Place-10	-----
SMITH	Suzanne	1861	F	21	3329	Place-9	-----
SMITH	Joseph	1861	M	21	3330	Place-14	-----
SMITH	Jim	1861	M	21	3335	Place-25	-----
SMITH	Jim	1861	M	21	3341	Place-26	-----
SMITH	Shawn	1861	M	20	3353	Place-29	-----
SMITH	Sheila	1861	F	20	3355	Place-6	-----
SMITH	Paulo	1861	M	20	3359	Place-11	-----
SMITH	Jim	1861	M	20	3360	Place-0	-----
SMITH	Jacob	1861	M	20	3367	Place-26	-----
SMITH	James	1861	M	20	3369	Place-23	-----
SMITH	Jacob	1861	M	20	3379	Place-22	-----
SMITH	Shawn	1861	M	20	3380	Place-2	-----
SMITH	Selina	1861	F	20	3384	Place-14	-----
SMITH	Jacob	1861	M	20	3393	Place-4	-----
SMITH	Selina	1861	F	20	3395	Place-5	-----
SMITH	Jenkins	1861	M	20	3396	Place-12	-----
SMITH	Sarah	1861	F	20	3398	Place-3	-----
SMITH	Selina	1861	F	20	3400	Place-2	-----
SMITH	Bob	1861	M	19	3413	Place-1	-----
SMITH	James	1861	M	19	3414	Place-25	-----
SMITH	Jacob	1861	M	19	3416	Place-2	-----
SMITH	Joseph	1861	M	19	3420	Place-6	-----
SMITH	Jacob	1861	M	19	3427	Place-4	-----
SMITH	Sarah	1861	F	19	3429	Place-10	-----
SMITH	Briony	1861	F	19	3433	Place-26	-----
SMITH	Briony	1861	F	19	3439	Place-21	-----
SMITH	Joseph	1861	M	19	3443	Place-26	-----
SMITH	James	1861	M	19	3444	Place-23	-----
SMITH	Sharon	1861	F	19	3445	Place-7	-----
SMITH	James	1861	M	19	3449	Place-11	-----
SMITH	Paulo	1861	M	19	3452	Place-23	-----
SMITH	Selina	1861	F	19	3453	Place-5	-----
SMITH	Shawn	1861	M	18	3467	Place-16	-----
SMITH	Briony	1861	F	18	3470	Place-22	-----
SMITH	Sheila	1861	F	18	3472	Place-24	-----
SMITH	Seonaid	1861	F	18	3474	Place-5	-----
SMITH	Sarah	1861	F	18	3475	Place-25	-----
SMITH	Susan	1861	F	18	3477	Place-8	-----
SMITH	Suzanne	1861	F	18	3479	Place-6	-----
SMITH	Briony	1861	F	18	3481	Place-21	-----
SMITH	Paulo	1861	M	18	3483	Place-12	-----
SMITH	Joseph	1861	M	18	3486	Place-4	-----
SMITH	Jim	1861	M	18	3488	Place-9	-----
SMITH	James	1861	M	18	3489	Place-11	-----
SMITH	Sharon	1861	F	18	3491	Place-2	-----
SMITH	Selina	1861	F	18	3492	Place-7	-----
SMITH	Joseph	1861	M	18	3494	Place-23	-----
SMITH	Shawn	1861	M	18	3507	Place-21	-----
SMITH	Jacob	1861	M	18	3509	Place-11	-----
SMITH	Selina	1861	F	18	3511	Place-22	-----
SMITH	Selina	1861	F	18	3513	Place-25	-----
SMITH	Sharon	1861	F	17	3527	Place-28	-----
SMITH	Sheila	1861	F	17	3528	Place-13	-----
SMITH	Sarah	1861	F	17	3529	Place-3	-----
SMITH	Selina	1861	F	17	3530	Place-4	-----
SMITH	Bob	1861	M	17	3531	Place-27	-----
SMITH	Shawn	1861	M	17	3537	Place-6	-----
SMITH	Joseph	1861	M	17	3538	Place-7	-----
SMITH	Sharon	1861	F	17	3539	Place-1	-----
SMITH	Jacob	1861	M	17	3542	Place-28	-----
SMITH	James	1861	M	17	3544	Place-19	-----
SMITH	Jenkins	1861	M	17	3545	Place-0	-----
SMITH	Seonaid	1861	F	17	3546	Place-7	-----
SMITH	Suzanne	1861	F	17	3548	Place-7	-----
SMITH	Seonaid	1861	F	17	3552	Place-26	-----
SMITH	Joseph	1861	M	17	3554	Place-9	-----
SMITH	Sheila	1861	F	17	3561	Place-3	-----
SMITH	Bob	1861	M	17	3563	Place-25	-----
SMITH	Seonaid	1861	F	17	3564	Place-7	-----
SMITH	Shawn	1861	M	17	3567	Place-6	-----
SMITH	Bob	1861	M	17	3568	Place-14	-----
SMITH	Sharon	1861	F	17	3570	Place-17	-----
SMITH	Shawn	1861	M	17	3572	Place-5	-----
SMITH	Briony	1861	F	17	3573	Place-12	-----
SMITH	Shawn	1861	M	17	3575	Place-13	-----
SMITH	Jim	1861	M	17	3577	Place-9	-----
SMITH	Paulo	1861	M	17	3579	Place-5	-----
SMITH	Jacob	1861	M	17	3580	Place-20	-----
SMITH	Jacob	1861	M	17	3581	Place-7	-----
SMITH	Sarah	1861	F	16	3597	Place-1	-----
SMITH	Jenkins	1861	M	16	3603	Place-18	-----
SMITH	Suzanne	1861	F	16	3604	Place-2	-----
SMITH	Joseph	1861	M	16	3609	Place-1	-----
SMITH	Bob	1861	M	16	3610	Place-15	-----
SMITH	Joseph	1861	M	16	3611	Place-17	-----
SMITH	Sarah	1861	F	16	3612	Place-2	-----
SMITH	Jenkins	1861	M	16	3622	Place-6	-----
SMITH	Bob	1861	M	16	3624	Place-27	-----
SMITH	Bob	1861	M	16	3626	Place-22	-----
SMITH	Suzanne	1861	F	16	3631	Place-28	-----
SMITH	Paulo	1861	M	16	3632	Place-7	-----
SMITH	Selina	1861	F	16	3634	Place-6	-----
SMITH	Joseph	1861	M	16	3635	Place-28	-----
SMITH	Seonaid	1861	F	16	3636	Place-22	-----
SMITH	James	1861	M	16	3638	Place-22	-----
SMITH	Suzanne	1861	F	16	3646	Place-21	-----
SMITH	Bob	1861	M	15	3653	Place-12	-----
SMITH	Sheila	1861	F	15	3657	Place-20	-----
SMITH	Jim	1861	M	15	3659	Place-8	-----
SMITH	Seonaid	1861	F	15	3660	Place-1	-----
SMITH	Seonaid	1861	F	15	3661	Place-26	-----
SMITH	Jim	1861	M	15	3662	Place-1	-----
SMITH	Sharon	1861	F	15	3668	Place-2	-----
SMITH	Suzanne	1861	F	15	3675	Place-26	-----
SMITH	Paulo	1861	M	15	3678	Place-23	-----
SMITH	Joseph	1861	M	15	3679	Place-13	-----
SMITH	Shawn	1861	M	15	3683	Place-0	-----
SMITH	Paulo	1861	M	15	3687	Place-17	-----
SMITH	Shawn	1861	M	15	3688	Place-17	-----
SMITH	Joseph	1861	M	15	3689	Place-9	-----
SMITH	Briony	1861	F	15	3690	Place-16	-----
SMITH	Seonaid	1861	F	15	3691	Place-27	-----
SMITH	Selina	1861	F	15	3692	Place-4	-----
SMITH	Jacob	1861	M	15	3693	Place-8	-----
SMITH	Joseph	1861	M	15	3697	Place-20	-----
SMITH	Briony	1861	F	15	3705	Place-16	-----
SMITH	Jenkins	1861	M	15	3709	Place-0	-----
SMITH	Sarah	1861	F	15	3712	Place-28	-----
SMITH	Joseph	1861	M	15	3713	Place-5	-----
SMITH	Briony	1861	F	15	3715	Place-28	-----
SMITH	Seonaid	1861	F	15	3716	Place-18	-----
SMITH	Briony	1861	F	15	3718	Place-18	-----
SMITH	Sheila	1861	F	14	3739	Place-28	-----
SMITH	Bob	1861	M	14	3740	Place-23	-----
SMITH	Jacob	1861	M	14	3744	Place-20	-----
SMITH	Selina	1861	F	14	3745	Place-1	-----
SMITH	Selina	1861	F	14	3746	Place-16	-----
SMITH	Paulo	1861	M	14	3747	Place-27	-----
SMITH	Selina	1861	F	14	3750	Place-22	-----
SMITH	Briony	1861	F	14	3751	Place-23	-----
SMITH	Susan	1861	F	14	3752	Place-21	-----
SMITH	Bob	1861	M	14	3753	Place-7	-----
SMITH	Jenkins	1861	M	14	3759	Place-15	-----
SMITH	Jenkins	1861	M	14	3765	Place-12	-----
SMITH	Briony	1861	F	14	3766	Place-5	-----
SMITH	Jacob	1861	M	14	3767	Place-15	-----
SMITH	Bob	1861	M	14	3768	Place-22	-----
SMITH	Suzanne	1861	F	14	3770	Place-7	-----
SMITH	Briony	1861	F	14	3772	Place-20	-----
SMITH	Sarah	1861	F	14	3773	Place-21	-----
SMITH	Joseph	1861	M	14	3774	Place-7	-----
SMITH	Sarah	1861	F	14	3775	Place-4	-----
SMITH	Jacob	1861	M	14	3778	Place-18	-----
SMITH	Selina	1861	F	14	3779	Place-22	-----
SMITH	Jenkins	1861	M	14	3780	Place-28	-----
SMITH	Seonaid	1861	F	14	3781	Place-18	-----
SMITH	Susan	1861	F	14	3783	Place-1	-----
SMITH	Bob	1861	M	14	3787	Place-5	-----
SMITH	Susan	1861	F	14	3788	Place-8	-----
SMITH	Jenkins	1861	M	13	3799	Place-3	-----
SMITH	Sharon	1861	F	13	3804	Place-5	-----
SMITH	Selina	1861	F	13	3805	Place-2	-----
SMITH	Sharon	1861	F	13	3806	Place-1	-----
SMITH	Selina	1861	F	13	3807	Place-8	-----
SMITH	Paulo	1861	M	13	3808	Place-8	-----
SMITH	Suzanne	1861	F	13	3812	Place-21	-----
SMITH	Seonaid	1861	F	13	3813	Place-6	-----
SMITH	Seonaid	1861	F	13	3814	Place-9	-----
SMITH	Jacob	1861	M	13	3815	Place-15	-----
SMITH	James	1861	M	13	3816	Place-0	-----
SMITH	Suzanne	1861	F	13	3817	Place-20	-----
SMITH	Paulo	1861	M	13	3820	Place-28	-----
SMITH	Suzanne	1861	F	13	3821	Place-15	-----
SMITH	Sharon	1861	F	13	3822	Place-0	-----
SMITH	Susan	1861	F	13	3823	Place-11	-----
SMITH	Bob	1861	M	13	3825	Place-19	-----
SMITH	Seonaid	1861	F	13	3827	Place-15	-----
SMITH	Paulo	1861	M	13	3831	Place-10	-----
SMITH	Briony	1861	F	13	3832	Place-20	-----
SMITH	Sheila	1861	F	13	3834	Place-12	-----
SMITH	Seonaid	1861	F	13	3836	Place-22	-----
SMITH	Seonaid	1861	F	13	3837	Place-9	-----
SMITH	Sheila	1861	F	13	3839	Place-25	-----
SMITH	Paulo	1861	M	13	3842	Place-7	-----
SMITH	Briony	1861	F	13	3843	Place-18	-----
SMITH	Selina	1861	F	12	3856	Place-10	-----
SMITH	Shawn	1861	M	12	3857	Place-17	-----
SMITH	Jenkins	1861	M	12	3859	Place-13	-----
SMITH	Sharon	1861	F	12	3860	Place-20	-----
SMITH	Briony	1861	F	12	3862	Place-23	-----
SMITH	Joseph	1861	M	12	3863	Place-22	-----
SMITH	Sheila	1861	F	12	3864	Place-18	-----
SMITH	Joseph	1861	M	12	3865	Place-4	-----
SMITH	Paulo	1861	M	12	3866	Place-5	-----
SMITH	Jenkins	1861	M	12	3867	Place-26	-----
SMITH	Bob	1861	M	12	3871	Place-9	-----
SMITH	Selina	1861	F	12	3874	Place-26	-----
SMITH	Joseph	1861	M	12	3876	Place-23	-----
SMITH	Joseph	1861	M	12	3878	Place-10	-----
SMITH	James	1861	M	12	3884	Place-12	-----
SMITH	Sarah	1861	F	12	3885	Place-23	-----
SMITH	Bob	1861	M	12	3891	Place-16	-----
SMITH	Sheila	1861	F	12	3896	Place-27	-----
SMITH	Paulo	1861	M	12	3898	Place-19	-----
SMITH	Sharon	1861	F	12	3899	Place-10	-----
SMITH	James	1861	M	12	3901	Place-9	-----
SMITH	Bob	1861	M	12	3904	Place-23	-----
SMITH	Briony	1861	F	12	3907	Place-13	-----
SMITH	Sarah	1861	F	11	3921	Place-21	-----
SMITH	Sharon	1861	F	11	3924	Place-4	-----
SMITH	Jenkins	1861	M	11	3925	Place-29	-----
SMITH	Sarah	1861	F	11	3926	Place-7	-----
SMITH	Jenkins	1861	M	11	3934	Place-14	-----
SMITH	Sheila	1861	F	11	3935	Place-5	-----
SMITH	Joseph	1861	M	11	3936	Place-7	-----
SMITH	Sarah	1861	F	11	3937	Place-4	-----
SMITH	Susan	1861	F	11	3939	Place-12	-----
SMITH	Jenkins	1861	M	11	3940	Place-10	-----
SMITH	Seonaid	1861	F	11	3941	Place-23	-----
SMITH	Briony	1861	F	11	3942	Place-27	-----
SMITH	Shawn	1861	M	11	3943	Place-22	-----
SMITH	Sharon	1861	F	11	3947	Place-24	-----
SMITH	James	1861	M	11	3948	Place-7	-----
SMITH	Paulo	1861	M	11	3951	Place-7	-----
SMITH	Briony	1861	F	11	3953	Place-23	-----
SMITH	Paulo	1861	M	11	3954	Place-26	-----
SMITH	Suzanne	1861	F	11	3955	Place-7	-----
SMITH	Suzanne	1861	F	11	3956	Place-6	-----
SMITH	Joseph	1861	M	11	3959	Place-0	-----
SMITH	Bob	1861	M	11	3960	Place-6	-----
SMITH	Jim	1861	M	11	3963	Place-6	-----
SMITH	Jim	1861	M	11	3965	Place-15	-----
SMITH	Jacob	1861	M	11	3968	Place-23	-----
SMITH	Suzanne	1861	F	11	3970	Place-12	-----
SMITH	Sheila	1861	F	11	3972	Place-7	-----
SMITH	James	1861	M	11	3976	Place-20	-----
SMITH	Briony	1861	F	11	3977	Place-18	-----
SMITH	Suzanne	1861	F	11	3978	Place-6	-----
SMITH	Briony	1861	F	10	3989	Place-5	-----
SMITH	Selina	1861	F	10	3991	Place-22	-----
SMITH	Bob	1861	M	10	3992	Place-26	-----
SMITH	Seonaid	1861	F	10	3993	Place-6	-----
SMITH	Selina	1861	F	10	3995	Place-29	-----
SMITH	Susan	1861	F	10	3997	Place-13	-----
SMITH	James	1861	M	10	3998	Place-28	-----
SMITH	Paulo	1861	M	10	3999	Place-24	-----
SMITH	Selina	1861	F	10	4000	Place-4	-----
SMITH	Susan	1861	F	10	4001	Place-29	-----
SMITH	Sharon	1861	F	10	4005	Place-29	-----
SMITH	Seonaid	1861	F	10	4006	Place-7	-----
SMITH	Jim	1861	M	10	4009	Place-21	-----
SMITH	Shawn	1861	M	10	4012	Place-5	-----
SMITH	Selina	1861	F	10	4013	Place-7	-----
SMITH	Briony	1861	F	10	4014	Place-1	-----
SMITH	Suzanne	1861	F	10	4016	Place-10	-----
SMITH	Paulo	1861	M	10	4018	Place-8	-----
SMITH	Paulo	1861	M	10	4021	Place-9	-----
SMITH	Jim	1861	M	10	4022	Place-23	-----
SMITH	Bob	1861	M	10	4028	Place-16	-----
SMITH	Sharon	1861	F	10	4029	Place-29	-----
SMITH	Briony	1861	F	10	4032	Place-17	-----
SMITH	Bob	1861	M	10	4035	Place-16	-----
SMITH	Sharon	1861	F	10	4037	Place-2	-----
SMITH	Selina	1861	F	10	4038	Place-22	-----
SMITH	Bob	1861	M	10	4039	Place-17	-----
SMITH	Selina	1861	F	10	4041	Place-0	-----
SMITH	Jim	1861	M	9	4049	Place-0	-----
SMITH	Seonaid	1861	F	9	4054	Place-9	-----
SMITH	Jim	1861	M	9	4057	Place-27	-----
SMITH	Seonaid	1861	F	9	4060	Place-8	-----
SMITH	Joseph	1861	M	9	4061	Place-10	-----
SMITH	James	1861	M	9	4063	Place-26	-----
SMITH	Paulo	1861	M	9	4064	Place-6	-----
SMITH	Sharon	1861	F	9	4066	Place-20	-----
SMITH	Bob	1861	M	9	4068	Place-7	-----
SMITH	Jacob	1861	M	9	4069	Place-15	-----
SMITH	Susan	1861	F	9	4070	Place-22	-----
SMITH	Paulo	1861	M	9	4072	Place-20	-----
SMITH	Joseph	1861	M	9	4074	Place-6	-----
SMITH	Selina	1861	F	9	4075	Place-22	-----
SMITH	Suzanne	1861	F	9	4076	Place-7	-----
SMITH	Suzanne	1861	F	9	4079	Place-7	-----
SMITH	Sheila	1861	F	9	4080	Place-23	-----
SMITH	Susan	1861	F	9	4083	Place-13	-----
SMITH	Selina	1861	F	9	4087	Place-27	-----
SMITH	Jenkins	1861	M	9	4088	Place-25	-----
SMITH	Jim	1861	M	9	4089	Place-19	-----
SMITH	Paulo	1861	M	9	4093	Place-23	-----
SMITH	Susan	1861	F	9	4094	Place-23	-----
SMITH	Susan	1861	F	9	4095	Place-9	-----
SMITH	Jacob	1861	M	9	4099	Place-0	-----
SMITH	Sharon	1861	F	9	4100	Place-27	-----
SMITH	James	1861	M	9	4102	Place-26	-----
SMITH	Shawn	1861	M	9	4103	Place-13	-----
SMITH	Bob	1861	M	9	4107	Place-24	-----
SMITH	Sheila	1861	F	9	4108	Place-6	-----
SMITH	Paulo	1861	M	9	4109	Place-3	-----
SMITH	James	1861	M	9	4110	Place-0	-----
SMITH	Suzanne	1861	F	9	4111	Place-4	-----
SMITH	Joseph	1861	M	9	4112	Place-0	-----
SMITH	Sarah	1861	F	8	4120	Place-27	-----
SMITH	James	1861	M	8	4121	Place-18	-----
SMITH	Selina	1861	F	8	4122	Place-24	-----
SMITH	Paulo	1861	M	8	4125	Place-17	-----
SMITH	Paulo	1861	M	8	4126	Place-25	-----
SMITH	Sarah	1861	F	8	4127	Place-22	-----
SMITH	Bob	1861	M	8	4128	Place-2	-----
SMITH	Shawn	1861	M	8	4129	Place-28	-----
SMITH	James	1861	M	8	4130	Place-20	-----
SMITH	Shawn	1861	M	8	4132	Place-9	-----
SMITH	Sheila	1861	F	8	4136	Place-19	-----
SMITH	Shawn	1861	M	8	4137	Place-26	-----
SMITH	Sharon	1861	F	8	4139	Place-6	-----
SMITH	Jacob	1861	M	8	4140	Place-18	-----
SMITH	Sarah	1861	F	8	4143	Place-28	-----
SMITH	Sarah	1861	F	8	4144	Place-24	-----
SMITH	Jacob	1861	M	8	4147	Place-29	-----
SMITH	Shawn	1861	M	8	4148	Place-10	-----
SMITH	Susan	1861	F	8	4150	Place-13	-----
SMITH	Paulo	1861	M	8	4152	Place-23	-----
SMITH	Susan	1861	F	8	4157	Place-16	-----
SMITH	Susan	1861	F	8	4158	Place-25	-----
SMITH	Jacob	1861	M	8	4163	Place-15	-----
SMITH	Seonaid	1861	F	8	4166	Place-6	-----
SMITH	Sharon	1861	F	8	4181	Place-22	-----
SMITH	Suzanne	1861	F	8	4183	Place-24	-----
SMITH	Jenkins	1861	M	8	4184	Place-22	-----
SMITH	Bob	1861	M	8	4186	Place-15	-----
SMITH	Sheila	1861	F	8	4189	Place-28	-----
SMITH	Selina	1861	F	8	4191	Place-15	-----
SMITH	Jacob	1861	M	8	4193	Place-21	-----
SMITH	Shawn	1861	M	7	4204	Place-8	-----
SMITH	Seonaid	1861	F	7	4205	Place-6	-----
SMITH	Sarah	1861	F	7	4206	Place-29	-----
SMITH	Shawn	1861	M	7	4207	Place-1	-----
SMITH	Selina	1861	F	7	4209	Place-20	-----
SMITH	Jenkins	1861	M	7	4210	Place-22	-----
SMITH	Briony	1861	F	7	4212	Place-13	-----
SMITH	Seonaid	1861	F	7	4214	Place-21	-----
SMITH	Jim	1861	M	7	4216	Place-24	-----
SMITH	Susan	1861	F	7	4217	Place-29	-----
SMITH	Jenkins	1861	M	7	4222	Place-3	-----
SMITH	Jacob	1861	M	7	4223	Place-11	-----
SMITH	Joseph	1861	M	7	4224	Place-28	-----
SMITH	James	1861	M	7	4227	Place-5	-----
SMITH	Jim	1861	M	7	4229	Place-21	-----
SMITH	Joseph	1861	M	7	4231	Place-28	-----
SMITH	Paulo	1861	M	7	4232	Place-4	-----
SMITH	Seonaid	1861	F	7	4235	Place-3	-----
SMITH	Sarah	1861	F	7	4238	Place-20	-----
SMITH	Sharon	1861	F	7	4239	Place-20	-----
SMITH	Sarah	1861	F	7	4241	Place-25	-----
SMITH	Jacob	1861	M	7	4242	Place-14	-----
SMITH	Selina	1861	F	7	4243	Place-17	-----
SMITH	Selina	1861	F	7	4246	Place-28	-----
SMITH	Jenkins	1861	M	7	4247	Place-8	-----
SMITH	Paulo	1861	M	7	4248	Place-22	-----
SMITH	Seonaid	1861	F	7	4249	Place-7	-----
SMITH	Suzanne	1861	F	7	4250	Place-10	-----
SMITH	Jenkins	1861	M	7	4251	Place-9	-----
SMITH	Briony	1861	F	7	4252	Place-24	-----
SMITH	James	1861	M	7	4256	Place-14	-----
SMITH	Joseph	1861	M	7	4258	Place-25	-----
SMITH	Bob	1861	M	7	4259	Place-4	-----
SMITH	Sarah	1861	F	7	4260	Place-28	-----
SMITH	Jacob	1861	M	7	4262	Place-19	-----
SMITH	Jacob	1861	M	6	4270	Place-3	-----
SMITH	Briony	1861	F	6	4272	Place-25	-----
SMITH	Jacob	1861	M	6	4273	Place-2	-----
SMITH	Shawn	1861	M	6	4276	Place-6	-----
SMITH	Selina	1861	F	6	4277	Place-1	-----
SMITH	Bob	1861	M	6	4278	Place-24	-----
SMITH	Sarah	1861	F	6	4284	Place-2	-----
SMITH	Sharon	1861	F	6	4285	Place-6	-----
SMITH	Briony	1861	F	6	4288	Place-14	-----
SMITH	Suzanne	1861	F	6	4289	Place-9	-----
SMITH	Joseph	1861	M	6	4290	Place-10	-----
SMITH	Paulo	1861	M	6	4291	Place-26	-----
SMITH	Selina	1861	F	6	4292	Place-19	-----
SMITH	Briony	1861	F	6	4295	Place-21	-----
SMITH	Sharon	1861	F	6	4301	Place-23	-----
SMITH	Jacob	1861	M	6	4302	Place-6	-----
SMITH	James	1861	M	6	4303	Place-22	-----
SMITH	Seonaid	1861	F	6	4304	Place-14	-----
SMITH	Jacob	1861	M	6	4305	Place-21	-----
SMITH	Shawn	1861	M	6	4307	Place-15	-----
SMITH	Jenkins	1861	M	6	4308	Place-24	-----
SMITH	Sarah	1861	F	6	4309	Place-1	-----
SMITH	Sheila	1861	F	6	4312	Place-5	-----
SMITH	Sheila	1861	F	6	4314	Place-29	-----
SMITH	Sarah	1861	F	6	4316	Place-26	-----
SMITH	Paulo	1861	M	6	4320	Place-20	-----
SMITH	Jenkins	1861	M	6	4321	Place-29	-----
SMITH	Shawn	1861	M	6	4322	Place-23	-----
SMITH	Susan	1861	F	6	4324	Place-22	-----
SMITH	Jim	1861	M	6	4326	Place-4	-----
SMITH	Selina	1861	F	6	4331	Place-13	-----
SMITH	Briony	1861	F	6	4334	Place-12	-----
SMITH	Jenkins	1861	M	5	4342	Place-1	-----
SMITH	Sarah	1861	F	5	4343	Place-27	-----
SMITH	Briony	1861	F	5	4345	Place-0	-----
SMITH	Shawn	1861	M	5	4347	Place-9	-----
SMITH	Briony	1861	F	5	4348	Place-0	-----
SMITH	Jenkins	1861	M	5	4349	Place-8	-----
SMITH	Sarah	1861	F	5	4350	Place-25	-----
SMITH	Sheila	1861	F	5	4352	Place-19	-----
SMITH	Suzanne	1861	F	5	4353	Place-16	-----
SMITH	Sarah	1861	F	5	4354	Place-14	-----
SMITH	Briony	1861	F	5	4356	Place-26	-----
SMITH	Shawn	1861	M	5	4357	Place-24	-----
SMITH	Jim	1861	M	5	4359	Place-23	-----
SMITH	Jim	1861	M	5	4360	Place-29	-----
SMITH	Selina	1861	F	5	4361	Place-26	-----
SMITH	Briony	1861	F	5	4363	Place-22	-----
SMITH	Sarah	1861	F	5	4364	Place-13	-----
SMITH	Sheila	1861	F	5	4368	Place-0	-----
SMITH	Bob	1861	M	5	4369	Place-16	-----
SMITH	James	1861	M	5	4370	Place-2	-----
SMITH	Joseph	1861	M	5	4371	Place-19	-----
SMITH	Suzanne	1861	F	5	4373	Place-25	-----
SMITH	Sharon	1861	F	5	4376	Place-1	-----
SMITH	Suzanne	1861	F	5	4377	Place-7	-----
SMITH	Sarah	1861	F	5	4379	Place-4	-----
SMITH	Bob	1861	M	5	4381	Place-27	-----
SMITH	Jim	1861	M	5	4383	Place-25	-----
SMITH	Sheila	1861	F	5	4384	Place-13	-----
SMITH	Sheila	1861	F	5	4386	Place-16	-----
SMITH	Bob	1861	M	5	4387	Place-5	-----
SMITH	Sheila	1861	F	5	4388	Place-18	-----
SMITH	Jim	1861	M	5	4389	Place-26	-----
SMITH	Jacob	1861	M	5	4390	Place-18	-----
SMITH	Selina	1861	F	5	4391	Place-19	-----
SMITH	Sharon	1861	F	5	4392	Place-18	-----
SMITH	Joseph	1861	M	5	4393	Place-27	-----
SMITH	Briony	1861	F	5	4395	Place-25	-----
SMITH	Sheila	1861	F	5	4398	Place-24	-----
SMITH	Jacob	1861	M	4	4410	Place-18	-----
SMITH	Suzanne	1861	F	4	4413	Place-20	-----
SMITH	James	1861	M	4	4414	Place-10	-----
SMITH	Joseph	1861	M	4	4416	Place-11	-----
SMITH	Jenkins	1861	M	4	4417	Place-0	-----
SMITH	Jenkins	1861	M	4	4418	Place-24	-----
SMITH	Briony	1861	F	4	4419	Place-26	-----
SMITH	Susan	1861	F	4	4420	Place-13	-----
SMITH	Briony	1861	F	4	4421	Place-27	-----
SMITH	Paulo	1861	M	4	4423	Place-7	-----
SMITH	Suzanne	1861	F	4	4429	Place-8	-----
SMITH	Jim	1861	M	4	4430	Place-3	-----
SMITH	Paulo	1861	M	4	4431	Place-26	-----
SMITH	Suzanne	1861	F	4	4432	Place-24	-----
SMITH	Susan	1861	F	4	4434	Place-2	-----
SMITH	Joseph	1861	M	4	4436	Place-22	-----
SMITH	Sharon	1861	F	4	4440	Place-6	-----
SMITH	Sharon	1861	F	4	4441	Place-18	-----
SMITH	Bob	1861	M	4	4442	Place-26	-----
SMITH	Sarah	1861	F	4	4443	Place-25	-----
SMITH	Seonaid	1861	F	4	4444	Place-27	-----
SMITH	James	1861	M	4	4446	Place-7	-----
SMITH	Sarah	1861	F	4	4448	Place-6	-----
SMITH	Joseph	1861	M	4	4450	Place-23	-----
SMITH	James	1861	M	4	4451	Place-5	-----
SMITH	Briony	1861	F	4	4453	Place-29	-----
SMITH	Briony	1861	F	4	4454	Place-28	-----
SMITH	Seonaid	1861	F	4	4457	Place-14	-----
SMITH	Briony	1861	F	4	4459	Place-16	-----
SMITH	Joseph	1861	M	4	4461	Place-4	-----
SMITH	Paulo	1861	M	4	4462	Place-24	-----
SMITH	Jim	1861	M	4	4463	Place-1	-----
SMITH	Selina	1861	F	4	4464	Place-25	-----
SMITH	Jacob	1861	M	4	4466	Place-18	-----
SMITH	Shawn	1861	M	4	4468	Place-2	-----
SMITH	Jenkins	1861	M	4	4473	Place-24	-----
SMITH	Jacob	1861	M	4	4476	Place-0	-----
SMITH	Shawn	1861	M	4	4478	Place-0	-----
SMITH	Selina	1861	F	4	4479	Place-1	-----
SMITH	Seonaid	1861	F	4	4480	Place-25	-----
SMITH	Susan	1861	F	4	4483	Place-3	-----
SMITH	Sarah	1861	F	4	4484	Place-22	-----
SMITH	Suzanne	1861	F	4	4487	Place-5	-----
SMITH	Bob	1861	M	3	4497	Place-8	-----
SMITH	Selina	1861	F	3	4498	Place-21	-----
SMITH	Paulo	1861	M	3	4501	Place-20	-----
SMITH	Selina	1861	F	3	4502	Place-16	-----
SMITH	Bob	1861	M	3	4503	Place-4	-----
SMITH	Suzanne	1861	F	3	4504	Place-23	-----
SMITH	Selina	1861	F	3	4505	Place-12	-----
SMITH	Susan	1861	F	3	4506	Place-12	-----
SMITH	Joseph	1861	M	3	4509	Place-23	-----
SMITH	Sheila	1861	F	3	4510	Place-24	-----
SMITH	Susan	1861	F	3	4512	Place-27	-----
SMITH	Selina	1861	F	3	4513	Place-27	-----
SMITH	Shawn	1861	M	3	4515	Place-20	-----
SMITH	Shawn	1861	M	3	4517	Place-24	-----
SMITH	Susan	1861	F	3	4518	Place-12	-----
SMITH	Bob	1861	M	3	4519	Place-11	-----
SMITH	Sheila	1861	F	3	4521	Place-1	-----
SMITH	Selina	1861	F	3	4522	Place-8	-----
SMITH	Bob	1861	M	3	4523	Place-14	-----
SMITH	Briony	1861	F	3	4524	Place-0	-----
SMITH	Suzanne	1861	F	3	4525	Place-10	-----
SMITH	Suzanne	1861	F	3	4526	Place-6	-----
SMITH	James	1861	M	3	4527	Place-1	-----
SMITH	Sheila	1861	F	3	4528	Place-4	-----
SMITH	Bob	1861	M	3	4529	Place-2	-----
SMITH	Suzanne	1861	F	3	4530	Place-6	-----
SMITH	Seonaid	1861	F	3	4531	Place-27	-----
SMITH	Suzanne	1861	F	3	4532	Place-21	-----
SMITH	Sharon	1861	F	3	4536	Place-0	-----
SMITH	Sheila	1861	F	3	4537	Place-24	-----
SMITH	Briony	1861	F	3	4538	Place-20	-----
SMITH	Susan	1861	F	3	4539	Place-1	-----
SMITH	Seonaid	1861	F	3	4540	Place-14	-----
SMITH	Shawn	1861	M	3	4542	Place-13	-----
SMITH	Shawn	1861	M	3	4543	Place-15	-----
SMITH	Paulo	1861	M	3	4546	Place-14	-----
SMITH	James	1861	M	3	4547	Place-17	-----
SMITH	Jim	1861	M	3	4548	Place-29	-----
SMITH	Jacob	1861	M	3	4549	Place-9	-----
SMITH	Sarah	1861	F	3	4550	Place-12	-----
SMITH	Briony	1861	F	3	4551	Place-15	-----
SMITH	Sharon	1861	F	3	4553	Place-7	-----
SMITH	Sharon	1861	F	3	4554	Place-1	-----
SMITH	Paulo	1861	M	3	4556	Place-18	-----
SMITH	Suzanne	1861	F	3	4559	Place-1	-----
SMITH	Selina	1861	F	3	4563	Place-1	-----
SMITH	Suzanne	1861	F	2	4570	Place-15	-----
SMITH	Sheila	1861	F	2	4571	Place-28	-----
SMITH	Briony	1861	F	2	4572	Place-25	-----
SMITH	Briony	1861	F	2	4573	Place-12	-----
SMITH	Jenkins	1861	M	2	4574	Place-13	-----
SMITH	Sharon	1861	F	2	4575	Place-19	-----
SMITH	Briony	1861	F	2	4578	Place-23	-----
SMITH	Bob	1861	M	2	4579	Place-16	-----
SMITH	Selina	1861	F	2	4580	Place-29	-----
SMITH	Sheila	1861	F	2	4581	Place-7	-----
SMITH	Sarah	1861	F	2	4582	Place-11	-----
SMITH	Jenkins	1861	M	2	4584	Place-24	-----
SMITH	Joseph	1861	M	2	4587	Place-5	-----
SMITH	Shawn	1861	M	2	4588	Place-8	-----
SMITH	Selina	1861	F	2	4592	Place-12	-----
SMITH	Susan	1861	F	2	4593	Place-25	-----
SMITH	Jenkins	1861	M	2	4594	Place-21	-----
SMITH	Sharon	1861	F	2	4596	Place-20	-----
SMITH	Paulo	1861	M	2	4598	Place-20	-----
SMITH	Shawn	1861	M	2	4599	Place-12	-----
SMITH	Sheila	1861	F	2	4601	Place-17	-----
SMITH	Susan	1861	F	2	4602	Place-17	-----
SMITH	Shawn	1861	M	2	4604	Place-9	-----
SMITH	Suzanne	1861	F	2	4605	Place-25	-----
SMITH	Jim	1861	M	2	4606	Place-0	-----
SMITH	Joseph	1861	M	2	4608	Place-1	-----
SMITH	Joseph	1861	M	2	4609	Place-14	-----
SMITH	Susan	1861	F	2	4610	Place-9	-----
SMITH	Jim	1861	M	2	4612	Place-4	-----
SMITH	Paulo	1861	M	2	4615	Place-15	-----
SMITH	Sharon	1861	F	2	4616	Place-6	-----
SMITH	Jenkins	1861	M	2	4620	Place-15	-----
SMITH	Paulo	1861	M	2	4622	Place-29	-----
SMITH	Selina	1861	F	2	4623	Place-20	-----
SMITH	Paulo	1861	M	2	4624	Place-11	-----
SMITH	Sharon	1861	F	2	4626	Place-25	-----
SMITH	Jacob	1861	M	2	4627	Place-28	-----
SMITH	Susan	1861	F	2	4628	Place-22	-----
SMITH	Seonaid	1861	F	2	4629	Place-28	-----
SMITH	Seonaid	1861	F	2	4630	Place-26	-----
SMITH	Jacob	1861	M	1	4640	Place-13	-----
SMITH	Joseph	1861	M	1	4642	Place-21	-----
SMITH	Jacob	1861	M	1	4643	Place-29	-----
SMITH	Suzanne	1861	F	1	4644	Place-18	-----
SMITH	Jim	1861	M	1	4645	Place-3	-----
SMITH	Sharon	1861	F	1	4646	Place-12	-----
SMITH	Susan	1861	F	1	4647	Place-9	-----
SMITH	Jacob	1861	M	1	4649	Place-15	-----
SMITH	Briony	1861	F	1	4650	Place-16	-----
SMITH	Sheila	1861	F	1	4651	Place-15	-----
SMITH	Shawn	1861	M	1	4652	Place-25	-----
SMITH	Jenkins	1861	M	1	4653	Place-13	-----
SMITH	Sharon	1861	F	1	4654	Place-24	-----
SMITH	Seonaid	1861	F	1	4655	Place-8	-----
SMITH	Jim	1861	M	1	4656	Place-16	-----
SMITH	Selina	1861	F	1	4657	Place-18	-----
SMITH	Bob	1861	M	1	4658	Place-4	-----
SMITH	Sarah	1861	F	1	4659	Place-10	-----
SMITH	James	1861	M	1	4660	Place-17	-----
SMITH	Suzanne	1861	F	1	4662	Place-18	-----
SMITH	Sheila	1861	F	1	4663	Place-11	-----
SMITH	Jenkins	1861	M	1	4665	Place-26	-----
SMITH	Bob	1861	M	1	4666	Place-12	-----
SMITH	Jim	1861	M	1	4667	Place-7	-----
SMITH	Jenkins	1861	M	1	4669	Place-21	-----
SMITH	Briony	1861	F	1	4670	Place-6	-----
SMITH	Seonaid	1861	F	1	4671	Place-14	-----
SMITH	Sarah	1861	F	1	4674	Place-23	-----
SMITH	Jim	1861	M	1	4675	Place-8	-----
SMITH	Suzanne	1861	F	1	4676	Place-21	-----
SMITH	Joseph	1861	M	1	4678	Place-17	-----
SMITH	Paulo	1861	M	1	4679	Place-6	-----
SMITH	Jacob	1861	M	1	4680	Place-24	-----
SMITH	Susan	1861	F	1	4681	Place-25	-----
SMITH	Jim	1861	M	1	4684	Place-17	-----
SMITH	Jacob	1861	M	1	4685	Place-21	-----
SMITH	Briony	1861	F	1	4686	Place-3	-----
SMITH	Sheila	1861	F	1	4687	Place-29	-----
SMITH	Paulo	1861	M	1	4690	Place-0	-----
SMITH	Jenkins	1861	M	1	4691	Place-25	-----
SMITH	Selina	1861	F	1	4692	Place-13	-----
SMITH	Paulo	1861	M	1	4693	Place-11	-----
SMITH	Jenkins	1861	M	1	4694	Place-6	-----
SMITH	Seonaid	1861	F	1	4695	Place-10	-----
SMITH	Suzanne	1861	F	1	4696	Place-7	-----
SMITH	Paulo	1861	M	1	4697	Place-28	-----
SMITH	Shawn	1861	M	1	4698	Place-4	-----
SMITH	Seonaid	1861	F	1	4699	Place-23	-----
SMITH	Susan	1861	F	1	4700	Place-5	-----
SMITH	Sarah	1861	F	1	4701	Place-22	-----
SMITH	Shawn	1861	M	1	4702	Place-12	-----
SMITH	Joseph	1861	M	1	4703	Place-28	-----
SMITH	Jim	1861	M	1	4704	Place-18	-----
SMITH	Bob	1861	M	1	4705	Place-26	-----
SMITH	Sharon	1861	F	1	4706	Place-22	-----
SMITH	Shawn	1861	M	1	4707	Place-21	-----
SMITH	Sharon	1861	F	1	4708	Place-22	-----
SMITH	Shawn	1861	M	1	4709	Place-18	-----
SMITH	Sheila	1861	F	1	4710	Place-13	-----
SMITH	Jacob	1861	M	1	4711	Place-6	-----
SMITH	Paulo	1861	M	1	4713	Place-26	-----
SMITH	Selina	1861	F	1	4714	Place-12	-----
SMITH	Briony	1871	F	20	5567	Place-23	-----
SMITH	Sarah	1871	F	25	5568	Place-23	-----
SMITH	Sarah	1871	F	29	5569	Place-8	-----
SMITH	Sarah	1871	F	43	5570	Place-13	-----
SMITH	Sharon	1871	F	19	5571	Place-28	-----
SMITH	Sharon	1871	F	59	5572	Place-19	-----
SMITH	James	1871	M	55	2099	Place-28	-----
SMITH	Shawn	1871	M	50	2299	Place-16	-----
SMITH	Briony	1871	F	55	4946	Place-16	-----
SMITH	Shawn	1871	M	19	4062	Place-8	-----
SMITH	Joseph	1871	M	26	3635	Place-14	-----
SMITH	Bob	1871	M	20	4028	Place-4	-----
SMITH	Sarah	1871	F	28	5200	Place-9	-----
SMITH	Sheila	1871	F	19	4108	Place-3	-----
SMITH	Seonaid	1871	F	34	5025	Place-3	-----
SMITH	Seonaid	1871	F	19	4060	Place-9	-----
SMITH	Briony	1871	F	28	5290	Place-3	-----
SMITH	Susan	1871	F	36	2993	Place-13	-----
SMITH	Sheila	1871	F	28	3472	Place-24	-----
SMITH	James	1871	M	46	2476	Place-2	-----
SMITH	Bob	1871	M	33	3210	Place-26	-----
SMITH	Shawn	1871	M	25	3683	Place-19	-----
SMITH	Suzanne	1871	F	21	3955	Place-28	-----
SMITH	Bob	1871	M	20	3992	Place-23	-----
SMITH	Jim	1871	M	8	4925	Place-29	-----
SMITH	Jim	1871	M	48	2394	Place-12	-----
SMITH	Bob	1871	M	21	3960	Place-7	-----
SMITH	Selina	1871	F	43	5108	Place-20	-----
SMITH	Shawn	1871	M	55	2106	Place-9	-----
SMITH	Bob	1871	M	25	3653	Place-19	-----
SMITH	Shawn	1871	M	55	2109	Place-28	-----
SMITH	Jim	1871	M	29	3412	Place-18	-----
SMITH	Paulo	1871	M	45	2557	Place-19	-----
SMITH	Seonaid	1871	F	32	3265	Place-3	-----
SMITH	Jacob	1871	M	29	3416	Place-19	-----
SMITH	Paulo	1871	M	28	3483	Place-19	-----
SMITH	Jim	1871	M	34	3107	Place-1	-----
SMITH	Jenkins	1871	M	31	3292	Place-15	-----
SMITH	Jim	1871	M	55	2117	Place-11	-----
SMITH	Jim	1871	M	52	2247	Place-28	-----
SMITH	Seonaid	1871	F	28	3474	Place-25	-----
SMITH	Sharon	1871	F	27	3578	Place-0	-----
SMITH	Jenkins	1871	M	25	3709	Place-23	-----
SMITH	Jenkins	1871	M	38	2872	Place-24	-----
SMITH	Jim	1871	M	51	2283	Place-0	-----
SMITH	Susan	1871	F	21	3929	Place-18	-----
SMITH	Joseph	1871	M	52	2219	Place-2	-----
SMITH	Shawn	1871	M	39	2832	Place-17	-----
SMITH	Sarah	1871	F	34	3162	Place-5	-----
SMITH	Joseph	1871	M	46	2483	Place-10	-----
SMITH	Bob	1871	M	45	2552	Place-13	-----
SMITH	Sheila	1871	F	55	2094	Place-25	-----
SMITH	Bob	1871	M	25	3676	Place-18	-----
SMITH	Shawn	1871	M	51	2267	Place-4	-----
SMITH	Shawn	1871	M	37	2934	Place-27	-----
SMITH	Jim	1871	M	35	3084	Place-29	-----
SMITH	Joseph	1871	M	34	3151	Place-29	-----
SMITH	Seonaid	1871	F	33	3187	Place-25	-----
SMITH	Shawn	1871	M	27	3537	Place-28	-----
SMITH	Joseph	1871	M	25	3679	Place-22	-----
SMITH	Bob	1871	M	24	3740	Place-15	-----
SMITH	Susan	1871	F	24	3788	Place-19	-----
SMITH	Sharon	1871	F	22	3899	Place-3	-----
SMITH	Joseph	1871	M	21	3936	Place-12	-----
SMITH	James	1871	M	20	3998	Place-9	-----
SMITH	Paulo	1871	M	19	4093	Place-13	-----
SMITH	Sheila	1871	F	18	4136	Place-22	-----
SMITH	Jacob	1871	M	18	4147	Place-2	-----
SMITH	Selina	1871	F	18	4191	Place-7	-----
SMITH	Sarah	1871	F	17	4241	Place-21	-----
SMITH	Joseph	1871	M	11	4678	Place-23	-----
SMITH	James	1871	M	8	4915	Place-14	-----
SMITH	Sheila	1871	F	6	5060	Place-14	-----
SMITH	Jenkins	1871	M	6	5078	Place-4	-----
SMITH	Sharon	1871	F	4	5243	Place-6	-----
SMITH	Sharon	1871	F	3	5306	Place-28	-----
SMITH	Sharon	1871	F	3	5327	Place-15	-----
SMITH	Jenkins	1871	M	1	5482	Place-3	-----
SMITH	Shawn	1871	M	1	5521	Place-3	-----
SMITH	Susan	1871	F	25	5472	Place-8	-----
SMITH	Sarah	1871	F	25	5473	Place-23	-----
SMITH	Sharon	1871	F	32	5474	Place-23	-----
SMITH	Susan	1871	F	29	5475	Place-13	-----
SMITH	Susan	1871	F	24	5476	Place-18	-----
SMITH	Susan	1871	F	20	5477	Place-13	-----
SMITH	Sheila	1871	F	33	5478	Place-24	-----
SMITH	Sarah	1871	F	46	5479	Place-16	-----
SMITH	Sharon	1871	F	30	5481	Place-29	-----
SMITH	Briony	1871	F	24	5374	Place-14	-----
SMITH	Suzanne	1871	F	49	2344	Place-13	-----
SMITH	Bob	1871	M	42	2689	Place-5	-----
SMITH	Susan	1871	F	47	2434	Place-4	-----
SMITH	Briony	1871	F	29	3439	Place-4	-----
SMITH	Shawn	1871	M	27	3572	Place-25	-----
SMITH	Selina	1871	F	36	5285	Place-6	-----
SMITH	Sarah	1871	F	47	5288	Place-4	-----
SMITH	James	1871	M	28	3489	Place-2	-----
SMITH	Briony	1871	F	48	2393	Place-1	-----
SMITH	Suzanne	1871	F	23	3812	Place-2	-----
SMITH	Jenkins	1871	M	21	3925	Place-23	-----
SMITH	Susan	1871	F	23	5191	Place-13	-----
SMITH	Sharon	1871	F	27	5194	Place-11	-----
SMITH	Briony	1871	F	44	4266	Place-27	-----
SMITH	Shawn	1871	M	47	2449	Place-25	-----
SMITH	Sharon	1871	F	38	2858	Place-11	-----
SMITH	Seonaid	1871	F	26	5118	Place-14	-----
SMITH	Sarah	1871	F	47	2436	Place-16	-----
SMITH	Selina	1871	F	33	4631	Place-19	-----
SMITH	Jim	1871	M	30	3360	Place-9	-----
SMITH	Susan	1871	F	56	2973	Place-29	-----
SMITH	Susan	1871	F	51	2274	Place-0	-----
SMITH	Susan	1871	F	39	2809	Place-2	-----
SMITH	James	1871	M	40	2801	Place-14	-----
SMITH	Joseph	1871	M	24	3774	Place-17	-----
SMITH	Sheila	1871	F	55	3590	Place-26	-----
SMITH	Sharon	1871	F	53	2182	Place-21	-----
SMITH	Suzanne	1871	F	36	2996	Place-5	-----
SMITH	Jenkins	1871	M	18	4131	Place-3	-----
SMITH	Joseph	1871	M	42	2668	Place-29	-----
SMITH	Jim	1871	M	23	3809	Place-4	-----
SMITH	Suzanne	1871	F	46	4263	Place-29	-----
SMITH	James	1871	M	34	3111	Place-10	-----
SMITH	Jim	1871	M	44	2610	Place-7	-----
SMITH	Sheila	1871	F	25	3666	Place-27	-----
SMITH	Seonaid	1871	F	39	2836	Place-22	-----
SMITH	Jacob	1871	M	29	3427	Place-8	-----
SMITH	James	1871	M	29	3444	Place-8	-----
SMITH	Jacob	1871	M	27	3581	Place-18	-----
SMITH	Sarah	1871	F	26	3612	Place-5	-----
SMITH	Shawn	1871	M	25	3688	Place-7	-----
SMITH	Joseph	1871	M	25	3713	Place-17	-----
SMITH	Seonaid	1871	F	23	3836	Place-9	-----
SMITH	Paulo	1871	M	20	4018	Place-23	-----
SMITH	Jim	1871	M	19	4049	Place-6	-----
SMITH	Paulo	1871	M	18	4125	Place-16	-----
SMITH	Bob	1871	M	18	4128	Place-25	-----
SMITH	Jacob	1871	M	16	4270	Place-11	-----
SMITH	Briony	1871	F	16	4295	Place-20	-----
SMITH	Susan	1871	F	13	4512	Place-28	-----
SMITH	Seonaid	1871	F	11	4695	Place-15	-----
SMITH	Shawn	1871	M	8	4921	Place-11	-----
SMITH	Jacob	1871	M	4	5204	Place-16	-----
SMITH	Selina	1871	F	2	5401	Place-17	-----
SMITH	Briony	1871	F	2	5466	Place-3	-----
SMITH	Sheila	1871	F	34	5375	Place-27	-----
SMITH	Selina	1871	F	27	5376	Place-23	-----
SMITH	Briony	1871	F	46	5377	Place-12	-----
SMITH	Selina	1871	F	25	5378	Place-21	-----
SMITH	Selina	1871	F	40	5379	Place-2	-----
SMITH	Sharon	1871	F	34	5380	Place-4	-----
SMITH	Susan	1871	F	30	5381	Place-26	-----
SMITH	Sharon	1871	F	22	5382	Place-13	-----
SMITH	Selina	1871	F	54	2169	Place-4	-----
SMITH	Jim	1871	M	54	2131	Place-15	-----
SMITH	Paulo	1871	M	25	3687	Place-8	-----
SMITH	Joseph	1871	M	25	3689	Place-10	-----
SMITH	Joseph	1871	M	25	3697	Place-23	-----
SMITH	Selina	1871	F	20	4013	Place-12	-----
SMITH	Briony	1871	F	45	5192	Place-8	-----
SMITH	Sarah	1871	F	33	4409	Place-2	-----
SMITH	Sharon	1871	F	38	2867	Place-21	-----
SMITH	Jim	1871	M	32	3270	Place-23	-----
SMITH	Sarah	1871	F	34	4633	Place-4	-----
SMITH	Seonaid	1871	F	25	3660	Place-3	-----
SMITH	Jacob	1871	M	49	2358	Place-19	-----
SMITH	Sharon	1871	F	28	3491	Place-27	-----
SMITH	Sarah	1871	F	34	4495	Place-6	-----
SMITH	Jacob	1871	M	36	3009	Place-26	-----
SMITH	James	1871	M	32	3260	Place-28	-----
SMITH	Sheila	1871	F	48	2396	Place-3	-----
SMITH	Sarah	1871	F	28	3475	Place-19	-----
SMITH	Jim	1871	M	37	2947	Place-28	-----
SMITH	Jacob	1871	M	37	2944	Place-13	-----
SMITH	Bob	1871	M	24	3769	Place-17	-----
SMITH	Seonaid	1871	F	33	4564	Place-24	-----
SMITH	Jim	1871	M	49	2355	Place-4	-----
SMITH	Joseph	1871	M	42	2654	Place-12	-----
SMITH	Sharon	1871	F	44	3982	Place-25	-----
SMITH	Jacob	1871	M	37	2960	Place-25	-----
SMITH	Selina	1871	F	42	3919	Place-18	-----
SMITH	Jenkins	1871	M	47	2421	Place-19	-----
SMITH	Jacob	1871	M	42	2675	Place-12	-----
SMITH	Jim	1871	M	35	3087	Place-7	-----
SMITH	Bob	1871	M	33	3211	Place-5	-----
SMITH	Briony	1871	F	33	3213	Place-0	-----
SMITH	Suzanne	1871	F	31	3329	Place-28	-----
SMITH	Joseph	1871	M	26	3611	Place-18	-----
SMITH	Suzanne	1871	F	26	3631	Place-4	-----
SMITH	Suzanne	1871	F	25	3675	Place-0	-----
SMITH	Sheila	1871	F	24	3739	Place-19	-----
SMITH	Seonaid	1871	F	24	3781	Place-27	-----
SMITH	Suzanne	1871	F	23	3821	Place-3	-----
SMITH	Seonaid	1871	F	23	3837	Place-13	-----
SMITH	Sheila	1871	F	23	3839	Place-19	-----
SMITH	Briony	1871	F	21	3942	Place-1	-----
SMITH	Shawn	1871	M	21	3943	Place-3	-----
SMITH	Paulo	1871	M	20	3999	Place-5	-----
SMITH	Sharon	1871	F	20	4037	Place-7	-----
SMITH	Selina	1871	F	20	4041	Place-13	-----
SMITH	James	1871	M	18	4130	Place-1	-----
SMITH	James	1871	M	10	4766	Place-4	-----
SMITH	James	1871	M	7	5016	Place-22	-----
SMITH	Seonaid	1871	F	5	5142	Place-4	-----
SMITH	Seonaid	1871	F	38	5280	Place-7	-----
SMITH	Suzanne	1871	F	22	5281	Place-18	-----
SMITH	Selina	1871	F	34	5282	Place-16	-----
SMITH	Sheila	1871	F	27	5284	Place-23	-----
SMITH	Sarah	1871	F	37	5286	Place-20	-----
SMITH	Selina	1871	F	55	5287	Place-0	-----
SMITH	Seonaid	1871	F	29	5289	Place-6	-----
SMITH	Sheila	1871	F	25	5291	Place-13	-----
SMITH	Suzanne	1871	F	55	5193	Place-2	-----
SMITH	Sharon	1871	F	28	5195	Place-2	-----
SMITH	Sheila	1871	F	44	4493	Place-15	-----
SMITH	Seonaid	1871	F	50	5032	Place-6	-----
SMITH	Jacob	1871	M	33	3190	Place-21	-----
SMITH	Bob	1871	M	38	2893	Place-7	-----
SMITH	James	1871	M	34	3117	Place-12	-----
SMITH	James	1871	M	33	3181	Place-23	-----
SMITH	Paulo	1871	M	29	3452	Place-8	-----
SMITH	Jim	1871	M	29	3407	Place-24	-----
SMITH	Jenkins	1871	M	60	1880	Place-22	-----
SMITH	Seonaid	1871	F	44	2594	Place-9	-----
SMITH	Selina	1871	F	24	3750	Place-3	-----
SMITH	Sarah	1871	F	44	2605	Place-2	-----
SMITH	Jenkins	1871	M	24	3765	Place-24	-----
SMITH	Jim	1871	M	21	3965	Place-29	-----
SMITH	Suzanne	1871	F	39	2820	Place-22	-----
SMITH	Bob	1871	M	46	2463	Place-21	-----
SMITH	Bob	1871	M	37	2916	Place-25	-----
SMITH	Selina	1871	F	47	2430	Place-4	-----
SMITH	Bob	1871	M	32	3250	Place-13	-----
SMITH	Seonaid	1871	F	23	3814	Place-3	-----
SMITH	Sarah	1871	F	58	1966	Place-29	-----
SMITH	James	1871	M	26	3638	Place-28	-----
SMITH	Jenkins	1871	M	12	4584	Place-7	-----
SMITH	Jacob	1871	M	33	3220	Place-26	-----
SMITH	Shawn	1871	M	27	3567	Place-9	-----
SMITH	Sheila	1871	F	47	2414	Place-16	-----
SMITH	Jim	1871	M	28	3515	Place-25	-----
SMITH	Paulo	1871	M	38	2898	Place-29	-----
SMITH	Paulo	1871	M	42	2674	Place-3	-----
SMITH	James	1871	M	36	2992	Place-22	-----
SMITH	Jenkins	1871	M	40	2788	Place-6	-----
SMITH	Paulo	1871	M	32	3271	Place-2	-----
SMITH	Briony	1871	F	27	3573	Place-0	-----
SMITH	Bob	1871	M	26	3610	Place-8	-----
SMITH	Bob	1871	M	26	3626	Place-19	-----
SMITH	Briony	1871	F	24	3766	Place-27	-----
SMITH	Sarah	1871	F	24	3775	Place-23	-----
SMITH	Sharon	1871	F	23	3804	Place-15	-----
SMITH	Sharon	1871	F	23	3806	Place-20	-----
SMITH	James	1871	M	23	3816	Place-2	-----
SMITH	Paulo	1871	M	23	3831	Place-1	-----
SMITH	Joseph	1871	M	22	3876	Place-18	-----
SMITH	Bob	1871	M	22	3891	Place-0	-----
SMITH	Paulo	1871	M	22	3898	Place-26	-----
SMITH	James	1871	M	22	3901	Place-26	-----
SMITH	Sarah	1871	F	21	3926	Place-3	-----
SMITH	Jenkins	1871	M	21	3934	Place-2	-----
SMITH	Joseph	1871	M	21	3959	Place-11	-----
SMITH	Selina	1871	F	20	3991	Place-1	-----
SMITH	Jenkins	1871	M	17	4210	Place-11	-----
SMITH	Jim	1871	M	14	4430	Place-20	-----
SMITH	Suzanne	1871	F	12	4570	Place-28	-----
SMITH	Suzanne	1871	F	11	4662	Place-16	-----
SMITH	Briony	1871	F	9	4835	Place-6	-----
SMITH	Jacob	1871	M	7	4962	Place-16	-----
SMITH	Jacob	1871	M	4	5265	Place-26	-----
SMITH	Briony	1871	F	34	5189	Place-9	-----
SMITH	Susan	1871	F	30	5190	Place-11	-----
SMITH	Briony	1871	F	34	5196	Place-17	-----
SMITH	Sarah	1871	F	42	5197	Place-19	-----
SMITH	Sheila	1871	F	44	5198	Place-29	-----
SMITH	Suzanne	1871	F	37	5109	Place-7	-----
SMITH	Seonaid	1871	F	33	5115	Place-23	-----
SMITH	Seonaid	1871	F	60	4948	Place-8	-----
SMITH	Sarah	1871	F	37	2933	Place-26	-----
SMITH	Briony	1871	F	55	3406	Place-21	-----
SMITH	Jim	1871	M	31	3335	Place-6	-----
SMITH	Sharon	1871	F	42	4788	Place-16	-----
SMITH	Bob	1871	M	45	2523	Place-1	-----
SMITH	Seonaid	1871	F	41	2734	Place-16	-----
SMITH	Joseph	1871	M	29	3443	Place-3	-----
SMITH	Sarah	1871	F	28	4945	Place-1	-----
SMITH	Sarah	1871	F	54	3649	Place-29	-----
SMITH	Sarah	1871	F	28	4855	Place-26	-----
SMITH	Briony	1871	F	37	4264	Place-26	-----
SMITH	Paulo	1871	M	34	3165	Place-11	-----
SMITH	Paulo	1871	M	40	2769	Place-28	-----
SMITH	Sheila	1871	F	33	4785	Place-15	-----
SMITH	Jim	1871	M	35	3081	Place-28	-----
SMITH	Paulo	1871	M	30	3351	Place-11	-----
SMITH	Susan	1871	F	53	3794	Place-11	-----
SMITH	Shawn	1871	M	45	2516	Place-2	-----
SMITH	Shawn	1871	M	30	3358	Place-10	-----
SMITH	Seonaid	1871	F	28	3505	Place-19	-----
SMITH	Jenkins	1871	M	28	3514	Place-11	-----
SMITH	Sarah	1871	F	39	4567	Place-20	-----
SMITH	Susan	1871	F	36	4569	Place-2	-----
SMITH	Joseph	1871	M	47	2407	Place-14	-----
SMITH	Seonaid	1871	F	46	2488	Place-28	-----
SMITH	Jim	1871	M	36	3027	Place-10	-----
SMITH	Seonaid	1871	F	35	3062	Place-22	-----
SMITH	Suzanne	1871	F	26	3646	Place-14	-----
SMITH	Jim	1871	M	25	3659	Place-9	-----
SMITH	Jim	1871	M	25	3662	Place-7	-----
SMITH	Briony	1871	F	24	3751	Place-12	-----
SMITH	Jacob	1871	M	24	3778	Place-5	-----
SMITH	Jenkins	1871	M	23	3799	Place-24	-----
SMITH	Bob	1871	M	22	3871	Place-24	-----
SMITH	Paulo	1871	M	21	3951	Place-2	-----
SMITH	Susan	1871	F	14	4483	Place-21	-----
SMITH	Jenkins	1871	M	11	4691	Place-4	-----
SMITH	Shawn	1871	M	11	4702	Place-21	-----
SMITH	Sarah	1871	F	8	4904	Place-15	-----
SMITH	Sheila	1871	F	7	5011	Place-12	-----
SMITH	Sheila	1871	F	45	5111	Place-25	-----
SMITH	Suzanne	1871	F	52	5113	Place-8	-----
SMITH	Suzanne	1871	F	33	5030	Place-17	-----
SMITH	James	1871	M	36	2986	Place-2	-----
SMITH	Suzanne	1871	F	41	2706	Place-1	-----
SMITH	Susan	1871	F	29	4854	Place-21	-----
SMITH	Sheila	1871	F	34	4857	Place-23	-----
SMITH	Jim	1871	M	42	2661	Place-6	-----
SMITH	Paulo	1871	M	38	2875	Place-26	-----
SMITH	Jenkins	1871	M	26	3603	Place-28	-----
SMITH	Seonaid	1871	F	59	4717	Place-6	-----
SMITH	Sheila	1871	F	52	4632	Place-6	-----
SMITH	James	1871	M	30	3399	Place-7	-----
SMITH	Shawn	1871	M	34	3103	Place-4	-----
SMITH	Joseph	1871	M	43	2639	Place-19	-----
SMITH	Paulo	1871	M	43	2644	Place-20	-----
SMITH	Seonaid	1871	F	36	3007	Place-24	-----
SMITH	James	1871	M	48	2373	Place-9	-----
SMITH	Briony	1871	F	47	2445	Place-27	-----
SMITH	Sharon	1871	F	48	2379	Place-14	-----
SMITH	Jacob	1871	M	44	2577	Place-7	-----
SMITH	Suzanne	1871	F	38	2878	Place-20	-----
SMITH	Bob	1871	M	37	2968	Place-6	-----
SMITH	Jim	1871	M	31	3341	Place-25	-----
SMITH	Sharon	1871	F	27	3527	Place-28	-----
SMITH	Jim	1871	M	27	3577	Place-9	-----
SMITH	Susan	1871	F	24	3752	Place-3	-----
SMITH	Sharon	1871	F	23	3822	Place-20	-----
SMITH	Sheila	1871	F	23	3834	Place-4	-----
SMITH	Jim	1871	M	17	4229	Place-24	-----
SMITH	Shawn	1871	M	8	4865	Place-8	-----
SMITH	Susan	1871	F	8	4897	Place-9	-----
SMITH	Sheila	1871	F	28	5026	Place-0	-----
SMITH	Sarah	1871	F	34	5027	Place-7	-----
SMITH	Sharon	1871	F	40	5029	Place-17	-----
SMITH	Seonaid	1871	F	32	5031	Place-23	-----
SMITH	Suzanne	1871	F	33	5036	Place-17	-----
SMITH	Jacob	1871	M	37	2924	Place-12	-----
SMITH	James	1871	M	44	2601	Place-23	-----
SMITH	Bob	1871	M	56	2072	Place-0	-----
SMITH	James	1871	M	34	3130	Place-21	-----
SMITH	Suzanne	1871	F	55	2108	Place-28	-----
SMITH	Suzanne	1871	F	24	3742	Place-9	-----
SMITH	Bob	1871	M	36	3030	Place-5	-----
SMITH	Suzanne	1871	F	43	2641	Place-8	-----
SMITH	Sheila	1871	F	31	3293	Place-15	-----
SMITH	Sarah	1871	F	46	2468	Place-26	-----
SMITH	Selina	1871	F	40	2803	Place-28	-----
SMITH	Seonaid	1871	F	46	3849	Place-22	-----
SMITH	James	1871	M	52	2228	Place-0	-----
SMITH	Selina	1871	F	25	3669	Place-11	-----
SMITH	Bob	1871	M	34	3150	Place-16	-----
SMITH	Briony	1871	F	25	3715	Place-5	-----
SMITH	Joseph	1871	M	17	4224	Place-29	-----
SMITH	Briony	1871	F	16	4334	Place-29	-----
SMITH	James	1871	M	14	4446	Place-14	-----
SMITH	Suzanne	1871	F	13	4532	Place-4	-----
SMITH	James	1871	M	8	4874	Place-1	-----
SMITH	Jenkins	1871	M	7	4958	Place-14	-----
SMITH	Jenkins	1871	M	7	4990	Place-16	-----
SMITH	Sarah	1871	F	7	5012	Place-4	-----
SMITH	Susan	1871	F	44	4950	Place-10	-----
SMITH	Sheila	1871	F	32	4951	Place-13	-----
SMITH	Briony	1871	F	29	4953	Place-2	-----
SMITH	Selina	1871	F	26	4954	Place-17	-----
SMITH	Susan	1871	F	37	4494	Place-24	-----
SMITH	Paulo	1871	M	43	2636	Place-13	-----
SMITH	Selina	1871	F	28	3511	Place-12	-----
SMITH	Briony	1871	F	29	3433	Place-0	-----
SMITH	Briony	1871	F	35	3055	Place-10	-----
SMITH	Bob	1871	M	24	3732	Place-21	-----
SMITH	Suzanne	1871	F	36	2990	Place-19	-----
SMITH	Sheila	1871	F	37	4265	Place-21	-----
SMITH	Jenkins	1871	M	37	2926	Place-21	-----
SMITH	Susan	1871	F	52	4116	Place-21	-----
SMITH	Selina	1871	F	49	2345	Place-16	-----
SMITH	Jacob	1871	M	45	2524	Place-17	-----
SMITH	Selina	1871	F	24	3729	Place-18	-----
SMITH	Shawn	1871	M	42	2687	Place-25	-----
SMITH	James	1871	M	29	3449	Place-26	-----
SMITH	Selina	1871	F	27	3530	Place-24	-----
SMITH	Joseph	1871	M	27	3554	Place-10	-----
SMITH	Jenkins	1871	M	24	3780	Place-18	-----
SMITH	Paulo	1871	M	22	3866	Place-27	-----
SMITH	Sharon	1871	F	21	3924	Place-19	-----
SMITH	Bob	1871	M	20	4035	Place-13	-----
SMITH	Sheila	1871	F	19	4080	Place-10	-----
SMITH	Sarah	1871	F	17	4206	Place-6	-----
SMITH	Sarah	1871	F	17	4238	Place-11	-----
SMITH	Paulo	1871	M	13	4501	Place-20	-----
SMITH	Sheila	1871	F	13	4537	Place-0	-----
SMITH	Selina	1871	F	10	4756	Place-25	-----
SMITH	Sharon	1871	F	28	4856	Place-21	-----
SMITH	Susan	1871	F	43	4858	Place-27	-----
SMITH	Susan	1871	F	34	4859	Place-22	-----
SMITH	Selina	1871	F	30	4863	Place-12	-----
SMITH	Susan	1871	F	30	4784	Place-13	-----
SMITH	Briony	1871	F	28	3510	Place-8	-----
SMITH	Briony	1871	F	28	3495	Place-22	-----
SMITH	Sarah	1871	F	36	3003	Place-3	-----
SMITH	Susan	1871	F	27	3560	Place-2	-----
SMITH	Seonaid	1871	F	32	4634	Place-9	-----
SMITH	Briony	1871	F	57	4336	Place-0	-----
SMITH	Shawn	1871	M	28	3497	Place-0	-----
SMITH	Shawn	1871	M	34	3113	Place-11	-----
SMITH	Joseph	1871	M	48	2372	Place-13	-----
SMITH	Bob	1871	M	35	3068	Place-2	-----
SMITH	Jenkins	1871	M	56	2052	Place-9	-----
SMITH	Jenkins	1871	M	55	2095	Place-9	-----
SMITH	Seonaid	1871	F	36	2985	Place-6	-----
SMITH	Jacob	1871	M	33	3218	Place-24	-----
SMITH	Selina	1871	F	30	3395	Place-16	-----
SMITH	Bob	1871	M	29	3413	Place-23	-----
SMITH	Susan	1871	F	28	3477	Place-11	-----
SMITH	Briony	1871	F	25	3690	Place-17	-----
SMITH	Briony	1871	F	25	3705	Place-22	-----
SMITH	Sarah	1871	F	21	3921	Place-7	-----
SMITH	Joseph	1871	M	19	4112	Place-6	-----
SMITH	Jenkins	1871	M	17	4247	Place-15	-----
SMITH	Sarah	1871	F	16	4309	Place-9	-----
SMITH	Briony	1871	F	12	4578	Place-28	-----
SMITH	Sheila	1871	F	10	4769	Place-16	-----
SMITH	Sheila	1871	F	41	4789	Place-0	-----
SMITH	Suzanne	1871	F	28	4791	Place-11	-----
SMITH	Jacob	1871	M	51	2295	Place-23	-----
SMITH	Suzanne	1871	F	35	3078	Place-5	-----
SMITH	Sheila	1871	F	48	2368	Place-15	-----
SMITH	Susan	1871	F	34	3108	Place-26	-----
SMITH	Selina	1871	F	40	4488	Place-7	-----
SMITH	Shawn	1871	M	35	3092	Place-8	-----
SMITH	Sharon	1871	F	47	4341	Place-13	-----
SMITH	Shawn	1871	M	38	2871	Place-10	-----
SMITH	Jim	1871	M	52	2243	Place-8	-----
SMITH	Jim	1871	M	42	2659	Place-0	-----
SMITH	Briony	1871	F	46	2490	Place-9	-----
SMITH	Sharon	1871	F	37	2969	Place-20	-----
SMITH	Sharon	1871	F	35	3058	Place-23	-----
SMITH	Paulo	1871	M	34	3144	Place-27	-----
SMITH	Selina	1871	F	28	3513	Place-4	-----
SMITH	James	1871	M	27	3544	Place-26	-----
SMITH	Suzanne	1871	F	27	3548	Place-19	-----
SMITH	Bob	1871	M	27	3568	Place-23	-----
SMITH	Paulo	1871	M	23	3842	Place-9	-----
SMITH	Shawn	1871	M	11	4698	Place-1	-----
SMITH	Joseph	1871	M	11	4703	Place-4	-----
SMITH	Sharon	1871	F	11	4708	Place-15	-----
SMITH	Shawn	1871	M	10	4735	Place-25	-----
SMITH	Susan	1871	F	35	4718	Place-22	-----
SMITH	James	1871	M	34	3143	Place-7	-----
SMITH	Bob	1871	M	30	3389	Place-13	-----
SMITH	Shawn	1871	M	32	3237	Place-21	-----
SMITH	James	1871	M	41	2709	Place-11	-----
SMITH	Jim	1871	M	54	2161	Place-0	-----
SMITH	Selina	1871	F	52	3647	Place-25	-----
SMITH	Sheila	1871	F	56	3230	Place-22	-----
SMITH	Seonaid	1871	F	56	3405	Place-26	-----
SMITH	Shawn	1871	M	52	2218	Place-27	-----
SMITH	Jim	1871	M	36	2995	Place-6	-----
SMITH	Paulo	1871	M	28	3517	Place-14	-----
SMITH	Briony	1871	F	18	4133	Place-11	-----
SMITH	Shawn	1871	M	14	4439	Place-27	-----
SMITH	Jacob	1871	M	11	4664	Place-6	-----
SMITH	Jacob	1871	M	37	2919	Place-13	-----
SMITH	Jacob	1871	M	14	4445	Place-28	-----
SMITH	Selina	1871	F	54	4042	Place-21	-----
SMITH	Sharon	1871	F	55	2086	Place-14	-----
SMITH	James	1871	M	35	3066	Place-16	-----
SMITH	Jacob	1871	M	36	3000	Place-29	-----
SMITH	Shawn	1871	M	34	3115	Place-8	-----
SMITH	Bob	1871	M	29	3459	Place-11	-----
SMITH	Briony	1871	F	21	3949	Place-1	-----
SMITH	Briony	1871	F	37	4407	Place-4	-----
SMITH	Bob	1871	M	37	2956	Place-15	-----
SMITH	Seonaid	1871	F	51	3914	Place-25	-----
SMITH	Susan	1871	F	45	2544	Place-13	-----
SMITH	Sharon	1871	F	42	3854	Place-19	-----
SMITH	Sharon	1871	F	32	3249	Place-27	-----
SMITH	James	1871	M	31	3332	Place-22	-----
SMITH	Joseph	1871	M	53	2189	Place-5	-----
SMITH	Bob	1871	M	33	3182	Place-21	-----
SMITH	Paulo	1871	M	31	3312	Place-12	-----
SMITH	James	1871	M	31	3319	Place-23	-----
SMITH	Jim	1871	M	17	4230	Place-18	-----
SMITH	James	1871	M	14	4475	Place-29	-----
SMITH	Suzanne	1871	F	35	3061	Place-7	-----
SMITH	Joseph	1871	M	34	3131	Place-2	-----
SMITH	James	1871	M	32	3235	Place-18	-----
SMITH	James	1871	M	40	2760	Place-18	-----
SMITH	Shawn	1871	M	52	2245	Place-28	-----
SMITH	Jacob	1871	M	34	3149	Place-17	-----
SMITH	Jim	1871	M	55	2087	Place-0	-----
SMITH	Shawn	1871	M	34	3116	Place-17	-----
SMITH	James	1871	M	32	3243	Place-1	-----
SMITH	Suzanne	1871	F	22	3909	Place-21	-----
SMITH	Paulo	1871	M	15	4375	Place-3	-----
SMITH	Bob	1871	M	14	4425	Place-13	-----
SMITH	Suzanne	1871	F	14	4460	Place-4	-----
SMITH	Susan	1871	F	42	4402	Place-18	-----
SMITH	Paulo	1871	M	53	2207	Place-25	-----
SMITH	Jim	1871	M	56	2050	Place-11	-----
SMITH	Sheila	1871	F	37	2966	Place-9	-----
SMITH	Paulo	1871	M	52	2246	Place-27	-----
SMITH	Bob	1871	M	33	3227	Place-20	-----
SMITH	Jacob	1871	M	50	2306	Place-4	-----
SMITH	Jim	1871	M	52	2232	Place-12	-----
SMITH	Jim	1871	M	46	2469	Place-12	-----
SMITH	Sharon	1871	F	34	3132	Place-18	-----
SMITH	Seonaid	1871	F	33	3183	Place-8	-----
SMITH	Briony	1871	F	32	3239	Place-5	-----
SMITH	Bob	1871	M	31	3303	Place-13	-----
SMITH	Shawn	1871	M	15	4366	Place-21	-----
SMITH	Briony	1871	F	15	4380	Place-17	-----
SMITH	Bob	1871	M	25	3702	Place-21	-----
SMITH	Seonaid	1871	F	60	2977	Place-9	-----
SMITH	Jacob	1871	M	55	2112	Place-7	-----
SMITH	Shawn	1871	M	42	2656	Place-7	-----
SMITH	James	1871	M	36	2989	Place-11	-----
SMITH	Sarah	1871	F	52	4268	Place-24	-----
SMITH	Jacob	1871	M	37	2952	Place-22	-----
SMITH	Jacob	1871	M	45	2530	Place-14	-----
SMITH	Sharon	1871	F	17	4200	Place-7	-----
SMITH	Bob	1871	M	37	2929	Place-3	-----
SMITH	Jim	1871	M	55	2102	Place-6	-----
SMITH	Sheila	1871	F	44	2607	Place-14	-----
SMITH	Suzanne	1871	F	38	2904	Place-24	-----
SMITH	Jim	1871	M	42	2663	Place-8	-----
SMITH	James	1871	M	37	2945	Place-20	-----
SMITH	Jim	1871	M	40	2787	Place-2	-----
SMITH	Shawn	1871	M	38	2900	Place-12	-----
SMITH	Selina	1871	F	25	3667	Place-13	-----
SMITH	Jenkins	1871	M	19	4051	Place-28	-----
SMITH	Susan	1871	F	38	2869	Place-10	-----
SMITH	Shawn	1871	M	37	2921	Place-21	-----
SMITH	Jenkins	1871	M	37	2951	Place-23	-----
SMITH	Jacob	1871	M	55	2111	Place-0	-----
SMITH	Seonaid	1871	F	45	2518	Place-26	-----
SMITH	Jenkins	1871	M	36	2983	Place-25	-----
SMITH	Seonaid	1871	F	46	3724	Place-1	-----
SMITH	Briony	1871	F	39	2810	Place-29	-----
SMITH	James	1871	M	39	2850	Place-11	-----
SMITH	Jenkins	1871	M	56	2043	Place-7	-----
SMITH	Shawn	1871	M	56	2040	Place-26	-----
SMITH	Briony	1871	F	45	3796	Place-21	-----
SMITH	Suzanne	1871	F	55	3097	Place-9	-----
SMITH	Shawn	1871	M	54	2168	Place-10	-----
SMITH	Jacob	1871	M	34	3133	Place-4	-----
SMITH	James	1871	M	33	3207	Place-1	-----
SMITH	Sarah	1871	F	41	2738	Place-4	-----
SMITH	Sarah	1871	F	46	2484	Place-20	-----
SMITH	James	1871	M	54	2142	Place-7	-----
SMITH	Paulo	1871	M	43	2623	Place-11	-----
SMITH	Sheila	1871	F	57	1992	Place-15	-----
SMITH	Shawn	1871	M	59	1913	Place-19	-----
SMITH	Paulo	1871	M	29	3415	Place-6	-----
SMITH	Sheila	1871	F	34	3134	Place-6	-----
SMITH	Jacob	1871	M	54	2149	Place-10	-----
SMITH	Jacob	1871	M	51	2289	Place-24	-----
SMITH	Jim	1871	M	45	2542	Place-21	-----
SMITH	Selina	1871	F	42	2691	Place-7	-----
SMITH	Jim	1871	M	42	2699	Place-4	-----
SMITH	Sheila	1871	F	41	2722	Place-0	-----
SMITH	Selina	1871	F	38	2856	Place-25	-----
SMITH	Jim	1871	M	37	2964	Place-13	-----
SMITH	Sharon	1871	F	35	3064	Place-25	-----
SMITH	Sarah	1871	F	35	3086	Place-27	-----
SMITH	Selina	1871	F	34	3120	Place-8	-----
SMITH	Jim	1871	M	34	3157	Place-0	-----
SMITH	Suzanne	1871	F	34	3169	Place-19	-----
SMITH	Jim	1871	M	33	3208	Place-22	-----
SMITH	Briony	1871	F	32	3231	Place-0	-----
SMITH	Shawn	1871	M	32	3272	Place-13	-----
SMITH	Suzanne	1871	F	31	3317	Place-21	-----
SMITH	Suzanne	1871	F	31	3325	Place-10	-----
SMITH	Shawn	1871	M	30	3353	Place-29	-----
SMITH	Jacob	1871	M	30	3367	Place-26	-----
SMITH	Jacob	1871	M	30	3379	Place-22	-----
SMITH	Shawn	1871	M	30	3380	Place-2	-----
SMITH	Jacob	1871	M	30	3393	Place-4	-----
SMITH	Jenkins	1871	M	30	3396	Place-12	-----
SMITH	James	1871	M	29	3414	Place-25	-----
SMITH	Joseph	1871	M	29	3420	Place-6	-----
SMITH	Sharon	1871	F	29	3445	Place-7	-----
SMITH	Selina	1871	F	29	3453	Place-5	-----
SMITH	Shawn	1871	M	28	3467	Place-16	-----
SMITH	Briony	1871	F	28	3481	Place-21	-----
SMITH	Joseph	1871	M	28	3486	Place-4	-----
SMITH	Jim	1871	M	28	3488	Place-9	-----
SMITH	Selina	1871	F	28	3492	Place-7	-----
SMITH	Joseph	1871	M	28	3494	Place-23	-----
SMITH	Jacob	1871	M	28	3509	Place-11	-----
SMITH	Sheila	1871	F	27	3528	Place-13	-----
SMITH	Sarah	1871	F	27	3529	Place-3	-----
SMITH	Joseph	1871	M	27	3538	Place-7	-----
SMITH	Jacob	1871	M	27	3542	Place-28	-----
SMITH	Jenkins	1871	M	27	3545	Place-0	-----
SMITH	Sheila	1871	F	27	3561	Place-3	-----
SMITH	Sharon	1871	F	27	3570	Place-17	-----
SMITH	Shawn	1871	M	27	3575	Place-13	-----
SMITH	Paulo	1871	M	27	3579	Place-5	-----
SMITH	Bob	1871	M	26	3624	Place-27	-----
SMITH	Paulo	1871	M	26	3632	Place-7	-----
SMITH	Seonaid	1871	F	26	3636	Place-22	-----
SMITH	Seonaid	1871	F	25	3661	Place-26	-----
SMITH	Sharon	1871	F	25	3668	Place-2	-----
SMITH	Paulo	1871	M	25	3678	Place-23	-----
SMITH	Selina	1871	F	25	3692	Place-4	-----
SMITH	Jacob	1871	M	24	3744	Place-20	-----
SMITH	Selina	1871	F	24	3745	Place-1	-----
SMITH	Selina	1871	F	24	3746	Place-16	-----
SMITH	Paulo	1871	M	24	3747	Place-27	-----
SMITH	Bob	1871	M	24	3753	Place-7	-----
SMITH	Bob	1871	M	24	3768	Place-22	-----
SMITH	Bob	1871	M	24	3787	Place-5	-----
SMITH	Selina	1871	F	23	3807	Place-8	-----
SMITH	Paulo	1871	M	23	3808	Place-8	-----
SMITH	Seonaid	1871	F	23	3813	Place-6	-----
SMITH	Paulo	1871	M	23	3820	Place-28	-----
SMITH	Susan	1871	F	23	3823	Place-11	-----
SMITH	Bob	1871	M	23	3825	Place-19	-----
SMITH	Seonaid	1871	F	23	3827	Place-15	-----
SMITH	Jenkins	1871	M	22	3859	Place-13	-----
SMITH	Sharon	1871	F	22	3860	Place-20	-----
SMITH	Briony	1871	F	22	3862	Place-23	-----
SMITH	Joseph	1871	M	22	3863	Place-22	-----
SMITH	Joseph	1871	M	22	3865	Place-4	-----
SMITH	Jenkins	1871	M	22	3867	Place-26	-----
SMITH	Joseph	1871	M	22	3878	Place-10	-----
SMITH	James	1871	M	22	3884	Place-12	-----
SMITH	Sarah	1871	F	22	3885	Place-23	-----
SMITH	Briony	1871	F	22	3907	Place-13	-----
SMITH	Sheila	1871	F	21	3935	Place-5	-----
SMITH	Susan	1871	F	21	3939	Place-12	-----
SMITH	Jenkins	1871	M	21	3940	Place-10	-----
SMITH	Sharon	1871	F	21	3947	Place-24	-----
SMITH	James	1871	M	21	3948	Place-7	-----
SMITH	Briony	1871	F	21	3953	Place-23	-----
SMITH	Paulo	1871	M	21	3954	Place-26	-----
SMITH	Suzanne	1871	F	21	3956	Place-6	-----
SMITH	Jim	1871	M	21	3963	Place-6	-----
SMITH	Jacob	1871	M	21	3968	Place-23	-----
SMITH	Suzanne	1871	F	21	3970	Place-12	-----
SMITH	Sheila	1871	F	21	3972	Place-7	-----
SMITH	James	1871	M	21	3976	Place-20	-----
SMITH	Suzanne	1871	F	21	3978	Place-6	-----
SMITH	Briony	1871	F	20	3989	Place-5	-----
SMITH	Seonaid	1871	F	20	3993	Place-6	-----
SMITH	Selina	1871	F	20	4000	Place-4	-----
SMITH	Susan	1871	F	20	4001	Place-29	-----
SMITH	Seonaid	1871	F	20	4006	Place-7	-----
SMITH	Jim	1871	M	20	4009	Place-21	-----
SMITH	Shawn	1871	M	20	4012	Place-5	-----
SMITH	Suzanne	1871	F	20	4016	Place-10	-----
SMITH	Paulo	1871	M	20	4021	Place-9	-----
SMITH	Jim	1871	M	20	4022	Place-23	-----
SMITH	Sharon	1871	F	20	4029	Place-29	-----
SMITH	Briony	1871	F	20	4032	Place-17	-----
SMITH	Seonaid	1871	F	19	4054	Place-9	-----
SMITH	Jim	1871	M	19	4057	Place-27	-----
SMITH	Joseph	1871	M	19	4061	Place-10	-----
SMITH	Sharon	1871	F	19	4066	Place-20	-----
SMITH	Bob	1871	M	19	4068	Place-7	-----
SMITH	Jacob	1871	M	19	4069	Place-15	-----
SMITH	Paulo	1871	M	19	4072	Place-20	-----
SMITH	Joseph	1871	M	19	4074	Place-6	-----
SMITH	Selina	1871	F	19	4075	Place-22	-----
SMITH	Suzanne	1871	F	19	4079	Place-7	-----
SMITH	Susan	1871	F	19	4083	Place-13	-----
SMITH	Selina	1871	F	19	4087	Place-27	-----
SMITH	Jenkins	1871	M	19	4088	Place-25	-----
SMITH	Jim	1871	M	19	4089	Place-19	-----
SMITH	Susan	1871	F	19	4094	Place-23	-----
SMITH	Susan	1871	F	19	4095	Place-9	-----
SMITH	Jacob	1871	M	19	4099	Place-0	-----
SMITH	Sharon	1871	F	19	4100	Place-27	-----
SMITH	James	1871	M	19	4102	Place-26	-----
SMITH	Shawn	1871	M	19	4103	Place-13	-----
SMITH	Bob	1871	M	19	4107	Place-24	-----
SMITH	Paulo	1871	M	19	4109	Place-3	-----
SMITH	James	1871	M	19	4110	Place-0	-----
SMITH	Suzanne	1871	F	19	4111	Place-4	-----
SMITH	Sarah	1871	F	18	4120	Place-27	-----
SMITH	James	1871	M	18	4121	Place-18	-----
SMITH	Selina	1871	F	18	4122	Place-24	-----
SMITH	Paulo	1871	M	18	4126	Place-25	-----
SMITH	Sarah	1871	F	18	4127	Place-22	-----
SMITH	Shawn	1871	M	18	4129	Place-28	-----
SMITH	Shawn	1871	M	18	4132	Place-9	-----
SMITH	Shawn	1871	M	18	4137	Place-26	-----
SMITH	Sharon	1871	F	18	4139	Place-6	-----
SMITH	Jacob	1871	M	18	4140	Place-18	-----
SMITH	Sarah	1871	F	18	4143	Place-28	-----
SMITH	Sarah	1871	F	18	4144	Place-24	-----
SMITH	Shawn	1871	M	18	4148	Place-10	-----
SMITH	Susan	1871	F	18	4150	Place-13	-----
SMITH	Paulo	1871	M	18	4152	Place-23	-----
SMITH	Susan	1871	F	18	4158	Place-25	-----
SMITH	Seonaid	1871	F	18	4166	Place-6	-----
SMITH	Sharon	1871	F	18	4181	Place-22	-----
SMITH	Suzanne	1871	F	18	4183	Place-24	-----
SMITH	Jenkins	1871	M	18	4184	Place-22	-----
SMITH	Bob	1871	M	18	4186	Place-15	-----
SMITH	Sheila	1871	F	18	4189	Place-28	-----
SMITH	Jacob	1871	M	18	4193	Place-21	-----
SMITH	Shawn	1871	M	17	4207	Place-1	-----
SMITH	Selina	1871	F	17	4209	Place-20	-----
SMITH	Briony	1871	F	17	4212	Place-13	-----
SMITH	Seonaid	1871	F	17	4214	Place-21	-----
SMITH	Jim	1871	M	17	4216	Place-24	-----
SMITH	Susan	1871	F	17	4217	Place-29	-----
SMITH	Jenkins	1871	M	17	4222	Place-3	-----
SMITH	James	1871	M	17	4227	Place-5	-----
SMITH	Seonaid	1871	F	17	4235	Place-3	-----
SMITH	Selina	1871	F	17	4246	Place-28	-----
SMITH	Paulo	1871	M	17	4248	Place-22	-----
SMITH	Seonaid	1871	F	17	4249	Place-7	-----
SMITH	Suzanne	1871	F	17	4250	Place-10	-----
SMITH	Jenkins	1871	M	17	4251	Place-9	-----
SMITH	Briony	1871	F	17	4252	Place-24	-----
SMITH	James	1871	M	17	4256	Place-14	-----
SMITH	Joseph	1871	M	17	4258	Place-25	-----
SMITH	Bob	1871	M	17	4259	Place-4	-----
SMITH	Jacob	1871	M	17	4262	Place-19	-----
SMITH	Jacob	1871	M	16	4273	Place-2	-----
SMITH	Shawn	1871	M	16	4276	Place-6	-----
SMITH	Selina	1871	F	16	4277	Place-1	-----
SMITH	Bob	1871	M	16	4278	Place-24	-----
SMITH	Sarah	1871	F	16	4284	Place-2	-----
SMITH	Sharon	1871	F	16	4285	Place-6	-----
SMITH	Briony	1871	F	16	4288	Place-14	-----
SMITH	Suzanne	1871	F	16	4289	Place-9	-----
SMITH	Joseph	1871	M	16	4290	Place-10	-----
SMITH	Paulo	1871	M	16	4291	Place-26	-----
SMITH	Selina	1871	F	16	4292	Place-19	-----
SMITH	Jacob	1871	M	16	4302	Place-6	-----
SMITH	James	1871	M	16	4303	Place-22	-----
SMITH	Seonaid	1871	F	16	4304	Place-14	-----
SMITH	Jenkins	1871	M	16	4308	Place-24	-----
SMITH	Sheila	1871	F	16	4314	Place-29	-----
SMITH	Sarah	1871	F	16	4316	Place-26	-----
SMITH	Jenkins	1871	M	16	4321	Place-29	-----
SMITH	Shawn	1871	M	16	4322	Place-23	-----
SMITH	Jim	1871	M	16	4326	Place-4	-----
SMITH	Selina	1871	F	16	4331	Place-13	-----
SMITH	Jenkins	1871	M	15	4342	Place-1	-----
SMITH	Sarah	1871	F	15	4343	Place-27	-----
SMITH	Briony	1871	F	15	4345	Place-0	-----
SMITH	Shawn	1871	M	15	4347	Place-9	-----
SMITH	Briony	1871	F	15	4348	Place-0	-----
SMITH	Jenkins	1871	M	15	4349	Place-8	-----
SMITH	Sarah	1871	F	15	4350	Place-25	-----
SMITH	Suzanne	1871	F	15	4353	Place-16	-----
SMITH	Sarah	1871	F	15	4354	Place-14	-----
SMITH	Briony	1871	F	15	4356	Place-26	-----
SMITH	Jim	1871	M	15	4359	Place-23	-----
SMITH	Jim	1871	M	15	4360	Place-29	-----
SMITH	Selina	1871	F	15	4361	Place-26	-----
SMITH	Sarah	1871	F	15	4364	Place-13	-----
SMITH	Sheila	1871	F	15	4368	Place-0	-----
SMITH	James	1871	M	15	4370	Place-2	-----
SMITH	Joseph	1871	M	15	4371	Place-19	-----
SMITH	Suzanne	1871	F	15	4373	Place-25	-----
SMITH	Sharon	1871	F	15	4376	Place-1	-----
SMITH	Suzanne	1871	F	15	4377	Place-7	-----
SMITH	Sarah	1871	F	15	4379	Place-4	-----
SMITH	Jim	1871	M	15	4383	Place-25	-----
SMITH	Sheila	1871	F	15	4384	Place-13	-----
SMITH	Sheila	1871	F	15	4386	Place-16	-----
SMITH	Bob	1871	M	15	4387	Place-5	-----
SMITH	Sheila	1871	F	15	4388	Place-18	-----
SMITH	Jim	1871	M	15	4389	Place-26	-----
SMITH	Jacob	1871	M	15	4390	Place-18	-----
SMITH	Sharon	1871	F	15	4392	Place-18	-----
SMITH	Joseph	1871	M	15	4393	Place-27	-----
SMITH	Briony	1871	F	15	4395	Place-25	-----
SMITH	Sheila	1871	F	15	4398	Place-24	-----
SMITH	Suzanne	1871	F	14	4413	Place-20	-----
SMITH	Joseph	1871	M	14	4416	Place-11	-----
SMITH	Jenkins	1871	M	14	4417	Place-0	-----
SMITH	Jenkins	1871	M	14	4418	Place-24	-----
SMITH	Briony	1871	F	14	4419	Place-26	-----
SMITH	Susan	1871	F	14	4420	Place-13	-----
SMITH	Briony	1871	F	14	4421	Place-27	-----
SMITH	Paulo	1871	M	14	4423	Place-7	-----
SMITH	Paulo	1871	M	14	4431	Place-26	-----
SMITH	Suzanne	1871	F	14	4432	Place-24	-----
SMITH	Susan	1871	F	14	4434	Place-2	-----
SMITH	Sharon	1871	F	14	4440	Place-6	-----
SMITH	Sharon	1871	F	14	4441	Place-18	-----
SMITH	Sarah	1871	F	14	4443	Place-25	-----
SMITH	Seonaid	1871	F	14	4444	Place-27	-----
SMITH	James	1871	M	14	4451	Place-5	-----
SMITH	Briony	1871	F	14	4453	Place-29	-----
SMITH	Briony	1871	F	14	4454	Place-28	-----
SMITH	Briony	1871	F	14	4459	Place-16	-----
SMITH	Joseph	1871	M	14	4461	Place-4	-----
SMITH	Paulo	1871	M	14	4462	Place-24	-----
SMITH	Jim	1871	M	14	4463	Place-1	-----
SMITH	Selina	1871	F	14	4464	Place-25	-----
SMITH	Jacob	1871	M	14	4466	Place-18	-----
SMITH	Shawn	1871	M	14	4468	Place-2	-----
SMITH	Jenkins	1871	M	14	4473	Place-24	-----
SMITH	Jacob	1871	M	14	4476	Place-0	-----
SMITH	Shawn	1871	M	14	4478	Place-0	-----
SMITH	Selina	1871	F	14	4479	Place-1	-----
SMITH	Seonaid	1871	F	14	4480	Place-25	-----
SMITH	Sarah	1871	F	14	4484	Place-22	-----
SMITH	Suzanne	1871	F	14	4487	Place-5	-----
SMITH	Bob	1871	M	13	4497	Place-8	-----
SMITH	Selina	1871	F	13	4498	Place-21	-----
SMITH	Selina	1871	F	13	4502	Place-16	-----
SMITH	Bob	1871	M	13	4503	Place-4	-----
SMITH	Suzanne	1871	F	13	4504	Place-23	-----
SMITH	Selina	1871	F	13	4505	Place-12	-----
SMITH	Susan	1871	F	13	4506	Place-12	-----
SMITH	Joseph	1871	M	13	4509	Place-23	-----
SMITH	Sheila	1871	F	13	4510	Place-24	-----
SMITH	Shawn	1871	M	13	4515	Place-20	-----
SMITH	Shawn	1871	M	13	4517	Place-24	-----
SMITH	Bob	1871	M	13	4519	Place-11	-----
SMITH	Sheila	1871	F	13	4521	Place-1	-----
SMITH	Selina	1871	F	13	4522	Place-8	-----
SMITH	Bob	1871	M	13	4523	Place-14	-----
SMITH	Suzanne	1871	F	13	4525	Place-10	-----
SMITH	Suzanne	1871	F	13	4526	Place-6	-----
SMITH	James	1871	M	13	4527	Place-1	-----
SMITH	Sheila	1871	F	13	4528	Place-4	-----
SMITH	Bob	1871	M	13	4529	Place-2	-----
SMITH	Suzanne	1871	F	13	4530	Place-6	-----
SMITH	Seonaid	1871	F	13	4531	Place-27	-----
SMITH	Sharon	1871	F	13	4536	Place-0	-----
SMITH	Briony	1871	F	13	4538	Place-20	-----
SMITH	Susan	1871	F	13	4539	Place-1	-----
SMITH	Seonaid	1871	F	13	4540	Place-14	-----
SMITH	Shawn	1871	M	13	4542	Place-13	-----
SMITH	Shawn	1871	M	13	4543	Place-15	-----
SMITH	James	1871	M	13	4547	Place-17	-----
SMITH	Jacob	1871	M	13	4549	Place-9	-----
SMITH	Sarah	1871	F	13	4550	Place-12	-----
SMITH	Sharon	1871	F	13	4553	Place-7	-----
SMITH	Sharon	1871	F	13	4554	Place-1	-----
SMITH	Paulo	1871	M	13	4556	Place-18	-----
SMITH	Suzanne	1871	F	13	4559	Place-1	-----
SMITH	Selina	1871	F	13	4563	Place-1	-----
SMITH	Sheila	1871	F	12	4571	Place-28	-----
SMITH	Briony	1871	F	12	4572	Place-25	-----
SMITH	Briony	1871	F	12	4573	Place-12	-----
SMITH	Jenkins	1871	M	12	4574	Place-13	-----
SMITH	Sharon	1871	F	12	4575	Place-19	-----
SMITH	Selina	1871	F	12	4580	Place-29	-----
SMITH	Sheila	1871	F	12	4581	Place-7	-----
SMITH	Joseph	1871	M	12	4587	Place-5	-----
SMITH	Shawn	1871	M	12	4588	Place-8	-----
SMITH	Selina	1871	F	12	4592	Place-12	-----
SMITH	Susan	1871	F	12	4593	Place-25	-----
SMITH	Jenkins	1871	M	12	4594	Place-21	-----
SMITH	Sharon	1871	F	12	4596	Place-20	-----
SMITH	Paulo	1871	M	12	4598	Place-20	-----
SMITH	Shawn	1871	M	12	4599	Place-12	-----
SMITH	Susan	1871	F	12	4602	Place-17	-----
SMITH	Shawn	1871	M	12	4604	Place-9	-----
SMITH	Suzanne	1871	F	12	4605	Place-25	-----
SMITH	Jim	1871	M	12	4606	Place-0	-----
SMITH	Joseph	1871	M	12	4608	Place-1	-----
SMITH	Susan	1871	F	12	4610	Place-9	-----
SMITH	Paulo	1871	M	12	4615	Place-15	-----
SMITH	Sharon	1871	F	12	4616	Place-6	-----
SMITH	Jenkins	1871	M	12	4620	Place-15	-----
SMITH	Paulo	1871	M	12	4622	Place-29	-----
SMITH	Selina	1871	F	12	4623	Place-20	-----
SMITH	Paulo	1871	M	12	4624	Place-11	-----
SMITH	Sharon	1871	F	12	4626	Place-25	-----
SMITH	Jacob	1871	M	12	4627	Place-28	-----
SMITH	Susan	1871	F	12	4628	Place-22	-----
SMITH	Seonaid	1871	F	12	4629	Place-28	-----
SMITH	Jacob	1871	M	11	4640	Place-13	-----
SMITH	Joseph	1871	M	11	4642	Place-21	-----
SMITH	Jim	1871	M	11	4645	Place-3	-----
SMITH	Sharon	1871	F	11	4646	Place-12	-----
SMITH	Susan	1871	F	11	4647	Place-9	-----
SMITH	Briony	1871	F	11	4650	Place-16	-----
SMITH	Sheila	1871	F	11	4651	Place-15	-----
SMITH	Shawn	1871	M	11	4652	Place-25	-----
SMITH	Jenkins	1871	M	11	4653	Place-13	-----
SMITH	Sharon	1871	F	11	4654	Place-24	-----
SMITH	Selina	1871	F	11	4657	Place-18	-----
SMITH	Bob	1871	M	11	4658	Place-4	-----
SMITH	Sheila	1871	F	11	4663	Place-11	-----
SMITH	Jenkins	1871	M	11	4665	Place-26	-----
SMITH	Bob	1871	M	11	4666	Place-12	-----
SMITH	Jenkins	1871	M	11	4669	Place-21	-----
SMITH	Briony	1871	F	11	4670	Place-6	-----
SMITH	Seonaid	1871	F	11	4671	Place-14	-----
SMITH	Jim	1871	M	11	4675	Place-8	-----
SMITH	Suzanne	1871	F	11	4676	Place-21	-----
SMITH	Paulo	1871	M	11	4679	Place-6	-----
SMITH	Jim	1871	M	11	4684	Place-17	-----
SMITH	Jacob	1871	M	11	4685	Place-21	-----
SMITH	Briony	1871	F	11	4686	Place-3	-----
SMITH	Sheila	1871	F	11	4687	Place-29	-----
SMITH	Paulo	1871	M	11	4690	Place-0	-----
SMITH	Selina	1871	F	11	4692	Place-13	-----
SMITH	Jenkins	1871	M	11	4694	Place-6	-----
SMITH	Paulo	1871	M	11	4697	Place-28	-----
SMITH	Susan	1871	F	11	4700	Place-5	-----
SMITH	Jim	1871	M	11	4704	Place-18	-----
SMITH	Sharon	1871	F	11	4706	Place-22	-----
SMITH	Sheila	1871	F	11	4710	Place-13	-----
SMITH	Jacob	1871	M	11	4711	Place-6	-----
SMITH	Paulo	1871	M	11	4713	Place-26	-----
SMITH	Jim	1871	M	10	4719	Place-7	-----
SMITH	Shawn	1871	M	10	4720	Place-0	-----
SMITH	Joseph	1871	M	10	4723	Place-11	-----
SMITH	Jenkins	1871	M	10	4725	Place-26	-----
SMITH	Jacob	1871	M	10	4727	Place-9	-----
SMITH	Briony	1871	F	10	4728	Place-15	-----
SMITH	Sheila	1871	F	10	4734	Place-11	-----
SMITH	Sharon	1871	F	10	4740	Place-28	-----
SMITH	Sharon	1871	F	10	4742	Place-13	-----
SMITH	Shawn	1871	M	10	4744	Place-19	-----
SMITH	Paulo	1871	M	10	4745	Place-10	-----
SMITH	Joseph	1871	M	10	4746	Place-11	-----
SMITH	Bob	1871	M	10	4749	Place-9	-----
SMITH	Sheila	1871	F	10	4750	Place-18	-----
SMITH	Sheila	1871	F	10	4751	Place-24	-----
SMITH	Jenkins	1871	M	10	4754	Place-13	-----
SMITH	Jenkins	1871	M	10	4755	Place-20	-----
SMITH	James	1871	M	10	4758	Place-1	-----
SMITH	Shawn	1871	M	10	4759	Place-18	-----
SMITH	Jacob	1871	M	10	4760	Place-25	-----
SMITH	Sharon	1871	F	10	4761	Place-11	-----
SMITH	Paulo	1871	M	10	4762	Place-20	-----
SMITH	Seonaid	1871	F	10	4763	Place-9	-----
SMITH	Sharon	1871	F	10	4764	Place-13	-----
SMITH	Bob	1871	M	10	4775	Place-6	-----
SMITH	Joseph	1871	M	10	4777	Place-28	-----
SMITH	Jim	1871	M	10	4779	Place-10	-----
SMITH	Sheila	1871	F	10	4780	Place-9	-----
SMITH	Jenkins	1871	M	10	4781	Place-25	-----
SMITH	James	1871	M	10	4782	Place-6	-----
SMITH	James	1871	M	9	4792	Place-11	-----
SMITH	Jacob	1871	M	9	4793	Place-5	-----
SMITH	James	1871	M	9	4794	Place-4	-----
SMITH	Jacob	1871	M	9	4795	Place-15	-----
SMITH	Suzanne	1871	F	9	4798	Place-7	-----
SMITH	Sharon	1871	F	9	4799	Place-4	-----
SMITH	James	1871	M	9	4802	Place-8	-----
SMITH	Jenkins	1871	M	9	4804	Place-1	-----
SMITH	James	1871	M	9	4805	Place-7	-----
SMITH	Seonaid	1871	F	9	4807	Place-20	-----
SMITH	Joseph	1871	M	9	4808	Place-15	-----
SMITH	Jenkins	1871	M	9	4809	Place-25	-----
SMITH	Seonaid	1871	F	9	4814	Place-25	-----
SMITH	Joseph	1871	M	9	4815	Place-27	-----
SMITH	Sharon	1871	F	9	4816	Place-20	-----
SMITH	Jim	1871	M	9	4817	Place-8	-----
SMITH	Jim	1871	M	9	4819	Place-12	-----
SMITH	Joseph	1871	M	9	4820	Place-19	-----
SMITH	Suzanne	1871	F	9	4822	Place-5	-----
SMITH	Selina	1871	F	9	4825	Place-25	-----
SMITH	Susan	1871	F	9	4826	Place-1	-----
SMITH	Sarah	1871	F	9	4828	Place-0	-----
SMITH	Briony	1871	F	9	4829	Place-2	-----
SMITH	Sarah	1871	F	9	4830	Place-26	-----
SMITH	Sharon	1871	F	9	4831	Place-11	-----
SMITH	Jacob	1871	M	9	4834	Place-16	-----
SMITH	Susan	1871	F	9	4836	Place-25	-----
SMITH	Sheila	1871	F	9	4840	Place-4	-----
SMITH	Jenkins	1871	M	9	4841	Place-9	-----
SMITH	Jim	1871	M	9	4842	Place-4	-----
SMITH	Joseph	1871	M	9	4843	Place-7	-----
SMITH	Sharon	1871	F	9	4845	Place-23	-----
SMITH	Selina	1871	F	9	4846	Place-0	-----
SMITH	Jenkins	1871	M	9	4847	Place-12	-----
SMITH	Susan	1871	F	9	4851	Place-23	-----
SMITH	Selina	1871	F	9	4852	Place-12	-----
SMITH	Sarah	1871	F	8	4866	Place-23	-----
SMITH	James	1871	M	8	4867	Place-3	-----
SMITH	Suzanne	1871	F	8	4868	Place-3	-----
SMITH	Selina	1871	F	8	4869	Place-13	-----
SMITH	Jacob	1871	M	8	4870	Place-1	-----
SMITH	Briony	1871	F	8	4873	Place-29	-----
SMITH	Suzanne	1871	F	8	4880	Place-8	-----
SMITH	Jim	1871	M	8	4881	Place-8	-----
SMITH	Jenkins	1871	M	8	4882	Place-9	-----
SMITH	Sheila	1871	F	8	4883	Place-27	-----
SMITH	Jacob	1871	M	8	4891	Place-6	-----
SMITH	Shawn	1871	M	8	4894	Place-25	-----
SMITH	Joseph	1871	M	8	4898	Place-11	-----
SMITH	Suzanne	1871	F	8	4906	Place-18	-----
SMITH	Jim	1871	M	8	4907	Place-5	-----
SMITH	Jenkins	1871	M	8	4908	Place-6	-----
SMITH	Sheila	1871	F	8	4909	Place-2	-----
SMITH	Seonaid	1871	F	8	4913	Place-18	-----
SMITH	Jacob	1871	M	8	4920	Place-15	-----
SMITH	Sarah	1871	F	8	4922	Place-0	-----
SMITH	Shawn	1871	M	8	4923	Place-24	-----
SMITH	Suzanne	1871	F	8	4924	Place-6	-----
SMITH	Selina	1871	F	8	4927	Place-1	-----
SMITH	Sarah	1871	F	8	4928	Place-12	-----
SMITH	Bob	1871	M	8	4929	Place-8	-----
SMITH	Paulo	1871	M	8	4930	Place-17	-----
SMITH	Paulo	1871	M	8	4931	Place-29	-----
SMITH	Jacob	1871	M	8	4935	Place-21	-----
SMITH	Bob	1871	M	8	4938	Place-11	-----
SMITH	Jenkins	1871	M	8	4939	Place-28	-----
SMITH	Susan	1871	F	8	4940	Place-3	-----
SMITH	Seonaid	1871	F	8	4943	Place-12	-----
SMITH	Susan	1871	F	7	4955	Place-13	-----
SMITH	Briony	1871	F	7	4957	Place-7	-----
SMITH	Jenkins	1871	M	7	4959	Place-16	-----
SMITH	Jenkins	1871	M	7	4960	Place-4	-----
SMITH	Suzanne	1871	F	7	4961	Place-21	-----
SMITH	Sheila	1871	F	7	4964	Place-21	-----
SMITH	Susan	1871	F	7	4967	Place-2	-----
SMITH	Jenkins	1871	M	7	4968	Place-20	-----
SMITH	Sarah	1871	F	7	4969	Place-0	-----
SMITH	Suzanne	1871	F	7	4971	Place-9	-----
SMITH	Selina	1871	F	7	4973	Place-9	-----
SMITH	Shawn	1871	M	7	4974	Place-4	-----
SMITH	Sarah	1871	F	7	4976	Place-10	-----
SMITH	Selina	1871	F	7	4978	Place-0	-----
SMITH	Briony	1871	F	7	4979	Place-20	-----
SMITH	Sheila	1871	F	7	4980	Place-19	-----
SMITH	Selina	1871	F	7	4981	Place-4	-----
SMITH	Sheila	1871	F	7	4982	Place-24	-----
SMITH	Jim	1871	M	7	4984	Place-28	-----
SMITH	Briony	1871	F	7	4985	Place-29	-----
SMITH	Joseph	1871	M	7	4986	Place-21	-----
SMITH	Joseph	1871	M	7	4987	Place-25	-----
SMITH	Seonaid	1871	F	7	4993	Place-1	-----
SMITH	Joseph	1871	M	7	4994	Place-17	-----
SMITH	Jenkins	1871	M	7	4995	Place-13	-----
SMITH	Bob	1871	M	7	4997	Place-27	-----
SMITH	Seonaid	1871	F	7	4998	Place-20	-----
SMITH	Joseph	1871	M	7	4999	Place-4	-----
SMITH	Jenkins	1871	M	7	5001	Place-2	-----
SMITH	Sheila	1871	F	7	5002	Place-23	-----
SMITH	Sarah	1871	F	7	5003	Place-3	-----
SMITH	Seonaid	1871	F	7	5005	Place-5	-----
SMITH	Paulo	1871	M	7	5006	Place-12	-----
SMITH	Briony	1871	F	7	5009	Place-10	-----
SMITH	Bob	1871	M	7	5013	Place-14	-----
SMITH	Shawn	1871	M	7	5014	Place-21	-----
SMITH	Suzanne	1871	F	7	5017	Place-28	-----
SMITH	Sharon	1871	F	7	5019	Place-18	-----
SMITH	Shawn	1871	M	7	5020	Place-14	-----
SMITH	Selina	1871	F	7	5022	Place-7	-----
SMITH	Sarah	1871	F	7	5023	Place-9	-----
SMITH	Sarah	1871	F	7	5024	Place-28	-----
SMITH	James	1871	M	6	5039	Place-28	-----
SMITH	Jacob	1871	M	6	5040	Place-7	-----
SMITH	Shawn	1871	M	6	5042	Place-17	-----
SMITH	Sharon	1871	F	6	5043	Place-15	-----
SMITH	Sheila	1871	F	6	5044	Place-15	-----
SMITH	Sarah	1871	F	6	5050	Place-17	-----
SMITH	Joseph	1871	M	6	5051	Place-21	-----
SMITH	Selina	1871	F	6	5054	Place-24	-----
SMITH	Bob	1871	M	6	5056	Place-23	-----
SMITH	Sheila	1871	F	6	5057	Place-7	-----
SMITH	Bob	1871	M	6	5058	Place-15	-----
SMITH	Joseph	1871	M	6	5059	Place-7	-----
SMITH	Susan	1871	F	6	5063	Place-13	-----
SMITH	Selina	1871	F	6	5065	Place-0	-----
SMITH	Shawn	1871	M	6	5066	Place-25	-----
SMITH	Jenkins	1871	M	6	5067	Place-21	-----
SMITH	Jacob	1871	M	6	5068	Place-17	-----
SMITH	Joseph	1871	M	6	5070	Place-16	-----
SMITH	Sarah	1871	F	6	5072	Place-9	-----
SMITH	Paulo	1871	M	6	5074	Place-10	-----
SMITH	Joseph	1871	M	6	5075	Place-7	-----
SMITH	Susan	1871	F	6	5079	Place-2	-----
SMITH	Jenkins	1871	M	6	5080	Place-29	-----
SMITH	Sarah	1871	F	6	5082	Place-18	-----
SMITH	Joseph	1871	M	6	5083	Place-7	-----
SMITH	Sarah	1871	F	6	5085	Place-7	-----
SMITH	Jenkins	1871	M	6	5086	Place-4	-----
SMITH	Jim	1871	M	6	5087	Place-20	-----
SMITH	Joseph	1871	M	6	5089	Place-10	-----
SMITH	Paulo	1871	M	6	5091	Place-15	-----
SMITH	James	1871	M	6	5093	Place-0	-----
SMITH	Joseph	1871	M	6	5095	Place-21	-----
SMITH	Bob	1871	M	6	5096	Place-28	-----
SMITH	Jim	1871	M	6	5097	Place-27	-----
SMITH	Briony	1871	F	6	5099	Place-1	-----
SMITH	Sheila	1871	F	6	5100	Place-13	-----
SMITH	Suzanne	1871	F	6	5102	Place-14	-----
SMITH	Paulo	1871	M	6	5103	Place-2	-----
SMITH	Briony	1871	F	6	5105	Place-13	-----
SMITH	Susan	1871	F	6	5106	Place-6	-----
SMITH	Paulo	1871	M	6	5107	Place-2	-----
SMITH	Jacob	1871	M	5	5123	Place-13	-----
SMITH	Susan	1871	F	5	5125	Place-17	-----
SMITH	Briony	1871	F	5	5127	Place-26	-----
SMITH	Paulo	1871	M	5	5130	Place-8	-----
SMITH	Joseph	1871	M	5	5132	Place-18	-----
SMITH	James	1871	M	5	5134	Place-26	-----
SMITH	Shawn	1871	M	5	5135	Place-20	-----
SMITH	Sarah	1871	F	5	5138	Place-16	-----
SMITH	Jacob	1871	M	5	5140	Place-10	-----
SMITH	Jacob	1871	M	5	5143	Place-7	-----
SMITH	Shawn	1871	M	5	5145	Place-0	-----
SMITH	James	1871	M	5	5148	Place-10	-----
SMITH	Sharon	1871	F	5	5149	Place-16	-----
SMITH	Seonaid	1871	F	5	5150	Place-16	-----
SMITH	Briony	1871	F	5	5151	Place-17	-----
SMITH	Sheila	1871	F	5	5153	Place-5	-----
SMITH	Joseph	1871	M	5	5154	Place-7	-----
SMITH	Jim	1871	M	5	5156	Place-10	-----
SMITH	Jim	1871	M	5	5158	Place-4	-----
SMITH	Suzanne	1871	F	5	5159	Place-28	-----
SMITH	Sarah	1871	F	5	5160	Place-13	-----
SMITH	Suzanne	1871	F	5	5161	Place-14	-----
SMITH	Selina	1871	F	5	5163	Place-3	-----
SMITH	Jenkins	1871	M	5	5165	Place-13	-----
SMITH	Seonaid	1871	F	5	5167	Place-0	-----
SMITH	Shawn	1871	M	5	5168	Place-26	-----
SMITH	Bob	1871	M	5	5169	Place-28	-----
SMITH	Sarah	1871	F	5	5170	Place-3	-----
SMITH	Paulo	1871	M	5	5171	Place-1	-----
SMITH	Briony	1871	F	5	5174	Place-0	-----
SMITH	Susan	1871	F	5	5177	Place-22	-----
SMITH	Suzanne	1871	F	5	5178	Place-10	-----
SMITH	Jim	1871	M	5	5181	Place-4	-----
SMITH	Joseph	1871	M	5	5182	Place-23	-----
SMITH	Jacob	1871	M	5	5184	Place-17	-----
SMITH	Sarah	1871	F	5	5187	Place-23	-----
SMITH	Susan	1871	F	5	5188	Place-4	-----
SMITH	Jim	1871	M	4	5202	Place-24	-----
SMITH	Joseph	1871	M	4	5203	Place-23	-----
SMITH	James	1871	M	4	5206	Place-24	-----
SMITH	Seonaid	1871	F	4	5207	Place-22	-----
SMITH	Jenkins	1871	M	4	5209	Place-7	-----
SMITH	Paulo	1871	M	4	5211	Place-19	-----
SMITH	Jim	1871	M	4	5212	Place-24	-----
SMITH	Shawn	1871	M	4	5213	Place-27	-----
SMITH	James	1871	M	4	5214	Place-4	-----
SMITH	James	1871	M	4	5215	Place-23	-----
SMITH	Selina	1871	F	4	5217	Place-5	-----
SMITH	Jenkins	1871	M	4	5218	Place-9	-----
SMITH	Susan	1871	F	4	5221	Place-16	-----
SMITH	Sarah	1871	F	4	5222	Place-16	-----
SMITH	Sarah	1871	F	4	5226	Place-2	-----
SMITH	Joseph	1871	M	4	5227	Place-25	-----
SMITH	Jacob	1871	M	4	5228	Place-14	-----
SMITH	Jim	1871	M	4	5229	Place-26	-----
SMITH	Briony	1871	F	4	5232	Place-0	-----
SMITH	Jenkins	1871	M	4	5233	Place-19	-----
SMITH	Sharon	1871	F	4	5234	Place-29	-----
SMITH	Suzanne	1871	F	4	5235	Place-9	-----
SMITH	Sarah	1871	F	4	5236	Place-25	-----
SMITH	Shawn	1871	M	4	5240	Place-11	-----
SMITH	Suzanne	1871	F	4	5242	Place-12	-----
SMITH	Joseph	1871	M	4	5245	Place-14	-----
SMITH	Suzanne	1871	F	4	5247	Place-8	-----
SMITH	Bob	1871	M	4	5248	Place-2	-----
SMITH	James	1871	M	4	5249	Place-1	-----
SMITH	Jacob	1871	M	4	5250	Place-29	-----
SMITH	Briony	1871	F	4	5251	Place-20	-----
SMITH	Susan	1871	F	4	5252	Place-11	-----
SMITH	Briony	1871	F	4	5255	Place-15	-----
SMITH	Seonaid	1871	F	4	5256	Place-15	-----
SMITH	Shawn	1871	M	4	5258	Place-10	-----
SMITH	Sharon	1871	F	4	5260	Place-4	-----
SMITH	Jenkins	1871	M	4	5261	Place-7	-----
SMITH	Jenkins	1871	M	4	5266	Place-13	-----
SMITH	Sheila	1871	F	4	5267	Place-4	-----
SMITH	Jim	1871	M	4	5268	Place-23	-----
SMITH	Joseph	1871	M	4	5269	Place-11	-----
SMITH	James	1871	M	4	5270	Place-3	-----
SMITH	Joseph	1871	M	4	5271	Place-5	-----
SMITH	Joseph	1871	M	4	5273	Place-27	-----
SMITH	Susan	1871	F	4	5274	Place-26	-----
SMITH	Suzanne	1871	F	4	5278	Place-7	-----
SMITH	Susan	1871	F	4	5279	Place-11	-----
SMITH	Jim	1871	M	3	5292	Place-16	-----
SMITH	Shawn	1871	M	3	5296	Place-15	-----
SMITH	Shawn	1871	M	3	5299	Place-0	-----
SMITH	Bob	1871	M	3	5300	Place-23	-----
SMITH	Susan	1871	F	3	5301	Place-2	-----
SMITH	Jim	1871	M	3	5302	Place-11	-----
SMITH	Briony	1871	F	3	5303	Place-19	-----
SMITH	Shawn	1871	M	3	5304	Place-26	-----
SMITH	Jacob	1871	M	3	5305	Place-6	-----
SMITH	Jenkins	1871	M	3	5307	Place-2	-----
SMITH	Jenkins	1871	M	3	5308	Place-9	-----
SMITH	Sarah	1871	F	3	5309	Place-28	-----
SMITH	Shawn	1871	M	3	5313	Place-17	-----
SMITH	Shawn	1871	M	3	5314	Place-21	-----
SMITH	Joseph	1871	M	3	5317	Place-14	-----
SMITH	Sharon	1871	F	3	5318	Place-3	-----
SMITH	Selina	1871	F	3	5319	Place-5	-----
SMITH	Jacob	1871	M	3	5323	Place-10	-----
SMITH	Bob	1871	M	3	5324	Place-21	-----
SMITH	Sarah	1871	F	3	5325	Place-21	-----
SMITH	Jenkins	1871	M	3	5328	Place-13	-----
SMITH	Suzanne	1871	F	3	5329	Place-0	-----
SMITH	Sharon	1871	F	3	5330	Place-2	-----
SMITH	Briony	1871	F	3	5331	Place-9	-----
SMITH	Briony	1871	F	3	5334	Place-23	-----
SMITH	Briony	1871	F	3	5335	Place-7	-----
SMITH	Bob	1871	M	3	5336	Place-22	-----
SMITH	Jim	1871	M	3	5338	Place-14	-----
SMITH	Briony	1871	F	3	5339	Place-10	-----
SMITH	Bob	1871	M	3	5342	Place-28	-----
SMITH	Sheila	1871	F	3	5343	Place-20	-----
SMITH	Briony	1871	F	3	5348	Place-13	-----
SMITH	Sheila	1871	F	3	5349	Place-16	-----
SMITH	Joseph	1871	M	3	5351	Place-23	-----
SMITH	Seonaid	1871	F	3	5352	Place-0	-----
SMITH	Sharon	1871	F	3	5355	Place-10	-----
SMITH	Sheila	1871	F	3	5356	Place-21	-----
SMITH	Bob	1871	M	3	5357	Place-15	-----
SMITH	Shawn	1871	M	3	5358	Place-8	-----
SMITH	Jacob	1871	M	3	5359	Place-22	-----
SMITH	Jim	1871	M	3	5360	Place-21	-----
SMITH	Jim	1871	M	3	5361	Place-12	-----
SMITH	Suzanne	1871	F	3	5362	Place-6	-----
SMITH	Bob	1871	M	3	5364	Place-7	-----
SMITH	Jim	1871	M	3	5365	Place-5	-----
SMITH	Jim	1871	M	3	5366	Place-28	-----
SMITH	James	1871	M	3	5367	Place-7	-----
SMITH	Selina	1871	F	3	5368	Place-18	-----
SMITH	Paulo	1871	M	3	5369	Place-28	-----
SMITH	Selina	1871	F	3	5370	Place-15	-----
SMITH	Joseph	1871	M	3	5371	Place-10	-----
SMITH	Paulo	1871	M	3	5372	Place-13	-----
SMITH	Jim	1871	M	3	5373	Place-12	-----
SMITH	Joseph	1871	M	2	5383	Place-23	-----
SMITH	Paulo	1871	M	2	5385	Place-15	-----
SMITH	Sheila	1871	F	2	5387	Place-19	-----
SMITH	Selina	1871	F	2	5388	Place-28	-----
SMITH	Susan	1871	F	2	5389	Place-4	-----
SMITH	Sheila	1871	F	2	5390	Place-0	-----
SMITH	Seonaid	1871	F	2	5391	Place-3	-----
SMITH	Bob	1871	M	2	5392	Place-3	-----
SMITH	Susan	1871	F	2	5393	Place-20	-----
SMITH	Jenkins	1871	M	2	5394	Place-7	-----
SMITH	Sarah	1871	F	2	5395	Place-15	-----
SMITH	Bob	1871	M	2	5396	Place-13	-----
SMITH	Sheila	1871	F	2	5397	Place-9	-----
SMITH	Shawn	1871	M	2	5398	Place-16	-----
SMITH	Shawn	1871	M	2	5399	Place-2	-----
SMITH	Shawn	1871	M	2	5402	Place-2	-----
SMITH	Joseph	1871	M	2	5403	Place-0	-----
SMITH	Shawn	1871	M	2	5405	Place-7	-----
SMITH	Jim	1871	M	2	5406	Place-26	-----
SMITH	Susan	1871	F	2	5407	Place-10	-----
SMITH	Bob	1871	M	2	5408	Place-28	-----
SMITH	Briony	1871	F	2	5411	Place-23	-----
SMITH	Joseph	1871	M	2	5413	Place-5	-----
SMITH	James	1871	M	2	5414	Place-24	-----
SMITH	Sheila	1871	F	2	5416	Place-28	-----
SMITH	Sheila	1871	F	2	5417	Place-20	-----
SMITH	Sheila	1871	F	2	5418	Place-12	-----
SMITH	Selina	1871	F	2	5419	Place-17	-----
SMITH	Paulo	1871	M	2	5420	Place-26	-----
SMITH	Shawn	1871	M	2	5421	Place-28	-----
SMITH	Sheila	1871	F	2	5422	Place-22	-----
SMITH	Selina	1871	F	2	5424	Place-17	-----
SMITH	Susan	1871	F	2	5425	Place-20	-----
SMITH	Jenkins	1871	M	2	5428	Place-24	-----
SMITH	Jenkins	1871	M	2	5429	Place-7	-----
SMITH	Joseph	1871	M	2	5430	Place-11	-----
SMITH	Bob	1871	M	2	5431	Place-8	-----
SMITH	Bob	1871	M	2	5432	Place-26	-----
SMITH	Paulo	1871	M	2	5433	Place-7	-----
SMITH	Susan	1871	F	2	5434	Place-0	-----
SMITH	Sheila	1871	F	2	5435	Place-14	-----
SMITH	Seonaid	1871	F	2	5436	Place-17	-----
SMITH	Joseph	1871	M	2	5437	Place-10	-----
SMITH	Suzanne	1871	F	2	5438	Place-25	-----
SMITH	Selina	1871	F	2	5439	Place-12	-----
SMITH	Selina	1871	F	2	5440	Place-17	-----
SMITH	Susan	1871	F	2	5441	Place-17	-----
SMITH	Bob	1871	M	2	5442	Place-6	-----
SMITH	Sharon	1871	F	2	5443	Place-18	-----
SMITH	Shawn	1871	M	2	5444	Place-21	-----
SMITH	Seonaid	1871	F	2	5446	Place-14	-----
SMITH	Jacob	1871	M	2	5447	Place-16	-----
SMITH	Paulo	1871	M	2	5449	Place-2	-----
SMITH	Bob	1871	M	2	5450	Place-12	-----
SMITH	Sarah	1871	F	2	5452	Place-29	-----
SMITH	Bob	1871	M	2	5453	Place-21	-----
SMITH	Suzanne	1871	F	2	5454	Place-0	-----
SMITH	Shawn	1871	M	2	5456	Place-25	-----
SMITH	Paulo	1871	M	2	5457	Place-6	-----
SMITH	Sharon	1871	F	2	5458	Place-5	-----
SMITH	Jenkins	1871	M	2	5459	Place-9	-----
SMITH	Sharon	1871	F	2	5463	Place-5	-----
SMITH	Suzanne	1871	F	2	5465	Place-6	-----
SMITH	Sheila	1871	F	2	5467	Place-22	-----
SMITH	Sharon	1871	F	2	5468	Place-20	-----
SMITH	Suzanne	1871	F	2	5469	Place-22	-----
SMITH	Jenkins	1871	M	2	5471	Place-20	-----
SMITH	Sarah	1871	F	1	5483	Place-16	-----
SMITH	Briony	1871	F	1	5484	Place-6	-----
SMITH	Jenkins	1871	M	1	5485	Place-2	-----
SMITH	Joseph	1871	M	1	5487	Place-14	-----
SMITH	Paulo	1871	M	1	5488	Place-9	-----
SMITH	Seonaid	1871	F	1	5489	Place-2	-----
SMITH	Paulo	1871	M	1	5490	Place-4	-----
SMITH	Suzanne	1871	F	1	5491	Place-13	-----
SMITH	Sharon	1871	F	1	5492	Place-4	-----
SMITH	Joseph	1871	M	1	5493	Place-21	-----
SMITH	Sheila	1871	F	1	5495	Place-24	-----
SMITH	Jim	1871	M	1	5498	Place-1	-----
SMITH	James	1871	M	1	5499	Place-3	-----
SMITH	Jacob	1871	M	1	5501	Place-16	-----
SMITH	Susan	1871	F	1	5502	Place-6	-----
SMITH	Sharon	1871	F	1	5503	Place-3	-----
SMITH	Bob	1871	M	1	5504	Place-9	-----
SMITH	Sharon	1871	F	1	5505	Place-17	-----
SMITH	Sarah	1871	F	1	5506	Place-22	-----
SMITH	Jacob	1871	M	1	5507	Place-6	-----
SMITH	Selina	1871	F	1	5508	Place-2	-----
SMITH	Sharon	1871	F	1	5509	Place-2	-----
SMITH	Sarah	1871	F	1	5510	Place-26	-----
SMITH	Suzanne	1871	F	1	5511	Place-15	-----
SMITH	Seonaid	1871	F	1	5512	Place-2	-----
SMITH	Joseph	1871	M	1	5513	Place-20	-----
SMITH	Shawn	1871	M	1	5514	Place-22	-----
SMITH	Sarah	1871	F	1	5516	Place-17	-----
SMITH	Jim	1871	M	1	5520	Place-7	-----
SMITH	Selina	1871	F	1	5523	Place-23	-----
SMITH	Jenkins	1871	M	1	5524	Place-21	-----
SMITH	James	1871	M	1	5525	Place-27	-----
SMITH	Jacob	1871	M	1	5526	Place-13	-----
SMITH	Jacob	1871	M	1	5527	Place-21	-----
SMITH	Selina	1871	F	1	5528	Place-8	-----
SMITH	Sharon	1871	F	1	5529	Place-3	-----
SMITH	Bob	1871	M	1	5530	Place-9	-----
SMITH	Sharon	1871	F	1	5532	Place-23	-----
SMITH	Seonaid	1871	F	1	5533	Place-8	-----
SMITH	Jacob	1871	M	1	5534	Place-3	-----
SMITH	Paulo	1871	M	1	5535	Place-7	-----
SMITH	Sheila	1871	F	1	5536	Place-25	-----
SMITH	Selina	1871	F	1	5537	Place-27	-----
SMITH	Bob	1871	M	1	5538	Place-13	-----
SMITH	Paulo	1871	M	1	5539	Place-11	-----
SMITH	Susan	1871	F	1	5540	Place-2	-----
SMITH	Suzanne	1871	F	1	5542	Place-17	-----
SMITH	Jacob	1871	M	1	5543	Place-8	-----
SMITH	Shawn	1871	M	1	5544	Place-24	-----
SMITH	Susan	1871	F	1	5546	Place-13	-----
SMITH	Shawn	1871	M	1	5547	Place-16	-----
SMITH	Jenkins	1871	M	1	5549	Place-28	-----
SMITH	Selina	1871	F	1	5550	Place-21	-----
SMITH	Briony	1871	F	1	5552	Place-28	-----
SMITH	Shawn	1871	M	1	5553	Place-13	-----
SMITH	Seonaid	1871	F	1	5554	Place-23	-----
SMITH	Jacob	1871	M	1	5556	Place-6	-----
SMITH	Sarah	1871	F	1	5557	Place-26	-----
SMITH	Briony	1871	F	1	5558	Place-23	-----
SMITH	Suzanne	1871	F	1	5559	Place-15	-----
SMITH	Seonaid	1871	F	1	5562	Place-4	-----
SMITH	Seonaid	1871	F	1	5563	Place-23	-----
SMITH	Joseph	1871	M	1	5564	Place-5	-----
SMITH	Seonaid	1871	F	1	5565	Place-4	-----
SMITH	Selina	1871	F	1	5566	Place-17	-----
SMITH	Sharon	1881	F	38	6595	Place-22	-----
SMITH	Sarah	1881	F	44	6596	Place-26	-----
SMITH	Selina	1881	F	39	6597	Place-6	-----
SMITH	Briony	1881	F	20	6598	Place-2	-----
SMITH	Sheila	1881	F	24	6599	Place-7	-----
SMITH	Selina	1881	F	31	6600	Place-7	-----
SMITH	Seonaid	1881	F	38	6601	Place-2	-----
SMITH	Briony	1881	F	38	6602	Place-25	-----
SMITH	Sarah	1881	F	20	6603	Place-25	-----
SMITH	Sarah	1881	F	44	6604	Place-7	-----
SMITH	Briony	1881	F	48	6605	Place-12	-----
SMITH	Sharon	1881	F	19	6606	Place-11	-----
SMITH	Selina	1881	F	19	6607	Place-19	-----
SMITH	Sarah	1881	F	35	6270	Place-11	-----
SMITH	Shawn	1881	M	47	2921	Place-18	-----
SMITH	Shawn	1881	M	20	4720	Place-21	-----
SMITH	Paulo	1881	M	48	2898	Place-10	-----
SMITH	Sharon	1881	F	23	4554	Place-6	-----
SMITH	Shawn	1881	M	42	3237	Place-24	-----
SMITH	Bob	1881	M	55	2523	Place-29	-----
SMITH	Sheila	1881	F	23	4537	Place-27	-----
SMITH	Jenkins	1881	M	22	4574	Place-9	-----
SMITH	Paulo	1881	M	22	4615	Place-20	-----
SMITH	Joseph	1881	M	21	4642	Place-29	-----
SMITH	Seonaid	1881	F	31	6389	Place-11	-----
SMITH	Sharon	1881	F	37	3527	Place-12	-----
SMITH	Seonaid	1881	F	34	3781	Place-3	-----
SMITH	Shawn	1881	M	38	3497	Place-7	-----
SMITH	Jacob	1881	M	29	4099	Place-14	-----
SMITH	Seonaid	1881	F	22	4629	Place-8	-----
SMITH	Sarah	1881	F	52	5869	Place-9	-----
SMITH	Paulo	1881	M	38	3483	Place-17	-----
SMITH	Jacob	1881	M	43	3220	Place-11	-----
SMITH	Susan	1881	F	46	4569	Place-27	-----
SMITH	Selina	1881	F	26	4292	Place-12	-----
SMITH	Sarah	1881	F	29	6272	Place-6	-----
SMITH	Selina	1881	F	23	4502	Place-1	-----
SMITH	Sharon	1881	F	37	3578	Place-24	-----
SMITH	Shawn	1881	M	40	3380	Place-16	-----
SMITH	Jacob	1881	M	38	3509	Place-22	-----
SMITH	Joseph	1881	M	21	4678	Place-6	-----
SMITH	Sharon	1881	F	30	4029	Place-6	-----
SMITH	Suzanne	1881	F	50	6059	Place-13	-----
SMITH	Sheila	1881	F	44	4857	Place-26	-----
SMITH	Bob	1881	M	33	3825	Place-28	-----
SMITH	Briony	1881	F	25	4348	Place-12	-----
SMITH	Briony	1881	F	44	5963	Place-1	-----
SMITH	Jim	1881	M	52	2661	Place-21	-----
SMITH	Jenkins	1881	M	41	3292	Place-27	-----
SMITH	Sharon	1881	F	54	3982	Place-27	-----
SMITH	Bob	1881	M	34	3753	Place-9	-----
SMITH	Susan	1881	F	31	3939	Place-19	-----
SMITH	Joseph	1881	M	36	3611	Place-0	-----
SMITH	James	1881	M	43	3181	Place-22	-----
SMITH	Shawn	1881	M	44	3115	Place-26	-----
SMITH	Suzanne	1881	F	48	2904	Place-10	-----
SMITH	Jacob	1881	M	37	3542	Place-14	-----
SMITH	Susan	1881	F	30	5477	Place-29	-----
SMITH	Briony	1881	F	44	5196	Place-9	-----
SMITH	Susan	1881	F	45	4718	Place-2	-----
SMITH	Jacob	1881	M	28	4140	Place-7	-----
SMITH	Sharon	1881	F	25	4392	Place-22	-----
SMITH	Seonaid	1881	F	29	4060	Place-6	-----
SMITH	Jim	1881	M	39	3412	Place-13	-----
SMITH	Shawn	1881	M	47	2934	Place-5	-----
SMITH	Sarah	1881	F	38	3475	Place-24	-----
SMITH	Seonaid	1881	F	43	4564	Place-9	-----
SMITH	Jim	1881	M	59	2355	Place-12	-----
SMITH	Shawn	1881	M	31	3943	Place-28	-----
SMITH	Sheila	1881	F	35	5291	Place-28	-----
SMITH	Seonaid	1881	F	60	5032	Place-19	-----
SMITH	Jenkins	1881	M	34	3765	Place-9	-----
SMITH	Bob	1881	M	47	2916	Place-11	-----
SMITH	Briony	1881	F	37	3573	Place-14	-----
SMITH	Sheila	1881	F	17	5011	Place-19	-----
SMITH	James	1881	M	46	2986	Place-18	-----
SMITH	Bob	1881	M	46	3030	Place-22	-----
SMITH	Jenkins	1881	M	17	4958	Place-29	-----
SMITH	Sheila	1881	F	42	4951	Place-12	-----
SMITH	Briony	1881	F	28	4133	Place-12	-----
SMITH	Bob	1881	M	24	4425	Place-4	-----
SMITH	Selina	1881	F	52	2691	Place-23	-----
SMITH	Paulo	1881	M	31	3954	Place-24	-----
SMITH	Jenkins	1881	M	28	4184	Place-11	-----
SMITH	Sharon	1881	F	26	4285	Place-15	-----
SMITH	Sheila	1881	F	25	4384	Place-9	-----
SMITH	Briony	1881	F	25	4395	Place-26	-----
SMITH	Briony	1881	F	24	4454	Place-20	-----
SMITH	Shawn	1881	M	24	4468	Place-12	-----
SMITH	Suzanne	1881	F	23	4526	Place-14	-----
SMITH	Shawn	1881	M	22	4604	Place-29	-----
SMITH	Jim	1881	M	22	4606	Place-23	-----
SMITH	Shawn	1881	M	21	4652	Place-0	-----
SMITH	Briony	1881	F	17	4957	Place-26	-----
SMITH	Jacob	1881	M	14	5228	Place-29	-----
SMITH	Jacob	1881	M	13	5305	Place-0	-----
SMITH	Jacob	1881	M	11	5527	Place-2	-----
SMITH	Selina	1881	F	11	5528	Place-12	-----
SMITH	Bob	1881	M	11	5538	Place-3	-----
SMITH	Sarah	1881	F	6	5978	Place-12	-----
SMITH	Jacob	1881	M	4	6197	Place-8	-----
SMITH	Briony	1881	F	4	6236	Place-3	-----
SMITH	Jenkins	1881	M	2	6433	Place-1	-----
SMITH	James	1881	M	1	6573	Place-0	-----
SMITH	Seonaid	1881	F	22	6501	Place-2	-----
SMITH	Seonaid	1881	F	20	6502	Place-19	-----
SMITH	Seonaid	1881	F	55	6503	Place-18	-----
SMITH	Selina	1881	F	31	6504	Place-15	-----
SMITH	Sheila	1881	F	40	6505	Place-1	-----
SMITH	Sharon	1881	F	24	6506	Place-13	-----
SMITH	Briony	1881	F	26	6507	Place-24	-----
SMITH	Selina	1881	F	36	6392	Place-10	-----
SMITH	Seonaid	1881	F	33	3813	Place-24	-----
SMITH	Sarah	1881	F	28	6168	Place-28	-----
SMITH	Sarah	1881	F	28	4144	Place-18	-----
SMITH	Jim	1881	M	45	3087	Place-26	-----
SMITH	Jim	1881	M	21	4675	Place-23	-----
SMITH	Sharon	1881	F	22	6274	Place-5	-----
SMITH	Sheila	1881	F	40	6159	Place-21	-----
SMITH	Paulo	1881	M	52	2674	Place-13	-----
SMITH	Jacob	1881	M	29	4069	Place-22	-----
SMITH	Selina	1881	F	21	4657	Place-27	-----
SMITH	Selina	1881	F	39	3453	Place-27	-----
SMITH	Joseph	1881	M	29	4112	Place-22	-----
SMITH	Selina	1881	F	44	3120	Place-12	-----
SMITH	Seonaid	1881	F	30	4006	Place-19	-----
SMITH	Sheila	1881	F	20	4751	Place-25	-----
SMITH	Briony	1881	F	39	6161	Place-16	-----
SMITH	Susan	1881	F	54	4950	Place-15	-----
SMITH	Jenkins	1881	M	27	4210	Place-15	-----
SMITH	Jim	1881	M	39	3407	Place-2	-----
SMITH	Bob	1881	M	48	2893	Place-27	-----
SMITH	Susan	1881	F	26	6072	Place-16	-----
SMITH	James	1881	M	39	3444	Place-1	-----
SMITH	Seonaid	1881	F	23	4540	Place-23	-----
SMITH	Joseph	1881	M	53	2639	Place-20	-----
SMITH	James	1881	M	44	3130	Place-23	-----
SMITH	Joseph	1881	M	38	3486	Place-8	-----
SMITH	Briony	1881	F	62	5870	Place-17	-----
SMITH	Sheila	1881	F	43	5759	Place-7	-----
SMITH	Seonaid	1881	F	44	5025	Place-6	-----
SMITH	Jim	1881	M	27	4229	Place-27	-----
SMITH	James	1881	M	54	2601	Place-14	-----
SMITH	Sharon	1881	F	47	2969	Place-11	-----
SMITH	Shawn	1881	M	42	3272	Place-2	-----
SMITH	Paulo	1881	M	27	4248	Place-17	-----
SMITH	Jim	1881	M	45	3084	Place-7	-----
SMITH	Paulo	1881	M	30	3999	Place-8	-----
SMITH	Jim	1881	M	41	3335	Place-0	-----
SMITH	James	1881	M	39	3449	Place-6	-----
SMITH	Sarah	1881	F	27	4206	Place-16	-----
SMITH	Briony	1881	F	38	3495	Place-1	-----
SMITH	Jenkins	1881	M	27	4247	Place-15	-----
SMITH	Paulo	1881	M	38	3517	Place-3	-----
SMITH	Sharon	1881	F	37	3570	Place-20	-----
SMITH	Paulo	1881	M	36	3632	Place-19	-----
SMITH	Selina	1881	F	35	3692	Place-0	-----
SMITH	Jim	1881	M	30	4022	Place-26	-----
SMITH	Sarah	1881	F	28	4120	Place-19	-----
SMITH	Susan	1881	F	28	4150	Place-5	-----
SMITH	Jenkins	1881	M	26	4321	Place-29	-----
SMITH	Jim	1881	M	25	4383	Place-21	-----
SMITH	Joseph	1881	M	24	4416	Place-6	-----
SMITH	Shawn	1881	M	24	4478	Place-6	-----
SMITH	Bob	1881	M	23	4497	Place-20	-----
SMITH	Jacob	1881	M	23	4549	Place-4	-----
SMITH	Shawn	1881	M	22	4599	Place-2	-----
SMITH	Briony	1881	F	21	4670	Place-28	-----
SMITH	Joseph	1881	M	20	4746	Place-2	-----
SMITH	Sheila	1881	F	20	4750	Place-0	-----
SMITH	Seonaid	1881	F	20	4763	Place-5	-----
SMITH	Sheila	1881	F	20	4780	Place-27	-----
SMITH	Jenkins	1881	M	20	4781	Place-19	-----
SMITH	Jenkins	1881	M	19	4841	Place-14	-----
SMITH	Briony	1881	F	18	4873	Place-17	-----
SMITH	Joseph	1881	M	18	4898	Place-1	-----
SMITH	Jim	1881	M	13	5366	Place-21	-----
SMITH	James	1881	M	13	5367	Place-13	-----
SMITH	Sheila	1881	F	12	5390	Place-25	-----
SMITH	Briony	1881	F	12	5411	Place-11	-----
SMITH	Suzanne	1881	F	12	5438	Place-14	-----
SMITH	Jim	1881	M	7	5887	Place-23	-----
SMITH	Shawn	1881	M	5	6151	Place-0	-----
SMITH	Shawn	1881	M	2	6461	Place-12	-----
SMITH	Sharon	1881	F	43	6387	Place-0	-----
SMITH	Seonaid	1881	F	28	6388	Place-12	-----
SMITH	Sarah	1881	F	36	6390	Place-26	-----
SMITH	Selina	1881	F	38	6391	Place-17	-----
SMITH	Suzanne	1881	F	44	6394	Place-7	-----
SMITH	Suzanne	1881	F	41	6395	Place-23	-----
SMITH	Briony	1881	F	31	6396	Place-26	-----
SMITH	Susan	1881	F	43	5766	Place-27	-----
SMITH	Selina	1881	F	44	5282	Place-14	-----
SMITH	Suzanne	1881	F	22	4605	Place-5	-----
SMITH	Sharon	1881	F	22	4616	Place-25	-----
SMITH	Susan	1881	F	23	4539	Place-9	-----
SMITH	Briony	1881	F	26	4295	Place-9	-----
SMITH	Jacob	1881	M	47	2924	Place-17	-----
SMITH	Paulo	1881	M	53	2623	Place-14	-----
SMITH	Seonaid	1881	F	46	6058	Place-20	-----
SMITH	Susan	1881	F	42	6066	Place-11	-----
SMITH	Sharon	1881	F	38	3491	Place-11	-----
SMITH	Selina	1881	F	23	4522	Place-0	-----
SMITH	Suzanne	1881	F	23	4530	Place-2	-----
SMITH	Sarah	1881	F	44	5027	Place-24	-----
SMITH	Sheila	1881	F	29	4108	Place-22	-----
SMITH	Sheila	1881	F	35	3666	Place-29	-----
SMITH	James	1881	M	32	3901	Place-23	-----
SMITH	Susan	1881	F	40	5190	Place-4	-----
SMITH	Sheila	1881	F	55	5111	Place-8	-----
SMITH	Joseph	1881	M	32	3865	Place-11	-----
SMITH	Briony	1881	F	27	4252	Place-13	-----
SMITH	Sharon	1881	F	37	5660	Place-11	-----
SMITH	Sarah	1881	F	39	5569	Place-26	-----
SMITH	Susan	1881	F	46	2993	Place-28	-----
SMITH	Suzanne	1881	F	33	3821	Place-17	-----
SMITH	James	1881	M	33	3816	Place-21	-----
SMITH	Suzanne	1881	F	22	4570	Place-27	-----
SMITH	Briony	1881	F	35	3715	Place-21	-----
SMITH	Joseph	1881	M	27	4224	Place-11	-----
SMITH	Suzanne	1881	F	23	4532	Place-12	-----
SMITH	Sarah	1881	F	27	4238	Place-17	-----
SMITH	James	1881	M	45	3066	Place-4	-----
SMITH	Jim	1881	M	27	4230	Place-26	-----
SMITH	James	1881	M	47	2945	Place-11	-----
SMITH	Seonaid	1881	F	55	2518	Place-19	-----
SMITH	Shawn	1881	M	40	3353	Place-16	-----
SMITH	Paulo	1881	M	34	3747	Place-2	-----
SMITH	Suzanne	1881	F	31	3970	Place-8	-----
SMITH	Selina	1881	F	29	4087	Place-0	-----
SMITH	Bob	1881	M	29	4107	Place-12	-----
SMITH	Seonaid	1881	F	28	4166	Place-15	-----
SMITH	Joseph	1881	M	26	4290	Place-19	-----
SMITH	Paulo	1881	M	24	4431	Place-1	-----
SMITH	Selina	1881	F	22	4580	Place-25	-----
SMITH	Bob	1881	M	21	4666	Place-1	-----
SMITH	Jim	1881	M	21	4704	Place-1	-----
SMITH	Jenkins	1881	M	20	4725	Place-7	-----
SMITH	Jacob	1881	M	19	4793	Place-7	-----
SMITH	James	1881	M	19	4802	Place-27	-----
SMITH	Jim	1881	M	19	4817	Place-4	-----
SMITH	Jim	1881	M	19	4819	Place-27	-----
SMITH	Seonaid	1881	F	15	5167	Place-25	-----
SMITH	Joseph	1881	M	10	5581	Place-4	-----
SMITH	Jenkins	1881	M	4	6208	Place-19	-----
SMITH	Jenkins	1881	M	4	6229	Place-11	-----
SMITH	Suzanne	1881	F	3	6289	Place-10	-----
SMITH	Sheila	1881	F	28	6263	Place-12	-----
SMITH	Susan	1881	F	36	6264	Place-26	-----
SMITH	Selina	1881	F	33	6265	Place-17	-----
SMITH	Sarah	1881	F	25	6266	Place-14	-----
SMITH	Sheila	1881	F	50	6267	Place-20	-----
SMITH	Sheila	1881	F	27	6268	Place-6	-----
SMITH	Selina	1881	F	38	6269	Place-2	-----
SMITH	Sarah	1881	F	32	6271	Place-18	-----
SMITH	Sharon	1881	F	50	5029	Place-27	-----
SMITH	Susan	1881	F	52	4402	Place-29	-----
SMITH	James	1881	M	43	3207	Place-15	-----
SMITH	Selina	1881	F	48	2856	Place-28	-----
SMITH	James	1881	M	26	4303	Place-27	-----
SMITH	Sarah	1881	F	25	4379	Place-21	-----
SMITH	Sharon	1881	F	32	5382	Place-13	-----
SMITH	Jim	1881	M	24	4430	Place-23	-----
SMITH	Jenkins	1881	M	38	3514	Place-23	-----
SMITH	Suzanne	1881	F	25	4353	Place-28	-----
SMITH	Paulo	1881	M	24	4462	Place-12	-----
SMITH	Jacob	1881	M	24	4466	Place-14	-----
SMITH	Susan	1881	F	50	5952	Place-20	-----
SMITH	Seonaid	1881	F	33	3836	Place-20	-----
SMITH	Paulo	1881	M	50	2769	Place-4	-----
SMITH	Jacob	1881	M	44	3133	Place-17	-----
SMITH	Bob	1881	M	55	2552	Place-18	-----
SMITH	Sheila	1881	F	34	3739	Place-18	-----
SMITH	Susan	1881	F	37	3560	Place-22	-----
SMITH	Joseph	1881	M	37	3538	Place-13	-----
SMITH	Sheila	1881	F	23	4521	Place-20	-----
SMITH	Susan	1881	F	46	5860	Place-25	-----
SMITH	Susan	1881	F	30	5874	Place-17	-----
SMITH	Sharon	1881	F	38	5195	Place-8	-----
SMITH	Sarah	1881	F	38	4855	Place-6	-----
SMITH	Joseph	1881	M	25	4371	Place-24	-----
SMITH	Sharon	1881	F	58	2379	Place-12	-----
SMITH	Sarah	1881	F	51	2738	Place-22	-----
SMITH	Sheila	1881	F	28	4136	Place-25	-----
SMITH	Jenkins	1881	M	48	2872	Place-8	-----
SMITH	Paulo	1881	M	28	4125	Place-11	-----
SMITH	Seonaid	1881	F	21	4695	Place-19	-----
SMITH	Selina	1881	F	50	5379	Place-0	-----
SMITH	Jenkins	1881	M	22	4584	Place-8	-----
SMITH	Sarah	1881	F	52	5197	Place-23	-----
SMITH	Sharon	1881	F	52	4788	Place-25	-----
SMITH	Suzanne	1881	F	36	3646	Place-21	-----
SMITH	Selina	1881	F	38	3511	Place-16	-----
SMITH	Seonaid	1881	F	46	2985	Place-17	-----
SMITH	Sheila	1881	F	51	4789	Place-7	-----
SMITH	Jim	1881	M	38	3488	Place-19	-----
SMITH	James	1881	M	32	3884	Place-11	-----
SMITH	Jim	1881	M	29	4057	Place-17	-----
SMITH	Paulo	1881	M	29	4109	Place-7	-----
SMITH	Shawn	1881	M	26	4276	Place-17	-----
SMITH	Jim	1881	M	25	4389	Place-3	-----
SMITH	Seonaid	1881	F	24	4480	Place-19	-----
SMITH	Suzanne	1881	F	24	4487	Place-29	-----
SMITH	Sarah	1881	F	23	4550	Place-27	-----
SMITH	Selina	1881	F	23	4563	Place-21	-----
SMITH	Joseph	1881	M	22	4608	Place-15	-----
SMITH	Jacob	1881	M	21	4685	Place-8	-----
SMITH	Jacob	1881	M	21	4711	Place-17	-----
SMITH	James	1881	M	16	5039	Place-19	-----
SMITH	Shawn	1881	M	13	5304	Place-4	-----
SMITH	Jenkins	1881	M	13	5328	Place-3	-----
SMITH	Briony	1881	F	13	5331	Place-0	-----
SMITH	Sarah	1881	F	10	5622	Place-15	-----
SMITH	Selina	1881	F	9	5726	Place-1	-----
SMITH	Sarah	1881	F	26	6158	Place-24	-----
SMITH	Sharon	1881	F	36	6160	Place-11	-----
SMITH	Selina	1881	F	28	6162	Place-16	-----
SMITH	Selina	1881	F	37	6163	Place-5	-----
SMITH	Susan	1881	F	31	6165	Place-7	-----
SMITH	Sheila	1881	F	30	6166	Place-5	-----
SMITH	Sharon	1881	F	48	6063	Place-2	-----
SMITH	Sarah	1881	F	27	4241	Place-12	-----
SMITH	Paulo	1881	M	24	4423	Place-7	-----
SMITH	Jacob	1881	M	40	3393	Place-22	-----
SMITH	Bob	1881	M	25	4387	Place-20	-----
SMITH	Shawn	1881	M	23	4517	Place-22	-----
SMITH	Seonaid	1881	F	36	5955	Place-4	-----
SMITH	Jacob	1881	M	25	4390	Place-23	-----
SMITH	Briony	1881	F	24	4421	Place-4	-----
SMITH	Jim	1881	M	47	2964	Place-27	-----
SMITH	Selina	1881	F	40	5868	Place-7	-----
SMITH	Jim	1881	M	46	2995	Place-26	-----
SMITH	James	1881	M	29	4102	Place-1	-----
SMITH	Shawn	1881	M	28	4132	Place-12	-----
SMITH	Sarah	1881	F	44	3162	Place-17	-----
SMITH	James	1881	M	42	3243	Place-2	-----
SMITH	Sharon	1881	F	45	3064	Place-22	-----
SMITH	Bob	1881	M	35	3676	Place-11	-----
SMITH	Joseph	1881	M	35	3679	Place-29	-----
SMITH	Sharon	1881	F	48	2867	Place-18	-----
SMITH	Paulo	1881	M	39	3452	Place-25	-----
SMITH	Jim	1881	M	31	3965	Place-7	-----
SMITH	James	1881	M	36	3638	Place-1	-----
SMITH	Jenkins	1881	M	50	2788	Place-21	-----
SMITH	Bob	1881	M	36	3626	Place-27	-----
SMITH	Briony	1881	F	47	4264	Place-12	-----
SMITH	Susan	1881	F	24	4483	Place-21	-----
SMITH	Shawn	1881	M	21	4702	Place-8	-----
SMITH	James	1881	M	24	4446	Place-9	-----
SMITH	Seonaid	1881	F	42	4634	Place-14	-----
SMITH	Bob	1881	M	40	3389	Place-8	-----
SMITH	Suzanne	1881	F	32	3909	Place-4	-----
SMITH	James	1881	M	39	3414	Place-20	-----
SMITH	Suzanne	1881	F	31	3956	Place-14	-----
SMITH	Briony	1881	F	25	4345	Place-21	-----
SMITH	Jenkins	1881	M	25	4349	Place-7	-----
SMITH	Jim	1881	M	24	4463	Place-11	-----
SMITH	Susan	1881	F	23	4506	Place-16	-----
SMITH	Suzanne	1881	F	21	4676	Place-7	-----
SMITH	Paulo	1881	M	21	4690	Place-8	-----
SMITH	Selina	1881	F	21	4692	Place-25	-----
SMITH	Sarah	1881	F	17	5024	Place-12	-----
SMITH	Sarah	1881	F	13	5325	Place-29	-----
SMITH	Sarah	1881	F	9	5731	Place-27	-----
SMITH	Bob	1881	M	7	5925	Place-24	-----
SMITH	Joseph	1881	M	6	6037	Place-0	-----
SMITH	Shawn	1881	M	5	6109	Place-8	-----
SMITH	Susan	1881	F	27	6060	Place-24	-----
SMITH	Sharon	1881	F	28	6062	Place-27	-----
SMITH	Suzanne	1881	F	35	6064	Place-18	-----
SMITH	Sarah	1881	F	52	6065	Place-29	-----
SMITH	Selina	1881	F	38	6067	Place-25	-----
SMITH	Susan	1881	F	31	6068	Place-2	-----
SMITH	Susan	1881	F	26	6073	Place-23	-----
SMITH	Briony	1881	F	47	5956	Place-2	-----
SMITH	Sarah	1881	F	30	5762	Place-27	-----
SMITH	Jacob	1881	M	47	2960	Place-10	-----
SMITH	Suzanne	1881	F	32	5281	Place-1	-----
SMITH	Shawn	1881	M	23	4542	Place-28	-----
SMITH	Sharon	1881	F	22	4575	Place-23	-----
SMITH	Jacob	1881	M	44	3149	Place-3	-----
SMITH	Sharon	1881	F	12	5463	Place-27	-----
SMITH	Bob	1881	M	35	3653	Place-1	-----
SMITH	Suzanne	1881	F	31	3955	Place-0	-----
SMITH	Seonaid	1881	F	43	3187	Place-16	-----
SMITH	Susan	1881	F	39	5475	Place-18	-----
SMITH	Bob	1881	M	28	4128	Place-12	-----
SMITH	Susan	1881	F	23	4512	Place-16	-----
SMITH	James	1881	M	20	4766	Place-26	-----
SMITH	Jacob	1881	M	43	3190	Place-13	-----
SMITH	Jenkins	1881	M	31	3934	Place-15	-----
SMITH	Seonaid	1881	F	51	2734	Place-11	-----
SMITH	Jim	1881	M	46	3027	Place-8	-----
SMITH	Jim	1881	M	35	3659	Place-18	-----
SMITH	Jenkins	1881	M	36	3603	Place-26	-----
SMITH	Selina	1881	F	35	3669	Place-6	-----
SMITH	Selina	1881	F	37	3530	Place-28	-----
SMITH	Jim	1881	M	52	2659	Place-3	-----
SMITH	Susan	1881	F	29	4094	Place-3	-----
SMITH	Susan	1881	F	28	4158	Place-6	-----
SMITH	Sharon	1881	F	28	4181	Place-10	-----
SMITH	Sarah	1881	F	25	4343	Place-1	-----
SMITH	Selina	1881	F	25	4361	Place-13	-----
SMITH	Sharon	1881	F	23	4536	Place-15	-----
SMITH	Sheila	1881	F	22	4581	Place-27	-----
SMITH	Susan	1881	F	22	4602	Place-8	-----
SMITH	Susan	1881	F	22	4628	Place-0	-----
SMITH	Seonaid	1881	F	18	4943	Place-13	-----
SMITH	Bob	1881	M	13	5357	Place-10	-----
SMITH	Jim	1881	M	13	5360	Place-10	-----
SMITH	Selina	1881	F	13	5368	Place-2	-----
SMITH	James	1881	M	12	5414	Place-17	-----
SMITH	Briony	1881	F	8	5774	Place-10	-----
SMITH	Susan	1881	F	7	5906	Place-23	-----
SMITH	Susan	1881	F	41	5953	Place-10	-----
SMITH	Sarah	1881	F	47	5954	Place-10	-----
SMITH	Sharon	1881	F	30	5958	Place-23	-----
SMITH	Sheila	1881	F	48	5959	Place-29	-----
SMITH	Sheila	1881	F	41	5961	Place-25	-----
SMITH	Briony	1881	F	46	5962	Place-5	-----
SMITH	Selina	1881	F	47	5964	Place-20	-----
SMITH	Selina	1881	F	26	5965	Place-6	-----
SMITH	Sarah	1881	F	31	5873	Place-4	-----
SMITH	Sarah	1881	F	31	3926	Place-26	-----
SMITH	Jenkins	1881	M	37	3545	Place-20	-----
SMITH	Paulo	1881	M	41	3312	Place-17	-----
SMITH	James	1881	M	25	4370	Place-13	-----
SMITH	Jenkins	1881	M	35	3709	Place-9	-----
SMITH	Selina	1881	F	35	5378	Place-27	-----
SMITH	Briony	1881	F	44	5189	Place-19	-----
SMITH	Seonaid	1881	F	43	5115	Place-29	-----
SMITH	Shawn	1881	M	40	3358	Place-1	-----
SMITH	Suzanne	1881	F	34	3742	Place-13	-----
SMITH	Briony	1881	F	45	3055	Place-19	-----
SMITH	Suzanne	1881	F	45	3078	Place-10	-----
SMITH	James	1881	M	51	2709	Place-28	-----
SMITH	Sharon	1881	F	52	3854	Place-16	-----
SMITH	James	1881	M	24	4475	Place-29	-----
SMITH	James	1881	M	42	3235	Place-13	-----
SMITH	Jim	1881	M	50	2787	Place-11	-----
SMITH	Joseph	1881	M	39	3420	Place-12	-----
SMITH	Sharon	1881	F	35	3668	Place-11	-----
SMITH	Suzanne	1881	F	31	3978	Place-0	-----
SMITH	Joseph	1881	M	27	4258	Place-25	-----
SMITH	Briony	1881	F	26	4288	Place-22	-----
SMITH	Jenkins	1881	M	25	4342	Place-9	-----
SMITH	James	1881	M	24	4451	Place-17	-----
SMITH	Sarah	1881	F	24	4484	Place-14	-----
SMITH	Bob	1881	M	20	4775	Place-12	-----
SMITH	James	1881	M	14	5215	Place-0	-----
SMITH	Sharon	1881	F	11	5492	Place-21	-----
SMITH	Sarah	1881	F	10	5574	Place-10	-----
SMITH	Seonaid	1881	F	7	5877	Place-19	-----
SMITH	Suzanne	1881	F	7	5912	Place-23	-----
SMITH	Suzanne	1881	F	47	5866	Place-25	-----
SMITH	Sharon	1881	F	38	5872	Place-11	-----
SMITH	Susan	1881	F	29	5875	Place-0	-----
SMITH	Sharon	1881	F	38	5767	Place-21	-----
SMITH	Sheila	1881	F	33	3839	Place-19	-----
SMITH	Shawn	1881	M	44	3113	Place-28	-----
SMITH	Jacob	1881	M	47	2919	Place-10	-----
SMITH	Joseph	1881	M	44	3131	Place-15	-----
SMITH	Susan	1881	F	29	4083	Place-10	-----
SMITH	Sheila	1881	F	38	3472	Place-24	-----
SMITH	Joseph	1881	M	44	3151	Place-29	-----
SMITH	Sharon	1881	F	40	5481	Place-22	-----
SMITH	Shawn	1881	M	37	3572	Place-7	-----
SMITH	Selina	1881	F	46	5285	Place-12	-----
SMITH	Sharon	1881	F	48	2858	Place-22	-----
SMITH	Shawn	1881	M	18	4921	Place-11	-----
SMITH	Jacob	1881	M	46	3009	Place-29	-----
SMITH	Briony	1881	F	43	3213	Place-4	-----
SMITH	Suzanne	1881	F	36	3631	Place-11	-----
SMITH	James	1881	M	28	4130	Place-6	-----
SMITH	Sarah	1881	F	54	2605	Place-29	-----
SMITH	Joseph	1881	M	31	3959	Place-0	-----
SMITH	Seonaid	1881	F	56	2488	Place-4	-----
SMITH	Bob	1881	M	47	2968	Place-9	-----
SMITH	Bob	1881	M	44	3150	Place-3	-----
SMITH	Bob	1881	M	43	3182	Place-6	-----
SMITH	Jacob	1881	M	55	2530	Place-7	-----
SMITH	Jim	1881	M	52	2699	Place-17	-----
SMITH	Briony	1881	F	32	3862	Place-16	-----
SMITH	Selina	1881	F	30	4000	Place-0	-----
SMITH	Jim	1881	M	29	4089	Place-6	-----
SMITH	Suzanne	1881	F	28	4183	Place-13	-----
SMITH	Jim	1881	M	27	4216	Place-24	-----
SMITH	James	1881	M	27	4256	Place-26	-----
SMITH	Jacob	1881	M	26	4302	Place-24	-----
SMITH	Joseph	1881	M	25	4393	Place-14	-----
SMITH	Jenkins	1881	M	24	4417	Place-6	-----
SMITH	Jacob	1881	M	24	4476	Place-13	-----
SMITH	Joseph	1881	M	14	5203	Place-10	-----
SMITH	Seonaid	1881	F	9	5689	Place-3	-----
SMITH	Susan	1881	F	44	5757	Place-21	-----
SMITH	Briony	1881	F	47	5763	Place-6	-----
SMITH	Sheila	1881	F	27	5765	Place-24	-----
SMITH	Sharon	1881	F	32	5769	Place-10	-----
SMITH	Susan	1881	F	33	5191	Place-15	-----
SMITH	Joseph	1881	M	34	3774	Place-13	-----
SMITH	Paulo	1881	M	48	2875	Place-24	-----
SMITH	Jacob	1881	M	39	3416	Place-7	-----
SMITH	Shawn	1881	M	37	3537	Place-27	-----
SMITH	Briony	1881	F	34	5374	Place-22	-----
SMITH	Seonaid	1881	F	36	5118	Place-21	-----
SMITH	Suzanne	1881	F	49	2820	Place-21	-----
SMITH	Selina	1881	F	57	2430	Place-17	-----
SMITH	Paulo	1881	M	40	3351	Place-13	-----
SMITH	Briony	1881	F	34	3751	Place-23	-----
SMITH	Paulo	1881	M	53	2636	Place-16	-----
SMITH	James	1881	M	50	2760	Place-20	-----
SMITH	Bob	1881	M	47	2929	Place-15	-----
SMITH	Jenkins	1881	M	29	4051	Place-17	-----
SMITH	Shawn	1881	M	37	3575	Place-16	-----
SMITH	Seonaid	1881	F	36	3636	Place-3	-----
SMITH	Selina	1881	F	33	3807	Place-9	-----
SMITH	Shawn	1881	M	27	4207	Place-2	-----
SMITH	Jim	1881	M	18	4881	Place-24	-----
SMITH	Bob	1881	M	30	4028	Place-14	-----
SMITH	Shawn	1881	M	35	3683	Place-10	-----
SMITH	Jacob	1881	M	28	4147	Place-27	-----
SMITH	Joseph	1881	M	35	3713	Place-14	-----
SMITH	James	1881	M	42	3260	Place-27	-----
SMITH	Paulo	1881	M	42	3271	Place-11	-----
SMITH	Bob	1881	M	36	3610	Place-11	-----
SMITH	Suzanne	1881	F	43	5030	Place-6	-----
SMITH	Briony	1881	F	39	3433	Place-25	-----
SMITH	Sarah	1881	F	46	3003	Place-19	-----
SMITH	Selina	1881	F	35	3667	Place-0	-----
SMITH	Sharon	1881	F	39	3445	Place-8	-----
SMITH	Sarah	1881	F	26	4316	Place-13	-----
SMITH	Sharon	1881	F	29	5571	Place-28	-----
SMITH	Shawn	1881	M	29	4062	Place-8	-----
SMITH	Bob	1881	M	43	3210	Place-26	-----
SMITH	Bob	1881	M	30	3992	Place-23	-----
SMITH	Jim	1881	M	18	4925	Place-29	-----
SMITH	Paulo	1881	M	55	2557	Place-19	-----
SMITH	Seonaid	1881	F	42	3265	Place-3	-----
SMITH	Susan	1881	F	31	3929	Place-18	-----
SMITH	Shawn	1881	M	49	2832	Place-17	-----
SMITH	Joseph	1881	M	56	2483	Place-10	-----
SMITH	Sharon	1881	F	32	3899	Place-3	-----
SMITH	Joseph	1881	M	31	3936	Place-12	-----
SMITH	James	1881	M	30	3998	Place-9	-----
SMITH	Paulo	1881	M	29	4093	Place-13	-----
SMITH	Selina	1881	F	28	4191	Place-7	-----
SMITH	James	1881	M	18	4915	Place-14	-----
SMITH	Sheila	1881	F	16	5060	Place-14	-----
SMITH	Sharon	1881	F	14	5243	Place-6	-----
SMITH	Sharon	1881	F	13	5306	Place-28	-----
SMITH	Sharon	1881	F	13	5327	Place-15	-----
SMITH	Jenkins	1881	M	11	5482	Place-3	-----
SMITH	Shawn	1881	M	11	5521	Place-3	-----
SMITH	Susan	1881	F	34	5476	Place-18	-----
SMITH	Sarah	1881	F	56	5479	Place-16	-----
SMITH	Bob	1881	M	52	2689	Place-5	-----
SMITH	James	1881	M	38	3489	Place-2	-----
SMITH	Jenkins	1881	M	31	3925	Place-23	-----
SMITH	Briony	1881	F	54	4266	Place-27	-----
SMITH	Suzanne	1881	F	46	2996	Place-5	-----
SMITH	Jim	1881	M	33	3809	Place-4	-----
SMITH	Seonaid	1881	F	49	2836	Place-22	-----
SMITH	Jacob	1881	M	39	3427	Place-8	-----
SMITH	Shawn	1881	M	35	3688	Place-7	-----
SMITH	Paulo	1881	M	30	4018	Place-23	-----
SMITH	Jacob	1881	M	14	5204	Place-16	-----
SMITH	Selina	1881	F	12	5401	Place-17	-----
SMITH	Briony	1881	F	56	5377	Place-12	-----
SMITH	Sharon	1881	F	44	5380	Place-4	-----
SMITH	Paulo	1881	M	35	3687	Place-8	-----
SMITH	Joseph	1881	M	35	3689	Place-10	-----
SMITH	Joseph	1881	M	35	3697	Place-23	-----
SMITH	Briony	1881	F	55	5192	Place-8	-----
SMITH	Jim	1881	M	42	3270	Place-23	-----
SMITH	Seonaid	1881	F	35	3660	Place-3	-----
SMITH	Jacob	1881	M	47	2944	Place-13	-----
SMITH	Bob	1881	M	34	3769	Place-17	-----
SMITH	Joseph	1881	M	52	2654	Place-12	-----
SMITH	Suzanne	1881	F	35	3675	Place-0	-----
SMITH	Sharon	1881	F	30	4037	Place-7	-----
SMITH	James	1881	M	17	5016	Place-22	-----
SMITH	Seonaid	1881	F	15	5142	Place-4	-----
SMITH	Sheila	1881	F	37	5284	Place-23	-----
SMITH	Sarah	1881	F	47	5286	Place-20	-----
SMITH	Seonaid	1881	F	39	5289	Place-6	-----
SMITH	James	1881	M	44	3117	Place-12	-----
SMITH	Bob	1881	M	56	2463	Place-21	-----
SMITH	Bob	1881	M	42	3250	Place-13	-----
SMITH	Jim	1881	M	38	3515	Place-25	-----
SMITH	Briony	1881	F	34	3766	Place-27	-----
SMITH	Sarah	1881	F	34	3775	Place-23	-----
SMITH	Paulo	1881	M	33	3831	Place-1	-----
SMITH	Joseph	1881	M	32	3876	Place-18	-----
SMITH	Paulo	1881	M	32	3898	Place-26	-----
SMITH	Selina	1881	F	30	3991	Place-1	-----
SMITH	Suzanne	1881	F	21	4662	Place-16	-----
SMITH	Jacob	1881	M	17	4962	Place-16	-----
SMITH	Suzanne	1881	F	47	5109	Place-7	-----
SMITH	Sarah	1881	F	47	2933	Place-26	-----
SMITH	Paulo	1881	M	44	3165	Place-11	-----
SMITH	Sheila	1881	F	43	4785	Place-15	-----
SMITH	Seonaid	1881	F	38	3505	Place-19	-----
SMITH	Jim	1881	M	35	3662	Place-7	-----
SMITH	Jacob	1881	M	34	3778	Place-5	-----
SMITH	Paulo	1881	M	31	3951	Place-2	-----
SMITH	Jenkins	1881	M	21	4691	Place-4	-----
SMITH	Sarah	1881	F	18	4904	Place-15	-----
SMITH	James	1881	M	40	3399	Place-7	-----
SMITH	Shawn	1881	M	44	3103	Place-4	-----
SMITH	James	1881	M	58	2373	Place-9	-----
SMITH	Briony	1881	F	57	2445	Place-27	-----
SMITH	Jacob	1881	M	54	2577	Place-7	-----
SMITH	Shawn	1881	M	18	4865	Place-8	-----
SMITH	Briony	1881	F	26	4334	Place-29	-----
SMITH	James	1881	M	18	4874	Place-1	-----
SMITH	Jenkins	1881	M	17	4990	Place-16	-----
SMITH	Sarah	1881	F	17	5012	Place-4	-----
SMITH	Briony	1881	F	39	4953	Place-2	-----
SMITH	Selina	1881	F	36	4954	Place-17	-----
SMITH	Bob	1881	M	34	3732	Place-21	-----
SMITH	Suzanne	1881	F	46	2990	Place-19	-----
SMITH	Sheila	1881	F	47	4265	Place-21	-----
SMITH	Jenkins	1881	M	47	2926	Place-21	-----
SMITH	Selina	1881	F	34	3729	Place-18	-----
SMITH	Joseph	1881	M	37	3554	Place-10	-----
SMITH	Jenkins	1881	M	34	3780	Place-18	-----
SMITH	Paulo	1881	M	32	3866	Place-27	-----
SMITH	Paulo	1881	M	23	4501	Place-20	-----
SMITH	Selina	1881	F	20	4756	Place-25	-----
SMITH	Susan	1881	F	40	4784	Place-13	-----
SMITH	Bob	1881	M	45	3068	Place-2	-----
SMITH	Jacob	1881	M	43	3218	Place-24	-----
SMITH	Sarah	1881	F	26	4309	Place-9	-----
SMITH	Sheila	1881	F	20	4769	Place-16	-----
SMITH	Suzanne	1881	F	38	4791	Place-11	-----
SMITH	Shawn	1881	M	48	2871	Place-10	-----
SMITH	Briony	1881	F	56	2490	Place-9	-----
SMITH	Sharon	1881	F	45	3058	Place-23	-----
SMITH	Selina	1881	F	38	3513	Place-4	-----
SMITH	James	1881	M	37	3544	Place-26	-----
SMITH	Suzanne	1881	F	37	3548	Place-19	-----
SMITH	Paulo	1881	M	33	3842	Place-9	-----
SMITH	Shawn	1881	M	21	4698	Place-1	-----
SMITH	Sharon	1881	F	21	4708	Place-15	-----
SMITH	Shawn	1881	M	20	4735	Place-25	-----
SMITH	James	1881	M	44	3143	Place-7	-----
SMITH	Shawn	1881	M	24	4439	Place-27	-----
SMITH	Jacob	1881	M	24	4445	Place-28	-----
SMITH	Bob	1881	M	39	3459	Place-11	-----
SMITH	James	1881	M	41	3332	Place-22	-----
SMITH	James	1881	M	41	3319	Place-23	-----
SMITH	Paulo	1881	M	25	4375	Place-3	-----
SMITH	Sheila	1881	F	47	2966	Place-9	-----
SMITH	Bob	1881	M	43	3227	Place-20	-----
SMITH	Sharon	1881	F	44	3132	Place-18	-----
SMITH	Briony	1881	F	25	4380	Place-17	-----
SMITH	Shawn	1881	M	52	2656	Place-7	-----
SMITH	James	1881	M	46	2989	Place-11	-----
SMITH	Jacob	1881	M	47	2952	Place-22	-----
SMITH	Sheila	1881	F	54	2607	Place-14	-----
SMITH	Shawn	1881	M	48	2900	Place-12	-----
SMITH	Jenkins	1881	M	47	2951	Place-23	-----
SMITH	Jenkins	1881	M	46	2983	Place-25	-----
SMITH	Briony	1881	F	49	2810	Place-29	-----
SMITH	Briony	1881	F	55	3796	Place-21	-----
SMITH	Paulo	1881	M	39	3415	Place-6	-----
SMITH	Sarah	1881	F	45	3086	Place-27	-----
SMITH	Jim	1881	M	44	3157	Place-0	-----
SMITH	Suzanne	1881	F	44	3169	Place-19	-----
SMITH	Suzanne	1881	F	41	3317	Place-21	-----
SMITH	Jacob	1881	M	40	3367	Place-26	-----
SMITH	Jacob	1881	M	40	3379	Place-22	-----
SMITH	Briony	1881	F	38	3481	Place-21	-----
SMITH	Selina	1881	F	38	3492	Place-7	-----
SMITH	Paulo	1881	M	37	3579	Place-5	-----
SMITH	Jacob	1881	M	34	3744	Place-20	-----
SMITH	Bob	1881	M	34	3768	Place-22	-----
SMITH	Paulo	1881	M	33	3820	Place-28	-----
SMITH	Seonaid	1881	F	33	3827	Place-15	-----
SMITH	Jenkins	1881	M	32	3859	Place-13	-----
SMITH	Joseph	1881	M	32	3878	Place-10	-----
SMITH	Briony	1881	F	32	3907	Place-13	-----
SMITH	Jenkins	1881	M	31	3940	Place-10	-----
SMITH	James	1881	M	31	3976	Place-20	-----
SMITH	Susan	1881	F	30	4001	Place-29	-----
SMITH	Jim	1881	M	30	4009	Place-21	-----
SMITH	Suzanne	1881	F	30	4016	Place-10	-----
SMITH	Bob	1881	M	29	4068	Place-7	-----
SMITH	Joseph	1881	M	29	4074	Place-6	-----
SMITH	Suzanne	1881	F	29	4079	Place-7	-----
SMITH	Jenkins	1881	M	29	4088	Place-25	-----
SMITH	Sharon	1881	F	29	4100	Place-27	-----
SMITH	Shawn	1881	M	29	4103	Place-13	-----
SMITH	Suzanne	1881	F	29	4111	Place-4	-----
SMITH	Paulo	1881	M	28	4126	Place-25	-----
SMITH	Sarah	1881	F	28	4127	Place-22	-----
SMITH	Shawn	1881	M	28	4129	Place-28	-----
SMITH	Shawn	1881	M	28	4137	Place-26	-----
SMITH	Sarah	1881	F	28	4143	Place-28	-----
SMITH	Shawn	1881	M	28	4148	Place-10	-----
SMITH	Sheila	1881	F	28	4189	Place-28	-----
SMITH	Seonaid	1881	F	27	4214	Place-21	-----
SMITH	Susan	1881	F	27	4217	Place-29	-----
SMITH	James	1881	M	27	4227	Place-5	-----
SMITH	Selina	1881	F	27	4246	Place-28	-----
SMITH	Seonaid	1881	F	27	4249	Place-7	-----
SMITH	Bob	1881	M	27	4259	Place-4	-----
SMITH	Bob	1881	M	26	4278	Place-24	-----
SMITH	Sarah	1881	F	26	4284	Place-2	-----
SMITH	Suzanne	1881	F	26	4289	Place-9	-----
SMITH	Seonaid	1881	F	26	4304	Place-14	-----
SMITH	Jenkins	1881	M	26	4308	Place-24	-----
SMITH	Shawn	1881	M	26	4322	Place-23	-----
SMITH	Sarah	1881	F	25	4350	Place-25	-----
SMITH	Jim	1881	M	25	4359	Place-23	-----
SMITH	Jim	1881	M	25	4360	Place-29	-----
SMITH	Suzanne	1881	F	25	4373	Place-25	-----
SMITH	Suzanne	1881	F	25	4377	Place-7	-----
SMITH	Sheila	1881	F	25	4386	Place-16	-----
SMITH	Jenkins	1881	M	24	4418	Place-24	-----
SMITH	Susan	1881	F	24	4420	Place-13	-----
SMITH	Sarah	1881	F	24	4443	Place-25	-----
SMITH	Seonaid	1881	F	24	4444	Place-27	-----
SMITH	Joseph	1881	M	24	4461	Place-4	-----
SMITH	Selina	1881	F	24	4464	Place-25	-----
SMITH	Selina	1881	F	24	4479	Place-1	-----
SMITH	Selina	1881	F	23	4498	Place-21	-----
SMITH	Suzanne	1881	F	23	4504	Place-23	-----
SMITH	Joseph	1881	M	23	4509	Place-23	-----
SMITH	Shawn	1881	M	23	4515	Place-20	-----
SMITH	Bob	1881	M	23	4519	Place-11	-----
SMITH	Bob	1881	M	23	4523	Place-14	-----
SMITH	Suzanne	1881	F	23	4525	Place-10	-----
SMITH	James	1881	M	23	4527	Place-1	-----
SMITH	Bob	1881	M	23	4529	Place-2	-----
SMITH	Seonaid	1881	F	23	4531	Place-27	-----
SMITH	Shawn	1881	M	23	4543	Place-15	-----
SMITH	James	1881	M	23	4547	Place-17	-----
SMITH	Paulo	1881	M	23	4556	Place-18	-----
SMITH	Suzanne	1881	F	23	4559	Place-1	-----
SMITH	Sheila	1881	F	22	4571	Place-28	-----
SMITH	Briony	1881	F	22	4573	Place-12	-----
SMITH	Shawn	1881	M	22	4588	Place-8	-----
SMITH	Jenkins	1881	M	22	4594	Place-21	-----
SMITH	Sharon	1881	F	22	4596	Place-20	-----
SMITH	Paulo	1881	M	22	4598	Place-20	-----
SMITH	Susan	1881	F	22	4610	Place-9	-----
SMITH	Jenkins	1881	M	22	4620	Place-15	-----
SMITH	Paulo	1881	M	22	4622	Place-29	-----
SMITH	Selina	1881	F	22	4623	Place-20	-----
SMITH	Sharon	1881	F	22	4626	Place-25	-----
SMITH	Jacob	1881	M	22	4627	Place-28	-----
SMITH	Jim	1881	M	21	4645	Place-3	-----
SMITH	Susan	1881	F	21	4647	Place-9	-----
SMITH	Briony	1881	F	21	4650	Place-16	-----
SMITH	Sheila	1881	F	21	4651	Place-15	-----
SMITH	Sharon	1881	F	21	4654	Place-24	-----
SMITH	Bob	1881	M	21	4658	Place-4	-----
SMITH	Sheila	1881	F	21	4663	Place-11	-----
SMITH	Jenkins	1881	M	21	4665	Place-26	-----
SMITH	Seonaid	1881	F	21	4671	Place-14	-----
SMITH	Paulo	1881	M	21	4679	Place-6	-----
SMITH	Jim	1881	M	21	4684	Place-17	-----
SMITH	Briony	1881	F	21	4686	Place-3	-----
SMITH	Sheila	1881	F	21	4687	Place-29	-----
SMITH	Jenkins	1881	M	21	4694	Place-6	-----
SMITH	Paulo	1881	M	21	4697	Place-28	-----
SMITH	Susan	1881	F	21	4700	Place-5	-----
SMITH	Sharon	1881	F	21	4706	Place-22	-----
SMITH	Sheila	1881	F	21	4710	Place-13	-----
SMITH	Paulo	1881	M	21	4713	Place-26	-----
SMITH	Jim	1881	M	20	4719	Place-7	-----
SMITH	Joseph	1881	M	20	4723	Place-11	-----
SMITH	Jacob	1881	M	20	4727	Place-9	-----
SMITH	Briony	1881	F	20	4728	Place-15	-----
SMITH	Sheila	1881	F	20	4734	Place-11	-----
SMITH	Sharon	1881	F	20	4740	Place-28	-----
SMITH	Sharon	1881	F	20	4742	Place-13	-----
SMITH	Paulo	1881	M	20	4745	Place-10	-----
SMITH	Bob	1881	M	20	4749	Place-9	-----
SMITH	Jenkins	1881	M	20	4754	Place-13	-----
SMITH	Jenkins	1881	M	20	4755	Place-20	-----
SMITH	James	1881	M	20	4758	Place-1	-----
SMITH	Shawn	1881	M	20	4759	Place-18	-----
SMITH	Jacob	1881	M	20	4760	Place-25	-----
SMITH	Sharon	1881	F	20	4761	Place-11	-----
SMITH	Paulo	1881	M	20	4762	Place-20	-----
SMITH	Sharon	1881	F	20	4764	Place-13	-----
SMITH	Joseph	1881	M	20	4777	Place-28	-----
SMITH	Jim	1881	M	20	4779	Place-10	-----
SMITH	James	1881	M	19	4792	Place-11	-----
SMITH	James	1881	M	19	4794	Place-4	-----
SMITH	Suzanne	1881	F	19	4798	Place-7	-----
SMITH	Jenkins	1881	M	19	4804	Place-1	-----
SMITH	Seonaid	1881	F	19	4807	Place-20	-----
SMITH	Joseph	1881	M	19	4808	Place-15	-----
SMITH	Jenkins	1881	M	19	4809	Place-25	-----
SMITH	Seonaid	1881	F	19	4814	Place-25	-----
SMITH	Joseph	1881	M	19	4815	Place-27	-----
SMITH	Sharon	1881	F	19	4816	Place-20	-----
SMITH	Joseph	1881	M	19	4820	Place-19	-----
SMITH	Suzanne	1881	F	19	4822	Place-5	-----
SMITH	Selina	1881	F	19	4825	Place-25	-----
SMITH	Susan	1881	F	19	4826	Place-1	-----
SMITH	Sarah	1881	F	19	4828	Place-0	-----
SMITH	Briony	1881	F	19	4829	Place-2	-----
SMITH	Sarah	1881	F	19	4830	Place-26	-----
SMITH	Sharon	1881	F	19	4831	Place-11	-----
SMITH	Jacob	1881	M	19	4834	Place-16	-----
SMITH	Susan	1881	F	19	4836	Place-25	-----
SMITH	Sheila	1881	F	19	4840	Place-4	-----
SMITH	Jim	1881	M	19	4842	Place-4	-----
SMITH	Joseph	1881	M	19	4843	Place-7	-----
SMITH	Selina	1881	F	19	4846	Place-0	-----
SMITH	Jenkins	1881	M	19	4847	Place-12	-----
SMITH	Selina	1881	F	19	4852	Place-12	-----
SMITH	Sarah	1881	F	18	4866	Place-23	-----
SMITH	Suzanne	1881	F	18	4868	Place-3	-----
SMITH	Selina	1881	F	18	4869	Place-13	-----
SMITH	Suzanne	1881	F	18	4880	Place-8	-----
SMITH	Sheila	1881	F	18	4883	Place-27	-----
SMITH	Jacob	1881	M	18	4891	Place-6	-----
SMITH	Shawn	1881	M	18	4894	Place-25	-----
SMITH	Suzanne	1881	F	18	4906	Place-18	-----
SMITH	Jim	1881	M	18	4907	Place-5	-----
SMITH	Jenkins	1881	M	18	4908	Place-6	-----
SMITH	Sheila	1881	F	18	4909	Place-2	-----
SMITH	Jacob	1881	M	18	4920	Place-15	-----
SMITH	Sarah	1881	F	18	4922	Place-0	-----
SMITH	Suzanne	1881	F	18	4924	Place-6	-----
SMITH	Selina	1881	F	18	4927	Place-1	-----
SMITH	Sarah	1881	F	18	4928	Place-12	-----
SMITH	Bob	1881	M	18	4929	Place-8	-----
SMITH	Paulo	1881	M	18	4930	Place-17	-----
SMITH	Paulo	1881	M	18	4931	Place-29	-----
SMITH	Jacob	1881	M	18	4935	Place-21	-----
SMITH	Bob	1881	M	18	4938	Place-11	-----
SMITH	Jenkins	1881	M	18	4939	Place-28	-----
SMITH	Susan	1881	F	18	4940	Place-3	-----
SMITH	Susan	1881	F	17	4955	Place-13	-----
SMITH	Jenkins	1881	M	17	4960	Place-4	-----
SMITH	Suzanne	1881	F	17	4961	Place-21	-----
SMITH	Sheila	1881	F	17	4964	Place-21	-----
SMITH	Susan	1881	F	17	4967	Place-2	-----
SMITH	Jenkins	1881	M	17	4968	Place-20	-----
SMITH	Sarah	1881	F	17	4969	Place-0	-----
SMITH	Suzanne	1881	F	17	4971	Place-9	-----
SMITH	Selina	1881	F	17	4973	Place-9	-----
SMITH	Shawn	1881	M	17	4974	Place-4	-----
SMITH	Sarah	1881	F	17	4976	Place-10	-----
SMITH	Briony	1881	F	17	4979	Place-20	-----
SMITH	Sheila	1881	F	17	4980	Place-19	-----
SMITH	Selina	1881	F	17	4981	Place-4	-----
SMITH	Sheila	1881	F	17	4982	Place-24	-----
SMITH	Jim	1881	M	17	4984	Place-28	-----
SMITH	Briony	1881	F	17	4985	Place-29	-----
SMITH	Joseph	1881	M	17	4986	Place-21	-----
SMITH	Seonaid	1881	F	17	4993	Place-1	-----
SMITH	Joseph	1881	M	17	4994	Place-17	-----
SMITH	Jenkins	1881	M	17	4995	Place-13	-----
SMITH	Bob	1881	M	17	4997	Place-27	-----
SMITH	Seonaid	1881	F	17	4998	Place-20	-----
SMITH	Joseph	1881	M	17	4999	Place-4	-----
SMITH	Jenkins	1881	M	17	5001	Place-2	-----
SMITH	Sheila	1881	F	17	5002	Place-23	-----
SMITH	Sarah	1881	F	17	5003	Place-3	-----
SMITH	Seonaid	1881	F	17	5005	Place-5	-----
SMITH	Paulo	1881	M	17	5006	Place-12	-----
SMITH	Briony	1881	F	17	5009	Place-10	-----
SMITH	Bob	1881	M	17	5013	Place-14	-----
SMITH	Suzanne	1881	F	17	5017	Place-28	-----
SMITH	Sharon	1881	F	17	5019	Place-18	-----
SMITH	Shawn	1881	M	17	5020	Place-14	-----
SMITH	Selina	1881	F	17	5022	Place-7	-----
SMITH	Sarah	1881	F	17	5023	Place-9	-----
SMITH	Jacob	1881	M	16	5040	Place-7	-----
SMITH	Shawn	1881	M	16	5042	Place-17	-----
SMITH	Sarah	1881	F	16	5050	Place-17	-----
SMITH	Joseph	1881	M	16	5051	Place-21	-----
SMITH	Selina	1881	F	16	5054	Place-24	-----
SMITH	Bob	1881	M	16	5056	Place-23	-----
SMITH	Sheila	1881	F	16	5057	Place-7	-----
SMITH	Bob	1881	M	16	5058	Place-15	-----
SMITH	Joseph	1881	M	16	5059	Place-7	-----
SMITH	Selina	1881	F	16	5065	Place-0	-----
SMITH	Jenkins	1881	M	16	5067	Place-21	-----
SMITH	Jacob	1881	M	16	5068	Place-17	-----
SMITH	Joseph	1881	M	16	5070	Place-16	-----
SMITH	Sarah	1881	F	16	5072	Place-9	-----
SMITH	Paulo	1881	M	16	5074	Place-10	-----
SMITH	Joseph	1881	M	16	5075	Place-7	-----
SMITH	Jenkins	1881	M	16	5080	Place-29	-----
SMITH	Sarah	1881	F	16	5082	Place-18	-----
SMITH	Joseph	1881	M	16	5083	Place-7	-----
SMITH	Jenkins	1881	M	16	5086	Place-4	-----
SMITH	Joseph	1881	M	16	5089	Place-10	-----
SMITH	Paulo	1881	M	16	5091	Place-15	-----
SMITH	James	1881	M	16	5093	Place-0	-----
SMITH	Joseph	1881	M	16	5095	Place-21	-----
SMITH	Bob	1881	M	16	5096	Place-28	-----
SMITH	Jim	1881	M	16	5097	Place-27	-----
SMITH	Briony	1881	F	16	5099	Place-1	-----
SMITH	Sheila	1881	F	16	5100	Place-13	-----
SMITH	Suzanne	1881	F	16	5102	Place-14	-----
SMITH	Briony	1881	F	16	5105	Place-13	-----
SMITH	Susan	1881	F	16	5106	Place-6	-----
SMITH	Jacob	1881	M	15	5123	Place-13	-----
SMITH	Susan	1881	F	15	5125	Place-17	-----
SMITH	Briony	1881	F	15	5127	Place-26	-----
SMITH	Paulo	1881	M	15	5130	Place-8	-----
SMITH	Joseph	1881	M	15	5132	Place-18	-----
SMITH	Shawn	1881	M	15	5135	Place-20	-----
SMITH	Jacob	1881	M	15	5140	Place-10	-----
SMITH	Jacob	1881	M	15	5143	Place-7	-----
SMITH	Shawn	1881	M	15	5145	Place-0	-----
SMITH	James	1881	M	15	5148	Place-10	-----
SMITH	Sharon	1881	F	15	5149	Place-16	-----
SMITH	Briony	1881	F	15	5151	Place-17	-----
SMITH	Sheila	1881	F	15	5153	Place-5	-----
SMITH	Joseph	1881	M	15	5154	Place-7	-----
SMITH	Jim	1881	M	15	5156	Place-10	-----
SMITH	Jim	1881	M	15	5158	Place-4	-----
SMITH	Suzanne	1881	F	15	5159	Place-28	-----
SMITH	Sarah	1881	F	15	5160	Place-13	-----
SMITH	Suzanne	1881	F	15	5161	Place-14	-----
SMITH	Selina	1881	F	15	5163	Place-3	-----
SMITH	Shawn	1881	M	15	5168	Place-26	-----
SMITH	Bob	1881	M	15	5169	Place-28	-----
SMITH	Sarah	1881	F	15	5170	Place-3	-----
SMITH	Paulo	1881	M	15	5171	Place-1	-----
SMITH	Briony	1881	F	15	5174	Place-0	-----
SMITH	Suzanne	1881	F	15	5178	Place-10	-----
SMITH	Jim	1881	M	15	5181	Place-4	-----
SMITH	Joseph	1881	M	15	5182	Place-23	-----
SMITH	Jacob	1881	M	15	5184	Place-17	-----
SMITH	Sarah	1881	F	15	5187	Place-23	-----
SMITH	Susan	1881	F	15	5188	Place-4	-----
SMITH	Jim	1881	M	14	5202	Place-24	-----
SMITH	James	1881	M	14	5206	Place-24	-----
SMITH	Seonaid	1881	F	14	5207	Place-22	-----
SMITH	Jenkins	1881	M	14	5209	Place-7	-----
SMITH	Paulo	1881	M	14	5211	Place-19	-----
SMITH	Jim	1881	M	14	5212	Place-24	-----
SMITH	Shawn	1881	M	14	5213	Place-27	-----
SMITH	James	1881	M	14	5214	Place-4	-----
SMITH	Selina	1881	F	14	5217	Place-5	-----
SMITH	Jenkins	1881	M	14	5218	Place-9	-----
SMITH	Susan	1881	F	14	5221	Place-16	-----
SMITH	Sarah	1881	F	14	5226	Place-2	-----
SMITH	Joseph	1881	M	14	5227	Place-25	-----
SMITH	Jim	1881	M	14	5229	Place-26	-----
SMITH	Briony	1881	F	14	5232	Place-0	-----
SMITH	Jenkins	1881	M	14	5233	Place-19	-----
SMITH	Suzanne	1881	F	14	5235	Place-9	-----
SMITH	Sarah	1881	F	14	5236	Place-25	-----
SMITH	Shawn	1881	M	14	5240	Place-11	-----
SMITH	Suzanne	1881	F	14	5247	Place-8	-----
SMITH	Bob	1881	M	14	5248	Place-2	-----
SMITH	Briony	1881	F	14	5251	Place-20	-----
SMITH	Susan	1881	F	14	5252	Place-11	-----
SMITH	Briony	1881	F	14	5255	Place-15	-----
SMITH	Seonaid	1881	F	14	5256	Place-15	-----
SMITH	Shawn	1881	M	14	5258	Place-10	-----
SMITH	Sharon	1881	F	14	5260	Place-4	-----
SMITH	Jenkins	1881	M	14	5261	Place-7	-----
SMITH	Jenkins	1881	M	14	5266	Place-13	-----
SMITH	Sheila	1881	F	14	5267	Place-4	-----
SMITH	Jim	1881	M	14	5268	Place-23	-----
SMITH	Joseph	1881	M	14	5269	Place-11	-----
SMITH	James	1881	M	14	5270	Place-3	-----
SMITH	Joseph	1881	M	14	5271	Place-5	-----
SMITH	Joseph	1881	M	14	5273	Place-27	-----
SMITH	Susan	1881	F	14	5274	Place-26	-----
SMITH	Susan	1881	F	14	5279	Place-11	-----
SMITH	Jim	1881	M	13	5292	Place-16	-----
SMITH	Shawn	1881	M	13	5296	Place-15	-----
SMITH	Shawn	1881	M	13	5299	Place-0	-----
SMITH	Bob	1881	M	13	5300	Place-23	-----
SMITH	Susan	1881	F	13	5301	Place-2	-----
SMITH	Jim	1881	M	13	5302	Place-11	-----
SMITH	Briony	1881	F	13	5303	Place-19	-----
SMITH	Jenkins	1881	M	13	5307	Place-2	-----
SMITH	Jenkins	1881	M	13	5308	Place-9	-----
SMITH	Sarah	1881	F	13	5309	Place-28	-----
SMITH	Shawn	1881	M	13	5313	Place-17	-----
SMITH	Shawn	1881	M	13	5314	Place-21	-----
SMITH	Sharon	1881	F	13	5318	Place-3	-----
SMITH	Selina	1881	F	13	5319	Place-5	-----
SMITH	Jacob	1881	M	13	5323	Place-10	-----
SMITH	Bob	1881	M	13	5324	Place-21	-----
SMITH	Suzanne	1881	F	13	5329	Place-0	-----
SMITH	Briony	1881	F	13	5334	Place-23	-----
SMITH	Briony	1881	F	13	5335	Place-7	-----
SMITH	Bob	1881	M	13	5336	Place-22	-----
SMITH	Jim	1881	M	13	5338	Place-14	-----
SMITH	Briony	1881	F	13	5339	Place-10	-----
SMITH	Bob	1881	M	13	5342	Place-28	-----
SMITH	Sheila	1881	F	13	5343	Place-20	-----
SMITH	Briony	1881	F	13	5348	Place-13	-----
SMITH	Joseph	1881	M	13	5351	Place-23	-----
SMITH	Seonaid	1881	F	13	5352	Place-0	-----
SMITH	Sharon	1881	F	13	5355	Place-10	-----
SMITH	Sheila	1881	F	13	5356	Place-21	-----
SMITH	Jacob	1881	M	13	5359	Place-22	-----
SMITH	Jim	1881	M	13	5361	Place-12	-----
SMITH	Suzanne	1881	F	13	5362	Place-6	-----
SMITH	Bob	1881	M	13	5364	Place-7	-----
SMITH	Jim	1881	M	13	5365	Place-5	-----
SMITH	Paulo	1881	M	13	5369	Place-28	-----
SMITH	Selina	1881	F	13	5370	Place-15	-----
SMITH	Joseph	1881	M	13	5371	Place-10	-----
SMITH	Paulo	1881	M	13	5372	Place-13	-----
SMITH	Jim	1881	M	13	5373	Place-12	-----
SMITH	Joseph	1881	M	12	5383	Place-23	-----
SMITH	Paulo	1881	M	12	5385	Place-15	-----
SMITH	Sheila	1881	F	12	5387	Place-19	-----
SMITH	Selina	1881	F	12	5388	Place-28	-----
SMITH	Susan	1881	F	12	5389	Place-4	-----
SMITH	Bob	1881	M	12	5392	Place-3	-----
SMITH	Susan	1881	F	12	5393	Place-20	-----
SMITH	Jenkins	1881	M	12	5394	Place-7	-----
SMITH	Sheila	1881	F	12	5397	Place-9	-----
SMITH	Shawn	1881	M	12	5399	Place-2	-----
SMITH	Shawn	1881	M	12	5405	Place-7	-----
SMITH	Jim	1881	M	12	5406	Place-26	-----
SMITH	Bob	1881	M	12	5408	Place-28	-----
SMITH	Sheila	1881	F	12	5416	Place-28	-----
SMITH	Sheila	1881	F	12	5417	Place-20	-----
SMITH	Sheila	1881	F	12	5418	Place-12	-----
SMITH	Selina	1881	F	12	5419	Place-17	-----
SMITH	Paulo	1881	M	12	5420	Place-26	-----
SMITH	Shawn	1881	M	12	5421	Place-28	-----
SMITH	Sheila	1881	F	12	5422	Place-22	-----
SMITH	Selina	1881	F	12	5424	Place-17	-----
SMITH	Susan	1881	F	12	5425	Place-20	-----
SMITH	Jenkins	1881	M	12	5428	Place-24	-----
SMITH	Jenkins	1881	M	12	5429	Place-7	-----
SMITH	Paulo	1881	M	12	5433	Place-7	-----
SMITH	Sheila	1881	F	12	5435	Place-14	-----
SMITH	Seonaid	1881	F	12	5436	Place-17	-----
SMITH	Joseph	1881	M	12	5437	Place-10	-----
SMITH	Selina	1881	F	12	5439	Place-12	-----
SMITH	Susan	1881	F	12	5441	Place-17	-----
SMITH	Bob	1881	M	12	5442	Place-6	-----
SMITH	Sharon	1881	F	12	5443	Place-18	-----
SMITH	Shawn	1881	M	12	5444	Place-21	-----
SMITH	Seonaid	1881	F	12	5446	Place-14	-----
SMITH	Jacob	1881	M	12	5447	Place-16	-----
SMITH	Paulo	1881	M	12	5449	Place-2	-----
SMITH	Bob	1881	M	12	5450	Place-12	-----
SMITH	Sarah	1881	F	12	5452	Place-29	-----
SMITH	Suzanne	1881	F	12	5454	Place-0	-----
SMITH	Shawn	1881	M	12	5456	Place-25	-----
SMITH	Suzanne	1881	F	12	5465	Place-6	-----
SMITH	Sheila	1881	F	12	5467	Place-22	-----
SMITH	Suzanne	1881	F	12	5469	Place-22	-----
SMITH	Sarah	1881	F	11	5483	Place-16	-----
SMITH	Briony	1881	F	11	5484	Place-6	-----
SMITH	Jenkins	1881	M	11	5485	Place-2	-----
SMITH	Paulo	1881	M	11	5488	Place-9	-----
SMITH	Paulo	1881	M	11	5490	Place-4	-----
SMITH	Suzanne	1881	F	11	5491	Place-13	-----
SMITH	Joseph	1881	M	11	5493	Place-21	-----
SMITH	Sheila	1881	F	11	5495	Place-24	-----
SMITH	Jim	1881	M	11	5498	Place-1	-----
SMITH	James	1881	M	11	5499	Place-3	-----
SMITH	Susan	1881	F	11	5502	Place-6	-----
SMITH	Sharon	1881	F	11	5503	Place-3	-----
SMITH	Sharon	1881	F	11	5505	Place-17	-----
SMITH	Sarah	1881	F	11	5506	Place-22	-----
SMITH	Jacob	1881	M	11	5507	Place-6	-----
SMITH	Sharon	1881	F	11	5509	Place-2	-----
SMITH	Suzanne	1881	F	11	5511	Place-15	-----
SMITH	Joseph	1881	M	11	5513	Place-20	-----
SMITH	Jim	1881	M	11	5520	Place-7	-----
SMITH	Selina	1881	F	11	5523	Place-23	-----
SMITH	Jenkins	1881	M	11	5524	Place-21	-----
SMITH	Bob	1881	M	11	5530	Place-9	-----
SMITH	Sharon	1881	F	11	5532	Place-23	-----
SMITH	Seonaid	1881	F	11	5533	Place-8	-----
SMITH	Sheila	1881	F	11	5536	Place-25	-----
SMITH	Selina	1881	F	11	5537	Place-27	-----
SMITH	Susan	1881	F	11	5540	Place-2	-----
SMITH	Suzanne	1881	F	11	5542	Place-17	-----
SMITH	Susan	1881	F	11	5546	Place-13	-----
SMITH	Jenkins	1881	M	11	5549	Place-28	-----
SMITH	Briony	1881	F	11	5552	Place-28	-----
SMITH	Jacob	1881	M	11	5556	Place-6	-----
SMITH	Sarah	1881	F	11	5557	Place-26	-----
SMITH	Briony	1881	F	11	5558	Place-23	-----
SMITH	Suzanne	1881	F	11	5559	Place-15	-----
SMITH	Seonaid	1881	F	11	5562	Place-4	-----
SMITH	Joseph	1881	M	11	5564	Place-5	-----
SMITH	Selina	1881	F	11	5566	Place-17	-----
SMITH	Susan	1881	F	10	5575	Place-3	-----
SMITH	Briony	1881	F	10	5578	Place-1	-----
SMITH	James	1881	M	10	5579	Place-0	-----
SMITH	Selina	1881	F	10	5580	Place-28	-----
SMITH	Shawn	1881	M	10	5582	Place-27	-----
SMITH	Sharon	1881	F	10	5583	Place-21	-----
SMITH	Joseph	1881	M	10	5587	Place-6	-----
SMITH	Sarah	1881	F	10	5591	Place-7	-----
SMITH	Sarah	1881	F	10	5594	Place-16	-----
SMITH	James	1881	M	10	5595	Place-9	-----
SMITH	Jacob	1881	M	10	5596	Place-29	-----
SMITH	Jenkins	1881	M	10	5597	Place-3	-----
SMITH	Selina	1881	F	10	5598	Place-9	-----
SMITH	Shawn	1881	M	10	5599	Place-16	-----
SMITH	Joseph	1881	M	10	5601	Place-15	-----
SMITH	Paulo	1881	M	10	5602	Place-2	-----
SMITH	Seonaid	1881	F	10	5603	Place-9	-----
SMITH	Jacob	1881	M	10	5604	Place-19	-----
SMITH	Sharon	1881	F	10	5606	Place-3	-----
SMITH	Jim	1881	M	10	5610	Place-3	-----
SMITH	Jacob	1881	M	10	5615	Place-22	-----
SMITH	Shawn	1881	M	10	5618	Place-8	-----
SMITH	Selina	1881	F	10	5619	Place-22	-----
SMITH	Jenkins	1881	M	10	5620	Place-9	-----
SMITH	Susan	1881	F	10	5621	Place-6	-----
SMITH	Paulo	1881	M	10	5624	Place-8	-----
SMITH	Paulo	1881	M	10	5625	Place-23	-----
SMITH	James	1881	M	10	5627	Place-29	-----
SMITH	Sarah	1881	F	10	5630	Place-22	-----
SMITH	Sarah	1881	F	10	5632	Place-23	-----
SMITH	Sheila	1881	F	10	5634	Place-14	-----
SMITH	Selina	1881	F	10	5635	Place-8	-----
SMITH	Sheila	1881	F	10	5637	Place-11	-----
SMITH	Susan	1881	F	10	5638	Place-11	-----
SMITH	Seonaid	1881	F	10	5639	Place-8	-----
SMITH	Selina	1881	F	10	5640	Place-26	-----
SMITH	Jacob	1881	M	10	5641	Place-22	-----
SMITH	Seonaid	1881	F	10	5642	Place-6	-----
SMITH	Jenkins	1881	M	10	5645	Place-0	-----
SMITH	Seonaid	1881	F	10	5649	Place-27	-----
SMITH	Sarah	1881	F	10	5652	Place-13	-----
SMITH	Seonaid	1881	F	10	5654	Place-6	-----
SMITH	Briony	1881	F	10	5655	Place-6	-----
SMITH	James	1881	M	9	5665	Place-2	-----
SMITH	Seonaid	1881	F	9	5666	Place-15	-----
SMITH	Suzanne	1881	F	9	5669	Place-6	-----
SMITH	Sharon	1881	F	9	5670	Place-12	-----
SMITH	Briony	1881	F	9	5671	Place-29	-----
SMITH	Selina	1881	F	9	5672	Place-0	-----
SMITH	Joseph	1881	M	9	5673	Place-8	-----
SMITH	Shawn	1881	M	9	5674	Place-24	-----
SMITH	Jenkins	1881	M	9	5675	Place-28	-----
SMITH	Seonaid	1881	F	9	5677	Place-15	-----
SMITH	Suzanne	1881	F	9	5678	Place-25	-----
SMITH	Seonaid	1881	F	9	5681	Place-5	-----
SMITH	Suzanne	1881	F	9	5683	Place-3	-----
SMITH	Bob	1881	M	9	5684	Place-14	-----
SMITH	Paulo	1881	M	9	5685	Place-23	-----
SMITH	Briony	1881	F	9	5686	Place-18	-----
SMITH	Susan	1881	F	9	5691	Place-16	-----
SMITH	Shawn	1881	M	9	5692	Place-15	-----
SMITH	Joseph	1881	M	9	5693	Place-23	-----
SMITH	Susan	1881	F	9	5694	Place-8	-----
SMITH	Sharon	1881	F	9	5696	Place-4	-----
SMITH	Suzanne	1881	F	9	5697	Place-25	-----
SMITH	Sharon	1881	F	9	5699	Place-26	-----
SMITH	Paulo	1881	M	9	5700	Place-11	-----
SMITH	Briony	1881	F	9	5704	Place-5	-----
SMITH	Briony	1881	F	9	5705	Place-7	-----
SMITH	Selina	1881	F	9	5708	Place-20	-----
SMITH	Suzanne	1881	F	9	5709	Place-9	-----
SMITH	Susan	1881	F	9	5711	Place-16	-----
SMITH	Briony	1881	F	9	5715	Place-10	-----
SMITH	Briony	1881	F	9	5717	Place-22	-----
SMITH	Joseph	1881	M	9	5718	Place-6	-----
SMITH	Susan	1881	F	9	5721	Place-22	-----
SMITH	Bob	1881	M	9	5723	Place-4	-----
SMITH	Paulo	1881	M	9	5724	Place-7	-----
SMITH	Paulo	1881	M	9	5727	Place-12	-----
SMITH	Jacob	1881	M	9	5728	Place-2	-----
SMITH	Sharon	1881	F	9	5735	Place-24	-----
SMITH	Briony	1881	F	9	5736	Place-20	-----
SMITH	Suzanne	1881	F	9	5738	Place-25	-----
SMITH	Jim	1881	M	9	5741	Place-0	-----
SMITH	Selina	1881	F	9	5743	Place-29	-----
SMITH	Briony	1881	F	9	5744	Place-7	-----
SMITH	Jenkins	1881	M	9	5747	Place-28	-----
SMITH	Susan	1881	F	9	5748	Place-15	-----
SMITH	Jacob	1881	M	9	5749	Place-4	-----
SMITH	Sheila	1881	F	9	5751	Place-15	-----
SMITH	Seonaid	1881	F	9	5752	Place-20	-----
SMITH	Paulo	1881	M	8	5772	Place-6	-----
SMITH	Briony	1881	F	8	5773	Place-25	-----
SMITH	Susan	1881	F	8	5779	Place-16	-----
SMITH	Bob	1881	M	8	5781	Place-12	-----
SMITH	Susan	1881	F	8	5783	Place-14	-----
SMITH	Paulo	1881	M	8	5784	Place-3	-----
SMITH	Shawn	1881	M	8	5786	Place-14	-----
SMITH	Selina	1881	F	8	5787	Place-26	-----
SMITH	Sharon	1881	F	8	5788	Place-12	-----
SMITH	Jacob	1881	M	8	5790	Place-7	-----
SMITH	Sheila	1881	F	8	5791	Place-29	-----
SMITH	James	1881	M	8	5794	Place-8	-----
SMITH	Suzanne	1881	F	8	5795	Place-12	-----
SMITH	Joseph	1881	M	8	5800	Place-24	-----
SMITH	Shawn	1881	M	8	5803	Place-13	-----
SMITH	Sarah	1881	F	8	5806	Place-23	-----
SMITH	Sheila	1881	F	8	5808	Place-24	-----
SMITH	James	1881	M	8	5809	Place-25	-----
SMITH	Selina	1881	F	8	5814	Place-1	-----
SMITH	Susan	1881	F	8	5815	Place-26	-----
SMITH	Jacob	1881	M	8	5816	Place-15	-----
SMITH	Sharon	1881	F	8	5817	Place-22	-----
SMITH	Susan	1881	F	8	5819	Place-5	-----
SMITH	Bob	1881	M	8	5821	Place-2	-----
SMITH	Paulo	1881	M	8	5822	Place-23	-----
SMITH	James	1881	M	8	5824	Place-25	-----
SMITH	Paulo	1881	M	8	5826	Place-0	-----
SMITH	Seonaid	1881	F	8	5827	Place-0	-----
SMITH	Jenkins	1881	M	8	5829	Place-17	-----
SMITH	Shawn	1881	M	8	5831	Place-10	-----
SMITH	Briony	1881	F	8	5837	Place-0	-----
SMITH	Sarah	1881	F	8	5838	Place-20	-----
SMITH	Bob	1881	M	8	5840	Place-21	-----
SMITH	Joseph	1881	M	8	5843	Place-11	-----
SMITH	Seonaid	1881	F	8	5845	Place-29	-----
SMITH	Seonaid	1881	F	8	5851	Place-27	-----
SMITH	Jenkins	1881	M	8	5852	Place-6	-----
SMITH	Briony	1881	F	8	5853	Place-23	-----
SMITH	Jacob	1881	M	8	5854	Place-6	-----
SMITH	Selina	1881	F	8	5856	Place-25	-----
SMITH	Paulo	1881	M	8	5859	Place-4	-----
SMITH	Joseph	1881	M	7	5876	Place-6	-----
SMITH	Jacob	1881	M	7	5878	Place-0	-----
SMITH	James	1881	M	7	5880	Place-7	-----
SMITH	Sarah	1881	F	7	5882	Place-4	-----
SMITH	Suzanne	1881	F	7	5884	Place-24	-----
SMITH	Paulo	1881	M	7	5886	Place-8	-----
SMITH	James	1881	M	7	5888	Place-14	-----
SMITH	Joseph	1881	M	7	5890	Place-7	-----
SMITH	Jacob	1881	M	7	5898	Place-13	-----
SMITH	Susan	1881	F	7	5907	Place-3	-----
SMITH	Paulo	1881	M	7	5908	Place-23	-----
SMITH	Jim	1881	M	7	5910	Place-21	-----
SMITH	Jenkins	1881	M	7	5911	Place-2	-----
SMITH	Shawn	1881	M	7	5917	Place-24	-----
SMITH	Briony	1881	F	7	5918	Place-6	-----
SMITH	Seonaid	1881	F	7	5919	Place-18	-----
SMITH	Sarah	1881	F	7	5923	Place-22	-----
SMITH	Sarah	1881	F	7	5927	Place-11	-----
SMITH	Joseph	1881	M	7	5928	Place-15	-----
SMITH	Joseph	1881	M	7	5930	Place-7	-----
SMITH	Jacob	1881	M	7	5932	Place-25	-----
SMITH	Jim	1881	M	7	5933	Place-13	-----
SMITH	Seonaid	1881	F	7	5936	Place-25	-----
SMITH	Bob	1881	M	7	5938	Place-11	-----
SMITH	Suzanne	1881	F	7	5941	Place-13	-----
SMITH	Shawn	1881	M	7	5942	Place-5	-----
SMITH	Selina	1881	F	7	5944	Place-17	-----
SMITH	Seonaid	1881	F	7	5945	Place-7	-----
SMITH	Jenkins	1881	M	7	5946	Place-27	-----
SMITH	Jim	1881	M	7	5948	Place-22	-----
SMITH	Sarah	1881	F	7	5949	Place-5	-----
SMITH	Suzanne	1881	F	7	5950	Place-2	-----
SMITH	Seonaid	1881	F	7	5951	Place-9	-----
SMITH	Susan	1881	F	6	5966	Place-5	-----
SMITH	Seonaid	1881	F	6	5968	Place-6	-----
SMITH	Jacob	1881	M	6	5969	Place-12	-----
SMITH	Sharon	1881	F	6	5971	Place-8	-----
SMITH	Paulo	1881	M	6	5972	Place-0	-----
SMITH	Bob	1881	M	6	5973	Place-21	-----
SMITH	Briony	1881	F	6	5974	Place-9	-----
SMITH	Sharon	1881	F	6	5977	Place-29	-----
SMITH	Seonaid	1881	F	6	5981	Place-24	-----
SMITH	Jenkins	1881	M	6	5982	Place-3	-----
SMITH	Susan	1881	F	6	5985	Place-14	-----
SMITH	Selina	1881	F	6	5988	Place-18	-----
SMITH	Sharon	1881	F	6	5991	Place-21	-----
SMITH	Suzanne	1881	F	6	5994	Place-3	-----
SMITH	Paulo	1881	M	6	5995	Place-19	-----
SMITH	Susan	1881	F	6	5997	Place-8	-----
SMITH	Sharon	1881	F	6	5999	Place-13	-----
SMITH	Jenkins	1881	M	6	6000	Place-14	-----
SMITH	Jenkins	1881	M	6	6002	Place-16	-----
SMITH	Shawn	1881	M	6	6004	Place-8	-----
SMITH	Jim	1881	M	6	6005	Place-4	-----
SMITH	Sarah	1881	F	6	6011	Place-29	-----
SMITH	Bob	1881	M	6	6013	Place-2	-----
SMITH	Selina	1881	F	6	6016	Place-19	-----
SMITH	Suzanne	1881	F	6	6017	Place-5	-----
SMITH	Sheila	1881	F	6	6018	Place-12	-----
SMITH	Briony	1881	F	6	6019	Place-2	-----
SMITH	Shawn	1881	M	6	6020	Place-21	-----
SMITH	Paulo	1881	M	6	6021	Place-18	-----
SMITH	Jim	1881	M	6	6025	Place-0	-----
SMITH	Sharon	1881	F	6	6026	Place-19	-----
SMITH	Jenkins	1881	M	6	6027	Place-9	-----
SMITH	Bob	1881	M	6	6029	Place-23	-----
SMITH	Sheila	1881	F	6	6031	Place-5	-----
SMITH	James	1881	M	6	6033	Place-11	-----
SMITH	Shawn	1881	M	6	6035	Place-1	-----
SMITH	James	1881	M	6	6039	Place-20	-----
SMITH	Briony	1881	F	6	6040	Place-27	-----
SMITH	Sheila	1881	F	6	6043	Place-20	-----
SMITH	Seonaid	1881	F	6	6044	Place-21	-----
SMITH	Shawn	1881	M	6	6046	Place-9	-----
SMITH	Sharon	1881	F	6	6048	Place-22	-----
SMITH	Sarah	1881	F	6	6051	Place-25	-----
SMITH	Seonaid	1881	F	6	6052	Place-15	-----
SMITH	Jacob	1881	M	6	6056	Place-27	-----
SMITH	Jacob	1881	M	6	6057	Place-25	-----
SMITH	Shawn	1881	M	5	6074	Place-11	-----
SMITH	Sheila	1881	F	5	6075	Place-29	-----
SMITH	Paulo	1881	M	5	6076	Place-13	-----
SMITH	Sheila	1881	F	5	6077	Place-17	-----
SMITH	Shawn	1881	M	5	6078	Place-10	-----
SMITH	Joseph	1881	M	5	6080	Place-23	-----
SMITH	Briony	1881	F	5	6083	Place-1	-----
SMITH	Jenkins	1881	M	5	6084	Place-9	-----
SMITH	Selina	1881	F	5	6085	Place-10	-----
SMITH	Sheila	1881	F	5	6086	Place-1	-----
SMITH	Selina	1881	F	5	6087	Place-1	-----
SMITH	Jacob	1881	M	5	6088	Place-6	-----
SMITH	Jacob	1881	M	5	6089	Place-19	-----
SMITH	Susan	1881	F	5	6090	Place-25	-----
SMITH	Selina	1881	F	5	6091	Place-22	-----
SMITH	Sharon	1881	F	5	6092	Place-16	-----
SMITH	Sheila	1881	F	5	6095	Place-12	-----
SMITH	Bob	1881	M	5	6101	Place-14	-----
SMITH	Paulo	1881	M	5	6102	Place-24	-----
SMITH	Seonaid	1881	F	5	6105	Place-22	-----
SMITH	Suzanne	1881	F	5	6111	Place-12	-----
SMITH	Selina	1881	F	5	6113	Place-15	-----
SMITH	Sarah	1881	F	5	6114	Place-11	-----
SMITH	Bob	1881	M	5	6117	Place-27	-----
SMITH	Briony	1881	F	5	6118	Place-20	-----
SMITH	Paulo	1881	M	5	6119	Place-3	-----
SMITH	Shawn	1881	M	5	6120	Place-3	-----
SMITH	Sharon	1881	F	5	6122	Place-13	-----
SMITH	James	1881	M	5	6123	Place-8	-----
SMITH	Briony	1881	F	5	6125	Place-19	-----
SMITH	Briony	1881	F	5	6127	Place-2	-----
SMITH	Joseph	1881	M	5	6129	Place-12	-----
SMITH	Shawn	1881	M	5	6130	Place-5	-----
SMITH	Suzanne	1881	F	5	6131	Place-18	-----
SMITH	Jenkins	1881	M	5	6132	Place-27	-----
SMITH	Selina	1881	F	5	6133	Place-13	-----
SMITH	Joseph	1881	M	5	6134	Place-9	-----
SMITH	Sharon	1881	F	5	6139	Place-22	-----
SMITH	Sheila	1881	F	5	6140	Place-6	-----
SMITH	Selina	1881	F	5	6142	Place-22	-----
SMITH	Jacob	1881	M	5	6144	Place-23	-----
SMITH	Jim	1881	M	5	6145	Place-6	-----
SMITH	Joseph	1881	M	5	6146	Place-7	-----
SMITH	Sharon	1881	F	5	6149	Place-4	-----
SMITH	Suzanne	1881	F	5	6150	Place-9	-----
SMITH	Bob	1881	M	5	6152	Place-24	-----
SMITH	Seonaid	1881	F	5	6154	Place-26	-----
SMITH	Sarah	1881	F	5	6155	Place-27	-----
SMITH	Jenkins	1881	M	5	6157	Place-1	-----
SMITH	Sharon	1881	F	4	6170	Place-24	-----
SMITH	Paulo	1881	M	4	6171	Place-22	-----
SMITH	Jacob	1881	M	4	6173	Place-18	-----
SMITH	Jim	1881	M	4	6175	Place-21	-----
SMITH	Sheila	1881	F	4	6178	Place-2	-----
SMITH	Paulo	1881	M	4	6179	Place-11	-----
SMITH	Sharon	1881	F	4	6180	Place-29	-----
SMITH	Paulo	1881	M	4	6185	Place-16	-----
SMITH	Paulo	1881	M	4	6186	Place-13	-----
SMITH	Bob	1881	M	4	6188	Place-26	-----
SMITH	Susan	1881	F	4	6189	Place-24	-----
SMITH	Jacob	1881	M	4	6191	Place-23	-----
SMITH	Bob	1881	M	4	6192	Place-29	-----
SMITH	Briony	1881	F	4	6193	Place-19	-----
SMITH	Joseph	1881	M	4	6194	Place-10	-----
SMITH	Joseph	1881	M	4	6196	Place-19	-----
SMITH	Selina	1881	F	4	6198	Place-10	-----
SMITH	Sarah	1881	F	4	6199	Place-29	-----
SMITH	Seonaid	1881	F	4	6200	Place-13	-----
SMITH	Jenkins	1881	M	4	6201	Place-0	-----
SMITH	Sharon	1881	F	4	6202	Place-25	-----
SMITH	Bob	1881	M	4	6203	Place-27	-----
SMITH	Sharon	1881	F	4	6204	Place-19	-----
SMITH	Sharon	1881	F	4	6205	Place-9	-----
SMITH	Susan	1881	F	4	6209	Place-7	-----
SMITH	Jenkins	1881	M	4	6210	Place-16	-----
SMITH	Joseph	1881	M	4	6211	Place-0	-----
SMITH	Bob	1881	M	4	6212	Place-14	-----
SMITH	Briony	1881	F	4	6213	Place-6	-----
SMITH	Shawn	1881	M	4	6214	Place-18	-----
SMITH	Selina	1881	F	4	6215	Place-24	-----
SMITH	Sharon	1881	F	4	6216	Place-7	-----
SMITH	Jenkins	1881	M	4	6218	Place-10	-----
SMITH	Shawn	1881	M	4	6220	Place-13	-----
SMITH	Shawn	1881	M	4	6221	Place-19	-----
SMITH	Shawn	1881	M	4	6222	Place-18	-----
SMITH	Susan	1881	F	4	6223	Place-4	-----
SMITH	Joseph	1881	M	4	6224	Place-23	-----
SMITH	Joseph	1881	M	4	6225	Place-23	-----
SMITH	James	1881	M	4	6227	Place-13	-----
SMITH	Sheila	1881	F	4	6228	Place-24	-----
SMITH	Jacob	1881	M	4	6230	Place-7	-----
SMITH	Sheila	1881	F	4	6234	Place-26	-----
SMITH	Sharon	1881	F	4	6235	Place-1	-----
SMITH	James	1881	M	4	6237	Place-5	-----
SMITH	Paulo	1881	M	4	6238	Place-4	-----
SMITH	Suzanne	1881	F	4	6241	Place-0	-----
SMITH	Suzanne	1881	F	4	6244	Place-11	-----
SMITH	Susan	1881	F	4	6245	Place-25	-----
SMITH	Sarah	1881	F	4	6246	Place-29	-----
SMITH	James	1881	M	4	6248	Place-6	-----
SMITH	Suzanne	1881	F	4	6249	Place-6	-----
SMITH	Sheila	1881	F	4	6252	Place-9	-----
SMITH	Sharon	1881	F	4	6253	Place-14	-----
SMITH	Seonaid	1881	F	4	6254	Place-23	-----
SMITH	Jacob	1881	M	4	6255	Place-29	-----
SMITH	Paulo	1881	M	4	6257	Place-26	-----
SMITH	Joseph	1881	M	4	6258	Place-25	-----
SMITH	Sarah	1881	F	4	6259	Place-25	-----
SMITH	Seonaid	1881	F	4	6261	Place-24	-----
SMITH	Suzanne	1881	F	4	6262	Place-18	-----
SMITH	Jenkins	1881	M	3	6278	Place-28	-----
SMITH	Briony	1881	F	3	6279	Place-12	-----
SMITH	Selina	1881	F	3	6282	Place-6	-----
SMITH	Jacob	1881	M	3	6283	Place-18	-----
SMITH	Shawn	1881	M	3	6286	Place-17	-----
SMITH	Jenkins	1881	M	3	6288	Place-27	-----
SMITH	Seonaid	1881	F	3	6290	Place-8	-----
SMITH	Seonaid	1881	F	3	6291	Place-16	-----
SMITH	Joseph	1881	M	3	6294	Place-11	-----
SMITH	Sheila	1881	F	3	6295	Place-29	-----
SMITH	Bob	1881	M	3	6297	Place-13	-----
SMITH	Selina	1881	F	3	6298	Place-7	-----
SMITH	Bob	1881	M	3	6302	Place-18	-----
SMITH	Shawn	1881	M	3	6303	Place-25	-----
SMITH	Sheila	1881	F	3	6304	Place-23	-----
SMITH	Susan	1881	F	3	6305	Place-10	-----
SMITH	Seonaid	1881	F	3	6306	Place-1	-----
SMITH	Jenkins	1881	M	3	6311	Place-28	-----
SMITH	Shawn	1881	M	3	6313	Place-10	-----
SMITH	Sarah	1881	F	3	6316	Place-27	-----
SMITH	Selina	1881	F	3	6317	Place-13	-----
SMITH	Sheila	1881	F	3	6318	Place-19	-----
SMITH	Jacob	1881	M	3	6320	Place-1	-----
SMITH	Paulo	1881	M	3	6321	Place-9	-----
SMITH	Jim	1881	M	3	6322	Place-0	-----
SMITH	Sarah	1881	F	3	6323	Place-19	-----
SMITH	Joseph	1881	M	3	6325	Place-27	-----
SMITH	Paulo	1881	M	3	6327	Place-13	-----
SMITH	Jacob	1881	M	3	6328	Place-24	-----
SMITH	Paulo	1881	M	3	6329	Place-7	-----
SMITH	Seonaid	1881	F	3	6331	Place-24	-----
SMITH	Joseph	1881	M	3	6332	Place-21	-----
SMITH	Sharon	1881	F	3	6334	Place-16	-----
SMITH	Bob	1881	M	3	6336	Place-14	-----
SMITH	Jim	1881	M	3	6337	Place-15	-----
SMITH	Jenkins	1881	M	3	6340	Place-6	-----
SMITH	Jim	1881	M	3	6341	Place-17	-----
SMITH	Jenkins	1881	M	3	6342	Place-28	-----
SMITH	Seonaid	1881	F	3	6343	Place-8	-----
SMITH	Jacob	1881	M	3	6344	Place-3	-----
SMITH	Sarah	1881	F	3	6347	Place-4	-----
SMITH	Sheila	1881	F	3	6348	Place-19	-----
SMITH	Sharon	1881	F	3	6350	Place-17	-----
SMITH	Susan	1881	F	3	6351	Place-24	-----
SMITH	Jim	1881	M	3	6352	Place-9	-----
SMITH	Briony	1881	F	3	6355	Place-24	-----
SMITH	Jacob	1881	M	3	6356	Place-11	-----
SMITH	Briony	1881	F	3	6357	Place-10	-----
SMITH	James	1881	M	3	6358	Place-9	-----
SMITH	Paulo	1881	M	3	6359	Place-1	-----
SMITH	Selina	1881	F	3	6362	Place-19	-----
SMITH	Jacob	1881	M	3	6363	Place-10	-----
SMITH	Selina	1881	F	3	6364	Place-26	-----
SMITH	James	1881	M	3	6366	Place-7	-----
SMITH	Sarah	1881	F	3	6368	Place-25	-----
SMITH	Seonaid	1881	F	3	6370	Place-22	-----
SMITH	Susan	1881	F	3	6371	Place-6	-----
SMITH	Briony	1881	F	3	6373	Place-28	-----
SMITH	Suzanne	1881	F	3	6374	Place-2	-----
SMITH	Sharon	1881	F	3	6375	Place-9	-----
SMITH	Suzanne	1881	F	3	6378	Place-24	-----
SMITH	Sarah	1881	F	3	6379	Place-16	-----
SMITH	Jacob	1881	M	3	6380	Place-2	-----
SMITH	Sarah	1881	F	3	6381	Place-0	-----
SMITH	Susan	1881	F	3	6382	Place-21	-----
SMITH	Jim	1881	M	3	6385	Place-9	-----
SMITH	Jacob	1881	M	3	6386	Place-29	-----
SMITH	Sharon	1881	F	2	6398	Place-5	-----
SMITH	Briony	1881	F	2	6399	Place-3	-----
SMITH	Jenkins	1881	M	2	6400	Place-9	-----
SMITH	Jacob	1881	M	2	6401	Place-29	-----
SMITH	Paulo	1881	M	2	6402	Place-2	-----
SMITH	Shawn	1881	M	2	6403	Place-26	-----
SMITH	Briony	1881	F	2	6404	Place-11	-----
SMITH	James	1881	M	2	6411	Place-23	-----
SMITH	Paulo	1881	M	2	6413	Place-17	-----
SMITH	Jacob	1881	M	2	6414	Place-8	-----
SMITH	Jacob	1881	M	2	6416	Place-16	-----
SMITH	Joseph	1881	M	2	6417	Place-22	-----
SMITH	Jacob	1881	M	2	6418	Place-26	-----
SMITH	Jim	1881	M	2	6419	Place-2	-----
SMITH	Seonaid	1881	F	2	6421	Place-1	-----
SMITH	Jim	1881	M	2	6422	Place-12	-----
SMITH	Bob	1881	M	2	6424	Place-23	-----
SMITH	Sarah	1881	F	2	6425	Place-10	-----
SMITH	Bob	1881	M	2	6427	Place-8	-----
SMITH	Jacob	1881	M	2	6429	Place-3	-----
SMITH	Paulo	1881	M	2	6430	Place-29	-----
SMITH	Susan	1881	F	2	6431	Place-27	-----
SMITH	Seonaid	1881	F	2	6436	Place-12	-----
SMITH	Joseph	1881	M	2	6437	Place-9	-----
SMITH	James	1881	M	2	6438	Place-22	-----
SMITH	Seonaid	1881	F	2	6439	Place-25	-----
SMITH	Joseph	1881	M	2	6441	Place-6	-----
SMITH	Suzanne	1881	F	2	6443	Place-0	-----
SMITH	Joseph	1881	M	2	6444	Place-14	-----
SMITH	Paulo	1881	M	2	6445	Place-13	-----
SMITH	Paulo	1881	M	2	6446	Place-15	-----
SMITH	Joseph	1881	M	2	6449	Place-13	-----
SMITH	Shawn	1881	M	2	6450	Place-21	-----
SMITH	Sarah	1881	F	2	6453	Place-19	-----
SMITH	Sheila	1881	F	2	6454	Place-17	-----
SMITH	Joseph	1881	M	2	6455	Place-10	-----
SMITH	Briony	1881	F	2	6456	Place-29	-----
SMITH	Selina	1881	F	2	6457	Place-12	-----
SMITH	Selina	1881	F	2	6463	Place-24	-----
SMITH	Susan	1881	F	2	6464	Place-5	-----
SMITH	Briony	1881	F	2	6465	Place-20	-----
SMITH	Jenkins	1881	M	2	6466	Place-26	-----
SMITH	Susan	1881	F	2	6468	Place-7	-----
SMITH	Suzanne	1881	F	2	6473	Place-21	-----
SMITH	Briony	1881	F	2	6475	Place-26	-----
SMITH	Seonaid	1881	F	2	6477	Place-11	-----
SMITH	Bob	1881	M	2	6480	Place-21	-----
SMITH	James	1881	M	2	6484	Place-22	-----
SMITH	Sheila	1881	F	2	6485	Place-22	-----
SMITH	Joseph	1881	M	2	6486	Place-28	-----
SMITH	Selina	1881	F	2	6487	Place-29	-----
SMITH	Seonaid	1881	F	2	6488	Place-25	-----
SMITH	Briony	1881	F	2	6489	Place-4	-----
SMITH	Sharon	1881	F	2	6490	Place-21	-----
SMITH	Bob	1881	M	2	6491	Place-23	-----
SMITH	James	1881	M	2	6492	Place-20	-----
SMITH	Seonaid	1881	F	2	6495	Place-13	-----
SMITH	James	1881	M	2	6497	Place-9	-----
SMITH	Sharon	1881	F	2	6498	Place-29	-----
SMITH	Bob	1881	M	1	6508	Place-22	-----
SMITH	Sheila	1881	F	1	6509	Place-22	-----
SMITH	Paulo	1881	M	1	6512	Place-23	-----
SMITH	Sarah	1881	F	1	6513	Place-27	-----
SMITH	Bob	1881	M	1	6515	Place-26	-----
SMITH	Susan	1881	F	1	6516	Place-23	-----
SMITH	Suzanne	1881	F	1	6517	Place-27	-----
SMITH	Shawn	1881	M	1	6518	Place-22	-----
SMITH	Joseph	1881	M	1	6519	Place-2	-----
SMITH	Bob	1881	M	1	6520	Place-11	-----
SMITH	Briony	1881	F	1	6521	Place-11	-----
SMITH	James	1881	M	1	6522	Place-17	-----
SMITH	Sharon	1881	F	1	6523	Place-12	-----
SMITH	Sharon	1881	F	1	6524	Place-19	-----
SMITH	Selina	1881	F	1	6525	Place-27	-----
SMITH	Sharon	1881	F	1	6526	Place-21	-----
SMITH	Jim	1881	M	1	6527	Place-14	-----
SMITH	Sheila	1881	F	1	6531	Place-16	-----
SMITH	Jacob	1881	M	1	6533	Place-22	-----
SMITH	Selina	1881	F	1	6534	Place-25	-----
SMITH	Jenkins	1881	M	1	6536	Place-28	-----
SMITH	Seonaid	1881	F	1	6538	Place-3	-----
SMITH	Sharon	1881	F	1	6539	Place-29	-----
SMITH	Joseph	1881	M	1	6540	Place-8	-----
SMITH	Sheila	1881	F	1	6541	Place-0	-----
SMITH	Selina	1881	F	1	6542	Place-17	-----
SMITH	Shawn	1881	M	1	6544	Place-23	-----
SMITH	Bob	1881	M	1	6545	Place-1	-----
SMITH	Jacob	1881	M	1	6547	Place-25	-----
SMITH	Jacob	1881	M	1	6549	Place-7	-----
SMITH	Selina	1881	F	1	6550	Place-29	-----
SMITH	Jim	1881	M	1	6551	Place-4	-----
SMITH	Bob	1881	M	1	6553	Place-29	-----
SMITH	Jenkins	1881	M	1	6554	Place-17	-----
SMITH	Jenkins	1881	M	1	6555	Place-6	-----
SMITH	Jacob	1881	M	1	6557	Place-29	-----
SMITH	Sheila	1881	F	1	6559	Place-21	-----
SMITH	James	1881	M	1	6560	Place-14	-----
SMITH	Suzanne	1881	F	1	6562	Place-9	-----
SMITH	Jenkins	1881	M	1	6563	Place-26	-----
SMITH	Joseph	1881	M	1	6564	Place-18	-----
SMITH	Jenkins	1881	M	1	6565	Place-9	-----
SMITH	Seonaid	1881	F	1	6566	Place-8	-----
SMITH	Sheila	1881	F	1	6567	Place-23	-----
SMITH	Selina	1881	F	1	6568	Place-3	-----
SMITH	Briony	1881	F	1	6569	Place-13	-----
SMITH	Susan	1881	F	1	6570	Place-23	-----
SMITH	Suzanne	1881	F	1	6574	Place-25	-----
SMITH	James	1881	M	1	6577	Place-21	-----
SMITH	Suzanne	1881	F	1	6578	Place-6	-----
SMITH	Joseph	1881	M	1	6579	Place-27	-----
SMITH	Seonaid	1881	F	1	6580	Place-22	-----
SMITH	Sharon	1881	F	1	6581	Place-23	-----
SMITH	Susan	1881	F	1	6582	Place-7	-----
SMITH	Briony	1881	F	1	6583	Place-25	-----
SMITH	Bob	1881	M	1	6584	Place-27	-----
SMITH	Susan	1881	F	1	6585	Place-2	-----
SMITH	Bob	1881	M	1	6586	Place-1	-----
SMITH	Briony	1881	F	1	6587	Place-10	-----
SMITH	Sarah	1881	F	1	6588	Place-20	-----
SMITH	Bob	1881	M	1	6589	Place-20	-----
SMITH	Jim	1881	M	1	6590	Place-29	-----
SMITH	Jacob	1881	M	1	6591	Place-11	-----
SMITH	Joseph	1881	M	1	6592	Place-13	-----
SMITH	Jenkins	1881	M	1	6593	Place-25	-----
SMITH	Jenkins	1881	M	1	6594	Place-28	-----
SMITH	Sheila	1891	F	47	7805	Place-22	-----
SMITH	Susan	1891	F	26	7806	Place-29	-----
SMITH	Suzanne	1891	F	20	7807	Place-15	-----
SMITH	Sharon	1891	F	26	7808	Place-0	-----
SMITH	Sheila	1891	F	24	7809	Place-26	-----
SMITH	Suzanne	1891	F	44	7810	Place-6	-----
SMITH	Briony	1891	F	28	7811	Place-27	-----
SMITH	Seonaid	1891	F	30	7812	Place-0	-----
SMITH	Briony	1891	F	29	7813	Place-14	-----
SMITH	Suzanne	1891	F	49	7814	Place-22	-----
SMITH	Susan	1891	F	31	7815	Place-8	-----
SMITH	Selina	1891	F	27	7816	Place-16	-----
SMITH	Selina	1891	F	28	7817	Place-25	-----
SMITH	Susan	1891	F	27	7818	Place-13	-----
SMITH	Briony	1891	F	25	7819	Place-1	-----
SMITH	Sheila	1891	F	25	7820	Place-23	-----
SMITH	Susan	1891	F	20	7821	Place-22	-----
SMITH	Sheila	1891	F	19	7822	Place-28	-----
SMITH	Susan	1891	F	29	4836	Place-25	-----
SMITH	Jacob	1891	M	19	5728	Place-27	-----
SMITH	Sharon	1891	F	39	7178	Place-23	-----
SMITH	Jacob	1891	M	49	3427	Place-20	-----
SMITH	Shawn	1891	M	23	5299	Place-3	-----
SMITH	Paulo	1891	M	41	3951	Place-20	-----
SMITH	Jenkins	1891	M	28	4939	Place-28	-----
SMITH	Susan	1891	F	22	5425	Place-17	-----
SMITH	Selina	1891	F	22	5439	Place-3	-----
SMITH	James	1891	M	20	5627	Place-12	-----
SMITH	Briony	1891	F	19	5704	Place-21	-----
SMITH	James	1891	M	18	5809	Place-11	-----
SMITH	Seonaid	1891	F	7	6983	Place-11	-----
SMITH	Sheila	1891	F	35	4386	Place-3	-----
SMITH	Seonaid	1891	F	32	4629	Place-4	-----
SMITH	Selina	1891	F	33	4522	Place-12	-----
SMITH	Sarah	1891	F	46	6390	Place-28	-----
SMITH	James	1891	M	42	3901	Place-7	-----
SMITH	Bob	1891	M	39	4107	Place-22	-----
SMITH	Selina	1891	F	36	5965	Place-28	-----
SMITH	Selina	1891	F	34	4464	Place-22	-----
SMITH	Jenkins	1891	M	27	4960	Place-18	-----
SMITH	Sharon	1891	F	31	7442	Place-10	-----
SMITH	Seonaid	1891	F	48	7185	Place-23	-----
SMITH	Sarah	1891	F	28	4922	Place-17	-----
SMITH	Shawn	1891	M	37	4207	Place-24	-----
SMITH	Shawn	1891	M	47	3575	Place-22	-----
SMITH	Suzanne	1891	F	39	4079	Place-24	-----
SMITH	Jacob	1891	M	24	5228	Place-5	-----
SMITH	Jacob	1891	M	33	4549	Place-10	-----
SMITH	Briony	1891	F	49	3433	Place-6	-----
SMITH	Jim	1891	M	23	5373	Place-17	-----
SMITH	Susan	1891	F	42	7327	Place-24	-----
SMITH	Jenkins	1891	M	26	5086	Place-9	-----
SMITH	Shawn	1891	M	31	4652	Place-5	-----
SMITH	Jim	1891	M	55	3087	Place-18	-----
SMITH	Paulo	1891	M	21	5488	Place-8	-----
SMITH	Shawn	1891	M	32	4588	Place-3	-----
SMITH	Jim	1891	M	29	4817	Place-14	-----
SMITH	Briony	1891	F	44	3766	Place-6	-----
SMITH	Jenkins	1891	M	39	4088	Place-29	-----
SMITH	Susan	1891	F	31	4700	Place-18	-----
SMITH	Selina	1891	F	47	6163	Place-28	-----
SMITH	Jenkins	1891	M	34	4417	Place-16	-----
SMITH	Jenkins	1891	M	41	3940	Place-7	-----
SMITH	Jacob	1891	M	18	5854	Place-13	-----
SMITH	Shawn	1891	M	17	5917	Place-4	-----
SMITH	Sheila	1891	F	35	6939	Place-23	-----
SMITH	Seonaid	1891	F	38	6729	Place-19	-----
SMITH	Shawn	1891	M	50	3358	Place-23	-----
SMITH	Jim	1891	M	28	4881	Place-22	-----
SMITH	Bob	1891	M	49	3459	Place-26	-----
SMITH	Seonaid	1891	F	33	4531	Place-4	-----
SMITH	Selina	1891	F	35	4361	Place-9	-----
SMITH	Bob	1891	M	57	2968	Place-25	-----
SMITH	Shawn	1891	M	47	3537	Place-27	-----
SMITH	Jacob	1891	M	48	3509	Place-17	-----
SMITH	Shawn	1891	M	41	3943	Place-11	-----
SMITH	Sheila	1891	F	50	6505	Place-27	-----
SMITH	Selina	1891	F	46	6392	Place-20	-----
SMITH	Shawn	1891	M	34	4478	Place-1	-----
SMITH	Susan	1891	F	52	6066	Place-11	-----
SMITH	James	1891	M	29	4802	Place-19	-----
SMITH	Sarah	1891	F	33	4550	Place-28	-----
SMITH	Jim	1891	M	23	5360	Place-28	-----
SMITH	Selina	1891	F	23	5368	Place-26	-----
SMITH	Susan	1891	F	51	5953	Place-29	-----
SMITH	Joseph	1891	M	54	3131	Place-8	-----
SMITH	Sharon	1891	F	50	5481	Place-27	-----
SMITH	Selina	1891	F	67	2430	Place-17	-----
SMITH	Joseph	1891	M	41	3936	Place-18	-----
SMITH	Shawn	1891	M	21	5521	Place-27	-----
SMITH	Paulo	1891	M	43	3831	Place-17	-----
SMITH	Paulo	1891	M	54	3165	Place-1	-----
SMITH	Jenkins	1891	M	42	3859	Place-25	-----
SMITH	James	1891	M	37	4227	Place-3	-----
SMITH	Susan	1891	F	34	4420	Place-20	-----
SMITH	Sheila	1891	F	28	4883	Place-12	-----
SMITH	Jim	1891	M	27	4984	Place-22	-----
SMITH	Bob	1891	M	26	5058	Place-29	-----
SMITH	Bob	1891	M	26	5096	Place-9	-----
SMITH	Shawn	1891	M	23	5313	Place-18	-----
SMITH	Jim	1891	M	23	5338	Place-25	-----
SMITH	Sheila	1891	F	23	5343	Place-27	-----
SMITH	Sheila	1891	F	21	5536	Place-5	-----
SMITH	James	1891	M	20	5579	Place-15	-----
SMITH	Jim	1891	M	20	5610	Place-16	-----
SMITH	Seonaid	1891	F	20	5639	Place-25	-----
SMITH	Sharon	1891	F	19	5696	Place-13	-----
SMITH	Sarah	1891	F	18	5806	Place-4	-----
SMITH	Sharon	1891	F	18	5817	Place-0	-----
SMITH	Paulo	1891	M	18	5859	Place-18	-----
SMITH	Paulo	1891	M	17	5886	Place-8	-----
SMITH	James	1891	M	17	5888	Place-2	-----
SMITH	Susan	1891	F	16	5966	Place-24	-----
SMITH	Paulo	1891	M	10	6687	Place-23	-----
SMITH	Sarah	1891	F	9	6815	Place-10	-----
SMITH	Jacob	1891	M	7	7013	Place-23	-----
SMITH	Sharon	1891	F	7	7034	Place-29	-----
SMITH	Bob	1891	M	6	7099	Place-2	-----
SMITH	Sharon	1891	F	5	7228	Place-8	-----
SMITH	Suzanne	1891	F	3	7448	Place-6	-----
SMITH	Jim	1891	M	1	7734	Place-15	-----
SMITH	Sheila	1891	F	46	7691	Place-12	-----
SMITH	Sarah	1891	F	32	7692	Place-2	-----
SMITH	Suzanne	1891	F	29	7693	Place-14	-----
SMITH	Sarah	1891	F	52	7694	Place-0	-----
SMITH	Sheila	1891	F	36	7695	Place-24	-----
SMITH	Seonaid	1891	F	54	7696	Place-3	-----
SMITH	Sheila	1891	F	48	7697	Place-3	-----
SMITH	Sheila	1891	F	34	7698	Place-6	-----
SMITH	Sarah	1891	F	35	7699	Place-7	-----
SMITH	Sarah	1891	F	39	7557	Place-1	-----
SMITH	Sarah	1891	F	39	7564	Place-29	-----
SMITH	Sheila	1891	F	31	4663	Place-23	-----
SMITH	Sarah	1891	F	50	6940	Place-16	-----
SMITH	Seonaid	1891	F	25	5167	Place-14	-----
SMITH	Joseph	1891	M	27	4986	Place-22	-----
SMITH	Shawn	1891	M	23	5296	Place-9	-----
SMITH	Sharon	1891	F	19	5670	Place-12	-----
SMITH	Sarah	1891	F	9	6791	Place-28	-----
SMITH	Selina	1891	F	34	7438	Place-1	-----
SMITH	Susan	1891	F	49	7440	Place-3	-----
SMITH	Selina	1891	F	24	7445	Place-8	-----
SMITH	Sharon	1891	F	49	7319	Place-17	-----
SMITH	Suzanne	1891	F	26	5102	Place-13	-----
SMITH	Jacob	1891	M	29	4793	Place-29	-----
SMITH	Jacob	1891	M	47	3542	Place-19	-----
SMITH	Joseph	1891	M	42	3878	Place-23	-----
SMITH	Joseph	1891	M	26	5089	Place-0	-----
SMITH	Susan	1891	F	31	7331	Place-28	-----
SMITH	Suzanne	1891	F	51	3317	Place-1	-----
SMITH	Sharon	1891	F	35	4392	Place-17	-----
SMITH	Susan	1891	F	33	4539	Place-9	-----
SMITH	Jim	1891	M	22	5406	Place-18	-----
SMITH	Seonaid	1891	F	27	7192	Place-17	-----
SMITH	Suzanne	1891	F	53	5030	Place-7	-----
SMITH	Jenkins	1891	M	24	5261	Place-26	-----
SMITH	James	1891	M	43	3816	Place-11	-----
SMITH	Jacob	1891	M	34	4466	Place-12	-----
SMITH	Selina	1891	F	40	4000	Place-22	-----
SMITH	Briony	1891	F	57	5763	Place-22	-----
SMITH	Jenkins	1891	M	44	3780	Place-6	-----
SMITH	Sarah	1891	F	36	4284	Place-4	-----
SMITH	Briony	1891	F	29	4829	Place-8	-----
SMITH	Sarah	1891	F	24	5236	Place-10	-----
SMITH	Jacob	1891	M	20	5604	Place-29	-----
SMITH	James	1891	M	52	3243	Place-19	-----
SMITH	Jacob	1891	M	57	2960	Place-5	-----
SMITH	Sheila	1891	F	29	4840	Place-29	-----
SMITH	Jim	1891	M	32	4606	Place-9	-----
SMITH	Paulo	1891	M	43	3820	Place-21	-----
SMITH	Paulo	1891	M	48	3483	Place-28	-----
SMITH	Sharon	1891	F	34	6506	Place-20	-----
SMITH	James	1891	M	54	3130	Place-23	-----
SMITH	Jim	1891	M	37	4229	Place-29	-----
SMITH	Shawn	1891	M	52	3272	Place-11	-----
SMITH	Jim	1891	M	40	4022	Place-16	-----
SMITH	Jenkins	1891	M	48	3514	Place-6	-----
SMITH	Sarah	1891	F	36	6158	Place-22	-----
SMITH	Joseph	1891	M	45	3679	Place-7	-----
SMITH	Susan	1891	F	33	4512	Place-16	-----
SMITH	Bob	1891	M	23	5357	Place-7	-----
SMITH	Briony	1891	F	55	3055	Place-11	-----
SMITH	Suzanne	1891	F	41	3978	Place-19	-----
SMITH	Suzanne	1891	F	56	2996	Place-5	-----
SMITH	Paulo	1891	M	35	4375	Place-21	-----
SMITH	Sheila	1891	F	57	2966	Place-12	-----
SMITH	Paulo	1891	M	49	3415	Place-13	-----
SMITH	Joseph	1891	M	34	4461	Place-24	-----
SMITH	James	1891	M	33	4527	Place-3	-----
SMITH	Paulo	1891	M	28	4931	Place-1	-----
SMITH	Jacob	1891	M	25	5143	Place-1	-----
SMITH	Jenkins	1891	M	24	5266	Place-29	-----
SMITH	Bob	1891	M	23	5364	Place-17	-----
SMITH	Susan	1891	F	22	5393	Place-10	-----
SMITH	Jenkins	1891	M	21	5524	Place-21	-----
SMITH	Jenkins	1891	M	21	5549	Place-1	-----
SMITH	Joseph	1891	M	20	5601	Place-13	-----
SMITH	Jenkins	1891	M	20	5645	Place-18	-----
SMITH	Seonaid	1891	F	19	5752	Place-23	-----
SMITH	Bob	1891	M	18	5840	Place-23	-----
SMITH	Briony	1891	F	18	5853	Place-26	-----
SMITH	Paulo	1891	M	14	6185	Place-2	-----
SMITH	James	1891	M	13	6366	Place-11	-----
SMITH	Jacob	1891	M	13	6380	Place-17	-----
SMITH	Bob	1891	M	12	6424	Place-6	-----
SMITH	Briony	1891	F	12	6456	Place-17	-----
SMITH	Jacob	1891	M	7	6969	Place-8	-----
SMITH	Jim	1891	M	5	7242	Place-14	-----
SMITH	Suzanne	1891	F	3	7454	Place-22	-----
SMITH	Sheila	1891	F	2	7619	Place-10	-----
SMITH	Suzanne	1891	F	30	7558	Place-22	-----
SMITH	Sarah	1891	F	23	7559	Place-3	-----
SMITH	Susan	1891	F	22	7560	Place-5	-----
SMITH	Sheila	1891	F	31	7562	Place-1	-----
SMITH	Susan	1891	F	45	7565	Place-18	-----
SMITH	Susan	1891	F	55	7566	Place-12	-----
SMITH	Sheila	1891	F	34	7567	Place-11	-----
SMITH	Sharon	1891	F	44	7568	Place-13	-----
SMITH	Briony	1891	F	46	7569	Place-15	-----
SMITH	Seonaid	1891	F	52	7570	Place-13	-----
SMITH	Susan	1891	F	22	7573	Place-10	-----
SMITH	Sharon	1891	F	22	7574	Place-25	-----
SMITH	Sarah	1891	F	21	7575	Place-21	-----
SMITH	Susan	1891	F	21	7576	Place-6	-----
SMITH	Jenkins	1891	M	26	5067	Place-0	-----
SMITH	Seonaid	1891	F	34	7058	Place-18	-----
SMITH	Jacob	1891	M	54	3149	Place-23	-----
SMITH	Jacob	1891	M	28	4891	Place-11	-----
SMITH	Paulo	1891	M	51	3312	Place-29	-----
SMITH	Paulo	1891	M	41	3954	Place-5	-----
SMITH	Bob	1891	M	50	3389	Place-29	-----
SMITH	Bob	1891	M	46	3610	Place-3	-----
SMITH	Joseph	1891	M	27	4999	Place-20	-----
SMITH	Suzanne	1891	F	57	7320	Place-11	-----
SMITH	Sarah	1891	F	28	7325	Place-6	-----
SMITH	Bob	1891	M	43	3825	Place-17	-----
SMITH	Shawn	1891	M	57	2921	Place-5	-----
SMITH	Sheila	1891	F	40	6166	Place-18	-----
SMITH	Susan	1891	F	37	4217	Place-15	-----
SMITH	Susan	1891	F	25	5188	Place-27	-----
SMITH	Seonaid	1891	F	21	5562	Place-12	-----
SMITH	Jacob	1891	M	26	5068	Place-24	-----
SMITH	Jim	1891	M	31	4675	Place-21	-----
SMITH	James	1891	M	49	3449	Place-12	-----
SMITH	Briony	1891	F	34	4421	Place-16	-----
SMITH	Joseph	1891	M	42	3876	Place-19	-----
SMITH	Susan	1891	F	40	7064	Place-2	-----
SMITH	Sheila	1891	F	25	7070	Place-28	-----
SMITH	Jacob	1891	M	53	3190	Place-1	-----
SMITH	Paulo	1891	M	32	4622	Place-8	-----
SMITH	James	1891	M	36	4303	Place-16	-----
SMITH	James	1891	M	29	4794	Place-11	-----
SMITH	Shawn	1891	M	27	4974	Place-2	-----
SMITH	Jacob	1891	M	32	4627	Place-28	-----
SMITH	Sharon	1891	F	48	3491	Place-15	-----
SMITH	Sharon	1891	F	38	6062	Place-7	-----
SMITH	Sarah	1891	F	57	2933	Place-19	-----
SMITH	Sheila	1891	F	24	5267	Place-11	-----
SMITH	Seonaid	1891	F	43	3813	Place-1	-----
SMITH	Jim	1891	M	39	4057	Place-8	-----
SMITH	Seonaid	1891	F	46	5118	Place-15	-----
SMITH	James	1891	M	53	3181	Place-15	-----
SMITH	Susan	1891	F	39	4083	Place-19	-----
SMITH	Joseph	1891	M	25	5154	Place-2	-----
SMITH	Sarah	1891	F	20	5594	Place-29	-----
SMITH	Briony	1891	F	48	6602	Place-5	-----
SMITH	Jenkins	1891	M	51	3292	Place-6	-----
SMITH	Sharon	1891	F	64	3982	Place-9	-----
SMITH	Selina	1891	F	54	3120	Place-8	-----
SMITH	Suzanne	1891	F	22	5438	Place-19	-----
SMITH	Sharon	1891	F	42	5382	Place-8	-----
SMITH	Susan	1891	F	40	5874	Place-19	-----
SMITH	James	1891	M	46	3638	Place-0	-----
SMITH	Selina	1891	F	47	3530	Place-17	-----
SMITH	Briony	1891	F	54	5189	Place-2	-----
SMITH	James	1891	M	24	5215	Place-11	-----
SMITH	Jacob	1891	M	56	3009	Place-29	-----
SMITH	Jim	1891	M	39	4089	Place-17	-----
SMITH	Sharon	1891	F	42	5769	Place-4	-----
SMITH	James	1891	M	52	3260	Place-28	-----
SMITH	Sharon	1891	F	23	5306	Place-15	-----
SMITH	Sheila	1891	F	30	4769	Place-12	-----
SMITH	Joseph	1891	M	39	4074	Place-23	-----
SMITH	Shawn	1891	M	38	4137	Place-6	-----
SMITH	Bob	1891	M	36	4278	Place-18	-----
SMITH	Seonaid	1891	F	34	4444	Place-5	-----
SMITH	Selina	1891	F	33	4498	Place-19	-----
SMITH	Paulo	1891	M	30	4745	Place-22	-----
SMITH	Shawn	1891	M	30	4759	Place-24	-----
SMITH	Jenkins	1891	M	28	4908	Place-27	-----
SMITH	Sheila	1891	F	27	4982	Place-4	-----
SMITH	Joseph	1891	M	26	5075	Place-18	-----
SMITH	Jim	1891	M	25	5156	Place-25	-----
SMITH	Susan	1891	F	24	5221	Place-23	-----
SMITH	Joseph	1891	M	24	5273	Place-10	-----
SMITH	Jim	1891	M	23	5292	Place-20	-----
SMITH	Bob	1891	M	23	5300	Place-3	-----
SMITH	Susan	1891	F	23	5301	Place-18	-----
SMITH	Briony	1891	F	23	5334	Place-9	-----
SMITH	Sheila	1891	F	22	5387	Place-25	-----
SMITH	Selina	1891	F	22	5388	Place-2	-----
SMITH	Jenkins	1891	M	22	5428	Place-5	-----
SMITH	Sheila	1891	F	21	5495	Place-17	-----
SMITH	Selina	1891	F	20	5619	Place-5	-----
SMITH	Paulo	1891	M	20	5625	Place-6	-----
SMITH	Briony	1891	F	19	5671	Place-8	-----
SMITH	Paulo	1891	M	19	5727	Place-14	-----
SMITH	Jenkins	1891	M	19	5747	Place-11	-----
SMITH	Sharon	1891	F	10	6657	Place-17	-----
SMITH	Jenkins	1891	M	7	7021	Place-14	-----
SMITH	Joseph	1891	M	6	7169	Place-27	-----
SMITH	Sharon	1891	F	3	7468	Place-24	-----
SMITH	Suzanne	1891	F	25	7434	Place-9	-----
SMITH	Sheila	1891	F	23	7435	Place-12	-----
SMITH	Susan	1891	F	36	7437	Place-15	-----
SMITH	Seonaid	1891	F	54	7441	Place-27	-----
SMITH	Sheila	1891	F	34	7443	Place-28	-----
SMITH	Sarah	1891	F	37	7444	Place-5	-----
SMITH	Selina	1891	F	22	7446	Place-2	-----
SMITH	Suzanne	1891	F	34	7323	Place-24	-----
SMITH	Briony	1891	F	25	5151	Place-1	-----
SMITH	Suzanne	1891	F	32	4605	Place-23	-----
SMITH	Sharon	1891	F	47	3570	Place-25	-----
SMITH	Jacob	1891	M	57	2919	Place-1	-----
SMITH	Seonaid	1891	F	37	4214	Place-29	-----
SMITH	Sharon	1891	F	21	5503	Place-26	-----
SMITH	Seonaid	1891	F	20	5603	Place-27	-----
SMITH	James	1891	M	39	4102	Place-10	-----
SMITH	Jacob	1891	M	25	5140	Place-16	-----
SMITH	Suzanne	1891	F	38	7067	Place-5	-----
SMITH	Sheila	1891	F	27	7069	Place-4	-----
SMITH	Selina	1891	F	44	3729	Place-2	-----
SMITH	Selina	1891	F	46	4954	Place-25	-----
SMITH	Jacob	1891	M	26	5040	Place-11	-----
SMITH	Shawn	1891	M	28	4921	Place-21	-----
SMITH	Bob	1891	M	44	3753	Place-3	-----
SMITH	Joseph	1891	M	35	4393	Place-28	-----
SMITH	Selina	1891	F	29	4852	Place-13	-----
SMITH	Sarah	1891	F	34	4484	Place-28	-----
SMITH	Paulo	1891	M	33	4501	Place-21	-----
SMITH	Jenkins	1891	M	32	4594	Place-18	-----
SMITH	Joseph	1891	M	26	5070	Place-29	-----
SMITH	Briony	1891	F	36	4295	Place-21	-----
SMITH	Shawn	1891	M	50	3353	Place-28	-----
SMITH	Jim	1891	M	45	3659	Place-18	-----
SMITH	Seonaid	1891	F	27	4993	Place-5	-----
SMITH	Joseph	1891	M	46	3611	Place-12	-----
SMITH	Sharon	1891	F	36	4285	Place-8	-----
SMITH	Jacob	1891	M	23	5305	Place-24	-----
SMITH	Jim	1891	M	35	4383	Place-6	-----
SMITH	Suzanne	1891	F	51	6395	Place-10	-----
SMITH	Susan	1891	F	47	3560	Place-7	-----
SMITH	Jenkins	1891	M	23	5328	Place-19	-----
SMITH	Selina	1891	F	38	6162	Place-12	-----
SMITH	Shawn	1891	M	31	4702	Place-1	-----
SMITH	Suzanne	1891	F	41	3955	Place-11	-----
SMITH	James	1891	M	52	3235	Place-0	-----
SMITH	James	1891	M	37	4256	Place-23	-----
SMITH	Joseph	1891	M	44	3774	Place-24	-----
SMITH	Seonaid	1891	F	52	3265	Place-20	-----
SMITH	Susan	1891	F	44	5476	Place-28	-----
SMITH	Suzanne	1891	F	31	4662	Place-14	-----
SMITH	Jacob	1891	M	53	3218	Place-2	-----
SMITH	James	1891	M	56	2989	Place-19	-----
SMITH	Bob	1891	M	33	4523	Place-13	-----
SMITH	James	1891	M	33	4547	Place-19	-----
SMITH	Briony	1891	F	32	4573	Place-21	-----
SMITH	Susan	1891	F	29	4826	Place-21	-----
SMITH	Jacob	1891	M	29	4834	Place-2	-----
SMITH	Suzanne	1891	F	27	4971	Place-16	-----
SMITH	Briony	1891	F	25	5127	Place-5	-----
SMITH	Jacob	1891	M	25	5184	Place-9	-----
SMITH	Joseph	1891	M	24	5227	Place-24	-----
SMITH	Shawn	1891	M	24	5240	Place-4	-----
SMITH	Shawn	1891	M	23	5314	Place-22	-----
SMITH	Sheila	1891	F	22	5422	Place-23	-----
SMITH	Susan	1891	F	22	5441	Place-24	-----
SMITH	Jenkins	1891	M	21	5485	Place-5	-----
SMITH	Selina	1891	F	21	5537	Place-15	-----
SMITH	Sarah	1891	F	20	5591	Place-24	-----
SMITH	Sheila	1891	F	18	5808	Place-2	-----
SMITH	Shawn	1891	M	15	6074	Place-7	-----
SMITH	James	1891	M	15	6123	Place-26	-----
SMITH	Susan	1891	F	12	6468	Place-10	-----
SMITH	James	1891	M	10	6696	Place-16	-----
SMITH	Jacob	1891	M	8	6850	Place-23	-----
SMITH	James	1891	M	8	6928	Place-15	-----
SMITH	Sarah	1891	F	6	7132	Place-16	-----
SMITH	Sharon	1891	F	6	7142	Place-2	-----
SMITH	Sharon	1891	F	4	7345	Place-10	-----
SMITH	Briony	1891	F	36	7316	Place-15	-----
SMITH	Sharon	1891	F	38	7321	Place-7	-----
SMITH	Seonaid	1891	F	34	7322	Place-12	-----
SMITH	Selina	1891	F	37	7324	Place-26	-----
SMITH	Briony	1891	F	43	7326	Place-1	-----
SMITH	Sheila	1891	F	47	7329	Place-5	-----
SMITH	Sharon	1891	F	37	7330	Place-5	-----
SMITH	Seonaid	1891	F	23	7332	Place-23	-----
SMITH	Sharon	1891	F	46	7184	Place-20	-----
SMITH	Jim	1891	M	31	4645	Place-25	-----
SMITH	Sheila	1891	F	31	4651	Place-8	-----
SMITH	Suzanne	1891	F	10	6716	Place-13	-----
SMITH	Sharon	1891	F	35	7061	Place-8	-----
SMITH	Seonaid	1891	F	45	7065	Place-21	-----
SMITH	Jenkins	1891	M	30	4725	Place-0	-----
SMITH	Jacob	1891	M	35	4390	Place-15	-----
SMITH	Sharon	1891	F	32	4626	Place-3	-----
SMITH	Sharon	1891	F	47	3578	Place-8	-----
SMITH	Jenkins	1891	M	58	2872	Place-6	-----
SMITH	Suzanne	1891	F	33	4559	Place-15	-----
SMITH	Jenkins	1891	M	30	4755	Place-20	-----
SMITH	Susan	1891	F	26	5106	Place-6	-----
SMITH	Jenkins	1891	M	24	5209	Place-16	-----
SMITH	Jenkins	1891	M	32	4574	Place-2	-----
SMITH	Jenkins	1891	M	29	4847	Place-14	-----
SMITH	Shawn	1891	M	54	3115	Place-14	-----
SMITH	Briony	1891	F	38	4133	Place-25	-----
SMITH	Selina	1891	F	31	4657	Place-27	-----
SMITH	Sharon	1891	F	57	2969	Place-0	-----
SMITH	Briony	1891	F	45	3715	Place-24	-----
SMITH	Suzanne	1891	F	41	3970	Place-21	-----
SMITH	Seonaid	1891	F	38	4166	Place-13	-----
SMITH	Shawn	1891	M	23	5304	Place-0	-----
SMITH	Seonaid	1891	F	52	4634	Place-12	-----
SMITH	James	1891	M	49	3414	Place-3	-----
SMITH	Sarah	1891	F	23	5325	Place-24	-----
SMITH	Sharon	1891	F	48	5767	Place-25	-----
SMITH	Paulo	1891	M	52	3271	Place-29	-----
SMITH	Sarah	1891	F	56	3003	Place-29	-----
SMITH	Sarah	1891	F	36	4316	Place-28	-----
SMITH	Paulo	1891	M	39	4093	Place-7	-----
SMITH	Susan	1891	F	50	4784	Place-9	-----
SMITH	Briony	1891	F	48	3481	Place-5	-----
SMITH	Paulo	1891	M	33	4556	Place-8	-----
SMITH	Susan	1891	F	31	4647	Place-18	-----
SMITH	Paulo	1891	M	31	4679	Place-1	-----
SMITH	James	1891	M	30	4758	Place-21	-----
SMITH	Selina	1891	F	29	4825	Place-29	-----
SMITH	Selina	1891	F	27	4973	Place-1	-----
SMITH	Sarah	1891	F	27	5003	Place-19	-----
SMITH	Sarah	1891	F	26	5050	Place-11	-----
SMITH	Shawn	1891	M	24	5213	Place-20	-----
SMITH	Jim	1891	M	24	5229	Place-19	-----
SMITH	Briony	1891	F	23	5348	Place-0	-----
SMITH	Sheila	1891	F	23	5356	Place-28	-----
SMITH	Susan	1891	F	22	5389	Place-20	-----
SMITH	Sheila	1891	F	22	5418	Place-10	-----
SMITH	Sharon	1891	F	22	5443	Place-3	-----
SMITH	Selina	1891	F	21	5523	Place-26	-----
SMITH	Briony	1891	F	18	5773	Place-12	-----
SMITH	Paulo	1891	M	17	5908	Place-12	-----
SMITH	Selina	1891	F	15	6085	Place-4	-----
SMITH	Sheila	1891	F	14	6234	Place-22	-----
SMITH	James	1891	M	14	6248	Place-10	-----
SMITH	Shawn	1891	M	12	6403	Place-23	-----
SMITH	Sharon	1891	F	10	6633	Place-27	-----
SMITH	Sharon	1891	F	10	6706	Place-28	-----
SMITH	Jacob	1891	M	10	6720	Place-21	-----
SMITH	Sarah	1891	F	9	6774	Place-10	-----
SMITH	Selina	1891	F	6	7086	Place-1	-----
SMITH	Jacob	1891	M	6	7177	Place-14	-----
SMITH	Seonaid	1891	F	25	7179	Place-26	-----
SMITH	Suzanne	1891	F	43	7180	Place-15	-----
SMITH	Selina	1891	F	26	7181	Place-24	-----
SMITH	Sharon	1891	F	31	7183	Place-7	-----
SMITH	Selina	1891	F	37	7186	Place-15	-----
SMITH	Susan	1891	F	29	7188	Place-14	-----
SMITH	Briony	1891	F	42	7189	Place-23	-----
SMITH	Suzanne	1891	F	31	7190	Place-8	-----
SMITH	Seonaid	1891	F	40	7191	Place-23	-----
SMITH	Sheila	1891	F	41	7194	Place-20	-----
SMITH	Susan	1891	F	30	7195	Place-1	-----
SMITH	Seonaid	1891	F	30	7196	Place-25	-----
SMITH	Sharon	1891	F	24	7198	Place-24	-----
SMITH	Bob	1891	M	57	2916	Place-15	-----
SMITH	James	1891	M	51	3332	Place-7	-----
SMITH	Suzanne	1891	F	38	4183	Place-10	-----
SMITH	James	1891	M	35	4370	Place-21	-----
SMITH	Joseph	1891	M	24	5269	Place-3	-----
SMITH	Jim	1891	M	23	5302	Place-12	-----
SMITH	James	1891	M	49	3444	Place-11	-----
SMITH	Jacob	1891	M	28	4935	Place-28	-----
SMITH	Seonaid	1891	F	32	6821	Place-28	-----
SMITH	Sarah	1891	F	27	4976	Place-6	-----
SMITH	Seonaid	1891	F	48	6725	Place-25	-----
SMITH	Selina	1891	F	48	3511	Place-10	-----
SMITH	Bob	1891	M	45	3676	Place-14	-----
SMITH	Sarah	1891	F	39	6272	Place-18	-----
SMITH	Susan	1891	F	40	5477	Place-2	-----
SMITH	Sarah	1891	F	38	4144	Place-4	-----
SMITH	Paulo	1891	M	40	3999	Place-15	-----
SMITH	Sheila	1891	F	30	4780	Place-4	-----
SMITH	Jenkins	1891	M	30	4781	Place-4	-----
SMITH	Jim	1891	M	35	4389	Place-10	-----
SMITH	Suzanne	1891	F	44	3742	Place-29	-----
SMITH	James	1891	M	34	4451	Place-4	-----
SMITH	Jim	1891	M	52	3270	Place-0	-----
SMITH	Bob	1891	M	44	3769	Place-13	-----
SMITH	Seonaid	1891	F	25	5142	Place-1	-----
SMITH	Jacob	1891	M	27	4962	Place-27	-----
SMITH	Sharon	1891	F	31	4708	Place-8	-----
SMITH	Shawn	1891	M	30	4735	Place-9	-----
SMITH	Joseph	1891	M	33	4509	Place-23	-----
SMITH	Suzanne	1891	F	33	4525	Place-13	-----
SMITH	Paulo	1891	M	25	5130	Place-26	-----
SMITH	Shawn	1891	M	25	5145	Place-17	-----
SMITH	Jacob	1891	M	23	5359	Place-22	-----
SMITH	Bob	1891	M	22	5408	Place-17	-----
SMITH	Joseph	1891	M	17	5930	Place-23	-----
SMITH	Susan	1891	F	16	5997	Place-7	-----
SMITH	Seonaid	1891	F	12	6439	Place-2	-----
SMITH	Susan	1891	F	7	6984	Place-27	-----
SMITH	Jim	1891	M	6	7109	Place-3	-----
SMITH	Selina	1891	F	55	7056	Place-12	-----
SMITH	Sharon	1891	F	31	7059	Place-2	-----
SMITH	Susan	1891	F	47	7062	Place-6	-----
SMITH	Selina	1891	F	39	7066	Place-25	-----
SMITH	Sharon	1891	F	28	7068	Place-29	-----
SMITH	Sarah	1891	F	29	4828	Place-22	-----
SMITH	Joseph	1891	M	30	4746	Place-10	-----
SMITH	Sheila	1891	F	27	5002	Place-10	-----
SMITH	Sarah	1891	F	29	4830	Place-25	-----
SMITH	Briony	1891	F	27	4985	Place-0	-----
SMITH	Briony	1891	F	57	6823	Place-0	-----
SMITH	Sarah	1891	F	27	6834	Place-5	-----
SMITH	Sarah	1891	F	54	3162	Place-14	-----
SMITH	Jim	1891	M	43	3809	Place-20	-----
SMITH	Shawn	1891	M	33	4543	Place-21	-----
SMITH	Susan	1891	F	32	4610	Place-2	-----
SMITH	Jenkins	1891	M	32	4620	Place-17	-----
SMITH	Sheila	1891	F	28	4909	Place-22	-----
SMITH	Sarah	1891	F	26	5082	Place-24	-----
SMITH	Paulo	1891	M	45	3687	Place-18	-----
SMITH	Selina	1891	F	34	4479	Place-21	-----
SMITH	Joseph	1891	M	29	4820	Place-14	-----
SMITH	Bob	1891	M	28	4938	Place-13	-----
SMITH	Bob	1891	M	26	5056	Place-29	-----
SMITH	Sharon	1891	F	47	3527	Place-19	-----
SMITH	Sheila	1891	F	45	5291	Place-19	-----
SMITH	Jim	1891	M	55	3084	Place-12	-----
SMITH	Joseph	1891	M	36	4290	Place-7	-----
SMITH	Jim	1891	M	41	3965	Place-0	-----
SMITH	Jim	1891	M	34	4463	Place-15	-----
SMITH	Sharon	1891	F	38	4181	Place-23	-----
SMITH	Sarah	1891	F	41	5873	Place-13	-----
SMITH	Jenkins	1891	M	35	4342	Place-17	-----
SMITH	Bob	1891	M	30	4775	Place-11	-----
SMITH	Susan	1891	F	39	5875	Place-16	-----
SMITH	James	1891	M	38	4130	Place-4	-----
SMITH	Seonaid	1891	F	19	5689	Place-6	-----
SMITH	Sharon	1891	F	49	3445	Place-17	-----
SMITH	Sharon	1891	F	23	5327	Place-15	-----
SMITH	James	1891	M	50	3399	Place-22	-----
SMITH	Bob	1891	M	39	4068	Place-17	-----
SMITH	Briony	1891	F	31	4650	Place-22	-----
SMITH	Seonaid	1891	F	31	4671	Place-8	-----
SMITH	Jenkins	1891	M	31	4694	Place-2	-----
SMITH	Selina	1891	F	28	4927	Place-21	-----
SMITH	Paulo	1891	M	26	5091	Place-14	-----
SMITH	James	1891	M	26	5093	Place-22	-----
SMITH	Paulo	1891	M	24	5211	Place-8	-----
SMITH	Bob	1891	M	24	5248	Place-8	-----
SMITH	Jim	1891	M	23	5361	Place-16	-----
SMITH	Susan	1891	F	18	5779	Place-0	-----
SMITH	Paulo	1891	M	14	6238	Place-24	-----
SMITH	James	1891	M	10	6639	Place-18	-----
SMITH	Jacob	1891	M	7	7042	Place-24	-----
SMITH	Suzanne	1891	F	31	6930	Place-12	-----
SMITH	Sarah	1891	F	45	6932	Place-27	-----
SMITH	Suzanne	1891	F	52	6934	Place-13	-----
SMITH	Suzanne	1891	F	37	6935	Place-25	-----
SMITH	Seonaid	1891	F	41	6942	Place-20	-----
SMITH	Susan	1891	F	39	6943	Place-25	-----
SMITH	Susan	1891	F	30	6944	Place-20	-----
SMITH	Seonaid	1891	F	26	6946	Place-27	-----
SMITH	Shawn	1891	M	34	4468	Place-24	-----
SMITH	Bob	1891	M	31	4666	Place-7	-----
SMITH	Suzanne	1891	F	46	3646	Place-18	-----
SMITH	Selina	1891	F	49	3453	Place-5	-----
SMITH	James	1891	M	26	5039	Place-4	-----
SMITH	Selina	1891	F	40	3991	Place-29	-----
SMITH	Jim	1891	M	35	4360	Place-22	-----
SMITH	Sharon	1891	F	48	6595	Place-27	-----
SMITH	Shawn	1891	M	50	3380	Place-26	-----
SMITH	Sheila	1891	F	54	4857	Place-10	-----
SMITH	Sarah	1891	F	48	3475	Place-18	-----
SMITH	Jenkins	1891	M	44	3765	Place-24	-----
SMITH	Shawn	1891	M	32	4604	Place-7	-----
SMITH	Briony	1891	F	48	3495	Place-8	-----
SMITH	Jenkins	1891	M	36	4321	Place-24	-----
SMITH	Jacob	1891	M	31	4711	Place-12	-----
SMITH	Paulo	1891	M	34	4423	Place-11	-----
SMITH	Seonaid	1891	F	46	5955	Place-7	-----
SMITH	Selina	1891	F	48	6067	Place-6	-----
SMITH	Bob	1891	M	54	3150	Place-3	-----
SMITH	Bob	1891	M	53	3182	Place-10	-----
SMITH	Sharon	1891	F	39	5571	Place-28	-----
SMITH	James	1891	M	40	3998	Place-10	-----
SMITH	Paulo	1891	M	40	4018	Place-6	-----
SMITH	Shawn	1891	M	34	4439	Place-9	-----
SMITH	Shawn	1891	M	38	4129	Place-24	-----
SMITH	Bob	1891	M	37	4259	Place-16	-----
SMITH	Paulo	1891	M	31	4713	Place-29	-----
SMITH	James	1891	M	29	4792	Place-7	-----
SMITH	Jenkins	1891	M	29	4809	Place-15	-----
SMITH	Suzanne	1891	F	29	4822	Place-20	-----
SMITH	Selina	1891	F	27	5022	Place-26	-----
SMITH	Jim	1891	M	25	5181	Place-16	-----
SMITH	Briony	1891	F	24	5251	Place-7	-----
SMITH	Sharon	1891	F	24	5260	Place-10	-----
SMITH	Jenkins	1891	M	17	5946	Place-24	-----
SMITH	Briony	1891	F	13	6279	Place-20	-----
SMITH	Suzanne	1891	F	11	6574	Place-19	-----
SMITH	Selina	1891	F	32	6822	Place-6	-----
SMITH	Seonaid	1891	F	48	6827	Place-23	-----
SMITH	Susan	1891	F	40	6829	Place-14	-----
SMITH	Seonaid	1891	F	40	6830	Place-23	-----
SMITH	Susan	1891	F	41	6832	Place-2	-----
SMITH	Sarah	1891	F	50	6833	Place-7	-----
SMITH	Joseph	1891	M	45	3697	Place-27	-----
SMITH	Bob	1891	M	33	4519	Place-14	-----
SMITH	Paulo	1891	M	27	5006	Place-6	-----
SMITH	Joseph	1891	M	31	4678	Place-7	-----
SMITH	Susan	1891	F	55	4718	Place-27	-----
SMITH	Jim	1891	M	49	3407	Place-8	-----
SMITH	Jenkins	1891	M	37	4247	Place-2	-----
SMITH	Seonaid	1891	F	30	4763	Place-19	-----
SMITH	Sarah	1891	F	37	4238	Place-4	-----
SMITH	Paulo	1891	M	44	3747	Place-29	-----
SMITH	Paulo	1891	M	49	3452	Place-22	-----
SMITH	Shawn	1891	M	33	4542	Place-0	-----
SMITH	Jenkins	1891	M	46	3603	Place-27	-----
SMITH	Sharon	1891	F	40	5958	Place-6	-----
SMITH	Shawn	1891	M	47	3572	Place-14	-----
SMITH	Jenkins	1891	M	41	3925	Place-16	-----
SMITH	James	1891	M	51	3319	Place-9	-----
SMITH	Jim	1891	M	30	4719	Place-15	-----
SMITH	Joseph	1891	M	30	4723	Place-13	-----
SMITH	Joseph	1891	M	29	4808	Place-29	-----
SMITH	Susan	1891	F	27	4955	Place-18	-----
SMITH	Sheila	1891	F	27	4980	Place-0	-----
SMITH	Joseph	1891	M	27	4994	Place-21	-----
SMITH	Selina	1891	F	19	5708	Place-15	-----
SMITH	James	1891	M	18	5794	Place-6	-----
SMITH	Shawn	1891	M	18	5803	Place-10	-----
SMITH	Briony	1891	F	15	6118	Place-24	-----
SMITH	Jacob	1891	M	15	6144	Place-10	-----
SMITH	Bob	1891	M	15	6152	Place-11	-----
SMITH	Bob	1891	M	10	6679	Place-5	-----
SMITH	Sarah	1891	F	46	6723	Place-3	-----
SMITH	Selina	1891	F	38	6730	Place-6	-----
SMITH	Sheila	1891	F	42	6731	Place-27	-----
SMITH	Seonaid	1891	F	36	6733	Place-23	-----
SMITH	Seonaid	1891	F	53	4564	Place-29	-----
SMITH	Sheila	1891	F	27	5011	Place-13	-----
SMITH	Sheila	1891	F	52	4951	Place-27	-----
SMITH	Paulo	1891	M	37	4248	Place-23	-----
SMITH	Paulo	1891	M	46	3632	Place-15	-----
SMITH	Joseph	1891	M	28	4898	Place-4	-----
SMITH	Sheila	1891	F	33	4521	Place-2	-----
SMITH	Paulo	1891	M	38	4125	Place-5	-----
SMITH	Selina	1891	F	33	4563	Place-29	-----
SMITH	Bob	1891	M	46	3626	Place-3	-----
SMITH	Sarah	1891	F	40	5762	Place-19	-----
SMITH	Suzanne	1891	F	42	5281	Place-24	-----
SMITH	Susan	1891	F	49	5475	Place-12	-----
SMITH	Susan	1891	F	39	4094	Place-7	-----
SMITH	Jenkins	1891	M	47	3545	Place-6	-----
SMITH	Suzanne	1891	F	55	3078	Place-20	-----
SMITH	Jacob	1891	M	49	3416	Place-20	-----
SMITH	Sharon	1891	F	42	3899	Place-21	-----
SMITH	James	1891	M	54	3143	Place-27	-----
SMITH	Shawn	1891	M	33	4515	Place-22	-----
SMITH	Selina	1891	F	29	4846	Place-19	-----
SMITH	Selina	1891	F	23	5319	Place-20	-----
SMITH	Joseph	1891	M	19	5693	Place-6	-----
SMITH	James	1891	M	18	5824	Place-20	-----
SMITH	Sheila	1891	F	15	6095	Place-9	-----
SMITH	Suzanne	1891	F	13	6374	Place-26	-----
SMITH	Jacob	1891	M	11	6549	Place-2	-----
SMITH	Selina	1891	F	49	6597	Place-6	-----
SMITH	Briony	1891	F	30	6598	Place-2	-----
SMITH	Sarah	1891	F	30	6603	Place-25	-----
SMITH	Shawn	1891	M	30	4720	Place-21	-----
SMITH	Shawn	1891	M	52	3237	Place-24	-----
SMITH	Paulo	1891	M	32	4615	Place-20	-----
SMITH	Joseph	1891	M	31	4642	Place-29	-----
SMITH	Jacob	1891	M	39	4099	Place-14	-----
SMITH	Jacob	1891	M	53	3220	Place-11	-----
SMITH	Selina	1891	F	33	4502	Place-1	-----
SMITH	Susan	1891	F	41	3939	Place-19	-----
SMITH	Briony	1891	F	54	5196	Place-9	-----
SMITH	Jacob	1891	M	38	4140	Place-7	-----
SMITH	Seonaid	1891	F	39	4060	Place-6	-----
SMITH	Jim	1891	M	49	3412	Place-13	-----
SMITH	Shawn	1891	M	57	2934	Place-5	-----
SMITH	Briony	1891	F	47	3573	Place-14	-----
SMITH	James	1891	M	56	2986	Place-18	-----
SMITH	Jenkins	1891	M	27	4958	Place-29	-----
SMITH	Jenkins	1891	M	38	4184	Place-11	-----
SMITH	Sheila	1891	F	35	4384	Place-9	-----
SMITH	Briony	1891	F	34	4454	Place-20	-----
SMITH	Suzanne	1891	F	33	4526	Place-14	-----
SMITH	Jacob	1891	M	21	5527	Place-2	-----
SMITH	Selina	1891	F	21	5528	Place-12	-----
SMITH	Bob	1891	M	21	5538	Place-3	-----
SMITH	Sarah	1891	F	16	5978	Place-12	-----
SMITH	Briony	1891	F	14	6236	Place-3	-----
SMITH	Jenkins	1891	M	12	6433	Place-1	-----
SMITH	James	1891	M	11	6573	Place-0	-----
SMITH	Seonaid	1891	F	32	6501	Place-2	-----
SMITH	Jacob	1891	M	39	4069	Place-22	-----
SMITH	Joseph	1891	M	39	4112	Place-22	-----
SMITH	Susan	1891	F	36	6072	Place-16	-----
SMITH	Seonaid	1891	F	54	5025	Place-6	-----
SMITH	Sarah	1891	F	37	4206	Place-16	-----
SMITH	Paulo	1891	M	48	3517	Place-3	-----
SMITH	Selina	1891	F	45	3692	Place-0	-----
SMITH	Susan	1891	F	38	4150	Place-5	-----
SMITH	Joseph	1891	M	34	4416	Place-6	-----
SMITH	Bob	1891	M	33	4497	Place-20	-----
SMITH	Shawn	1891	M	32	4599	Place-2	-----
SMITH	Briony	1891	F	31	4670	Place-28	-----
SMITH	Sheila	1891	F	30	4750	Place-0	-----
SMITH	Jenkins	1891	M	29	4841	Place-14	-----
SMITH	Briony	1891	F	28	4873	Place-17	-----
SMITH	Jim	1891	M	23	5366	Place-21	-----
SMITH	James	1891	M	23	5367	Place-13	-----
SMITH	Briony	1891	F	22	5411	Place-11	-----
SMITH	Jim	1891	M	17	5887	Place-23	-----
SMITH	Shawn	1891	M	15	6151	Place-0	-----
SMITH	Shawn	1891	M	12	6461	Place-12	-----
SMITH	Suzanne	1891	F	54	6394	Place-7	-----
SMITH	Briony	1891	F	41	6396	Place-26	-----
SMITH	Sheila	1891	F	39	4108	Place-22	-----
SMITH	Briony	1891	F	37	4252	Place-13	-----
SMITH	Sarah	1891	F	49	5569	Place-26	-----
SMITH	Suzanne	1891	F	43	3821	Place-17	-----
SMITH	Suzanne	1891	F	32	4570	Place-27	-----
SMITH	James	1891	M	55	3066	Place-4	-----
SMITH	James	1891	M	57	2945	Place-11	-----
SMITH	Paulo	1891	M	34	4431	Place-1	-----
SMITH	Joseph	1891	M	20	5581	Place-4	-----
SMITH	Jenkins	1891	M	14	6208	Place-19	-----
SMITH	Jenkins	1891	M	14	6229	Place-11	-----
SMITH	Selina	1891	F	43	6265	Place-17	-----
SMITH	Sarah	1891	F	35	6266	Place-14	-----
SMITH	Sheila	1891	F	37	6268	Place-6	-----
SMITH	Sarah	1891	F	35	4379	Place-21	-----
SMITH	Suzanne	1891	F	35	4353	Place-28	-----
SMITH	Paulo	1891	M	34	4462	Place-12	-----
SMITH	Sheila	1891	F	38	4136	Place-25	-----
SMITH	Jim	1891	M	48	3488	Place-19	-----
SMITH	Paulo	1891	M	39	4109	Place-7	-----
SMITH	Shawn	1891	M	36	4276	Place-17	-----
SMITH	Joseph	1891	M	32	4608	Place-15	-----
SMITH	Jacob	1891	M	31	4685	Place-8	-----
SMITH	Briony	1891	F	23	5331	Place-0	-----
SMITH	Selina	1891	F	19	5726	Place-1	-----
SMITH	Jacob	1891	M	50	3393	Place-22	-----
SMITH	Bob	1891	M	35	4387	Place-20	-----
SMITH	Shawn	1891	M	33	4517	Place-22	-----
SMITH	Susan	1891	F	34	4483	Place-21	-----
SMITH	James	1891	M	34	4446	Place-9	-----
SMITH	Suzanne	1891	F	41	3956	Place-14	-----
SMITH	Briony	1891	F	35	4345	Place-21	-----
SMITH	Jenkins	1891	M	35	4349	Place-7	-----
SMITH	Suzanne	1891	F	31	4676	Place-7	-----
SMITH	Paulo	1891	M	31	4690	Place-8	-----
SMITH	Selina	1891	F	31	4692	Place-25	-----
SMITH	Sarah	1891	F	19	5731	Place-27	-----
SMITH	Bob	1891	M	17	5925	Place-24	-----
SMITH	Joseph	1891	M	16	6037	Place-0	-----
SMITH	Suzanne	1891	F	45	6064	Place-18	-----
SMITH	Susan	1891	F	36	6073	Place-23	-----
SMITH	Bob	1891	M	45	3653	Place-1	-----
SMITH	James	1891	M	30	4766	Place-26	-----
SMITH	Jenkins	1891	M	41	3934	Place-15	-----
SMITH	Sarah	1891	F	35	4343	Place-1	-----
SMITH	Susan	1891	F	32	4628	Place-0	-----
SMITH	Briony	1891	F	18	5774	Place-10	-----
SMITH	Susan	1891	F	17	5906	Place-23	-----
SMITH	Briony	1891	F	56	5962	Place-5	-----
SMITH	Sarah	1891	F	41	3926	Place-26	-----
SMITH	Jenkins	1891	M	45	3709	Place-9	-----
SMITH	Joseph	1891	M	37	4258	Place-25	-----
SMITH	Sarah	1891	F	20	5574	Place-10	-----
SMITH	Seonaid	1891	F	17	5877	Place-19	-----
SMITH	Suzanne	1891	F	17	5912	Place-23	-----
SMITH	Sharon	1891	F	48	5872	Place-11	-----
SMITH	Sheila	1891	F	43	3839	Place-19	-----
SMITH	Sharon	1891	F	58	2858	Place-22	-----
SMITH	Joseph	1891	M	41	3959	Place-0	-----
SMITH	Jacob	1891	M	36	4302	Place-24	-----
SMITH	Briony	1891	F	44	5374	Place-22	-----
SMITH	Paulo	1891	M	50	3351	Place-13	-----
SMITH	Jenkins	1891	M	39	4051	Place-17	-----
SMITH	Seonaid	1891	F	46	3636	Place-3	-----
SMITH	Bob	1891	M	40	4028	Place-14	-----
SMITH	Jacob	1891	M	38	4147	Place-27	-----
SMITH	Joseph	1891	M	45	3713	Place-14	-----
SMITH	Selina	1891	F	45	3667	Place-0	-----
SMITH	Shawn	1891	M	39	4062	Place-8	-----
SMITH	Bob	1891	M	53	3210	Place-26	-----
SMITH	Bob	1891	M	40	3992	Place-23	-----
SMITH	Jim	1891	M	28	4925	Place-29	-----
SMITH	Shawn	1891	M	59	2832	Place-17	-----
SMITH	James	1891	M	28	4915	Place-14	-----
SMITH	James	1891	M	48	3489	Place-2	-----
SMITH	Selina	1891	F	22	5401	Place-17	-----
SMITH	Joseph	1891	M	45	3689	Place-10	-----
SMITH	Suzanne	1891	F	45	3675	Place-0	-----
SMITH	James	1891	M	27	5016	Place-22	-----
SMITH	Sheila	1891	F	47	5284	Place-23	-----
SMITH	Seonaid	1891	F	49	5289	Place-6	-----
SMITH	Jim	1891	M	48	3515	Place-25	-----
SMITH	Paulo	1891	M	42	3898	Place-26	-----
SMITH	Jacob	1891	M	44	3778	Place-5	-----
SMITH	Jenkins	1891	M	31	4691	Place-4	-----
SMITH	Sarah	1891	F	28	4904	Place-15	-----
SMITH	Shawn	1891	M	54	3103	Place-4	-----
SMITH	Shawn	1891	M	28	4865	Place-8	-----
SMITH	Jenkins	1891	M	27	4990	Place-16	-----
SMITH	Suzanne	1891	F	56	2990	Place-19	-----
SMITH	Selina	1891	F	30	4756	Place-25	-----
SMITH	Sarah	1891	F	36	4309	Place-9	-----
SMITH	Sharon	1891	F	55	3058	Place-23	-----
SMITH	Selina	1891	F	48	3513	Place-4	-----
SMITH	James	1891	M	47	3544	Place-26	-----
SMITH	Paulo	1891	M	43	3842	Place-9	-----
SMITH	Jacob	1891	M	34	4445	Place-28	-----
SMITH	Jenkins	1891	M	56	2983	Place-25	-----
SMITH	Sarah	1891	F	55	3086	Place-27	-----
SMITH	Jim	1891	M	54	3157	Place-0	-----
SMITH	Jacob	1891	M	50	3367	Place-26	-----
SMITH	Jacob	1891	M	50	3379	Place-22	-----
SMITH	Selina	1891	F	48	3492	Place-7	-----
SMITH	Paulo	1891	M	47	3579	Place-5	-----
SMITH	Jacob	1891	M	44	3744	Place-20	-----
SMITH	Bob	1891	M	44	3768	Place-22	-----
SMITH	Shawn	1891	M	39	4103	Place-13	-----
SMITH	Suzanne	1891	F	39	4111	Place-4	-----
SMITH	Shawn	1891	M	38	4148	Place-10	-----
SMITH	Selina	1891	F	37	4246	Place-28	-----
SMITH	Seonaid	1891	F	36	4304	Place-14	-----
SMITH	Shawn	1891	M	36	4322	Place-23	-----
SMITH	Jim	1891	M	35	4359	Place-23	-----
SMITH	Suzanne	1891	F	35	4377	Place-7	-----
SMITH	Jenkins	1891	M	34	4418	Place-24	-----
SMITH	Sarah	1891	F	34	4443	Place-25	-----
SMITH	Suzanne	1891	F	33	4504	Place-23	-----
SMITH	Paulo	1891	M	32	4598	Place-20	-----
SMITH	Jenkins	1891	M	31	4665	Place-26	-----
SMITH	Sheila	1891	F	31	4687	Place-29	-----
SMITH	Paulo	1891	M	31	4697	Place-28	-----
SMITH	Sharon	1891	F	31	4706	Place-22	-----
SMITH	Sheila	1891	F	30	4734	Place-11	-----
SMITH	Bob	1891	M	30	4749	Place-9	-----
SMITH	Jenkins	1891	M	30	4754	Place-13	-----
SMITH	Jacob	1891	M	30	4760	Place-25	-----
SMITH	Paulo	1891	M	30	4762	Place-20	-----
SMITH	Joseph	1891	M	30	4777	Place-28	-----
SMITH	Jim	1891	M	30	4779	Place-10	-----
SMITH	Seonaid	1891	F	29	4814	Place-25	-----
SMITH	Joseph	1891	M	29	4815	Place-27	-----
SMITH	Jim	1891	M	29	4842	Place-4	-----
SMITH	Suzanne	1891	F	28	4868	Place-3	-----
SMITH	Selina	1891	F	28	4869	Place-13	-----
SMITH	Shawn	1891	M	28	4894	Place-25	-----
SMITH	Jim	1891	M	28	4907	Place-5	-----
SMITH	Jacob	1891	M	28	4920	Place-15	-----
SMITH	Sarah	1891	F	28	4928	Place-12	-----
SMITH	Paulo	1891	M	28	4930	Place-17	-----
SMITH	Sheila	1891	F	27	4964	Place-21	-----
SMITH	Sarah	1891	F	27	4969	Place-0	-----
SMITH	Jenkins	1891	M	27	4995	Place-13	-----
SMITH	Seonaid	1891	F	27	4998	Place-20	-----
SMITH	Jenkins	1891	M	27	5001	Place-2	-----
SMITH	Suzanne	1891	F	27	5017	Place-28	-----
SMITH	Sharon	1891	F	27	5019	Place-18	-----
SMITH	Selina	1891	F	26	5054	Place-24	-----
SMITH	Joseph	1891	M	26	5059	Place-7	-----
SMITH	Joseph	1891	M	26	5083	Place-7	-----
SMITH	Joseph	1891	M	26	5095	Place-21	-----
SMITH	Jim	1891	M	26	5097	Place-27	-----
SMITH	Briony	1891	F	26	5099	Place-1	-----
SMITH	Jacob	1891	M	25	5123	Place-13	-----
SMITH	Joseph	1891	M	25	5132	Place-18	-----
SMITH	James	1891	M	25	5148	Place-10	-----
SMITH	Sheila	1891	F	25	5153	Place-5	-----
SMITH	Jim	1891	M	25	5158	Place-4	-----
SMITH	Bob	1891	M	25	5169	Place-28	-----
SMITH	Paulo	1891	M	25	5171	Place-1	-----
SMITH	Briony	1891	F	25	5174	Place-0	-----
SMITH	Suzanne	1891	F	25	5178	Place-10	-----
SMITH	Joseph	1891	M	25	5182	Place-23	-----
SMITH	Sarah	1891	F	25	5187	Place-23	-----
SMITH	Jim	1891	M	24	5202	Place-24	-----
SMITH	James	1891	M	24	5206	Place-24	-----
SMITH	Seonaid	1891	F	24	5207	Place-22	-----
SMITH	Jim	1891	M	24	5212	Place-24	-----
SMITH	James	1891	M	24	5214	Place-4	-----
SMITH	Jenkins	1891	M	24	5233	Place-19	-----
SMITH	Suzanne	1891	F	24	5247	Place-8	-----
SMITH	Seonaid	1891	F	24	5256	Place-15	-----
SMITH	Shawn	1891	M	24	5258	Place-10	-----
SMITH	Jim	1891	M	24	5268	Place-23	-----
SMITH	James	1891	M	24	5270	Place-3	-----
SMITH	Susan	1891	F	24	5279	Place-11	-----
SMITH	Briony	1891	F	23	5303	Place-19	-----
SMITH	Jenkins	1891	M	23	5308	Place-9	-----
SMITH	Sharon	1891	F	23	5318	Place-3	-----
SMITH	Jacob	1891	M	23	5323	Place-10	-----
SMITH	Bob	1891	M	23	5324	Place-21	-----
SMITH	Suzanne	1891	F	23	5329	Place-0	-----
SMITH	Briony	1891	F	23	5335	Place-7	-----
SMITH	Bob	1891	M	23	5336	Place-22	-----
SMITH	Briony	1891	F	23	5339	Place-10	-----
SMITH	Bob	1891	M	23	5342	Place-28	-----
SMITH	Joseph	1891	M	23	5351	Place-23	-----
SMITH	Suzanne	1891	F	23	5362	Place-6	-----
SMITH	Jim	1891	M	23	5365	Place-5	-----
SMITH	Paulo	1891	M	23	5369	Place-28	-----
SMITH	Selina	1891	F	23	5370	Place-15	-----
SMITH	Joseph	1891	M	22	5383	Place-23	-----
SMITH	Paulo	1891	M	22	5385	Place-15	-----
SMITH	Bob	1891	M	22	5392	Place-3	-----
SMITH	Jenkins	1891	M	22	5394	Place-7	-----
SMITH	Sheila	1891	F	22	5397	Place-9	-----
SMITH	Sheila	1891	F	22	5416	Place-28	-----
SMITH	Selina	1891	F	22	5419	Place-17	-----
SMITH	Paulo	1891	M	22	5420	Place-26	-----
SMITH	Shawn	1891	M	22	5421	Place-28	-----
SMITH	Selina	1891	F	22	5424	Place-17	-----
SMITH	Jenkins	1891	M	22	5429	Place-7	-----
SMITH	Paulo	1891	M	22	5433	Place-7	-----
SMITH	Joseph	1891	M	22	5437	Place-10	-----
SMITH	Bob	1891	M	22	5442	Place-6	-----
SMITH	Paulo	1891	M	22	5449	Place-2	-----
SMITH	Shawn	1891	M	22	5456	Place-25	-----
SMITH	Suzanne	1891	F	22	5465	Place-6	-----
SMITH	Sarah	1891	F	21	5483	Place-16	-----
SMITH	Briony	1891	F	21	5484	Place-6	-----
SMITH	Paulo	1891	M	21	5490	Place-4	-----
SMITH	Suzanne	1891	F	21	5491	Place-13	-----
SMITH	Jim	1891	M	21	5498	Place-1	-----
SMITH	Susan	1891	F	21	5502	Place-6	-----
SMITH	Sharon	1891	F	21	5505	Place-17	-----
SMITH	Jacob	1891	M	21	5507	Place-6	-----
SMITH	Joseph	1891	M	21	5513	Place-20	-----
SMITH	Jim	1891	M	21	5520	Place-7	-----
SMITH	Bob	1891	M	21	5530	Place-9	-----
SMITH	Sharon	1891	F	21	5532	Place-23	-----
SMITH	Seonaid	1891	F	21	5533	Place-8	-----
SMITH	Susan	1891	F	21	5540	Place-2	-----
SMITH	Suzanne	1891	F	21	5542	Place-17	-----
SMITH	Susan	1891	F	21	5546	Place-13	-----
SMITH	Briony	1891	F	21	5552	Place-28	-----
SMITH	Jacob	1891	M	21	5556	Place-6	-----
SMITH	Suzanne	1891	F	21	5559	Place-15	-----
SMITH	Selina	1891	F	21	5566	Place-17	-----
SMITH	Selina	1891	F	20	5580	Place-28	-----
SMITH	Jacob	1891	M	20	5596	Place-29	-----
SMITH	Selina	1891	F	20	5598	Place-9	-----
SMITH	Shawn	1891	M	20	5599	Place-16	-----
SMITH	Paulo	1891	M	20	5602	Place-2	-----
SMITH	Shawn	1891	M	20	5618	Place-8	-----
SMITH	Paulo	1891	M	20	5624	Place-8	-----
SMITH	Sarah	1891	F	20	5630	Place-22	-----
SMITH	Sarah	1891	F	20	5632	Place-23	-----
SMITH	Selina	1891	F	20	5635	Place-8	-----
SMITH	Sheila	1891	F	20	5637	Place-11	-----
SMITH	Susan	1891	F	20	5638	Place-11	-----
SMITH	Selina	1891	F	20	5640	Place-26	-----
SMITH	Jacob	1891	M	20	5641	Place-22	-----
SMITH	Seonaid	1891	F	20	5642	Place-6	-----
SMITH	Seonaid	1891	F	20	5649	Place-27	-----
SMITH	Sarah	1891	F	20	5652	Place-13	-----
SMITH	Seonaid	1891	F	20	5654	Place-6	-----
SMITH	James	1891	M	19	5665	Place-2	-----
SMITH	Seonaid	1891	F	19	5666	Place-15	-----
SMITH	Joseph	1891	M	19	5673	Place-8	-----
SMITH	Shawn	1891	M	19	5674	Place-24	-----
SMITH	Jenkins	1891	M	19	5675	Place-28	-----
SMITH	Seonaid	1891	F	19	5677	Place-15	-----
SMITH	Paulo	1891	M	19	5685	Place-23	-----
SMITH	Briony	1891	F	19	5686	Place-18	-----
SMITH	Susan	1891	F	19	5691	Place-16	-----
SMITH	Susan	1891	F	19	5694	Place-8	-----
SMITH	Sharon	1891	F	19	5699	Place-26	-----
SMITH	Paulo	1891	M	19	5700	Place-11	-----
SMITH	Briony	1891	F	19	5705	Place-7	-----
SMITH	Suzanne	1891	F	19	5709	Place-9	-----
SMITH	Briony	1891	F	19	5715	Place-10	-----
SMITH	Briony	1891	F	19	5717	Place-22	-----
SMITH	Joseph	1891	M	19	5718	Place-6	-----
SMITH	Susan	1891	F	19	5721	Place-22	-----
SMITH	Bob	1891	M	19	5723	Place-4	-----
SMITH	Paulo	1891	M	19	5724	Place-7	-----
SMITH	Suzanne	1891	F	19	5738	Place-25	-----
SMITH	Briony	1891	F	19	5744	Place-7	-----
SMITH	Susan	1891	F	19	5748	Place-15	-----
SMITH	Jacob	1891	M	19	5749	Place-4	-----
SMITH	Sheila	1891	F	19	5751	Place-15	-----
SMITH	Paulo	1891	M	18	5772	Place-6	-----
SMITH	Bob	1891	M	18	5781	Place-12	-----
SMITH	Susan	1891	F	18	5783	Place-14	-----
SMITH	Paulo	1891	M	18	5784	Place-3	-----
SMITH	Shawn	1891	M	18	5786	Place-14	-----
SMITH	Selina	1891	F	18	5787	Place-26	-----
SMITH	Sharon	1891	F	18	5788	Place-12	-----
SMITH	Jacob	1891	M	18	5790	Place-7	-----
SMITH	Sheila	1891	F	18	5791	Place-29	-----
SMITH	Suzanne	1891	F	18	5795	Place-12	-----
SMITH	Joseph	1891	M	18	5800	Place-24	-----
SMITH	Susan	1891	F	18	5815	Place-26	-----
SMITH	Jacob	1891	M	18	5816	Place-15	-----
SMITH	Bob	1891	M	18	5821	Place-2	-----
SMITH	Paulo	1891	M	18	5822	Place-23	-----
SMITH	Paulo	1891	M	18	5826	Place-0	-----
SMITH	Seonaid	1891	F	18	5827	Place-0	-----
SMITH	Jenkins	1891	M	18	5829	Place-17	-----
SMITH	Shawn	1891	M	18	5831	Place-10	-----
SMITH	Joseph	1891	M	18	5843	Place-11	-----
SMITH	Seonaid	1891	F	18	5851	Place-27	-----
SMITH	Selina	1891	F	18	5856	Place-25	-----
SMITH	Joseph	1891	M	17	5876	Place-6	-----
SMITH	Jacob	1891	M	17	5878	Place-0	-----
SMITH	Sarah	1891	F	17	5882	Place-4	-----
SMITH	Joseph	1891	M	17	5890	Place-7	-----
SMITH	Jacob	1891	M	17	5898	Place-13	-----
SMITH	Jim	1891	M	17	5910	Place-21	-----
SMITH	Jenkins	1891	M	17	5911	Place-2	-----
SMITH	Seonaid	1891	F	17	5919	Place-18	-----
SMITH	Sarah	1891	F	17	5923	Place-22	-----
SMITH	Sarah	1891	F	17	5927	Place-11	-----
SMITH	Joseph	1891	M	17	5928	Place-15	-----
SMITH	Jacob	1891	M	17	5932	Place-25	-----
SMITH	Jim	1891	M	17	5933	Place-13	-----
SMITH	Seonaid	1891	F	17	5936	Place-25	-----
SMITH	Bob	1891	M	17	5938	Place-11	-----
SMITH	Suzanne	1891	F	17	5941	Place-13	-----
SMITH	Selina	1891	F	17	5944	Place-17	-----
SMITH	Jim	1891	M	17	5948	Place-22	-----
SMITH	Sarah	1891	F	17	5949	Place-5	-----
SMITH	Suzanne	1891	F	17	5950	Place-2	-----
SMITH	Seonaid	1891	F	17	5951	Place-9	-----
SMITH	Jacob	1891	M	16	5969	Place-12	-----
SMITH	Sharon	1891	F	16	5971	Place-8	-----
SMITH	Paulo	1891	M	16	5972	Place-0	-----
SMITH	Bob	1891	M	16	5973	Place-21	-----
SMITH	Briony	1891	F	16	5974	Place-9	-----
SMITH	Sharon	1891	F	16	5977	Place-29	-----
SMITH	Susan	1891	F	16	5985	Place-14	-----
SMITH	Sharon	1891	F	16	5991	Place-21	-----
SMITH	Suzanne	1891	F	16	5994	Place-3	-----
SMITH	Paulo	1891	M	16	5995	Place-19	-----
SMITH	Sharon	1891	F	16	5999	Place-13	-----
SMITH	Jenkins	1891	M	16	6000	Place-14	-----
SMITH	Jenkins	1891	M	16	6002	Place-16	-----
SMITH	Shawn	1891	M	16	6004	Place-8	-----
SMITH	Sarah	1891	F	16	6011	Place-29	-----
SMITH	Selina	1891	F	16	6016	Place-19	-----
SMITH	Suzanne	1891	F	16	6017	Place-5	-----
SMITH	Shawn	1891	M	16	6020	Place-21	-----
SMITH	Paulo	1891	M	16	6021	Place-18	-----
SMITH	Jim	1891	M	16	6025	Place-0	-----
SMITH	Sharon	1891	F	16	6026	Place-19	-----
SMITH	Jenkins	1891	M	16	6027	Place-9	-----
SMITH	Bob	1891	M	16	6029	Place-23	-----
SMITH	Sheila	1891	F	16	6031	Place-5	-----
SMITH	James	1891	M	16	6033	Place-11	-----
SMITH	Shawn	1891	M	16	6035	Place-1	-----
SMITH	James	1891	M	16	6039	Place-20	-----
SMITH	Briony	1891	F	16	6040	Place-27	-----
SMITH	Sheila	1891	F	16	6043	Place-20	-----
SMITH	Seonaid	1891	F	16	6044	Place-21	-----
SMITH	Sharon	1891	F	16	6048	Place-22	-----
SMITH	Sarah	1891	F	16	6051	Place-25	-----
SMITH	Jacob	1891	M	16	6056	Place-27	-----
SMITH	Jacob	1891	M	16	6057	Place-25	-----
SMITH	Paulo	1891	M	15	6076	Place-13	-----
SMITH	Sheila	1891	F	15	6077	Place-17	-----
SMITH	Joseph	1891	M	15	6080	Place-23	-----
SMITH	Briony	1891	F	15	6083	Place-1	-----
SMITH	Jenkins	1891	M	15	6084	Place-9	-----
SMITH	Sheila	1891	F	15	6086	Place-1	-----
SMITH	Selina	1891	F	15	6087	Place-1	-----
SMITH	Jacob	1891	M	15	6088	Place-6	-----
SMITH	Jacob	1891	M	15	6089	Place-19	-----
SMITH	Sharon	1891	F	15	6092	Place-16	-----
SMITH	Bob	1891	M	15	6101	Place-14	-----
SMITH	Paulo	1891	M	15	6102	Place-24	-----
SMITH	Seonaid	1891	F	15	6105	Place-22	-----
SMITH	Suzanne	1891	F	15	6111	Place-12	-----
SMITH	Selina	1891	F	15	6113	Place-15	-----
SMITH	Paulo	1891	M	15	6119	Place-3	-----
SMITH	Briony	1891	F	15	6127	Place-2	-----
SMITH	Joseph	1891	M	15	6129	Place-12	-----
SMITH	Shawn	1891	M	15	6130	Place-5	-----
SMITH	Suzanne	1891	F	15	6131	Place-18	-----
SMITH	Selina	1891	F	15	6133	Place-13	-----
SMITH	Joseph	1891	M	15	6134	Place-9	-----
SMITH	Sharon	1891	F	15	6139	Place-22	-----
SMITH	Sheila	1891	F	15	6140	Place-6	-----
SMITH	Selina	1891	F	15	6142	Place-22	-----
SMITH	Joseph	1891	M	15	6146	Place-7	-----
SMITH	Sharon	1891	F	15	6149	Place-4	-----
SMITH	Suzanne	1891	F	15	6150	Place-9	-----
SMITH	Seonaid	1891	F	15	6154	Place-26	-----
SMITH	Sarah	1891	F	15	6155	Place-27	-----
SMITH	Jenkins	1891	M	15	6157	Place-1	-----
SMITH	Sharon	1891	F	14	6170	Place-24	-----
SMITH	Paulo	1891	M	14	6171	Place-22	-----
SMITH	Jacob	1891	M	14	6173	Place-18	-----
SMITH	Jim	1891	M	14	6175	Place-21	-----
SMITH	Sheila	1891	F	14	6178	Place-2	-----
SMITH	Paulo	1891	M	14	6179	Place-11	-----
SMITH	Sharon	1891	F	14	6180	Place-29	-----
SMITH	Paulo	1891	M	14	6186	Place-13	-----
SMITH	Bob	1891	M	14	6188	Place-26	-----
SMITH	Susan	1891	F	14	6189	Place-24	-----
SMITH	Jacob	1891	M	14	6191	Place-23	-----
SMITH	Bob	1891	M	14	6192	Place-29	-----
SMITH	Briony	1891	F	14	6193	Place-19	-----
SMITH	Joseph	1891	M	14	6194	Place-10	-----
SMITH	Joseph	1891	M	14	6196	Place-19	-----
SMITH	Selina	1891	F	14	6198	Place-10	-----
SMITH	Sarah	1891	F	14	6199	Place-29	-----
SMITH	Jenkins	1891	M	14	6201	Place-0	-----
SMITH	Sharon	1891	F	14	6202	Place-25	-----
SMITH	Bob	1891	M	14	6203	Place-27	-----
SMITH	Sharon	1891	F	14	6204	Place-19	-----
SMITH	Sharon	1891	F	14	6205	Place-9	-----
SMITH	Susan	1891	F	14	6209	Place-7	-----
SMITH	Jenkins	1891	M	14	6210	Place-16	-----
SMITH	Joseph	1891	M	14	6211	Place-0	-----
SMITH	Bob	1891	M	14	6212	Place-14	-----
SMITH	Briony	1891	F	14	6213	Place-6	-----
SMITH	Shawn	1891	M	14	6214	Place-18	-----
SMITH	Selina	1891	F	14	6215	Place-24	-----
SMITH	Sharon	1891	F	14	6216	Place-7	-----
SMITH	Jenkins	1891	M	14	6218	Place-10	-----
SMITH	Shawn	1891	M	14	6220	Place-13	-----
SMITH	Shawn	1891	M	14	6221	Place-19	-----
SMITH	Susan	1891	F	14	6223	Place-4	-----
SMITH	Joseph	1891	M	14	6224	Place-23	-----
SMITH	Joseph	1891	M	14	6225	Place-23	-----
SMITH	James	1891	M	14	6227	Place-13	-----
SMITH	Sheila	1891	F	14	6228	Place-24	-----
SMITH	Jacob	1891	M	14	6230	Place-7	-----
SMITH	Sharon	1891	F	14	6235	Place-1	-----
SMITH	Suzanne	1891	F	14	6241	Place-0	-----
SMITH	Susan	1891	F	14	6245	Place-25	-----
SMITH	Sarah	1891	F	14	6246	Place-29	-----
SMITH	Suzanne	1891	F	14	6249	Place-6	-----
SMITH	Sheila	1891	F	14	6252	Place-9	-----
SMITH	Sharon	1891	F	14	6253	Place-14	-----
SMITH	Seonaid	1891	F	14	6254	Place-23	-----
SMITH	Jacob	1891	M	14	6255	Place-29	-----
SMITH	Paulo	1891	M	14	6257	Place-26	-----
SMITH	Joseph	1891	M	14	6258	Place-25	-----
SMITH	Sarah	1891	F	14	6259	Place-25	-----
SMITH	Seonaid	1891	F	14	6261	Place-24	-----
SMITH	Suzanne	1891	F	14	6262	Place-18	-----
SMITH	Jenkins	1891	M	13	6278	Place-28	-----
SMITH	Selina	1891	F	13	6282	Place-6	-----
SMITH	Jacob	1891	M	13	6283	Place-18	-----
SMITH	Shawn	1891	M	13	6286	Place-17	-----
SMITH	Seonaid	1891	F	13	6290	Place-8	-----
SMITH	Seonaid	1891	F	13	6291	Place-16	-----
SMITH	Sheila	1891	F	13	6295	Place-29	-----
SMITH	Bob	1891	M	13	6297	Place-13	-----
SMITH	Selina	1891	F	13	6298	Place-7	-----
SMITH	Bob	1891	M	13	6302	Place-18	-----
SMITH	Shawn	1891	M	13	6303	Place-25	-----
SMITH	Sheila	1891	F	13	6304	Place-23	-----
SMITH	Susan	1891	F	13	6305	Place-10	-----
SMITH	Seonaid	1891	F	13	6306	Place-1	-----
SMITH	Jenkins	1891	M	13	6311	Place-28	-----
SMITH	Shawn	1891	M	13	6313	Place-10	-----
SMITH	Sarah	1891	F	13	6316	Place-27	-----
SMITH	Selina	1891	F	13	6317	Place-13	-----
SMITH	Sheila	1891	F	13	6318	Place-19	-----
SMITH	Paulo	1891	M	13	6321	Place-9	-----
SMITH	Jim	1891	M	13	6322	Place-0	-----
SMITH	Sarah	1891	F	13	6323	Place-19	-----
SMITH	Joseph	1891	M	13	6325	Place-27	-----
SMITH	Paulo	1891	M	13	6327	Place-13	-----
SMITH	Jacob	1891	M	13	6328	Place-24	-----
SMITH	Paulo	1891	M	13	6329	Place-7	-----
SMITH	Seonaid	1891	F	13	6331	Place-24	-----
SMITH	Joseph	1891	M	13	6332	Place-21	-----
SMITH	Sharon	1891	F	13	6334	Place-16	-----
SMITH	Bob	1891	M	13	6336	Place-14	-----
SMITH	Jenkins	1891	M	13	6340	Place-6	-----
SMITH	Jenkins	1891	M	13	6342	Place-28	-----
SMITH	Seonaid	1891	F	13	6343	Place-8	-----
SMITH	Jacob	1891	M	13	6344	Place-3	-----
SMITH	Sarah	1891	F	13	6347	Place-4	-----
SMITH	Sheila	1891	F	13	6348	Place-19	-----
SMITH	Sharon	1891	F	13	6350	Place-17	-----
SMITH	Jim	1891	M	13	6352	Place-9	-----
SMITH	Briony	1891	F	13	6355	Place-24	-----
SMITH	Briony	1891	F	13	6357	Place-10	-----
SMITH	Paulo	1891	M	13	6359	Place-1	-----
SMITH	Selina	1891	F	13	6362	Place-19	-----
SMITH	Jacob	1891	M	13	6363	Place-10	-----
SMITH	Selina	1891	F	13	6364	Place-26	-----
SMITH	Sarah	1891	F	13	6368	Place-25	-----
SMITH	Seonaid	1891	F	13	6370	Place-22	-----
SMITH	Susan	1891	F	13	6371	Place-6	-----
SMITH	Briony	1891	F	13	6373	Place-28	-----
SMITH	Suzanne	1891	F	13	6378	Place-24	-----
SMITH	Sarah	1891	F	13	6379	Place-16	-----
SMITH	Sarah	1891	F	13	6381	Place-0	-----
SMITH	Jim	1891	M	13	6385	Place-9	-----
SMITH	Jacob	1891	M	13	6386	Place-29	-----
SMITH	Sharon	1891	F	12	6398	Place-5	-----
SMITH	Briony	1891	F	12	6399	Place-3	-----
SMITH	James	1891	M	12	6411	Place-23	-----
SMITH	Paulo	1891	M	12	6413	Place-17	-----
SMITH	Jacob	1891	M	12	6414	Place-8	-----
SMITH	Jacob	1891	M	12	6416	Place-16	-----
SMITH	Joseph	1891	M	12	6417	Place-22	-----
SMITH	Jacob	1891	M	12	6418	Place-26	-----
SMITH	Jim	1891	M	12	6419	Place-2	-----
SMITH	Seonaid	1891	F	12	6421	Place-1	-----
SMITH	Jim	1891	M	12	6422	Place-12	-----
SMITH	Bob	1891	M	12	6427	Place-8	-----
SMITH	Susan	1891	F	12	6431	Place-27	-----
SMITH	Seonaid	1891	F	12	6436	Place-12	-----
SMITH	Joseph	1891	M	12	6437	Place-9	-----
SMITH	Suzanne	1891	F	12	6443	Place-0	-----
SMITH	Joseph	1891	M	12	6444	Place-14	-----
SMITH	Paulo	1891	M	12	6445	Place-13	-----
SMITH	Paulo	1891	M	12	6446	Place-15	-----
SMITH	Joseph	1891	M	12	6449	Place-13	-----
SMITH	Shawn	1891	M	12	6450	Place-21	-----
SMITH	Sarah	1891	F	12	6453	Place-19	-----
SMITH	Sheila	1891	F	12	6454	Place-17	-----
SMITH	Joseph	1891	M	12	6455	Place-10	-----
SMITH	Selina	1891	F	12	6463	Place-24	-----
SMITH	Susan	1891	F	12	6464	Place-5	-----
SMITH	Briony	1891	F	12	6465	Place-20	-----
SMITH	Jenkins	1891	M	12	6466	Place-26	-----
SMITH	Briony	1891	F	12	6475	Place-26	-----
SMITH	Bob	1891	M	12	6480	Place-21	-----
SMITH	Sheila	1891	F	12	6485	Place-22	-----
SMITH	Selina	1891	F	12	6487	Place-29	-----
SMITH	Seonaid	1891	F	12	6488	Place-25	-----
SMITH	Briony	1891	F	12	6489	Place-4	-----
SMITH	Sharon	1891	F	12	6490	Place-21	-----
SMITH	Bob	1891	M	12	6491	Place-23	-----
SMITH	James	1891	M	12	6492	Place-20	-----
SMITH	Seonaid	1891	F	12	6495	Place-13	-----
SMITH	James	1891	M	12	6497	Place-9	-----
SMITH	Bob	1891	M	11	6508	Place-22	-----
SMITH	Sheila	1891	F	11	6509	Place-22	-----
SMITH	Bob	1891	M	11	6515	Place-26	-----
SMITH	Susan	1891	F	11	6516	Place-23	-----
SMITH	Shawn	1891	M	11	6518	Place-22	-----
SMITH	Joseph	1891	M	11	6519	Place-2	-----
SMITH	Bob	1891	M	11	6520	Place-11	-----
SMITH	James	1891	M	11	6522	Place-17	-----
SMITH	Sharon	1891	F	11	6523	Place-12	-----
SMITH	Sharon	1891	F	11	6524	Place-19	-----
SMITH	Selina	1891	F	11	6525	Place-27	-----
SMITH	Sharon	1891	F	11	6526	Place-21	-----
SMITH	Selina	1891	F	11	6534	Place-25	-----
SMITH	Sharon	1891	F	11	6539	Place-29	-----
SMITH	Joseph	1891	M	11	6540	Place-8	-----
SMITH	Selina	1891	F	11	6542	Place-17	-----
SMITH	Shawn	1891	M	11	6544	Place-23	-----
SMITH	Bob	1891	M	11	6545	Place-1	-----
SMITH	Selina	1891	F	11	6550	Place-29	-----
SMITH	Jim	1891	M	11	6551	Place-4	-----
SMITH	Bob	1891	M	11	6553	Place-29	-----
SMITH	Jenkins	1891	M	11	6554	Place-17	-----
SMITH	Jenkins	1891	M	11	6555	Place-6	-----
SMITH	Jacob	1891	M	11	6557	Place-29	-----
SMITH	Sheila	1891	F	11	6559	Place-21	-----
SMITH	James	1891	M	11	6560	Place-14	-----
SMITH	Suzanne	1891	F	11	6562	Place-9	-----
SMITH	Jenkins	1891	M	11	6563	Place-26	-----
SMITH	Seonaid	1891	F	11	6566	Place-8	-----
SMITH	Sheila	1891	F	11	6567	Place-23	-----
SMITH	Briony	1891	F	11	6569	Place-13	-----
SMITH	Susan	1891	F	11	6570	Place-23	-----
SMITH	Sharon	1891	F	11	6581	Place-23	-----
SMITH	Susan	1891	F	11	6582	Place-7	-----
SMITH	Briony	1891	F	11	6583	Place-25	-----
SMITH	Bob	1891	M	11	6584	Place-27	-----
SMITH	Susan	1891	F	11	6585	Place-2	-----
SMITH	Joseph	1891	M	11	6592	Place-13	-----
SMITH	Jenkins	1891	M	11	6593	Place-25	-----
SMITH	Jenkins	1891	M	11	6594	Place-28	-----
SMITH	Paulo	1891	M	10	6609	Place-25	-----
SMITH	Suzanne	1891	F	10	6610	Place-7	-----
SMITH	Selina	1891	F	10	6612	Place-6	-----
SMITH	Jenkins	1891	M	10	6614	Place-11	-----
SMITH	Suzanne	1891	F	10	6618	Place-14	-----
SMITH	Jenkins	1891	M	10	6619	Place-29	-----
SMITH	James	1891	M	10	6621	Place-22	-----
SMITH	Bob	1891	M	10	6624	Place-0	-----
SMITH	Seonaid	1891	F	10	6625	Place-22	-----
SMITH	Shawn	1891	M	10	6628	Place-6	-----
SMITH	Sarah	1891	F	10	6629	Place-15	-----
SMITH	Jenkins	1891	M	10	6630	Place-3	-----
SMITH	Seonaid	1891	F	10	6632	Place-2	-----
SMITH	Paulo	1891	M	10	6634	Place-26	-----
SMITH	Shawn	1891	M	10	6636	Place-29	-----
SMITH	Selina	1891	F	10	6638	Place-17	-----
SMITH	James	1891	M	10	6640	Place-1	-----
SMITH	Susan	1891	F	10	6641	Place-7	-----
SMITH	Sarah	1891	F	10	6644	Place-20	-----
SMITH	Susan	1891	F	10	6645	Place-2	-----
SMITH	James	1891	M	10	6647	Place-22	-----
SMITH	Jenkins	1891	M	10	6649	Place-24	-----
SMITH	Paulo	1891	M	10	6650	Place-17	-----
SMITH	Sharon	1891	F	10	6651	Place-19	-----
SMITH	Susan	1891	F	10	6654	Place-26	-----
SMITH	Selina	1891	F	10	6656	Place-17	-----
SMITH	Paulo	1891	M	10	6658	Place-4	-----
SMITH	Sheila	1891	F	10	6659	Place-14	-----
SMITH	Jenkins	1891	M	10	6660	Place-16	-----
SMITH	Sarah	1891	F	10	6663	Place-6	-----
SMITH	Sharon	1891	F	10	6664	Place-10	-----
SMITH	Susan	1891	F	10	6670	Place-11	-----
SMITH	Shawn	1891	M	10	6677	Place-28	-----
SMITH	Sarah	1891	F	10	6678	Place-5	-----
SMITH	Sarah	1891	F	10	6680	Place-8	-----
SMITH	Sarah	1891	F	10	6681	Place-23	-----
SMITH	Jacob	1891	M	10	6684	Place-26	-----
SMITH	Shawn	1891	M	10	6685	Place-19	-----
SMITH	Joseph	1891	M	10	6690	Place-27	-----
SMITH	Bob	1891	M	10	6692	Place-19	-----
SMITH	Jenkins	1891	M	10	6694	Place-1	-----
SMITH	James	1891	M	10	6695	Place-7	-----
SMITH	Seonaid	1891	F	10	6698	Place-25	-----
SMITH	Sheila	1891	F	10	6704	Place-26	-----
SMITH	Joseph	1891	M	10	6708	Place-23	-----
SMITH	Suzanne	1891	F	10	6713	Place-10	-----
SMITH	Briony	1891	F	10	6714	Place-15	-----
SMITH	Bob	1891	M	10	6715	Place-20	-----
SMITH	Paulo	1891	M	10	6717	Place-3	-----
SMITH	Briony	1891	F	10	6719	Place-18	-----
SMITH	Jenkins	1891	M	9	6736	Place-5	-----
SMITH	Paulo	1891	M	9	6737	Place-23	-----
SMITH	Suzanne	1891	F	9	6738	Place-17	-----
SMITH	Shawn	1891	M	9	6744	Place-26	-----
SMITH	Paulo	1891	M	9	6745	Place-7	-----
SMITH	Jacob	1891	M	9	6747	Place-26	-----
SMITH	Seonaid	1891	F	9	6748	Place-14	-----
SMITH	Bob	1891	M	9	6750	Place-9	-----
SMITH	Joseph	1891	M	9	6752	Place-13	-----
SMITH	James	1891	M	9	6753	Place-26	-----
SMITH	Shawn	1891	M	9	6755	Place-12	-----
SMITH	Briony	1891	F	9	6760	Place-17	-----
SMITH	James	1891	M	9	6763	Place-23	-----
SMITH	Suzanne	1891	F	9	6764	Place-1	-----
SMITH	Jim	1891	M	9	6766	Place-17	-----
SMITH	Jim	1891	M	9	6767	Place-20	-----
SMITH	Seonaid	1891	F	9	6768	Place-2	-----
SMITH	Susan	1891	F	9	6770	Place-12	-----
SMITH	Sharon	1891	F	9	6772	Place-17	-----
SMITH	Paulo	1891	M	9	6773	Place-7	-----
SMITH	Suzanne	1891	F	9	6775	Place-27	-----
SMITH	Suzanne	1891	F	9	6778	Place-7	-----
SMITH	Sharon	1891	F	9	6779	Place-29	-----
SMITH	Bob	1891	M	9	6780	Place-28	-----
SMITH	James	1891	M	9	6781	Place-16	-----
SMITH	Seonaid	1891	F	9	6782	Place-5	-----
SMITH	Jim	1891	M	9	6783	Place-4	-----
SMITH	Briony	1891	F	9	6784	Place-16	-----
SMITH	Suzanne	1891	F	9	6789	Place-3	-----
SMITH	Sharon	1891	F	9	6793	Place-23	-----
SMITH	Seonaid	1891	F	9	6794	Place-27	-----
SMITH	Jacob	1891	M	9	6798	Place-5	-----
SMITH	Sheila	1891	F	9	6804	Place-22	-----
SMITH	Suzanne	1891	F	9	6805	Place-21	-----
SMITH	Sarah	1891	F	9	6806	Place-20	-----
SMITH	Briony	1891	F	9	6807	Place-21	-----
SMITH	Selina	1891	F	9	6809	Place-21	-----
SMITH	Selina	1891	F	9	6810	Place-9	-----
SMITH	Paulo	1891	M	9	6812	Place-4	-----
SMITH	Joseph	1891	M	9	6817	Place-7	-----
SMITH	Briony	1891	F	9	6819	Place-15	-----
SMITH	Joseph	1891	M	9	6820	Place-6	-----
SMITH	Sharon	1891	F	8	6835	Place-14	-----
SMITH	Paulo	1891	M	8	6837	Place-14	-----
SMITH	Jenkins	1891	M	8	6838	Place-29	-----
SMITH	Sheila	1891	F	8	6840	Place-4	-----
SMITH	Jim	1891	M	8	6841	Place-22	-----
SMITH	Jim	1891	M	8	6843	Place-9	-----
SMITH	Seonaid	1891	F	8	6846	Place-1	-----
SMITH	Jim	1891	M	8	6848	Place-22	-----
SMITH	Jenkins	1891	M	8	6849	Place-23	-----
SMITH	Shawn	1891	M	8	6853	Place-18	-----
SMITH	Paulo	1891	M	8	6854	Place-26	-----
SMITH	Briony	1891	F	8	6855	Place-14	-----
SMITH	Jenkins	1891	M	8	6856	Place-26	-----
SMITH	Susan	1891	F	8	6857	Place-5	-----
SMITH	Briony	1891	F	8	6860	Place-0	-----
SMITH	Bob	1891	M	8	6862	Place-10	-----
SMITH	James	1891	M	8	6864	Place-0	-----
SMITH	Jacob	1891	M	8	6865	Place-16	-----
SMITH	Jacob	1891	M	8	6866	Place-20	-----
SMITH	Joseph	1891	M	8	6869	Place-26	-----
SMITH	Seonaid	1891	F	8	6870	Place-11	-----
SMITH	Sarah	1891	F	8	6872	Place-19	-----
SMITH	Susan	1891	F	8	6874	Place-7	-----
SMITH	James	1891	M	8	6876	Place-27	-----
SMITH	Sarah	1891	F	8	6878	Place-14	-----
SMITH	Jim	1891	M	8	6879	Place-18	-----
SMITH	Briony	1891	F	8	6881	Place-11	-----
SMITH	Jacob	1891	M	8	6883	Place-4	-----
SMITH	Jim	1891	M	8	6884	Place-1	-----
SMITH	Joseph	1891	M	8	6886	Place-21	-----
SMITH	Paulo	1891	M	8	6887	Place-4	-----
SMITH	Bob	1891	M	8	6888	Place-13	-----
SMITH	Bob	1891	M	8	6889	Place-16	-----
SMITH	James	1891	M	8	6894	Place-13	-----
SMITH	Bob	1891	M	8	6896	Place-27	-----
SMITH	Sarah	1891	F	8	6897	Place-3	-----
SMITH	Sharon	1891	F	8	6899	Place-5	-----
SMITH	Sheila	1891	F	8	6910	Place-7	-----
SMITH	James	1891	M	8	6913	Place-21	-----
SMITH	Bob	1891	M	8	6915	Place-24	-----
SMITH	Shawn	1891	M	8	6916	Place-23	-----
SMITH	Susan	1891	F	8	6919	Place-5	-----
SMITH	Jacob	1891	M	8	6921	Place-28	-----
SMITH	Susan	1891	F	8	6924	Place-3	-----
SMITH	Seonaid	1891	F	8	6926	Place-9	-----
SMITH	Sharon	1891	F	8	6929	Place-28	-----
SMITH	Joseph	1891	M	7	6950	Place-22	-----
SMITH	Sheila	1891	F	7	6951	Place-27	-----
SMITH	Shawn	1891	M	7	6952	Place-24	-----
SMITH	Joseph	1891	M	7	6953	Place-7	-----
SMITH	Jacob	1891	M	7	6954	Place-1	-----
SMITH	James	1891	M	7	6955	Place-9	-----
SMITH	Shawn	1891	M	7	6956	Place-29	-----
SMITH	Shawn	1891	M	7	6958	Place-6	-----
SMITH	Suzanne	1891	F	7	6959	Place-24	-----
SMITH	Jim	1891	M	7	6960	Place-16	-----
SMITH	Susan	1891	F	7	6961	Place-18	-----
SMITH	Jenkins	1891	M	7	6962	Place-4	-----
SMITH	Bob	1891	M	7	6963	Place-7	-----
SMITH	Joseph	1891	M	7	6964	Place-12	-----
SMITH	James	1891	M	7	6966	Place-7	-----
SMITH	Shawn	1891	M	7	6967	Place-9	-----
SMITH	Joseph	1891	M	7	6968	Place-4	-----
SMITH	Paulo	1891	M	7	6971	Place-6	-----
SMITH	Sarah	1891	F	7	6972	Place-29	-----
SMITH	Briony	1891	F	7	6976	Place-21	-----
SMITH	Paulo	1891	M	7	6978	Place-6	-----
SMITH	Joseph	1891	M	7	6979	Place-8	-----
SMITH	Jacob	1891	M	7	6981	Place-28	-----
SMITH	Paulo	1891	M	7	6982	Place-26	-----
SMITH	Susan	1891	F	7	6985	Place-6	-----
SMITH	James	1891	M	7	6987	Place-28	-----
SMITH	Susan	1891	F	7	6988	Place-1	-----
SMITH	Paulo	1891	M	7	6990	Place-14	-----
SMITH	Sarah	1891	F	7	6991	Place-15	-----
SMITH	Jacob	1891	M	7	6995	Place-27	-----
SMITH	Paulo	1891	M	7	7000	Place-17	-----
SMITH	Shawn	1891	M	7	7001	Place-17	-----
SMITH	Seonaid	1891	F	7	7003	Place-19	-----
SMITH	Joseph	1891	M	7	7004	Place-7	-----
SMITH	Seonaid	1891	F	7	7005	Place-17	-----
SMITH	Sheila	1891	F	7	7009	Place-17	-----
SMITH	Bob	1891	M	7	7010	Place-7	-----
SMITH	Jim	1891	M	7	7012	Place-5	-----
SMITH	Shawn	1891	M	7	7014	Place-23	-----
SMITH	Paulo	1891	M	7	7017	Place-0	-----
SMITH	James	1891	M	7	7020	Place-5	-----
SMITH	Selina	1891	F	7	7023	Place-11	-----
SMITH	Paulo	1891	M	7	7024	Place-0	-----
SMITH	Sarah	1891	F	7	7025	Place-21	-----
SMITH	Selina	1891	F	7	7027	Place-0	-----
SMITH	Jenkins	1891	M	7	7033	Place-7	-----
SMITH	Joseph	1891	M	7	7035	Place-13	-----
SMITH	James	1891	M	7	7036	Place-24	-----
SMITH	Joseph	1891	M	7	7039	Place-22	-----
SMITH	Suzanne	1891	F	7	7041	Place-6	-----
SMITH	Bob	1891	M	7	7043	Place-18	-----
SMITH	Shawn	1891	M	7	7044	Place-3	-----
SMITH	Bob	1891	M	7	7045	Place-11	-----
SMITH	Shawn	1891	M	7	7046	Place-23	-----
SMITH	James	1891	M	7	7047	Place-3	-----
SMITH	Suzanne	1891	F	7	7048	Place-27	-----
SMITH	Sharon	1891	F	7	7051	Place-24	-----
SMITH	Seonaid	1891	F	7	7053	Place-10	-----
SMITH	Paulo	1891	M	7	7054	Place-28	-----
SMITH	Sharon	1891	F	7	7055	Place-13	-----
SMITH	Susan	1891	F	6	7071	Place-13	-----
SMITH	Sharon	1891	F	6	7072	Place-10	-----
SMITH	Briony	1891	F	6	7074	Place-5	-----
SMITH	Sharon	1891	F	6	7076	Place-28	-----
SMITH	Seonaid	1891	F	6	7077	Place-29	-----
SMITH	Suzanne	1891	F	6	7078	Place-15	-----
SMITH	Susan	1891	F	6	7081	Place-17	-----
SMITH	James	1891	M	6	7082	Place-5	-----
SMITH	Briony	1891	F	6	7083	Place-17	-----
SMITH	Sarah	1891	F	6	7084	Place-22	-----
SMITH	Sharon	1891	F	6	7085	Place-22	-----
SMITH	Sharon	1891	F	6	7087	Place-24	-----
SMITH	Seonaid	1891	F	6	7089	Place-12	-----
SMITH	Sharon	1891	F	6	7091	Place-20	-----
SMITH	Sharon	1891	F	6	7093	Place-27	-----
SMITH	Joseph	1891	M	6	7094	Place-24	-----
SMITH	Jenkins	1891	M	6	7096	Place-16	-----
SMITH	Bob	1891	M	6	7098	Place-29	-----
SMITH	Sheila	1891	F	6	7100	Place-28	-----
SMITH	Seonaid	1891	F	6	7101	Place-16	-----
SMITH	James	1891	M	6	7102	Place-26	-----
SMITH	Seonaid	1891	F	6	7103	Place-27	-----
SMITH	Sheila	1891	F	6	7105	Place-2	-----
SMITH	Seonaid	1891	F	6	7106	Place-22	-----
SMITH	James	1891	M	6	7107	Place-0	-----
SMITH	Selina	1891	F	6	7108	Place-29	-----
SMITH	Susan	1891	F	6	7110	Place-9	-----
SMITH	Briony	1891	F	6	7111	Place-21	-----
SMITH	James	1891	M	6	7116	Place-17	-----
SMITH	Jacob	1891	M	6	7119	Place-6	-----
SMITH	Shawn	1891	M	6	7120	Place-21	-----
SMITH	Jenkins	1891	M	6	7121	Place-18	-----
SMITH	James	1891	M	6	7122	Place-25	-----
SMITH	Susan	1891	F	6	7124	Place-24	-----
SMITH	Joseph	1891	M	6	7125	Place-14	-----
SMITH	Jim	1891	M	6	7126	Place-11	-----
SMITH	Sheila	1891	F	6	7128	Place-24	-----
SMITH	Paulo	1891	M	6	7129	Place-0	-----
SMITH	Selina	1891	F	6	7130	Place-1	-----
SMITH	James	1891	M	6	7131	Place-18	-----
SMITH	Joseph	1891	M	6	7133	Place-23	-----
SMITH	Shawn	1891	M	6	7135	Place-16	-----
SMITH	Selina	1891	F	6	7138	Place-25	-----
SMITH	Sheila	1891	F	6	7139	Place-8	-----
SMITH	Sheila	1891	F	6	7141	Place-27	-----
SMITH	Briony	1891	F	6	7143	Place-7	-----
SMITH	Jenkins	1891	M	6	7144	Place-7	-----
SMITH	Sheila	1891	F	6	7145	Place-8	-----
SMITH	Sheila	1891	F	6	7146	Place-24	-----
SMITH	Shawn	1891	M	6	7147	Place-18	-----
SMITH	Bob	1891	M	6	7148	Place-0	-----
SMITH	James	1891	M	6	7149	Place-15	-----
SMITH	Seonaid	1891	F	6	7151	Place-14	-----
SMITH	Suzanne	1891	F	6	7155	Place-23	-----
SMITH	Jim	1891	M	6	7158	Place-22	-----
SMITH	James	1891	M	6	7159	Place-20	-----
SMITH	James	1891	M	6	7162	Place-14	-----
SMITH	Shawn	1891	M	6	7163	Place-20	-----
SMITH	Suzanne	1891	F	6	7164	Place-9	-----
SMITH	Sarah	1891	F	6	7165	Place-5	-----
SMITH	Jenkins	1891	M	6	7166	Place-22	-----
SMITH	Sarah	1891	F	6	7168	Place-28	-----
SMITH	Sarah	1891	F	6	7173	Place-20	-----
SMITH	Jacob	1891	M	6	7176	Place-17	-----
SMITH	Bob	1891	M	5	7200	Place-24	-----
SMITH	Jim	1891	M	5	7202	Place-25	-----
SMITH	Seonaid	1891	F	5	7203	Place-15	-----
SMITH	Jim	1891	M	5	7208	Place-17	-----
SMITH	Seonaid	1891	F	5	7209	Place-26	-----
SMITH	Suzanne	1891	F	5	7212	Place-25	-----
SMITH	Paulo	1891	M	5	7213	Place-21	-----
SMITH	Selina	1891	F	5	7216	Place-17	-----
SMITH	Sarah	1891	F	5	7217	Place-14	-----
SMITH	Paulo	1891	M	5	7218	Place-17	-----
SMITH	Jim	1891	M	5	7219	Place-6	-----
SMITH	Sheila	1891	F	5	7220	Place-2	-----
SMITH	Briony	1891	F	5	7221	Place-21	-----
SMITH	Suzanne	1891	F	5	7222	Place-12	-----
SMITH	Sheila	1891	F	5	7226	Place-27	-----
SMITH	James	1891	M	5	7229	Place-27	-----
SMITH	Briony	1891	F	5	7230	Place-19	-----
SMITH	Suzanne	1891	F	5	7234	Place-18	-----
SMITH	Bob	1891	M	5	7236	Place-23	-----
SMITH	Jacob	1891	M	5	7237	Place-6	-----
SMITH	Seonaid	1891	F	5	7239	Place-7	-----
SMITH	Sharon	1891	F	5	7240	Place-6	-----
SMITH	Jenkins	1891	M	5	7241	Place-2	-----
SMITH	Suzanne	1891	F	5	7244	Place-9	-----
SMITH	Briony	1891	F	5	7248	Place-21	-----
SMITH	Suzanne	1891	F	5	7249	Place-29	-----
SMITH	Briony	1891	F	5	7251	Place-17	-----
SMITH	Sharon	1891	F	5	7254	Place-18	-----
SMITH	Jim	1891	M	5	7256	Place-17	-----
SMITH	Seonaid	1891	F	5	7258	Place-1	-----
SMITH	Selina	1891	F	5	7259	Place-22	-----
SMITH	Seonaid	1891	F	5	7260	Place-6	-----
SMITH	Seonaid	1891	F	5	7261	Place-27	-----
SMITH	Joseph	1891	M	5	7262	Place-0	-----
SMITH	Joseph	1891	M	5	7263	Place-26	-----
SMITH	Jenkins	1891	M	5	7265	Place-17	-----
SMITH	Jacob	1891	M	5	7267	Place-23	-----
SMITH	Joseph	1891	M	5	7269	Place-17	-----
SMITH	Sharon	1891	F	5	7270	Place-16	-----
SMITH	Paulo	1891	M	5	7272	Place-20	-----
SMITH	Sharon	1891	F	5	7273	Place-0	-----
SMITH	Selina	1891	F	5	7274	Place-26	-----
SMITH	Jenkins	1891	M	5	7275	Place-26	-----
SMITH	Suzanne	1891	F	5	7276	Place-9	-----
SMITH	Jenkins	1891	M	5	7279	Place-21	-----
SMITH	Briony	1891	F	5	7280	Place-15	-----
SMITH	Joseph	1891	M	5	7281	Place-6	-----
SMITH	Selina	1891	F	5	7285	Place-23	-----
SMITH	Sheila	1891	F	5	7286	Place-12	-----
SMITH	Jacob	1891	M	5	7291	Place-9	-----
SMITH	James	1891	M	5	7294	Place-26	-----
SMITH	Sharon	1891	F	5	7295	Place-10	-----
SMITH	Jenkins	1891	M	5	7296	Place-21	-----
SMITH	Sharon	1891	F	5	7297	Place-24	-----
SMITH	Shawn	1891	M	5	7299	Place-13	-----
SMITH	Jim	1891	M	5	7300	Place-25	-----
SMITH	Suzanne	1891	F	5	7301	Place-27	-----
SMITH	Sheila	1891	F	5	7303	Place-14	-----
SMITH	Seonaid	1891	F	5	7304	Place-18	-----
SMITH	Sarah	1891	F	5	7306	Place-29	-----
SMITH	Sarah	1891	F	5	7310	Place-25	-----
SMITH	Briony	1891	F	5	7311	Place-6	-----
SMITH	Selina	1891	F	5	7312	Place-12	-----
SMITH	Sheila	1891	F	5	7314	Place-7	-----
SMITH	Joseph	1891	M	5	7315	Place-28	-----
SMITH	Paulo	1891	M	4	7333	Place-15	-----
SMITH	Selina	1891	F	4	7335	Place-26	-----
SMITH	Bob	1891	M	4	7336	Place-23	-----
SMITH	Jenkins	1891	M	4	7339	Place-25	-----
SMITH	Joseph	1891	M	4	7340	Place-17	-----
SMITH	Seonaid	1891	F	4	7342	Place-21	-----
SMITH	Susan	1891	F	4	7344	Place-16	-----
SMITH	Bob	1891	M	4	7346	Place-15	-----
SMITH	Joseph	1891	M	4	7347	Place-22	-----
SMITH	Sheila	1891	F	4	7349	Place-18	-----
SMITH	Shawn	1891	M	4	7352	Place-15	-----
SMITH	Paulo	1891	M	4	7353	Place-1	-----
SMITH	Jacob	1891	M	4	7355	Place-13	-----
SMITH	Sheila	1891	F	4	7358	Place-2	-----
SMITH	James	1891	M	4	7362	Place-15	-----
SMITH	Jacob	1891	M	4	7363	Place-14	-----
SMITH	Seonaid	1891	F	4	7365	Place-12	-----
SMITH	Jim	1891	M	4	7368	Place-10	-----
SMITH	Briony	1891	F	4	7370	Place-23	-----
SMITH	James	1891	M	4	7372	Place-2	-----
SMITH	Joseph	1891	M	4	7374	Place-23	-----
SMITH	Bob	1891	M	4	7375	Place-20	-----
SMITH	Jacob	1891	M	4	7377	Place-3	-----
SMITH	Shawn	1891	M	4	7378	Place-20	-----
SMITH	Shawn	1891	M	4	7379	Place-18	-----
SMITH	Jacob	1891	M	4	7381	Place-27	-----
SMITH	Sarah	1891	F	4	7382	Place-7	-----
SMITH	Jim	1891	M	4	7383	Place-5	-----
SMITH	James	1891	M	4	7385	Place-20	-----
SMITH	James	1891	M	4	7386	Place-0	-----
SMITH	Briony	1891	F	4	7389	Place-27	-----
SMITH	Bob	1891	M	4	7390	Place-4	-----
SMITH	Sharon	1891	F	4	7391	Place-26	-----
SMITH	Sharon	1891	F	4	7393	Place-8	-----
SMITH	Jenkins	1891	M	4	7395	Place-3	-----
SMITH	Briony	1891	F	4	7396	Place-22	-----
SMITH	Sharon	1891	F	4	7397	Place-8	-----
SMITH	Paulo	1891	M	4	7399	Place-10	-----
SMITH	James	1891	M	4	7400	Place-0	-----
SMITH	Jenkins	1891	M	4	7402	Place-22	-----
SMITH	Sheila	1891	F	4	7403	Place-26	-----
SMITH	Bob	1891	M	4	7408	Place-1	-----
SMITH	Briony	1891	F	4	7411	Place-19	-----
SMITH	Selina	1891	F	4	7412	Place-24	-----
SMITH	Paulo	1891	M	4	7414	Place-3	-----
SMITH	Suzanne	1891	F	4	7416	Place-6	-----
SMITH	Joseph	1891	M	4	7418	Place-24	-----
SMITH	Selina	1891	F	4	7419	Place-27	-----
SMITH	Paulo	1891	M	4	7421	Place-25	-----
SMITH	Jenkins	1891	M	4	7422	Place-22	-----
SMITH	Selina	1891	F	4	7423	Place-11	-----
SMITH	Joseph	1891	M	4	7424	Place-10	-----
SMITH	Shawn	1891	M	4	7425	Place-9	-----
SMITH	Sheila	1891	F	4	7427	Place-6	-----
SMITH	Paulo	1891	M	4	7428	Place-9	-----
SMITH	Selina	1891	F	4	7429	Place-22	-----
SMITH	James	1891	M	4	7431	Place-21	-----
SMITH	Jacob	1891	M	3	7449	Place-2	-----
SMITH	Paulo	1891	M	3	7451	Place-0	-----
SMITH	Paulo	1891	M	3	7455	Place-24	-----
SMITH	Paulo	1891	M	3	7456	Place-24	-----
SMITH	Sheila	1891	F	3	7457	Place-11	-----
SMITH	Sarah	1891	F	3	7458	Place-28	-----
SMITH	Selina	1891	F	3	7461	Place-15	-----
SMITH	Shawn	1891	M	3	7465	Place-7	-----
SMITH	Sheila	1891	F	3	7466	Place-18	-----
SMITH	Sarah	1891	F	3	7467	Place-0	-----
SMITH	Paulo	1891	M	3	7470	Place-8	-----
SMITH	Jim	1891	M	3	7471	Place-4	-----
SMITH	Jenkins	1891	M	3	7472	Place-4	-----
SMITH	Briony	1891	F	3	7474	Place-23	-----
SMITH	Seonaid	1891	F	3	7475	Place-26	-----
SMITH	Selina	1891	F	3	7476	Place-2	-----
SMITH	Susan	1891	F	3	7477	Place-6	-----
SMITH	Sarah	1891	F	3	7478	Place-25	-----
SMITH	Sharon	1891	F	3	7479	Place-20	-----
SMITH	Sharon	1891	F	3	7481	Place-19	-----
SMITH	Shawn	1891	M	3	7482	Place-7	-----
SMITH	Seonaid	1891	F	3	7483	Place-17	-----
SMITH	Joseph	1891	M	3	7485	Place-6	-----
SMITH	Selina	1891	F	3	7488	Place-7	-----
SMITH	Jenkins	1891	M	3	7489	Place-11	-----
SMITH	Shawn	1891	M	3	7490	Place-23	-----
SMITH	Briony	1891	F	3	7491	Place-16	-----
SMITH	Joseph	1891	M	3	7492	Place-7	-----
SMITH	Joseph	1891	M	3	7494	Place-4	-----
SMITH	Sarah	1891	F	3	7496	Place-21	-----
SMITH	Jim	1891	M	3	7497	Place-13	-----
SMITH	Briony	1891	F	3	7498	Place-23	-----
SMITH	Joseph	1891	M	3	7499	Place-19	-----
SMITH	Joseph	1891	M	3	7500	Place-8	-----
SMITH	Jenkins	1891	M	3	7502	Place-17	-----
SMITH	Paulo	1891	M	3	7504	Place-7	-----
SMITH	Jacob	1891	M	3	7505	Place-5	-----
SMITH	Sharon	1891	F	3	7506	Place-9	-----
SMITH	Shawn	1891	M	3	7507	Place-13	-----
SMITH	Jacob	1891	M	3	7509	Place-12	-----
SMITH	Selina	1891	F	3	7511	Place-6	-----
SMITH	Jenkins	1891	M	3	7516	Place-17	-----
SMITH	Sarah	1891	F	3	7518	Place-4	-----
SMITH	Susan	1891	F	3	7519	Place-11	-----
SMITH	Joseph	1891	M	3	7520	Place-25	-----
SMITH	Sharon	1891	F	3	7521	Place-6	-----
SMITH	James	1891	M	3	7522	Place-23	-----
SMITH	Shawn	1891	M	3	7523	Place-19	-----
SMITH	Jim	1891	M	3	7526	Place-9	-----
SMITH	Suzanne	1891	F	3	7528	Place-10	-----
SMITH	Jacob	1891	M	3	7530	Place-19	-----
SMITH	Selina	1891	F	3	7531	Place-25	-----
SMITH	Bob	1891	M	3	7533	Place-23	-----
SMITH	Selina	1891	F	3	7534	Place-16	-----
SMITH	Paulo	1891	M	3	7536	Place-28	-----
SMITH	Shawn	1891	M	3	7538	Place-4	-----
SMITH	Suzanne	1891	F	3	7539	Place-21	-----
SMITH	Seonaid	1891	F	3	7540	Place-22	-----
SMITH	Sharon	1891	F	3	7542	Place-18	-----
SMITH	Bob	1891	M	3	7543	Place-27	-----
SMITH	Paulo	1891	M	3	7544	Place-3	-----
SMITH	Jacob	1891	M	3	7547	Place-17	-----
SMITH	Jacob	1891	M	3	7548	Place-2	-----
SMITH	Sarah	1891	F	3	7549	Place-15	-----
SMITH	Sheila	1891	F	3	7550	Place-4	-----
SMITH	Sarah	1891	F	3	7551	Place-1	-----
SMITH	Susan	1891	F	3	7552	Place-0	-----
SMITH	Sarah	1891	F	3	7553	Place-15	-----
SMITH	Susan	1891	F	3	7554	Place-5	-----
SMITH	Bob	1891	M	2	7578	Place-23	-----
SMITH	James	1891	M	2	7579	Place-29	-----
SMITH	James	1891	M	2	7580	Place-5	-----
SMITH	James	1891	M	2	7581	Place-4	-----
SMITH	Joseph	1891	M	2	7582	Place-17	-----
SMITH	Selina	1891	F	2	7584	Place-7	-----
SMITH	Sarah	1891	F	2	7585	Place-17	-----
SMITH	James	1891	M	2	7586	Place-8	-----
SMITH	Jim	1891	M	2	7588	Place-9	-----
SMITH	Jacob	1891	M	2	7589	Place-8	-----
SMITH	Joseph	1891	M	2	7590	Place-5	-----
SMITH	Jacob	1891	M	2	7592	Place-28	-----
SMITH	Paulo	1891	M	2	7593	Place-28	-----
SMITH	Paulo	1891	M	2	7594	Place-1	-----
SMITH	Sharon	1891	F	2	7595	Place-1	-----
SMITH	Suzanne	1891	F	2	7596	Place-21	-----
SMITH	Bob	1891	M	2	7599	Place-0	-----
SMITH	Sarah	1891	F	2	7601	Place-25	-----
SMITH	Briony	1891	F	2	7603	Place-0	-----
SMITH	Jenkins	1891	M	2	7604	Place-29	-----
SMITH	Susan	1891	F	2	7607	Place-21	-----
SMITH	Joseph	1891	M	2	7609	Place-20	-----
SMITH	Selina	1891	F	2	7610	Place-26	-----
SMITH	Sarah	1891	F	2	7611	Place-23	-----
SMITH	Bob	1891	M	2	7614	Place-1	-----
SMITH	Seonaid	1891	F	2	7616	Place-22	-----
SMITH	Shawn	1891	M	2	7618	Place-2	-----
SMITH	Suzanne	1891	F	2	7620	Place-12	-----
SMITH	Bob	1891	M	2	7621	Place-16	-----
SMITH	Jacob	1891	M	2	7624	Place-11	-----
SMITH	Shawn	1891	M	2	7625	Place-8	-----
SMITH	Jenkins	1891	M	2	7628	Place-26	-----
SMITH	Jenkins	1891	M	2	7630	Place-14	-----
SMITH	Sarah	1891	F	2	7631	Place-6	-----
SMITH	Sarah	1891	F	2	7632	Place-14	-----
SMITH	Susan	1891	F	2	7633	Place-18	-----
SMITH	Joseph	1891	M	2	7634	Place-0	-----
SMITH	Seonaid	1891	F	2	7635	Place-5	-----
SMITH	Susan	1891	F	2	7638	Place-17	-----
SMITH	Joseph	1891	M	2	7642	Place-17	-----
SMITH	Seonaid	1891	F	2	7643	Place-9	-----
SMITH	Shawn	1891	M	2	7644	Place-3	-----
SMITH	Jim	1891	M	2	7646	Place-6	-----
SMITH	Briony	1891	F	2	7647	Place-2	-----
SMITH	Jim	1891	M	2	7649	Place-17	-----
SMITH	Sarah	1891	F	2	7652	Place-11	-----
SMITH	Jacob	1891	M	2	7653	Place-27	-----
SMITH	Jim	1891	M	2	7656	Place-26	-----
SMITH	Suzanne	1891	F	2	7657	Place-26	-----
SMITH	Shawn	1891	M	2	7658	Place-9	-----
SMITH	Jim	1891	M	2	7659	Place-19	-----
SMITH	Jim	1891	M	2	7660	Place-0	-----
SMITH	Sarah	1891	F	2	7663	Place-0	-----
SMITH	Joseph	1891	M	2	7664	Place-8	-----
SMITH	Jenkins	1891	M	2	7665	Place-0	-----
SMITH	Briony	1891	F	2	7667	Place-6	-----
SMITH	Jim	1891	M	2	7668	Place-11	-----
SMITH	Susan	1891	F	2	7669	Place-2	-----
SMITH	Sarah	1891	F	2	7670	Place-4	-----
SMITH	Suzanne	1891	F	2	7671	Place-16	-----
SMITH	Bob	1891	M	2	7672	Place-4	-----
SMITH	Sheila	1891	F	2	7674	Place-25	-----
SMITH	Selina	1891	F	2	7675	Place-13	-----
SMITH	Sheila	1891	F	2	7676	Place-28	-----
SMITH	Bob	1891	M	2	7677	Place-13	-----
SMITH	Joseph	1891	M	2	7679	Place-24	-----
SMITH	Paulo	1891	M	2	7680	Place-15	-----
SMITH	Shawn	1891	M	2	7681	Place-21	-----
SMITH	Seonaid	1891	F	2	7684	Place-9	-----
SMITH	Selina	1891	F	2	7685	Place-7	-----
SMITH	Jacob	1891	M	2	7686	Place-17	-----
SMITH	Jim	1891	M	2	7687	Place-7	-----
SMITH	Joseph	1891	M	2	7688	Place-10	-----
SMITH	Paulo	1891	M	2	7690	Place-25	-----
SMITH	Sheila	1891	F	1	7702	Place-12	-----
SMITH	Joseph	1891	M	1	7703	Place-13	-----
SMITH	Shawn	1891	M	1	7705	Place-19	-----
SMITH	Jim	1891	M	1	7706	Place-23	-----
SMITH	Suzanne	1891	F	1	7707	Place-11	-----
SMITH	Susan	1891	F	1	7709	Place-28	-----
SMITH	Bob	1891	M	1	7710	Place-1	-----
SMITH	Jenkins	1891	M	1	7711	Place-15	-----
SMITH	Shawn	1891	M	1	7712	Place-21	-----
SMITH	Jacob	1891	M	1	7713	Place-21	-----
SMITH	Jacob	1891	M	1	7714	Place-12	-----
SMITH	Selina	1891	F	1	7716	Place-1	-----
SMITH	Joseph	1891	M	1	7717	Place-2	-----
SMITH	Sarah	1891	F	1	7718	Place-1	-----
SMITH	Joseph	1891	M	1	7720	Place-15	-----
SMITH	Bob	1891	M	1	7721	Place-19	-----
SMITH	Sheila	1891	F	1	7722	Place-12	-----
SMITH	Jenkins	1891	M	1	7723	Place-18	-----
SMITH	Susan	1891	F	1	7724	Place-27	-----
SMITH	Shawn	1891	M	1	7725	Place-18	-----
SMITH	Jacob	1891	M	1	7726	Place-23	-----
SMITH	Jim	1891	M	1	7727	Place-29	-----
SMITH	Briony	1891	F	1	7729	Place-16	-----
SMITH	Sarah	1891	F	1	7730	Place-8	-----
SMITH	Seonaid	1891	F	1	7731	Place-24	-----
SMITH	Paulo	1891	M	1	7732	Place-23	-----
SMITH	Joseph	1891	M	1	7733	Place-2	-----
SMITH	Shawn	1891	M	1	7735	Place-15	-----
SMITH	Suzanne	1891	F	1	7736	Place-7	-----
SMITH	Paulo	1891	M	1	7737	Place-20	-----
SMITH	Jenkins	1891	M	1	7739	Place-20	-----
SMITH	Jim	1891	M	1	7740	Place-25	-----
SMITH	Suzanne	1891	F	1	7742	Place-28	-----
SMITH	Sarah	1891	F	1	7744	Place-26	-----
SMITH	Joseph	1891	M	1	7745	Place-15	-----
SMITH	Jim	1891	M	1	7748	Place-5	-----
SMITH	Briony	1891	F	1	7751	Place-22	-----
SMITH	Susan	1891	F	1	7752	Place-29	-----
SMITH	Briony	1891	F	1	7754	Place-22	-----
SMITH	Jim	1891	M	1	7755	Place-12	-----
SMITH	Sarah	1891	F	1	7757	Place-10	-----
SMITH	Suzanne	1891	F	1	7758	Place-23	-----
SMITH	Suzanne	1891	F	1	7759	Place-15	-----
SMITH	Sheila	1891	F	1	7760	Place-29	-----
SMITH	Seonaid	1891	F	1	7761	Place-18	-----
SMITH	Joseph	1891	M	1	7762	Place-0	-----
SMITH	Sarah	1891	F	1	7764	Place-6	-----
SMITH	Selina	1891	F	1	7766	Place-22	-----
SMITH	Jacob	1891	M	1	7767	Place-9	-----
SMITH	Bob	1891	M	1	7770	Place-3	-----
SMITH	Sarah	1891	F	1	7771	Place-0	-----
SMITH	Sheila	1891	F	1	7772	Place-11	-----
SMITH	Susan	1891	F	1	7773	Place-26	-----
SMITH	Briony	1891	F	1	7774	Place-27	-----
SMITH	Briony	1891	F	1	7776	Place-21	-----
SMITH	Jim	1891	M	1	7779	Place-10	-----
SMITH	Sheila	1891	F	1	7781	Place-13	-----
SMITH	Jim	1891	M	1	7782	Place-17	-----
SMITH	Paulo	1891	M	1	7783	Place-29	-----
SMITH	Jim	1891	M	1	7784	Place-7	-----
SMITH	Selina	1891	F	1	7785	Place-17	-----
SMITH	Bob	1891	M	1	7786	Place-8	-----
SMITH	Jenkins	1891	M	1	7787	Place-28	-----
SMITH	Selina	1891	F	1	7788	Place-7	-----
SMITH	Susan	1891	F	1	7791	Place-13	-----
SMITH	Seonaid	1891	F	1	7792	Place-23	-----
SMITH	Jenkins	1891	M	1	7794	Place-25	-----
SMITH	Sharon	1891	F	1	7795	Place-6	-----
SMITH	Seonaid	1891	F	1	7796	Place-1	-----
SMITH	Shawn	1891	M	1	7798	Place-28	-----
SMITH	Sharon	1891	F	1	7799	Place-17	-----
SMITH	Paulo	1891	M	1	7800	Place-28	-----
SMITH	Jenkins	1891	M	1	7801	Place-25	-----
SMITH	Jenkins	1891	M	1	7802	Place-0	-----
SMITH	Briony	1891	F	1	7803	Place-29	-----
SMITH	Sharon	1891	F	1	7804	Place-22	-----
SMITH	Sarah	1901	F	32	9233	Place-15	-----
SMITH	Selina	1901	F	20	9234	Place-15	-----
SMITH	Selina	1901	F	48	9235	Place-29	-----
SMITH	Seonaid	1901	F	39	9236	Place-17	-----
SMITH	Suzanne	1901	F	29	9237	Place-0	-----
SMITH	Seonaid	1901	F	24	9238	Place-6	-----
SMITH	Suzanne	1901	F	35	9239	Place-5	-----
SMITH	Briony	1901	F	41	9240	Place-8	-----
SMITH	Sarah	1901	F	44	9241	Place-4	-----
SMITH	Susan	1901	F	36	9242	Place-14	-----
SMITH	Suzanne	1901	F	56	9243	Place-15	-----
SMITH	Sheila	1901	F	44	9244	Place-6	-----
SMITH	Seonaid	1901	F	44	9245	Place-28	-----
SMITH	Suzanne	1901	F	38	9246	Place-15	-----
SMITH	Suzanne	1901	F	22	9247	Place-23	-----
SMITH	Susan	1901	F	22	9248	Place-8	-----
SMITH	Susan	1901	F	51	9084	Place-13	-----
SMITH	Briony	1901	F	30	9092	Place-7	-----
SMITH	Sharon	1901	F	41	4706	Place-1	-----
SMITH	Jenkins	1901	M	36	5086	Place-19	-----
SMITH	Susan	1901	F	27	5906	Place-29	-----
SMITH	Susan	1901	F	32	7560	Place-16	-----
SMITH	James	1901	M	28	5809	Place-13	-----
SMITH	Susan	1901	F	41	4700	Place-9	-----
SMITH	Joseph	1901	M	36	5070	Place-7	-----
SMITH	Suzanne	1901	F	33	5329	Place-23	-----
SMITH	Sharon	1901	F	21	6539	Place-9	-----
SMITH	Briony	1901	F	51	8923	Place-11	-----
SMITH	Shawn	1901	M	38	4921	Place-24	-----
SMITH	Paulo	1901	M	35	5130	Place-9	-----
SMITH	Briony	1901	F	46	7316	Place-4	-----
SMITH	Susan	1901	F	49	8516	Place-25	-----
SMITH	Jenkins	1901	M	42	4594	Place-24	-----
SMITH	Selina	1901	F	55	3692	Place-17	-----
SMITH	Paulo	1901	M	26	5972	Place-3	-----
SMITH	Shawn	1901	M	23	6286	Place-9	-----
SMITH	Jim	1901	M	23	6352	Place-19	-----
SMITH	James	1901	M	20	6621	Place-27	-----
SMITH	Joseph	1901	M	19	6820	Place-28	-----
SMITH	Jacob	1901	M	13	7509	Place-24	-----
SMITH	Briony	1901	F	24	8801	Place-10	-----
SMITH	Jacob	1901	M	54	3744	Place-11	-----
SMITH	Selina	1901	F	30	5598	Place-22	-----
SMITH	Sharon	1901	F	26	5991	Place-11	-----
SMITH	Sarah	1901	F	24	8665	Place-8	-----
SMITH	Shawn	1901	M	43	4542	Place-23	-----
SMITH	Sharon	1901	F	22	6398	Place-21	-----
SMITH	James	1901	M	38	4915	Place-11	-----
SMITH	Joseph	1901	M	51	3936	Place-13	-----
SMITH	James	1901	M	59	3444	Place-18	-----
SMITH	Suzanne	1901	F	24	6262	Place-28	-----
SMITH	Selina	1901	F	45	4361	Place-9	-----
SMITH	Shawn	1901	M	37	4974	Place-21	-----
SMITH	Paulo	1901	M	40	4762	Place-7	-----
SMITH	Briony	1901	F	55	8257	Place-6	-----
SMITH	Seonaid	1901	F	39	8260	Place-18	-----
SMITH	Sarah	1901	F	31	8265	Place-22	-----
SMITH	James	1901	M	39	4792	Place-29	-----
SMITH	Sheila	1901	F	37	4964	Place-16	-----
SMITH	Jacob	1901	M	44	4466	Place-27	-----
SMITH	Sheila	1901	F	49	4108	Place-2	-----
SMITH	Jacob	1901	M	28	5816	Place-25	-----
SMITH	Joseph	1901	M	29	5693	Place-12	-----
SMITH	Bob	1901	M	33	5342	Place-14	-----
SMITH	Seonaid	1901	F	30	5642	Place-16	-----
SMITH	Jenkins	1901	M	20	6619	Place-3	-----
SMITH	Joseph	1901	M	17	7004	Place-26	-----
SMITH	Selina	1901	F	43	4522	Place-1	-----
SMITH	James	1901	M	52	3901	Place-4	-----
SMITH	Shawn	1901	M	42	4588	Place-29	-----
SMITH	Sharon	1901	F	17	7034	Place-17	-----
SMITH	Bob	1901	M	53	3825	Place-18	-----
SMITH	Sharon	1901	F	52	5769	Place-5	-----
SMITH	Joseph	1901	M	34	5273	Place-10	-----
SMITH	Selina	1901	F	48	6162	Place-4	-----
SMITH	Sharon	1901	F	48	7321	Place-17	-----
SMITH	Sharon	1901	F	20	6633	Place-19	-----
SMITH	Jacob	1901	M	38	4935	Place-23	-----
SMITH	Jacob	1901	M	37	4962	Place-29	-----
SMITH	Susan	1901	F	49	5875	Place-21	-----
SMITH	Jenkins	1901	M	27	5946	Place-7	-----
SMITH	Seonaid	1901	F	46	6733	Place-14	-----
SMITH	Joseph	1901	M	42	4608	Place-24	-----
SMITH	Briony	1901	F	45	4345	Place-9	-----
SMITH	Bob	1901	M	50	3992	Place-1	-----
SMITH	Bob	1901	M	32	5392	Place-15	-----
SMITH	Paulo	1901	M	30	5602	Place-10	-----
SMITH	Sarah	1901	F	30	5652	Place-4	-----
SMITH	Jacob	1901	M	27	5898	Place-19	-----
SMITH	Briony	1901	F	26	6040	Place-22	-----
SMITH	Joseph	1901	M	25	6080	Place-6	-----
SMITH	Briony	1901	F	24	6193	Place-3	-----
SMITH	Shawn	1901	M	24	6214	Place-8	-----
SMITH	Jenkins	1901	M	23	6278	Place-1	-----
SMITH	Seonaid	1901	F	23	6306	Place-1	-----
SMITH	Sarah	1901	F	23	6316	Place-29	-----
SMITH	Joseph	1901	M	22	6444	Place-2	-----
SMITH	Seonaid	1901	F	21	6566	Place-1	-----
SMITH	Shawn	1901	M	20	6685	Place-14	-----
SMITH	James	1901	M	20	6695	Place-15	-----
SMITH	Jenkins	1901	M	19	6736	Place-14	-----
SMITH	Briony	1901	F	19	6760	Place-28	-----
SMITH	Briony	1901	F	18	6855	Place-2	-----
SMITH	Bob	1901	M	18	6889	Place-9	-----
SMITH	Susan	1901	F	18	6919	Place-27	-----
SMITH	Susan	1901	F	17	6988	Place-0	-----
SMITH	Shawn	1901	M	17	7014	Place-27	-----
SMITH	Suzanne	1901	F	17	7041	Place-18	-----
SMITH	Paulo	1901	M	13	7456	Place-16	-----
SMITH	Jim	1901	M	11	7727	Place-19	-----
SMITH	Jim	1901	M	10	7904	Place-14	-----
SMITH	Selina	1901	F	10	7919	Place-13	-----
SMITH	Shawn	1901	M	8	8239	Place-8	-----
SMITH	Jacob	1901	M	7	8380	Place-26	-----
SMITH	Jacob	1901	M	6	8410	Place-14	-----
SMITH	Selina	1901	F	6	8435	Place-14	-----
SMITH	Briony	1901	F	6	8479	Place-12	-----
SMITH	Joseph	1901	M	4	8693	Place-9	-----
SMITH	Seonaid	1901	F	3	8814	Place-22	-----
SMITH	Joseph	1901	M	2	9038	Place-1	-----
SMITH	Susan	1901	F	1	9148	Place-25	-----
SMITH	Sheila	1901	F	1	9168	Place-3	-----
SMITH	Sarah	1901	F	44	9076	Place-27	-----
SMITH	Selina	1901	F	45	9077	Place-12	-----
SMITH	Seonaid	1901	F	43	9078	Place-27	-----
SMITH	Seonaid	1901	F	40	9079	Place-26	-----
SMITH	Sheila	1901	F	46	9080	Place-1	-----
SMITH	Sharon	1901	F	28	9081	Place-10	-----
SMITH	Sheila	1901	F	29	9082	Place-21	-----
SMITH	Selina	1901	F	33	9083	Place-28	-----
SMITH	Selina	1901	F	31	9085	Place-8	-----
SMITH	Sharon	1901	F	35	9086	Place-25	-----
SMITH	Susan	1901	F	46	9087	Place-18	-----
SMITH	Seonaid	1901	F	33	9088	Place-0	-----
SMITH	Seonaid	1901	F	40	9089	Place-11	-----
SMITH	Sarah	1901	F	44	9090	Place-11	-----
SMITH	Susan	1901	F	21	9091	Place-0	-----
SMITH	Susan	1901	F	25	9093	Place-24	-----
SMITH	Sharon	1901	F	24	9094	Place-16	-----
SMITH	Seonaid	1901	F	20	9096	Place-22	-----
SMITH	Sarah	1901	F	24	8934	Place-17	-----
SMITH	Shawn	1901	M	33	5296	Place-13	-----
SMITH	Sheila	1901	F	54	7947	Place-11	-----
SMITH	Sarah	1901	F	19	6815	Place-9	-----
SMITH	Susan	1901	F	42	4610	Place-11	-----
SMITH	Susan	1901	F	21	6570	Place-7	-----
SMITH	James	1901	M	19	6763	Place-20	-----
SMITH	Briony	1901	F	26	8807	Place-21	-----
SMITH	Bob	1901	M	54	3769	Place-24	-----
SMITH	Jacob	1901	M	26	5969	Place-25	-----
SMITH	Suzanne	1901	F	26	5994	Place-3	-----
SMITH	Bob	1901	M	24	6192	Place-15	-----
SMITH	Sharon	1901	F	20	6664	Place-22	-----
SMITH	Sheila	1901	F	31	8655	Place-3	-----
SMITH	Seonaid	1901	F	25	8660	Place-29	-----
SMITH	Bob	1901	M	36	5056	Place-26	-----
SMITH	Sheila	1901	F	33	7435	Place-26	-----
SMITH	Jenkins	1901	M	34	5209	Place-8	-----
SMITH	Selina	1901	F	36	7181	Place-14	-----
SMITH	Shawn	1901	M	44	4439	Place-27	-----
SMITH	Sarah	1901	F	25	6155	Place-21	-----
SMITH	Seonaid	1901	F	54	8264	Place-22	-----
SMITH	Paulo	1901	M	37	5006	Place-5	-----
SMITH	Jacob	1901	M	49	4099	Place-24	-----
SMITH	Suzanne	1901	F	45	4377	Place-4	-----
SMITH	Jim	1901	M	27	5933	Place-0	-----
SMITH	Paulo	1901	M	23	6321	Place-29	-----
SMITH	Joseph	1901	M	19	6752	Place-11	-----
SMITH	James	1901	M	36	5093	Place-4	-----
SMITH	Sheila	1901	F	48	4136	Place-4	-----
SMITH	Jenkins	1901	M	33	5308	Place-0	-----
SMITH	Shawn	1901	M	42	4604	Place-1	-----
SMITH	Seonaid	1901	F	40	7196	Place-0	-----
SMITH	Susan	1901	F	21	6582	Place-24	-----
SMITH	Susan	1901	F	41	7815	Place-19	-----
SMITH	Sheila	1901	F	35	7820	Place-8	-----
SMITH	Suzanne	1901	F	39	7693	Place-20	-----
SMITH	Sheila	1901	F	12	7619	Place-2	-----
SMITH	Paulo	1901	M	40	4745	Place-16	-----
SMITH	Briony	1901	F	55	3715	Place-0	-----
SMITH	Susan	1901	F	40	7195	Place-8	-----
SMITH	Sharon	1901	F	34	7198	Place-7	-----
SMITH	Seonaid	1901	F	41	4671	Place-6	-----
SMITH	James	1901	M	20	6639	Place-24	-----
SMITH	Sarah	1901	F	40	6603	Place-15	-----
SMITH	Briony	1901	F	41	4670	Place-6	-----
SMITH	Suzanne	1901	F	42	4570	Place-27	-----
SMITH	Sarah	1901	F	45	4343	Place-9	-----
SMITH	Selina	1901	F	40	4756	Place-8	-----
SMITH	Shawn	1901	M	48	4148	Place-6	-----
SMITH	Sarah	1901	F	44	4443	Place-16	-----
SMITH	Jim	1901	M	34	5212	Place-9	-----
SMITH	James	1901	M	34	5270	Place-28	-----
SMITH	Jacob	1901	M	30	5641	Place-9	-----
SMITH	Shawn	1901	M	26	6004	Place-7	-----
SMITH	Selina	1901	F	24	6215	Place-2	-----
SMITH	Selina	1901	F	23	6282	Place-19	-----
SMITH	Jenkins	1901	M	23	6340	Place-18	-----
SMITH	Jacob	1901	M	22	6418	Place-12	-----
SMITH	Briony	1901	F	22	6475	Place-15	-----
SMITH	Briony	1901	F	22	6489	Place-28	-----
SMITH	Shawn	1901	M	21	6518	Place-27	-----
SMITH	Sarah	1901	F	20	6629	Place-18	-----
SMITH	Paulo	1901	M	20	6650	Place-12	-----
SMITH	Paulo	1901	M	20	6658	Place-6	-----
SMITH	Jenkins	1901	M	20	6694	Place-28	-----
SMITH	Bob	1901	M	19	6780	Place-3	-----
SMITH	Suzanne	1901	F	19	6805	Place-11	-----
SMITH	Joseph	1901	M	18	6869	Place-18	-----
SMITH	Seonaid	1901	F	18	6870	Place-16	-----
SMITH	Joseph	1901	M	18	6886	Place-8	-----
SMITH	Sharon	1901	F	18	6899	Place-28	-----
SMITH	Joseph	1901	M	16	7133	Place-5	-----
SMITH	Briony	1901	F	13	7474	Place-13	-----
SMITH	Sharon	1901	F	13	7481	Place-7	-----
SMITH	Suzanne	1901	F	11	7707	Place-3	-----
SMITH	Suzanne	1901	F	11	7759	Place-10	-----
SMITH	Suzanne	1901	F	10	7917	Place-9	-----
SMITH	James	1901	M	8	8128	Place-24	-----
SMITH	Seonaid	1901	F	4	8727	Place-8	-----
SMITH	Selina	1901	F	3	8842	Place-22	-----
SMITH	Sharon	1901	F	25	8917	Place-28	-----
SMITH	Sharon	1901	F	41	8918	Place-26	-----
SMITH	Seonaid	1901	F	26	8919	Place-20	-----
SMITH	Briony	1901	F	39	8920	Place-1	-----
SMITH	Susan	1901	F	31	8921	Place-8	-----
SMITH	Susan	1901	F	28	8922	Place-10	-----
SMITH	Selina	1901	F	21	8924	Place-23	-----
SMITH	Suzanne	1901	F	54	8925	Place-22	-----
SMITH	Sarah	1901	F	47	8926	Place-13	-----
SMITH	Suzanne	1901	F	40	8927	Place-20	-----
SMITH	Seonaid	1901	F	42	8929	Place-15	-----
SMITH	Sharon	1901	F	41	8930	Place-26	-----
SMITH	Sharon	1901	F	32	8931	Place-26	-----
SMITH	Sarah	1901	F	25	8933	Place-24	-----
SMITH	Selina	1901	F	23	8935	Place-14	-----
SMITH	Sarah	1901	F	45	8800	Place-18	-----
SMITH	Sheila	1901	F	46	8526	Place-9	-----
SMITH	Sheila	1901	F	32	5418	Place-23	-----
SMITH	Shawn	1901	M	25	6130	Place-23	-----
SMITH	Selina	1901	F	22	6463	Place-18	-----
SMITH	James	1901	M	35	5148	Place-26	-----
SMITH	Suzanne	1901	F	31	5491	Place-9	-----
SMITH	Susan	1901	F	39	4836	Place-8	-----
SMITH	Sharon	1901	F	29	5670	Place-18	-----
SMITH	Sharon	1901	F	26	5999	Place-19	-----
SMITH	Paulo	1901	M	25	6119	Place-28	-----
SMITH	Jenkins	1901	M	49	4088	Place-12	-----
SMITH	Joseph	1901	M	40	4723	Place-16	-----
SMITH	Shawn	1901	M	47	4207	Place-11	-----
SMITH	Suzanne	1901	F	40	7558	Place-18	-----
SMITH	Paulo	1901	M	35	5171	Place-19	-----
SMITH	Susan	1901	F	22	6431	Place-10	-----
SMITH	Selina	1901	F	21	6542	Place-28	-----
SMITH	Susan	1901	F	45	8517	Place-14	-----
SMITH	Shawn	1901	M	26	6020	Place-8	-----
SMITH	Joseph	1901	M	36	5059	Place-14	-----
SMITH	Briony	1901	F	22	6456	Place-27	-----
SMITH	Selina	1901	F	33	8386	Place-11	-----
SMITH	Briony	1901	F	31	8388	Place-29	-----
SMITH	Sharon	1901	F	54	8394	Place-17	-----
SMITH	Paulo	1901	M	41	4679	Place-26	-----
SMITH	Briony	1901	F	28	5774	Place-22	-----
SMITH	Sharon	1901	F	24	6205	Place-20	-----
SMITH	Jim	1901	M	21	6551	Place-16	-----
SMITH	Joseph	1901	M	16	7125	Place-21	-----
SMITH	Jim	1901	M	33	5338	Place-18	-----
SMITH	Jenkins	1901	M	24	6208	Place-6	-----
SMITH	Suzanne	1901	F	25	6150	Place-23	-----
SMITH	Sheila	1901	F	44	7698	Place-4	-----
SMITH	Suzanne	1901	F	54	3742	Place-18	-----
SMITH	Joseph	1901	M	34	5269	Place-8	-----
SMITH	James	1901	M	30	5579	Place-15	-----
SMITH	Jim	1901	M	11	7734	Place-2	-----
SMITH	Joseph	1901	M	36	5089	Place-11	-----
SMITH	Paulo	1901	M	53	3820	Place-12	-----
SMITH	Jim	1901	M	50	4022	Place-7	-----
SMITH	Selina	1901	F	32	5388	Place-15	-----
SMITH	Paulo	1901	M	43	4501	Place-1	-----
SMITH	Jacob	1901	M	39	4834	Place-20	-----
SMITH	Jenkins	1901	M	31	5485	Place-24	-----
SMITH	Suzanne	1901	F	20	6716	Place-28	-----
SMITH	Jacob	1901	M	45	4390	Place-12	-----
SMITH	Jenkins	1901	M	39	4847	Place-5	-----
SMITH	James	1901	M	40	4758	Place-27	-----
SMITH	Sharon	1901	F	32	5443	Place-6	-----
SMITH	Bob	1901	M	32	5408	Place-22	-----
SMITH	Shawn	1901	M	43	4543	Place-27	-----
SMITH	Suzanne	1901	F	41	6930	Place-6	-----
SMITH	Seonaid	1901	F	51	6942	Place-0	-----
SMITH	Paulo	1901	M	48	4125	Place-3	-----
SMITH	Susan	1901	F	51	3939	Place-7	-----
SMITH	Sheila	1901	F	47	6268	Place-20	-----
SMITH	Seonaid	1901	F	46	4304	Place-23	-----
SMITH	Jacob	1901	M	35	5123	Place-11	-----
SMITH	Joseph	1901	M	32	5383	Place-11	-----
SMITH	Paulo	1901	M	31	5490	Place-1	-----
SMITH	Sharon	1901	F	31	5532	Place-8	-----
SMITH	Susan	1901	F	31	5540	Place-15	-----
SMITH	Briony	1901	F	31	5552	Place-11	-----
SMITH	Selina	1901	F	30	5580	Place-18	-----
SMITH	James	1901	M	29	5665	Place-17	-----
SMITH	Shawn	1901	M	29	5674	Place-7	-----
SMITH	Jenkins	1901	M	29	5675	Place-28	-----
SMITH	Susan	1901	F	28	5783	Place-7	-----
SMITH	Suzanne	1901	F	27	5941	Place-6	-----
SMITH	Seonaid	1901	F	27	5951	Place-15	-----
SMITH	James	1901	M	26	6039	Place-4	-----
SMITH	Briony	1901	F	25	6083	Place-14	-----
SMITH	Jacob	1901	M	24	6173	Place-22	-----
SMITH	Sharon	1901	F	24	6180	Place-0	-----
SMITH	Sarah	1901	F	24	6199	Place-7	-----
SMITH	Jenkins	1901	M	22	6466	Place-1	-----
SMITH	Bob	1901	M	21	6545	Place-21	-----
SMITH	Jenkins	1901	M	21	6593	Place-23	-----
SMITH	Jenkins	1901	M	21	6594	Place-9	-----
SMITH	Joseph	1901	M	20	6690	Place-13	-----
SMITH	Suzanne	1901	F	20	6713	Place-2	-----
SMITH	Paulo	1901	M	19	6737	Place-24	-----
SMITH	Seonaid	1901	F	19	6782	Place-23	-----
SMITH	Jim	1901	M	19	6783	Place-17	-----
SMITH	Sheila	1901	F	19	6804	Place-20	-----
SMITH	Jenkins	1901	M	16	7096	Place-14	-----
SMITH	Sarah	1901	F	15	7217	Place-25	-----
SMITH	Sheila	1901	F	15	7303	Place-27	-----
SMITH	James	1901	M	12	7579	Place-17	-----
SMITH	Joseph	1901	M	12	7590	Place-18	-----
SMITH	Jim	1901	M	9	7968	Place-27	-----
SMITH	Selina	1901	F	9	7992	Place-15	-----
SMITH	Paulo	1901	M	9	8045	Place-1	-----
SMITH	Briony	1901	F	9	8069	Place-14	-----
SMITH	Shawn	1901	M	8	8236	Place-14	-----
SMITH	Jenkins	1901	M	3	8873	Place-8	-----
SMITH	Briony	1901	F	3	8907	Place-29	-----
SMITH	Sharon	1901	F	55	8787	Place-12	-----
SMITH	Briony	1901	F	43	8788	Place-10	-----
SMITH	Selina	1901	F	29	8789	Place-0	-----
SMITH	Sharon	1901	F	24	8790	Place-28	-----
SMITH	Suzanne	1901	F	41	8791	Place-17	-----
SMITH	Selina	1901	F	31	8792	Place-15	-----
SMITH	Suzanne	1901	F	26	8793	Place-12	-----
SMITH	Sheila	1901	F	42	8794	Place-10	-----
SMITH	Seonaid	1901	F	34	8795	Place-15	-----
SMITH	Seonaid	1901	F	36	8798	Place-18	-----
SMITH	Sarah	1901	F	40	8799	Place-21	-----
SMITH	Sharon	1901	F	49	8802	Place-7	-----
SMITH	Susan	1901	F	54	8803	Place-22	-----
SMITH	Selina	1901	F	31	8806	Place-4	-----
SMITH	Jenkins	1901	M	45	4349	Place-6	-----
SMITH	Jim	1901	M	34	5268	Place-1	-----
SMITH	Joseph	1901	M	45	4393	Place-15	-----
SMITH	James	1901	M	30	5627	Place-14	-----
SMITH	Jim	1901	M	33	5361	Place-24	-----
SMITH	Shawn	1901	M	48	4129	Place-29	-----
SMITH	Susan	1901	F	24	6223	Place-23	-----
SMITH	Jenkins	1901	M	40	4781	Place-26	-----
SMITH	Selina	1901	F	38	7817	Place-18	-----
SMITH	Briony	1901	F	35	5174	Place-20	-----
SMITH	Susan	1901	F	31	5502	Place-10	-----
SMITH	Jacob	1901	M	23	6363	Place-21	-----
SMITH	Selina	1901	F	30	5619	Place-22	-----
SMITH	Paulo	1901	M	49	4093	Place-17	-----
SMITH	Jenkins	1901	M	45	4342	Place-10	-----
SMITH	Sheila	1901	F	38	4883	Place-6	-----
SMITH	Shawn	1901	M	40	4759	Place-15	-----
SMITH	Briony	1901	F	40	8113	Place-12	-----
SMITH	Susan	1901	F	57	7062	Place-0	-----
SMITH	Briony	1901	F	38	7811	Place-19	-----
SMITH	Paulo	1901	M	58	3483	Place-14	-----
SMITH	Susan	1901	F	32	5389	Place-11	-----
SMITH	Shawn	1901	M	18	6916	Place-9	-----
SMITH	Shawn	1901	M	33	5313	Place-29	-----
SMITH	Susan	1901	F	50	5874	Place-17	-----
SMITH	Paulo	1901	M	27	5908	Place-22	-----
SMITH	James	1901	M	50	3998	Place-13	-----
SMITH	Bob	1901	M	55	3653	Place-12	-----
SMITH	Paulo	1901	M	53	3831	Place-19	-----
SMITH	Jenkins	1901	M	52	3859	Place-20	-----
SMITH	Paulo	1901	M	20	6687	Place-16	-----
SMITH	Sarah	1901	F	49	7564	Place-16	-----
SMITH	Jacob	1901	M	35	5143	Place-11	-----
SMITH	Joseph	1901	M	30	5601	Place-26	-----
SMITH	Susan	1901	F	55	7565	Place-21	-----
SMITH	Joseph	1901	M	52	3876	Place-1	-----
SMITH	Seonaid	1901	F	44	4444	Place-12	-----
SMITH	Jenkins	1901	M	38	4908	Place-6	-----
SMITH	Paulo	1901	M	30	5625	Place-12	-----
SMITH	Sharon	1901	F	20	6657	Place-11	-----
SMITH	Suzanne	1901	F	41	4662	Place-3	-----
SMITH	Briony	1901	F	42	4573	Place-10	-----
SMITH	Selina	1901	F	49	7066	Place-27	-----
SMITH	Sharon	1901	F	38	7068	Place-2	-----
SMITH	Briony	1901	F	37	4985	Place-15	-----
SMITH	Briony	1901	F	41	4650	Place-13	-----
SMITH	Suzanne	1901	F	52	5281	Place-16	-----
SMITH	Paulo	1901	M	42	4615	Place-29	-----
SMITH	Jenkins	1901	M	24	6229	Place-6	-----
SMITH	Selina	1901	F	29	5726	Place-0	-----
SMITH	James	1901	M	44	4446	Place-6	-----
SMITH	Jenkins	1901	M	37	4990	Place-17	-----
SMITH	Jenkins	1901	M	40	4754	Place-26	-----
SMITH	Jenkins	1901	M	34	5233	Place-25	-----
SMITH	Seonaid	1901	F	31	5533	Place-18	-----
SMITH	Sarah	1901	F	27	5923	Place-15	-----
SMITH	Selina	1901	F	26	6016	Place-12	-----
SMITH	Paulo	1901	M	24	6179	Place-2	-----
SMITH	Sharon	1901	F	24	6253	Place-14	-----
SMITH	Bob	1901	M	23	6297	Place-13	-----
SMITH	Sharon	1901	F	23	6350	Place-21	-----
SMITH	Seonaid	1901	F	22	6495	Place-11	-----
SMITH	Paulo	1901	M	20	6634	Place-25	-----
SMITH	Sarah	1901	F	20	6680	Place-10	-----
SMITH	Bob	1901	M	20	6692	Place-17	-----
SMITH	Briony	1901	F	20	6719	Place-22	-----
SMITH	Jenkins	1901	M	15	7296	Place-0	-----
SMITH	Jim	1901	M	13	7497	Place-9	-----
SMITH	Suzanne	1901	F	13	7539	Place-4	-----
SMITH	Susan	1901	F	10	7823	Place-4	-----
SMITH	Jim	1901	M	8	8185	Place-11	-----
SMITH	Sharon	1901	F	5	8576	Place-28	-----
SMITH	Selina	1901	F	4	8689	Place-13	-----
SMITH	Sharon	1901	F	51	8652	Place-16	-----
SMITH	Suzanne	1901	F	27	8653	Place-5	-----
SMITH	Susan	1901	F	33	8661	Place-0	-----
SMITH	Susan	1901	F	44	8663	Place-6	-----
SMITH	Sarah	1901	F	26	8664	Place-16	-----
SMITH	James	1901	M	26	6033	Place-6	-----
SMITH	Jenkins	1901	M	54	3765	Place-29	-----
SMITH	Seonaid	1901	F	44	7322	Place-22	-----
SMITH	Jim	1901	M	33	5373	Place-13	-----
SMITH	Jim	1901	M	33	5366	Place-28	-----
SMITH	Selina	1901	F	53	6265	Place-4	-----
SMITH	Sheila	1901	F	35	5153	Place-4	-----
SMITH	Jim	1901	M	17	6960	Place-9	-----
SMITH	Briony	1901	F	33	5334	Place-29	-----
SMITH	Paulo	1901	M	32	5449	Place-15	-----
SMITH	Sarah	1901	F	38	8108	Place-21	-----
SMITH	Selina	1901	F	56	6392	Place-22	-----
SMITH	Bob	1901	M	28	5840	Place-23	-----
SMITH	Jacob	1901	M	26	6056	Place-29	-----
SMITH	Selina	1901	F	36	8115	Place-15	-----
SMITH	Paulo	1901	M	51	3951	Place-21	-----
SMITH	Jenkins	1901	M	39	4809	Place-17	-----
SMITH	Jacob	1901	M	40	4760	Place-21	-----
SMITH	Jim	1901	M	35	5158	Place-25	-----
SMITH	Suzanne	1901	F	49	4079	Place-11	-----
SMITH	Jim	1901	M	39	4817	Place-15	-----
SMITH	Sarah	1901	F	43	4550	Place-7	-----
SMITH	Sharon	1901	F	44	6506	Place-28	-----
SMITH	Sarah	1901	F	33	7559	Place-3	-----
SMITH	Joseph	1901	M	37	4999	Place-18	-----
SMITH	James	1901	M	34	5215	Place-5	-----
SMITH	Sharon	1901	F	47	7330	Place-24	-----
SMITH	Suzanne	1901	F	43	4559	Place-14	-----
SMITH	Suzanne	1901	F	51	3970	Place-19	-----
SMITH	Briony	1901	F	28	5773	Place-1	-----
SMITH	Susan	1901	F	39	7188	Place-21	-----
SMITH	Susan	1901	F	50	5477	Place-29	-----
SMITH	Sharon	1901	F	41	7059	Place-9	-----
SMITH	Seonaid	1901	F	36	6946	Place-3	-----
SMITH	Suzanne	1901	F	39	4822	Place-0	-----
SMITH	Joseph	1901	M	39	4808	Place-23	-----
SMITH	Shawn	1901	M	28	5803	Place-8	-----
SMITH	Bob	1901	M	25	6152	Place-26	-----
SMITH	Bob	1901	M	56	3626	Place-7	-----
SMITH	Susan	1901	F	44	4483	Place-22	-----
SMITH	Paulo	1901	M	42	4598	Place-3	-----
SMITH	Jim	1901	M	39	4842	Place-1	-----
SMITH	Sarah	1901	F	38	4928	Place-6	-----
SMITH	Briony	1901	F	33	5335	Place-6	-----
SMITH	Selina	1901	F	33	5370	Place-14	-----
SMITH	Joseph	1901	M	29	5718	Place-0	-----
SMITH	Briony	1901	F	29	5744	Place-3	-----
SMITH	Paulo	1901	M	28	5784	Place-10	-----
SMITH	Briony	1901	F	26	5974	Place-3	-----
SMITH	Sheila	1901	F	26	6043	Place-17	-----
SMITH	Bob	1901	M	24	6188	Place-28	-----
SMITH	Seonaid	1901	F	23	6331	Place-13	-----
SMITH	Sharon	1901	F	23	6334	Place-13	-----
SMITH	Sheila	1901	F	23	6348	Place-13	-----
SMITH	Paulo	1901	M	22	6413	Place-15	-----
SMITH	Jim	1901	M	22	6422	Place-26	-----
SMITH	Seonaid	1901	F	22	6436	Place-17	-----
SMITH	Sharon	1901	F	22	6490	Place-11	-----
SMITH	Jacob	1901	M	21	6557	Place-25	-----
SMITH	Shawn	1901	M	17	6952	Place-4	-----
SMITH	Bob	1901	M	12	7677	Place-5	-----
SMITH	Sheila	1901	F	10	7852	Place-23	-----
SMITH	Joseph	1901	M	9	8093	Place-16	-----
SMITH	Shawn	1901	M	8	8211	Place-6	-----
SMITH	Jim	1901	M	7	8282	Place-27	-----
SMITH	Seonaid	1901	F	5	8590	Place-1	-----
SMITH	Suzanne	1901	F	38	8518	Place-0	-----
SMITH	Susan	1901	F	27	8519	Place-9	-----
SMITH	Suzanne	1901	F	36	8521	Place-29	-----
SMITH	Seonaid	1901	F	30	8522	Place-6	-----
SMITH	Susan	1901	F	39	8523	Place-2	-----
SMITH	Susan	1901	F	38	8524	Place-28	-----
SMITH	Suzanne	1901	F	25	8525	Place-0	-----
SMITH	Selina	1901	F	54	8527	Place-22	-----
SMITH	Susan	1901	F	35	8528	Place-28	-----
SMITH	Selina	1901	F	32	5424	Place-26	-----
SMITH	Paulo	1901	M	28	5859	Place-17	-----
SMITH	Joseph	1901	M	46	4290	Place-1	-----
SMITH	Sharon	1901	F	48	6062	Place-14	-----
SMITH	Jacob	1901	M	41	4685	Place-17	-----
SMITH	Jim	1901	M	38	4907	Place-12	-----
SMITH	Sarah	1901	F	12	7670	Place-2	-----
SMITH	Suzanne	1901	F	39	7939	Place-22	-----
SMITH	Susan	1901	F	33	5301	Place-29	-----
SMITH	Bob	1901	M	45	4387	Place-1	-----
SMITH	Bob	1901	M	33	5336	Place-5	-----
SMITH	Sharon	1901	F	36	7808	Place-10	-----
SMITH	Suzanne	1901	F	54	7810	Place-17	-----
SMITH	Paulo	1901	M	27	5886	Place-9	-----
SMITH	James	1901	M	27	5888	Place-5	-----
SMITH	Sarah	1901	F	34	5236	Place-11	-----
SMITH	James	1901	M	23	6366	Place-21	-----
SMITH	Seonaid	1901	F	53	3813	Place-27	-----
SMITH	Susan	1901	F	49	4083	Place-24	-----
SMITH	Shawn	1901	M	33	5314	Place-14	-----
SMITH	Briony	1901	F	52	7189	Place-27	-----
SMITH	Shawn	1901	M	35	5145	Place-19	-----
SMITH	Jim	1901	M	35	5181	Place-5	-----
SMITH	Paulo	1901	M	44	4431	Place-4	-----
SMITH	James	1901	M	40	4766	Place-0	-----
SMITH	Paulo	1901	M	52	3898	Place-28	-----
SMITH	Shawn	1901	M	49	4103	Place-18	-----
SMITH	Briony	1901	F	36	5099	Place-22	-----
SMITH	Jim	1901	M	34	5202	Place-5	-----
SMITH	Shawn	1901	M	34	5258	Place-23	-----
SMITH	Joseph	1901	M	33	5351	Place-20	-----
SMITH	Paulo	1901	M	32	5433	Place-6	-----
SMITH	Jacob	1901	M	31	5507	Place-8	-----
SMITH	Sharon	1901	F	29	5699	Place-21	-----
SMITH	Bob	1901	M	26	6029	Place-20	-----
SMITH	Joseph	1901	M	25	6146	Place-16	-----
SMITH	Sharon	1901	F	24	6170	Place-1	-----
SMITH	Sharon	1901	F	24	6202	Place-10	-----
SMITH	Bob	1901	M	24	6203	Place-14	-----
SMITH	Seonaid	1901	F	23	6291	Place-9	-----
SMITH	Sheila	1901	F	23	6304	Place-20	-----
SMITH	Joseph	1901	M	23	6325	Place-7	-----
SMITH	Paulo	1901	M	23	6327	Place-28	-----
SMITH	Joseph	1901	M	22	6455	Place-3	-----
SMITH	Seonaid	1901	F	20	6625	Place-19	-----
SMITH	Jacob	1901	M	19	6747	Place-8	-----
SMITH	Sharon	1901	F	15	7273	Place-27	-----
SMITH	Selina	1901	F	14	7412	Place-13	-----
SMITH	Paulo	1901	M	13	7544	Place-2	-----
SMITH	Suzanne	1901	F	10	7832	Place-18	-----
SMITH	Sharon	1901	F	8	8200	Place-5	-----
SMITH	Susan	1901	F	8	8233	Place-0	-----
SMITH	Joseph	1901	M	7	8319	Place-14	-----
SMITH	Suzanne	1901	F	45	8385	Place-6	-----
SMITH	Briony	1901	F	42	8387	Place-21	-----
SMITH	Sharon	1901	F	27	8389	Place-9	-----
SMITH	Briony	1901	F	34	8392	Place-10	-----
SMITH	Jacob	1901	M	28	5790	Place-10	-----
SMITH	Jim	1901	M	45	4360	Place-24	-----
SMITH	Paulo	1901	M	29	5724	Place-21	-----
SMITH	Paulo	1901	M	55	3687	Place-20	-----
SMITH	Shawn	1901	M	31	5521	Place-3	-----
SMITH	Joseph	1901	M	38	4898	Place-25	-----
SMITH	Seonaid	1901	F	30	5649	Place-26	-----
SMITH	Jacob	1901	M	29	5749	Place-6	-----
SMITH	Seonaid	1901	F	35	5167	Place-2	-----
SMITH	Susan	1901	F	30	5638	Place-2	-----
SMITH	Jim	1901	M	27	5948	Place-16	-----
SMITH	Seonaid	1901	F	26	6044	Place-11	-----
SMITH	Shawn	1901	M	51	3943	Place-1	-----
SMITH	Sarah	1901	F	49	7557	Place-16	-----
SMITH	Jenkins	1901	M	31	5524	Place-9	-----
SMITH	Jenkins	1901	M	31	5549	Place-15	-----
SMITH	Seonaid	1901	F	44	7058	Place-11	-----
SMITH	Jacob	1901	M	38	4891	Place-20	-----
SMITH	Susan	1901	F	50	7064	Place-24	-----
SMITH	Paulo	1901	M	29	5727	Place-16	-----
SMITH	Suzanne	1901	F	37	4971	Place-8	-----
SMITH	Selina	1901	F	47	7324	Place-25	-----
SMITH	Briony	1901	F	53	7326	Place-7	-----
SMITH	Jenkins	1901	M	42	4620	Place-28	-----
SMITH	Jacob	1901	M	41	4711	Place-16	-----
SMITH	Jacob	1901	M	48	4140	Place-7	-----
SMITH	Jacob	1901	M	48	4147	Place-10	-----
SMITH	Jim	1901	M	38	4925	Place-28	-----
SMITH	Paulo	1901	M	53	3842	Place-0	-----
SMITH	Jenkins	1901	M	37	4995	Place-29	-----
SMITH	Sharon	1901	F	37	5019	Place-27	-----
SMITH	Suzanne	1901	F	33	5362	Place-1	-----
SMITH	Paulo	1901	M	33	5369	Place-28	-----
SMITH	Shawn	1901	M	30	5599	Place-0	-----
SMITH	Jenkins	1901	M	26	6027	Place-12	-----
SMITH	Sheila	1901	F	24	6178	Place-15	-----
SMITH	Jacob	1901	M	23	6283	Place-5	-----
SMITH	Jacob	1901	M	23	6344	Place-18	-----
SMITH	Jacob	1901	M	23	6386	Place-16	-----
SMITH	Jenkins	1901	M	17	7033	Place-26	-----
SMITH	James	1901	M	16	7102	Place-22	-----
SMITH	Joseph	1901	M	14	7424	Place-17	-----
SMITH	Jim	1901	M	12	7656	Place-7	-----
SMITH	Paulo	1901	M	12	7680	Place-10	-----
SMITH	Jim	1901	M	11	7706	Place-9	-----
SMITH	Sheila	1901	F	44	8250	Place-17	-----
SMITH	Sarah	1901	F	51	8251	Place-4	-----
SMITH	Seonaid	1901	F	41	8259	Place-25	-----
SMITH	Sarah	1901	F	41	8261	Place-12	-----
SMITH	Seonaid	1901	F	43	8262	Place-14	-----
SMITH	James	1901	M	34	5206	Place-29	-----
SMITH	Paulo	1901	M	11	7783	Place-14	-----
SMITH	Selina	1901	F	28	7953	Place-9	-----
SMITH	Sheila	1901	F	28	5808	Place-6	-----
SMITH	Susan	1901	F	51	6832	Place-1	-----
SMITH	Susan	1901	F	37	7818	Place-29	-----
SMITH	Shawn	1901	M	41	4652	Place-6	-----
SMITH	Jenkins	1901	M	51	3940	Place-2	-----
SMITH	Sheila	1901	F	31	5536	Place-2	-----
SMITH	Sarah	1901	F	28	5806	Place-17	-----
SMITH	Jenkins	1901	M	54	3780	Place-2	-----
SMITH	Paulo	1901	M	38	4931	Place-0	-----
SMITH	Jenkins	1901	M	30	5645	Place-12	-----
SMITH	Sheila	1901	F	44	7567	Place-16	-----
SMITH	James	1901	M	39	4794	Place-24	-----
SMITH	Jacob	1901	M	42	4627	Place-10	-----
SMITH	Selina	1901	F	57	3530	Place-11	-----
SMITH	Susan	1901	F	34	5221	Place-2	-----
SMITH	Sheila	1901	F	32	5387	Place-26	-----
SMITH	Jenkins	1901	M	17	7021	Place-5	-----
SMITH	Sharon	1901	F	46	4285	Place-12	-----
SMITH	Susan	1901	F	36	5106	Place-23	-----
SMITH	James	1901	M	24	6248	Place-1	-----
SMITH	Jim	1901	M	51	3965	Place-4	-----
SMITH	Sarah	1901	F	51	5873	Place-8	-----
SMITH	Sarah	1901	F	45	4379	Place-5	-----
SMITH	Joseph	1901	M	51	3959	Place-17	-----
SMITH	Shawn	1901	M	49	4062	Place-20	-----
SMITH	Briony	1901	F	29	5686	Place-0	-----
SMITH	Joseph	1901	M	27	5928	Place-24	-----
SMITH	Selina	1901	F	25	6087	Place-5	-----
SMITH	Susan	1901	F	24	6209	Place-13	-----
SMITH	Bob	1901	M	24	6212	Place-6	-----
SMITH	Suzanne	1901	F	24	6241	Place-21	-----
SMITH	Sheila	1901	F	24	6252	Place-21	-----
SMITH	Bob	1901	M	21	6553	Place-23	-----
SMITH	Sarah	1901	F	13	7518	Place-22	-----
SMITH	Sarah	1901	F	13	7549	Place-9	-----
SMITH	Briony	1901	F	30	8110	Place-12	-----
SMITH	Sarah	1901	F	49	8112	Place-10	-----
SMITH	Sheila	1901	F	46	8118	Place-17	-----
SMITH	Briony	1901	F	49	8119	Place-8	-----
SMITH	Sharon	1901	F	44	8120	Place-28	-----
SMITH	Selina	1901	F	42	8121	Place-20	-----
SMITH	Suzanne	1901	F	46	7948	Place-21	-----
SMITH	Selina	1901	F	54	3729	Place-4	-----
SMITH	Shawn	1901	M	42	4599	Place-25	-----
SMITH	Susan	1901	F	36	7806	Place-22	-----
SMITH	Susan	1901	F	32	5425	Place-1	-----
SMITH	Seonaid	1901	F	58	7185	Place-6	-----
SMITH	Paulo	1901	M	31	5488	Place-8	-----
SMITH	Shawn	1901	M	27	5917	Place-17	-----
SMITH	Jim	1901	M	30	5610	Place-13	-----
SMITH	Susan	1901	F	26	5966	Place-28	-----
SMITH	Joseph	1901	M	52	3878	Place-5	-----
SMITH	Jenkins	1901	M	34	5261	Place-15	-----
SMITH	James	1901	M	53	3816	Place-14	-----
SMITH	Susan	1901	F	43	4512	Place-15	-----
SMITH	Joseph	1901	M	35	5154	Place-25	-----
SMITH	Sarah	1901	F	44	4484	Place-11	-----
SMITH	Seonaid	1901	F	33	7332	Place-25	-----
SMITH	Sharon	1901	F	42	4626	Place-13	-----
SMITH	Jacob	1901	M	25	6144	Place-0	-----
SMITH	Suzanne	1901	F	53	3821	Place-25	-----
SMITH	Suzanne	1901	F	51	3956	Place-17	-----
SMITH	Bob	1901	M	27	5925	Place-4	-----
SMITH	Suzanne	1901	F	55	3675	Place-1	-----
SMITH	Joseph	1901	M	39	4815	Place-27	-----
SMITH	Shawn	1901	M	38	4894	Place-2	-----
SMITH	Suzanne	1901	F	35	5178	Place-10	-----
SMITH	Selina	1901	F	32	5419	Place-14	-----
SMITH	Shawn	1901	M	32	5421	Place-11	-----
SMITH	Jenkins	1901	M	26	6000	Place-17	-----
SMITH	Jim	1901	M	26	6025	Place-13	-----
SMITH	Paulo	1901	M	13	7504	Place-17	-----
SMITH	Selina	1901	F	9	8018	Place-22	-----
SMITH	Sarah	1901	F	39	7934	Place-9	-----
SMITH	Selina	1901	F	38	7937	Place-1	-----
SMITH	Susan	1901	F	38	7941	Place-27	-----
SMITH	Sharon	1901	F	41	7944	Place-7	-----
SMITH	Briony	1901	F	29	7950	Place-4	-----
SMITH	Selina	1901	F	29	7951	Place-7	-----
SMITH	Jacob	1901	M	28	5854	Place-23	-----
SMITH	Selina	1901	F	33	5368	Place-21	-----
SMITH	Jacob	1901	M	39	4793	Place-9	-----
SMITH	Jim	1901	M	42	4606	Place-29	-----
SMITH	Seonaid	1901	F	29	5752	Place-23	-----
SMITH	Jacob	1901	M	35	5140	Place-5	-----
SMITH	Briony	1901	F	46	4295	Place-23	-----
SMITH	Jim	1901	M	45	4383	Place-18	-----
SMITH	Joseph	1901	M	54	3774	Place-22	-----
SMITH	Seonaid	1901	F	55	7065	Place-18	-----
SMITH	Jenkins	1901	M	41	4694	Place-8	-----
SMITH	Shawn	1901	M	60	3380	Place-8	-----
SMITH	Jenkins	1901	M	47	4247	Place-13	-----
SMITH	Sheila	1901	F	37	5011	Place-6	-----
SMITH	Sarah	1901	F	50	5762	Place-23	-----
SMITH	Selina	1901	F	43	4502	Place-3	-----
SMITH	Sarah	1901	F	26	5978	Place-19	-----
SMITH	Joseph	1901	M	49	4112	Place-26	-----
SMITH	Shawn	1901	M	22	6461	Place-4	-----
SMITH	Jim	1901	M	58	3488	Place-6	-----
SMITH	Jenkins	1901	M	49	4051	Place-22	-----
SMITH	Briony	1901	F	33	5339	Place-24	-----
SMITH	Selina	1901	F	31	5566	Place-2	-----
SMITH	Joseph	1901	M	22	6417	Place-6	-----
SMITH	Shawn	1901	M	17	7001	Place-8	-----
SMITH	Bob	1901	M	12	7672	Place-16	-----
SMITH	Jenkins	1901	M	11	7802	Place-5	-----
SMITH	Jim	1901	M	10	7824	Place-9	-----
SMITH	Suzanne	1901	F	30	7807	Place-15	-----
SMITH	Suzanne	1901	F	59	7814	Place-22	-----
SMITH	Jacob	1901	M	29	5728	Place-27	-----
SMITH	Briony	1901	F	29	5704	Place-21	-----
SMITH	Seonaid	1901	F	17	6983	Place-11	-----
SMITH	Sheila	1901	F	45	4386	Place-3	-----
SMITH	Bob	1901	M	49	4107	Place-22	-----
SMITH	Jacob	1901	M	34	5228	Place-5	-----
SMITH	Jacob	1901	M	43	4549	Place-10	-----
SMITH	Sheila	1901	F	45	6939	Place-23	-----
SMITH	Jim	1901	M	38	4881	Place-22	-----
SMITH	Sheila	1901	F	60	6505	Place-27	-----
SMITH	Jim	1901	M	33	5360	Place-28	-----
SMITH	James	1901	M	47	4227	Place-3	-----
SMITH	Jim	1901	M	37	4984	Place-22	-----
SMITH	Bob	1901	M	36	5096	Place-9	-----
SMITH	Sheila	1901	F	33	5343	Place-27	-----
SMITH	Bob	1901	M	16	7099	Place-2	-----
SMITH	Sharon	1901	F	15	7228	Place-8	-----
SMITH	Joseph	1901	M	37	4986	Place-22	-----
SMITH	Sarah	1901	F	19	6791	Place-28	-----
SMITH	Selina	1901	F	34	7445	Place-8	-----
SMITH	Sharon	1901	F	45	4392	Place-17	-----
SMITH	Susan	1901	F	43	4539	Place-9	-----
SMITH	Seonaid	1901	F	37	7192	Place-17	-----
SMITH	Sheila	1901	F	39	4840	Place-29	-----
SMITH	Joseph	1901	M	55	3679	Place-7	-----
SMITH	Bob	1901	M	33	5357	Place-7	-----
SMITH	Suzanne	1901	F	51	3978	Place-19	-----
SMITH	Paulo	1901	M	45	4375	Place-21	-----
SMITH	Jacob	1901	M	23	6380	Place-17	-----
SMITH	Jim	1901	M	15	7242	Place-14	-----
SMITH	Suzanne	1901	F	13	7454	Place-22	-----
SMITH	Sheila	1901	F	41	7562	Place-1	-----
SMITH	Jenkins	1901	M	36	5067	Place-0	-----
SMITH	Bob	1901	M	56	3610	Place-3	-----
SMITH	Jim	1901	M	41	4675	Place-21	-----
SMITH	Sheila	1901	F	35	7070	Place-28	-----
SMITH	Paulo	1901	M	42	4622	Place-8	-----
SMITH	Sheila	1901	F	34	5267	Place-11	-----
SMITH	Jim	1901	M	49	4057	Place-8	-----
SMITH	Seonaid	1901	F	56	5118	Place-15	-----
SMITH	Sarah	1901	F	30	5594	Place-29	-----
SMITH	Jim	1901	M	49	4089	Place-17	-----
SMITH	Sharon	1901	F	33	5306	Place-15	-----
SMITH	Shawn	1901	M	48	4137	Place-6	-----
SMITH	Bob	1901	M	46	4278	Place-18	-----
SMITH	Selina	1901	F	43	4498	Place-19	-----
SMITH	Joseph	1901	M	36	5075	Place-18	-----
SMITH	Jim	1901	M	35	5156	Place-25	-----
SMITH	Jim	1901	M	33	5292	Place-20	-----
SMITH	Bob	1901	M	33	5300	Place-3	-----
SMITH	Jenkins	1901	M	32	5428	Place-5	-----
SMITH	Sheila	1901	F	31	5495	Place-17	-----
SMITH	Briony	1901	F	29	5671	Place-8	-----
SMITH	Sharon	1901	F	13	7468	Place-24	-----
SMITH	Susan	1901	F	46	7437	Place-15	-----
SMITH	James	1901	M	49	4102	Place-10	-----
SMITH	Suzanne	1901	F	48	7067	Place-5	-----
SMITH	Bob	1901	M	54	3753	Place-3	-----
SMITH	Jim	1901	M	55	3659	Place-18	-----
SMITH	Jenkins	1901	M	33	5328	Place-19	-----
SMITH	Shawn	1901	M	41	4702	Place-1	-----
SMITH	James	1901	M	47	4256	Place-23	-----
SMITH	Susan	1901	F	54	5476	Place-28	-----
SMITH	James	1901	M	43	4547	Place-19	-----
SMITH	Jacob	1901	M	35	5184	Place-9	-----
SMITH	Sarah	1901	F	30	5591	Place-24	-----
SMITH	James	1901	M	25	6123	Place-26	-----
SMITH	Susan	1901	F	22	6468	Place-10	-----
SMITH	Jacob	1901	M	18	6850	Place-23	-----
SMITH	James	1901	M	18	6928	Place-15	-----
SMITH	Sarah	1901	F	16	7132	Place-16	-----
SMITH	Sharon	1901	F	16	7142	Place-2	-----
SMITH	Sheila	1901	F	57	7329	Place-5	-----
SMITH	Jim	1901	M	41	4645	Place-25	-----
SMITH	Sharon	1901	F	45	7061	Place-8	-----
SMITH	Jenkins	1901	M	40	4755	Place-20	-----
SMITH	Jenkins	1901	M	42	4574	Place-2	-----
SMITH	Selina	1901	F	41	4657	Place-27	-----
SMITH	Shawn	1901	M	33	5304	Place-0	-----
SMITH	James	1901	M	59	3414	Place-3	-----
SMITH	Sarah	1901	F	33	5325	Place-24	-----
SMITH	Selina	1901	F	39	4825	Place-29	-----
SMITH	Sarah	1901	F	37	5003	Place-19	-----
SMITH	Shawn	1901	M	34	5213	Place-20	-----
SMITH	Jim	1901	M	34	5229	Place-19	-----
SMITH	Briony	1901	F	33	5348	Place-0	-----
SMITH	Selina	1901	F	25	6085	Place-4	-----
SMITH	Sarah	1901	F	19	6774	Place-10	-----
SMITH	Selina	1901	F	16	7086	Place-1	-----
SMITH	Jacob	1901	M	16	7177	Place-14	-----
SMITH	Seonaid	1901	F	35	7179	Place-26	-----
SMITH	Sharon	1901	F	41	7183	Place-7	-----
SMITH	Seonaid	1901	F	50	7191	Place-23	-----
SMITH	Sheila	1901	F	51	7194	Place-20	-----
SMITH	James	1901	M	45	4370	Place-21	-----
SMITH	Jim	1901	M	33	5302	Place-12	-----
SMITH	Bob	1901	M	55	3676	Place-14	-----
SMITH	Paulo	1901	M	50	3999	Place-15	-----
SMITH	Jim	1901	M	45	4389	Place-10	-----
SMITH	James	1901	M	44	4451	Place-4	-----
SMITH	Seonaid	1901	F	35	5142	Place-1	-----
SMITH	Shawn	1901	M	40	4735	Place-9	-----
SMITH	Joseph	1901	M	43	4509	Place-23	-----
SMITH	Suzanne	1901	F	43	4525	Place-13	-----
SMITH	Seonaid	1901	F	22	6439	Place-2	-----
SMITH	Susan	1901	F	17	6984	Place-27	-----
SMITH	Jim	1901	M	16	7109	Place-3	-----
SMITH	Joseph	1901	M	40	4746	Place-10	-----
SMITH	Sheila	1901	F	37	5002	Place-10	-----
SMITH	Sarah	1901	F	39	4830	Place-25	-----
SMITH	Jim	1901	M	53	3809	Place-20	-----
SMITH	Sheila	1901	F	38	4909	Place-22	-----
SMITH	Sarah	1901	F	36	5082	Place-24	-----
SMITH	Jim	1901	M	44	4463	Place-15	-----
SMITH	Bob	1901	M	40	4775	Place-11	-----
SMITH	Seonaid	1901	F	29	5689	Place-6	-----
SMITH	Bob	1901	M	49	4068	Place-17	-----
SMITH	Paulo	1901	M	36	5091	Place-14	-----
SMITH	Paulo	1901	M	34	5211	Place-8	-----
SMITH	Bob	1901	M	34	5248	Place-8	-----
SMITH	Paulo	1901	M	24	6238	Place-24	-----
SMITH	Jacob	1901	M	17	7042	Place-24	-----
SMITH	Sarah	1901	F	55	6932	Place-27	-----
SMITH	Suzanne	1901	F	47	6935	Place-25	-----
SMITH	Shawn	1901	M	44	4468	Place-24	-----
SMITH	Bob	1901	M	41	4666	Place-7	-----
SMITH	Paulo	1901	M	44	4423	Place-11	-----
SMITH	Bob	1901	M	47	4259	Place-16	-----
SMITH	Paulo	1901	M	41	4713	Place-29	-----
SMITH	Briony	1901	F	23	6279	Place-20	-----
SMITH	Suzanne	1901	F	21	6574	Place-19	-----
SMITH	Selina	1901	F	42	6822	Place-6	-----
SMITH	Susan	1901	F	50	6829	Place-14	-----
SMITH	Seonaid	1901	F	50	6830	Place-23	-----
SMITH	Bob	1901	M	43	4519	Place-14	-----
SMITH	Joseph	1901	M	41	4678	Place-7	-----
SMITH	Paulo	1901	M	54	3747	Place-29	-----
SMITH	Sharon	1901	F	50	5958	Place-6	-----
SMITH	Shawn	1901	M	57	3572	Place-14	-----
SMITH	Sheila	1901	F	37	4980	Place-0	-----
SMITH	Sheila	1901	F	52	6731	Place-27	-----
SMITH	Paulo	1901	M	47	4248	Place-23	-----
SMITH	Paulo	1901	M	56	3632	Place-15	-----
SMITH	Selina	1901	F	43	4563	Place-29	-----
SMITH	Susan	1901	F	49	4094	Place-7	-----
SMITH	Sharon	1901	F	52	3899	Place-21	-----
SMITH	Shawn	1901	M	43	4515	Place-22	-----
SMITH	Jacob	1901	M	21	6549	Place-2	-----
SMITH	Shawn	1901	M	40	4720	Place-21	-----
SMITH	Joseph	1901	M	41	4642	Place-29	-----
SMITH	Seonaid	1901	F	49	4060	Place-6	-----
SMITH	Jenkins	1901	M	37	4958	Place-29	-----
SMITH	Jenkins	1901	M	48	4184	Place-11	-----
SMITH	Bob	1901	M	31	5538	Place-3	-----
SMITH	Briony	1901	F	24	6236	Place-3	-----
SMITH	James	1901	M	21	6573	Place-0	-----
SMITH	Jacob	1901	M	49	4069	Place-22	-----
SMITH	Susan	1901	F	48	4150	Place-5	-----
SMITH	Joseph	1901	M	44	4416	Place-6	-----
SMITH	James	1901	M	33	5367	Place-13	-----
SMITH	Briony	1901	F	51	6396	Place-26	-----
SMITH	Suzanne	1901	F	45	4353	Place-28	-----
SMITH	Paulo	1901	M	44	4462	Place-12	-----
SMITH	Paulo	1901	M	49	4109	Place-7	-----
SMITH	Shawn	1901	M	46	4276	Place-17	-----
SMITH	Briony	1901	F	33	5331	Place-0	-----
SMITH	Paulo	1901	M	41	4690	Place-8	-----
SMITH	Joseph	1901	M	26	6037	Place-0	-----
SMITH	Susan	1901	F	46	6073	Place-23	-----
SMITH	Jenkins	1901	M	51	3934	Place-15	-----
SMITH	Susan	1901	F	42	4628	Place-0	-----
SMITH	Jenkins	1901	M	55	3709	Place-9	-----
SMITH	Joseph	1901	M	47	4258	Place-25	-----
SMITH	Jacob	1901	M	46	4302	Place-24	-----
SMITH	Briony	1901	F	54	5374	Place-22	-----
SMITH	Bob	1901	M	50	4028	Place-14	-----
SMITH	Selina	1901	F	55	3667	Place-0	-----
SMITH	Jacob	1901	M	54	3778	Place-5	-----
SMITH	Jenkins	1901	M	41	4691	Place-4	-----
SMITH	Shawn	1901	M	38	4865	Place-8	-----
SMITH	Jacob	1901	M	44	4445	Place-28	-----
SMITH	Paulo	1901	M	57	3579	Place-5	-----
SMITH	Bob	1901	M	54	3768	Place-22	-----
SMITH	Suzanne	1901	F	49	4111	Place-4	-----
SMITH	Jim	1901	M	45	4359	Place-23	-----
SMITH	Suzanne	1901	F	43	4504	Place-23	-----
SMITH	Jenkins	1901	M	41	4665	Place-26	-----
SMITH	Sheila	1901	F	41	4687	Place-29	-----
SMITH	Bob	1901	M	40	4749	Place-9	-----
SMITH	Joseph	1901	M	40	4777	Place-28	-----
SMITH	Jim	1901	M	40	4779	Place-10	-----
SMITH	Jacob	1901	M	38	4920	Place-15	-----
SMITH	Sarah	1901	F	37	4969	Place-0	-----
SMITH	Seonaid	1901	F	37	4998	Place-20	-----
SMITH	Jenkins	1901	M	37	5001	Place-2	-----
SMITH	Selina	1901	F	36	5054	Place-24	-----
SMITH	Joseph	1901	M	36	5083	Place-7	-----
SMITH	Joseph	1901	M	36	5095	Place-21	-----
SMITH	Jim	1901	M	36	5097	Place-27	-----
SMITH	Joseph	1901	M	35	5132	Place-18	-----
SMITH	Bob	1901	M	35	5169	Place-28	-----
SMITH	Seonaid	1901	F	34	5256	Place-15	-----
SMITH	Briony	1901	F	33	5303	Place-19	-----
SMITH	Sharon	1901	F	33	5318	Place-3	-----
SMITH	Jacob	1901	M	33	5323	Place-10	-----
SMITH	Bob	1901	M	33	5324	Place-21	-----
SMITH	Jenkins	1901	M	32	5394	Place-7	-----
SMITH	Sheila	1901	F	32	5397	Place-9	-----
SMITH	Paulo	1901	M	32	5420	Place-26	-----
SMITH	Jenkins	1901	M	32	5429	Place-7	-----
SMITH	Bob	1901	M	32	5442	Place-6	-----
SMITH	Shawn	1901	M	32	5456	Place-25	-----
SMITH	Sarah	1901	F	31	5483	Place-16	-----
SMITH	Jim	1901	M	31	5498	Place-1	-----
SMITH	Jacob	1901	M	31	5556	Place-6	-----
SMITH	Paulo	1901	M	30	5624	Place-8	-----
SMITH	Joseph	1901	M	29	5673	Place-8	-----
SMITH	Paulo	1901	M	29	5685	Place-23	-----
SMITH	Susan	1901	F	29	5748	Place-15	-----
SMITH	Shawn	1901	M	28	5786	Place-14	-----
SMITH	Sharon	1901	F	28	5788	Place-12	-----
SMITH	Joseph	1901	M	28	5800	Place-24	-----
SMITH	Susan	1901	F	28	5815	Place-26	-----
SMITH	Bob	1901	M	28	5821	Place-2	-----
SMITH	Paulo	1901	M	28	5826	Place-0	-----
SMITH	Seonaid	1901	F	28	5827	Place-0	-----
SMITH	Shawn	1901	M	28	5831	Place-10	-----
SMITH	Selina	1901	F	28	5856	Place-25	-----
SMITH	Joseph	1901	M	27	5876	Place-6	-----
SMITH	Jacob	1901	M	27	5878	Place-0	-----
SMITH	Joseph	1901	M	27	5890	Place-7	-----
SMITH	Jim	1901	M	27	5910	Place-21	-----
SMITH	Jenkins	1901	M	27	5911	Place-2	-----
SMITH	Sarah	1901	F	27	5949	Place-5	-----
SMITH	Sharon	1901	F	26	5971	Place-8	-----
SMITH	Bob	1901	M	26	5973	Place-21	-----
SMITH	Paulo	1901	M	26	5995	Place-19	-----
SMITH	Jenkins	1901	M	26	6002	Place-16	-----
SMITH	Paulo	1901	M	26	6021	Place-18	-----
SMITH	Sheila	1901	F	26	6031	Place-5	-----
SMITH	Sharon	1901	F	26	6048	Place-22	-----
SMITH	Jacob	1901	M	26	6057	Place-25	-----
SMITH	Sheila	1901	F	25	6086	Place-1	-----
SMITH	Jacob	1901	M	25	6089	Place-19	-----
SMITH	Bob	1901	M	25	6101	Place-14	-----
SMITH	Paulo	1901	M	25	6102	Place-24	-----
SMITH	Seonaid	1901	F	25	6105	Place-22	-----
SMITH	Suzanne	1901	F	25	6111	Place-12	-----
SMITH	Joseph	1901	M	25	6129	Place-12	-----
SMITH	Joseph	1901	M	25	6134	Place-9	-----
SMITH	Sheila	1901	F	25	6140	Place-6	-----
SMITH	Paulo	1901	M	24	6171	Place-22	-----
SMITH	Paulo	1901	M	24	6186	Place-13	-----
SMITH	Susan	1901	F	24	6189	Place-24	-----
SMITH	Jacob	1901	M	24	6191	Place-23	-----
SMITH	Selina	1901	F	24	6198	Place-10	-----
SMITH	Jenkins	1901	M	24	6201	Place-0	-----
SMITH	Sharon	1901	F	24	6204	Place-19	-----
SMITH	Jenkins	1901	M	24	6210	Place-16	-----
SMITH	Shawn	1901	M	24	6220	Place-13	-----
SMITH	Shawn	1901	M	24	6221	Place-19	-----
SMITH	Joseph	1901	M	24	6224	Place-23	-----
SMITH	Joseph	1901	M	24	6225	Place-23	-----
SMITH	Sheila	1901	F	24	6228	Place-24	-----
SMITH	Jacob	1901	M	24	6230	Place-7	-----
SMITH	Susan	1901	F	24	6245	Place-25	-----
SMITH	Jacob	1901	M	24	6255	Place-29	-----
SMITH	Joseph	1901	M	24	6258	Place-25	-----
SMITH	Seonaid	1901	F	24	6261	Place-24	-----
SMITH	Seonaid	1901	F	23	6290	Place-8	-----
SMITH	Sheila	1901	F	23	6295	Place-29	-----
SMITH	Selina	1901	F	23	6298	Place-7	-----
SMITH	Bob	1901	M	23	6302	Place-18	-----
SMITH	Shawn	1901	M	23	6303	Place-25	-----
SMITH	Shawn	1901	M	23	6313	Place-10	-----
SMITH	Jim	1901	M	23	6322	Place-0	-----
SMITH	Sarah	1901	F	23	6323	Place-19	-----
SMITH	Paulo	1901	M	23	6329	Place-7	-----
SMITH	Joseph	1901	M	23	6332	Place-21	-----
SMITH	Bob	1901	M	23	6336	Place-14	-----
SMITH	Seonaid	1901	F	23	6343	Place-8	-----
SMITH	Sarah	1901	F	23	6347	Place-4	-----
SMITH	Briony	1901	F	23	6355	Place-24	-----
SMITH	Briony	1901	F	23	6357	Place-10	-----
SMITH	Paulo	1901	M	23	6359	Place-1	-----
SMITH	Selina	1901	F	23	6362	Place-19	-----
SMITH	Selina	1901	F	23	6364	Place-26	-----
SMITH	Sarah	1901	F	23	6368	Place-25	-----
SMITH	Susan	1901	F	23	6371	Place-6	-----
SMITH	Sarah	1901	F	23	6381	Place-0	-----
SMITH	Jim	1901	M	23	6385	Place-9	-----
SMITH	Briony	1901	F	22	6399	Place-3	-----
SMITH	James	1901	M	22	6411	Place-23	-----
SMITH	Bob	1901	M	22	6427	Place-8	-----
SMITH	Suzanne	1901	F	22	6443	Place-0	-----
SMITH	Paulo	1901	M	22	6446	Place-15	-----
SMITH	Joseph	1901	M	22	6449	Place-13	-----
SMITH	Sarah	1901	F	22	6453	Place-19	-----
SMITH	Sheila	1901	F	22	6454	Place-17	-----
SMITH	Briony	1901	F	22	6465	Place-20	-----
SMITH	Bob	1901	M	22	6480	Place-21	-----
SMITH	Sheila	1901	F	22	6485	Place-22	-----
SMITH	Selina	1901	F	22	6487	Place-29	-----
SMITH	Bob	1901	M	22	6491	Place-23	-----
SMITH	James	1901	M	22	6497	Place-9	-----
SMITH	Bob	1901	M	21	6508	Place-22	-----
SMITH	Sheila	1901	F	21	6509	Place-22	-----
SMITH	Bob	1901	M	21	6515	Place-26	-----
SMITH	Susan	1901	F	21	6516	Place-23	-----
SMITH	Joseph	1901	M	21	6519	Place-2	-----
SMITH	Bob	1901	M	21	6520	Place-11	-----
SMITH	James	1901	M	21	6522	Place-17	-----
SMITH	Sharon	1901	F	21	6523	Place-12	-----
SMITH	Sharon	1901	F	21	6524	Place-19	-----
SMITH	Sharon	1901	F	21	6526	Place-21	-----
SMITH	Selina	1901	F	21	6534	Place-25	-----
SMITH	Joseph	1901	M	21	6540	Place-8	-----
SMITH	Selina	1901	F	21	6550	Place-29	-----
SMITH	Jenkins	1901	M	21	6554	Place-17	-----
SMITH	Jenkins	1901	M	21	6555	Place-6	-----
SMITH	Jenkins	1901	M	21	6563	Place-26	-----
SMITH	Susan	1901	F	21	6585	Place-2	-----
SMITH	Suzanne	1901	F	20	6610	Place-7	-----
SMITH	Suzanne	1901	F	20	6618	Place-14	-----
SMITH	Shawn	1901	M	20	6628	Place-6	-----
SMITH	Jenkins	1901	M	20	6630	Place-3	-----
SMITH	Shawn	1901	M	20	6636	Place-29	-----
SMITH	Selina	1901	F	20	6638	Place-17	-----
SMITH	James	1901	M	20	6640	Place-1	-----
SMITH	Susan	1901	F	20	6641	Place-7	-----
SMITH	Sarah	1901	F	20	6644	Place-20	-----
SMITH	Susan	1901	F	20	6645	Place-2	-----
SMITH	James	1901	M	20	6647	Place-22	-----
SMITH	Jenkins	1901	M	20	6649	Place-24	-----
SMITH	Susan	1901	F	20	6654	Place-26	-----
SMITH	Selina	1901	F	20	6656	Place-17	-----
SMITH	Sheila	1901	F	20	6659	Place-14	-----
SMITH	Jenkins	1901	M	20	6660	Place-16	-----
SMITH	Sarah	1901	F	20	6663	Place-6	-----
SMITH	Shawn	1901	M	20	6677	Place-28	-----
SMITH	Sarah	1901	F	20	6678	Place-5	-----
SMITH	Sarah	1901	F	20	6681	Place-23	-----
SMITH	Jacob	1901	M	20	6684	Place-26	-----
SMITH	Briony	1901	F	20	6714	Place-15	-----
SMITH	Suzanne	1901	F	19	6738	Place-17	-----
SMITH	Shawn	1901	M	19	6744	Place-26	-----
SMITH	Seonaid	1901	F	19	6748	Place-14	-----
SMITH	Bob	1901	M	19	6750	Place-9	-----
SMITH	James	1901	M	19	6753	Place-26	-----
SMITH	Shawn	1901	M	19	6755	Place-12	-----
SMITH	Suzanne	1901	F	19	6764	Place-1	-----
SMITH	Jim	1901	M	19	6766	Place-17	-----
SMITH	Jim	1901	M	19	6767	Place-20	-----
SMITH	Susan	1901	F	19	6770	Place-12	-----
SMITH	Paulo	1901	M	19	6773	Place-7	-----
SMITH	Sharon	1901	F	19	6779	Place-29	-----
SMITH	James	1901	M	19	6781	Place-16	-----
SMITH	Suzanne	1901	F	19	6789	Place-3	-----
SMITH	Sharon	1901	F	19	6793	Place-23	-----
SMITH	Jacob	1901	M	19	6798	Place-5	-----
SMITH	Sarah	1901	F	19	6806	Place-20	-----
SMITH	Briony	1901	F	19	6807	Place-21	-----
SMITH	Selina	1901	F	19	6809	Place-21	-----
SMITH	Selina	1901	F	19	6810	Place-9	-----
SMITH	Paulo	1901	M	19	6812	Place-4	-----
SMITH	Joseph	1901	M	19	6817	Place-7	-----
SMITH	Briony	1901	F	19	6819	Place-15	-----
SMITH	Sharon	1901	F	18	6835	Place-14	-----
SMITH	Paulo	1901	M	18	6837	Place-14	-----
SMITH	Sheila	1901	F	18	6840	Place-4	-----
SMITH	Jim	1901	M	18	6841	Place-22	-----
SMITH	Jim	1901	M	18	6843	Place-9	-----
SMITH	Seonaid	1901	F	18	6846	Place-1	-----
SMITH	Jim	1901	M	18	6848	Place-22	-----
SMITH	Jenkins	1901	M	18	6849	Place-23	-----
SMITH	Shawn	1901	M	18	6853	Place-18	-----
SMITH	Jenkins	1901	M	18	6856	Place-26	-----
SMITH	Susan	1901	F	18	6857	Place-5	-----
SMITH	Briony	1901	F	18	6860	Place-0	-----
SMITH	Bob	1901	M	18	6862	Place-10	-----
SMITH	Jacob	1901	M	18	6865	Place-16	-----
SMITH	Jacob	1901	M	18	6866	Place-20	-----
SMITH	Susan	1901	F	18	6874	Place-7	-----
SMITH	James	1901	M	18	6876	Place-27	-----
SMITH	Sarah	1901	F	18	6878	Place-14	-----
SMITH	Jim	1901	M	18	6879	Place-18	-----
SMITH	Jacob	1901	M	18	6883	Place-4	-----
SMITH	Jim	1901	M	18	6884	Place-1	-----
SMITH	Paulo	1901	M	18	6887	Place-4	-----
SMITH	Bob	1901	M	18	6888	Place-13	-----
SMITH	Bob	1901	M	18	6896	Place-27	-----
SMITH	Sheila	1901	F	18	6910	Place-7	-----
SMITH	James	1901	M	18	6913	Place-21	-----
SMITH	Jacob	1901	M	18	6921	Place-28	-----
SMITH	Susan	1901	F	18	6924	Place-3	-----
SMITH	Seonaid	1901	F	18	6926	Place-9	-----
SMITH	Sharon	1901	F	18	6929	Place-28	-----
SMITH	Joseph	1901	M	17	6950	Place-22	-----
SMITH	Sheila	1901	F	17	6951	Place-27	-----
SMITH	Joseph	1901	M	17	6953	Place-7	-----
SMITH	Jacob	1901	M	17	6954	Place-1	-----
SMITH	James	1901	M	17	6955	Place-9	-----
SMITH	Shawn	1901	M	17	6956	Place-29	-----
SMITH	Shawn	1901	M	17	6958	Place-6	-----
SMITH	Suzanne	1901	F	17	6959	Place-24	-----
SMITH	Susan	1901	F	17	6961	Place-18	-----
SMITH	Jenkins	1901	M	17	6962	Place-4	-----
SMITH	Bob	1901	M	17	6963	Place-7	-----
SMITH	Shawn	1901	M	17	6967	Place-9	-----
SMITH	Joseph	1901	M	17	6968	Place-4	-----
SMITH	Paulo	1901	M	17	6971	Place-6	-----
SMITH	Sarah	1901	F	17	6972	Place-29	-----
SMITH	Briony	1901	F	17	6976	Place-21	-----
SMITH	Jacob	1901	M	17	6981	Place-28	-----
SMITH	Paulo	1901	M	17	6982	Place-26	-----
SMITH	Susan	1901	F	17	6985	Place-6	-----
SMITH	James	1901	M	17	6987	Place-28	-----
SMITH	Paulo	1901	M	17	6990	Place-14	-----
SMITH	Sarah	1901	F	17	6991	Place-15	-----
SMITH	Jacob	1901	M	17	6995	Place-27	-----
SMITH	Seonaid	1901	F	17	7003	Place-19	-----
SMITH	Seonaid	1901	F	17	7005	Place-17	-----
SMITH	Sheila	1901	F	17	7009	Place-17	-----
SMITH	Bob	1901	M	17	7010	Place-7	-----
SMITH	Jim	1901	M	17	7012	Place-5	-----
SMITH	Paulo	1901	M	17	7017	Place-0	-----
SMITH	James	1901	M	17	7020	Place-5	-----
SMITH	Selina	1901	F	17	7023	Place-11	-----
SMITH	Sarah	1901	F	17	7025	Place-21	-----
SMITH	Selina	1901	F	17	7027	Place-0	-----
SMITH	Joseph	1901	M	17	7035	Place-13	-----
SMITH	James	1901	M	17	7036	Place-24	-----
SMITH	Bob	1901	M	17	7043	Place-18	-----
SMITH	Shawn	1901	M	17	7044	Place-3	-----
SMITH	Bob	1901	M	17	7045	Place-11	-----
SMITH	Shawn	1901	M	17	7046	Place-23	-----
SMITH	Suzanne	1901	F	17	7048	Place-27	-----
SMITH	Sharon	1901	F	17	7051	Place-24	-----
SMITH	Seonaid	1901	F	17	7053	Place-10	-----
SMITH	Paulo	1901	M	17	7054	Place-28	-----
SMITH	Sharon	1901	F	17	7055	Place-13	-----
SMITH	Susan	1901	F	16	7071	Place-13	-----
SMITH	Briony	1901	F	16	7074	Place-5	-----
SMITH	Sharon	1901	F	16	7076	Place-28	-----
SMITH	Seonaid	1901	F	16	7077	Place-29	-----
SMITH	Suzanne	1901	F	16	7078	Place-15	-----
SMITH	Susan	1901	F	16	7081	Place-17	-----
SMITH	James	1901	M	16	7082	Place-5	-----
SMITH	Briony	1901	F	16	7083	Place-17	-----
SMITH	Sharon	1901	F	16	7085	Place-22	-----
SMITH	Seonaid	1901	F	16	7089	Place-12	-----
SMITH	Sharon	1901	F	16	7091	Place-20	-----
SMITH	Joseph	1901	M	16	7094	Place-24	-----
SMITH	Bob	1901	M	16	7098	Place-29	-----
SMITH	Sheila	1901	F	16	7100	Place-28	-----
SMITH	Seonaid	1901	F	16	7101	Place-16	-----
SMITH	Seonaid	1901	F	16	7103	Place-27	-----
SMITH	Sheila	1901	F	16	7105	Place-2	-----
SMITH	James	1901	M	16	7107	Place-0	-----
SMITH	Susan	1901	F	16	7110	Place-9	-----
SMITH	Briony	1901	F	16	7111	Place-21	-----
SMITH	James	1901	M	16	7116	Place-17	-----
SMITH	Shawn	1901	M	16	7120	Place-21	-----
SMITH	Jenkins	1901	M	16	7121	Place-18	-----
SMITH	James	1901	M	16	7122	Place-25	-----
SMITH	Susan	1901	F	16	7124	Place-24	-----
SMITH	Sheila	1901	F	16	7128	Place-24	-----
SMITH	Selina	1901	F	16	7130	Place-1	-----
SMITH	Shawn	1901	M	16	7135	Place-16	-----
SMITH	Selina	1901	F	16	7138	Place-25	-----
SMITH	Sheila	1901	F	16	7139	Place-8	-----
SMITH	Sheila	1901	F	16	7141	Place-27	-----
SMITH	Briony	1901	F	16	7143	Place-7	-----
SMITH	Sheila	1901	F	16	7146	Place-24	-----
SMITH	Shawn	1901	M	16	7147	Place-18	-----
SMITH	James	1901	M	16	7149	Place-15	-----
SMITH	Seonaid	1901	F	16	7151	Place-14	-----
SMITH	Suzanne	1901	F	16	7155	Place-23	-----
SMITH	Jim	1901	M	16	7158	Place-22	-----
SMITH	James	1901	M	16	7159	Place-20	-----
SMITH	James	1901	M	16	7162	Place-14	-----
SMITH	Shawn	1901	M	16	7163	Place-20	-----
SMITH	Suzanne	1901	F	16	7164	Place-9	-----
SMITH	Sarah	1901	F	16	7165	Place-5	-----
SMITH	Jenkins	1901	M	16	7166	Place-22	-----
SMITH	Sarah	1901	F	16	7168	Place-28	-----
SMITH	Sarah	1901	F	16	7173	Place-20	-----
SMITH	Jacob	1901	M	16	7176	Place-17	-----
SMITH	Bob	1901	M	15	7200	Place-24	-----
SMITH	Jim	1901	M	15	7202	Place-25	-----
SMITH	Seonaid	1901	F	15	7203	Place-15	-----
SMITH	Seonaid	1901	F	15	7209	Place-26	-----
SMITH	Suzanne	1901	F	15	7212	Place-25	-----
SMITH	Selina	1901	F	15	7216	Place-17	-----
SMITH	Paulo	1901	M	15	7218	Place-17	-----
SMITH	Jim	1901	M	15	7219	Place-6	-----
SMITH	Briony	1901	F	15	7221	Place-21	-----
SMITH	Suzanne	1901	F	15	7222	Place-12	-----
SMITH	Sheila	1901	F	15	7226	Place-27	-----
SMITH	James	1901	M	15	7229	Place-27	-----
SMITH	Briony	1901	F	15	7230	Place-19	-----
SMITH	Suzanne	1901	F	15	7234	Place-18	-----
SMITH	Bob	1901	M	15	7236	Place-23	-----
SMITH	Jacob	1901	M	15	7237	Place-6	-----
SMITH	Seonaid	1901	F	15	7239	Place-7	-----
SMITH	Sharon	1901	F	15	7240	Place-6	-----
SMITH	Suzanne	1901	F	15	7244	Place-9	-----
SMITH	Briony	1901	F	15	7248	Place-21	-----
SMITH	Suzanne	1901	F	15	7249	Place-29	-----
SMITH	Sharon	1901	F	15	7254	Place-18	-----
SMITH	Jim	1901	M	15	7256	Place-17	-----
SMITH	Seonaid	1901	F	15	7258	Place-1	-----
SMITH	Selina	1901	F	15	7259	Place-22	-----
SMITH	Seonaid	1901	F	15	7260	Place-6	-----
SMITH	Joseph	1901	M	15	7262	Place-0	-----
SMITH	Joseph	1901	M	15	7263	Place-26	-----
SMITH	Jenkins	1901	M	15	7265	Place-17	-----
SMITH	Jacob	1901	M	15	7267	Place-23	-----
SMITH	Joseph	1901	M	15	7269	Place-17	-----
SMITH	Sharon	1901	F	15	7270	Place-16	-----
SMITH	Selina	1901	F	15	7274	Place-26	-----
SMITH	Jenkins	1901	M	15	7279	Place-21	-----
SMITH	Joseph	1901	M	15	7281	Place-6	-----
SMITH	Selina	1901	F	15	7285	Place-23	-----
SMITH	Sheila	1901	F	15	7286	Place-12	-----
SMITH	Jacob	1901	M	15	7291	Place-9	-----
SMITH	James	1901	M	15	7294	Place-26	-----
SMITH	Sharon	1901	F	15	7297	Place-24	-----
SMITH	Shawn	1901	M	15	7299	Place-13	-----
SMITH	Jim	1901	M	15	7300	Place-25	-----
SMITH	Suzanne	1901	F	15	7301	Place-27	-----
SMITH	Sarah	1901	F	15	7306	Place-29	-----
SMITH	Sarah	1901	F	15	7310	Place-25	-----
SMITH	Briony	1901	F	15	7311	Place-6	-----
SMITH	Selina	1901	F	15	7312	Place-12	-----
SMITH	Sheila	1901	F	15	7314	Place-7	-----
SMITH	Joseph	1901	M	15	7315	Place-28	-----
SMITH	Selina	1901	F	14	7335	Place-26	-----
SMITH	Bob	1901	M	14	7336	Place-23	-----
SMITH	Jenkins	1901	M	14	7339	Place-25	-----
SMITH	Seonaid	1901	F	14	7342	Place-21	-----
SMITH	Susan	1901	F	14	7344	Place-16	-----
SMITH	Bob	1901	M	14	7346	Place-15	-----
SMITH	Joseph	1901	M	14	7347	Place-22	-----
SMITH	Sheila	1901	F	14	7349	Place-18	-----
SMITH	Shawn	1901	M	14	7352	Place-15	-----
SMITH	Jacob	1901	M	14	7355	Place-13	-----
SMITH	Sheila	1901	F	14	7358	Place-2	-----
SMITH	James	1901	M	14	7362	Place-15	-----
SMITH	Jacob	1901	M	14	7363	Place-14	-----
SMITH	Seonaid	1901	F	14	7365	Place-12	-----
SMITH	Jim	1901	M	14	7368	Place-10	-----
SMITH	Briony	1901	F	14	7370	Place-23	-----
SMITH	Joseph	1901	M	14	7374	Place-23	-----
SMITH	Bob	1901	M	14	7375	Place-20	-----
SMITH	Jacob	1901	M	14	7377	Place-3	-----
SMITH	Shawn	1901	M	14	7378	Place-20	-----
SMITH	Shawn	1901	M	14	7379	Place-18	-----
SMITH	Jacob	1901	M	14	7381	Place-27	-----
SMITH	Sarah	1901	F	14	7382	Place-7	-----
SMITH	Jim	1901	M	14	7383	Place-5	-----
SMITH	James	1901	M	14	7385	Place-20	-----
SMITH	James	1901	M	14	7386	Place-0	-----
SMITH	Briony	1901	F	14	7389	Place-27	-----
SMITH	Bob	1901	M	14	7390	Place-4	-----
SMITH	Sharon	1901	F	14	7391	Place-26	-----
SMITH	Jenkins	1901	M	14	7395	Place-3	-----
SMITH	Briony	1901	F	14	7396	Place-22	-----
SMITH	Sharon	1901	F	14	7397	Place-8	-----
SMITH	Paulo	1901	M	14	7399	Place-10	-----
SMITH	James	1901	M	14	7400	Place-0	-----
SMITH	Sheila	1901	F	14	7403	Place-26	-----
SMITH	Briony	1901	F	14	7411	Place-19	-----
SMITH	Paulo	1901	M	14	7414	Place-3	-----
SMITH	Suzanne	1901	F	14	7416	Place-6	-----
SMITH	Joseph	1901	M	14	7418	Place-24	-----
SMITH	Selina	1901	F	14	7419	Place-27	-----
SMITH	Selina	1901	F	14	7423	Place-11	-----
SMITH	Shawn	1901	M	14	7425	Place-9	-----
SMITH	Sheila	1901	F	14	7427	Place-6	-----
SMITH	Paulo	1901	M	13	7451	Place-0	-----
SMITH	Paulo	1901	M	13	7455	Place-24	-----
SMITH	Sheila	1901	F	13	7457	Place-11	-----
SMITH	Sarah	1901	F	13	7458	Place-28	-----
SMITH	Selina	1901	F	13	7461	Place-15	-----
SMITH	Shawn	1901	M	13	7465	Place-7	-----
SMITH	Sarah	1901	F	13	7467	Place-0	-----
SMITH	Jenkins	1901	M	13	7472	Place-4	-----
SMITH	Selina	1901	F	13	7476	Place-2	-----
SMITH	Sharon	1901	F	13	7479	Place-20	-----
SMITH	Shawn	1901	M	13	7482	Place-7	-----
SMITH	Seonaid	1901	F	13	7483	Place-17	-----
SMITH	Joseph	1901	M	13	7485	Place-6	-----
SMITH	Selina	1901	F	13	7488	Place-7	-----
SMITH	Jenkins	1901	M	13	7489	Place-11	-----
SMITH	Shawn	1901	M	13	7490	Place-23	-----
SMITH	Briony	1901	F	13	7491	Place-16	-----
SMITH	Joseph	1901	M	13	7494	Place-4	-----
SMITH	Sarah	1901	F	13	7496	Place-21	-----
SMITH	Briony	1901	F	13	7498	Place-23	-----
SMITH	Joseph	1901	M	13	7499	Place-19	-----
SMITH	Joseph	1901	M	13	7500	Place-8	-----
SMITH	Jenkins	1901	M	13	7502	Place-17	-----
SMITH	Jacob	1901	M	13	7505	Place-5	-----
SMITH	Shawn	1901	M	13	7507	Place-13	-----
SMITH	Jenkins	1901	M	13	7516	Place-17	-----
SMITH	Susan	1901	F	13	7519	Place-11	-----
SMITH	Sharon	1901	F	13	7521	Place-6	-----
SMITH	James	1901	M	13	7522	Place-23	-----
SMITH	Shawn	1901	M	13	7523	Place-19	-----
SMITH	Jim	1901	M	13	7526	Place-9	-----
SMITH	Suzanne	1901	F	13	7528	Place-10	-----
SMITH	Jacob	1901	M	13	7530	Place-19	-----
SMITH	Selina	1901	F	13	7531	Place-25	-----
SMITH	Bob	1901	M	13	7533	Place-23	-----
SMITH	Paulo	1901	M	13	7536	Place-28	-----
SMITH	Shawn	1901	M	13	7538	Place-4	-----
SMITH	Sharon	1901	F	13	7542	Place-18	-----
SMITH	Bob	1901	M	13	7543	Place-27	-----
SMITH	Jacob	1901	M	13	7547	Place-17	-----
SMITH	Jacob	1901	M	13	7548	Place-2	-----
SMITH	Sarah	1901	F	13	7551	Place-1	-----
SMITH	Susan	1901	F	13	7552	Place-0	-----
SMITH	Susan	1901	F	13	7554	Place-5	-----
SMITH	Bob	1901	M	12	7578	Place-23	-----
SMITH	James	1901	M	12	7580	Place-5	-----
SMITH	Joseph	1901	M	12	7582	Place-17	-----
SMITH	Sarah	1901	F	12	7585	Place-17	-----
SMITH	James	1901	M	12	7586	Place-8	-----
SMITH	Jacob	1901	M	12	7589	Place-8	-----
SMITH	Paulo	1901	M	12	7593	Place-28	-----
SMITH	Paulo	1901	M	12	7594	Place-1	-----
SMITH	Sharon	1901	F	12	7595	Place-1	-----
SMITH	Suzanne	1901	F	12	7596	Place-21	-----
SMITH	Bob	1901	M	12	7599	Place-0	-----
SMITH	Sarah	1901	F	12	7601	Place-25	-----
SMITH	Briony	1901	F	12	7603	Place-0	-----
SMITH	Jenkins	1901	M	12	7604	Place-29	-----
SMITH	Susan	1901	F	12	7607	Place-21	-----
SMITH	Joseph	1901	M	12	7609	Place-20	-----
SMITH	Bob	1901	M	12	7614	Place-1	-----
SMITH	Shawn	1901	M	12	7618	Place-2	-----
SMITH	Suzanne	1901	F	12	7620	Place-12	-----
SMITH	Jacob	1901	M	12	7624	Place-11	-----
SMITH	Shawn	1901	M	12	7625	Place-8	-----
SMITH	Jenkins	1901	M	12	7630	Place-14	-----
SMITH	Sarah	1901	F	12	7631	Place-6	-----
SMITH	Sarah	1901	F	12	7632	Place-14	-----
SMITH	Susan	1901	F	12	7633	Place-18	-----
SMITH	Joseph	1901	M	12	7634	Place-0	-----
SMITH	Seonaid	1901	F	12	7635	Place-5	-----
SMITH	Susan	1901	F	12	7638	Place-17	-----
SMITH	Seonaid	1901	F	12	7643	Place-9	-----
SMITH	Shawn	1901	M	12	7644	Place-3	-----
SMITH	Jim	1901	M	12	7646	Place-6	-----
SMITH	Briony	1901	F	12	7647	Place-2	-----
SMITH	Jim	1901	M	12	7649	Place-17	-----
SMITH	Sarah	1901	F	12	7652	Place-11	-----
SMITH	Jacob	1901	M	12	7653	Place-27	-----
SMITH	Suzanne	1901	F	12	7657	Place-26	-----
SMITH	Shawn	1901	M	12	7658	Place-9	-----
SMITH	Jim	1901	M	12	7659	Place-19	-----
SMITH	Sarah	1901	F	12	7663	Place-0	-----
SMITH	Joseph	1901	M	12	7664	Place-8	-----
SMITH	Jenkins	1901	M	12	7665	Place-0	-----
SMITH	Briony	1901	F	12	7667	Place-6	-----
SMITH	Jim	1901	M	12	7668	Place-11	-----
SMITH	Susan	1901	F	12	7669	Place-2	-----
SMITH	Suzanne	1901	F	12	7671	Place-16	-----
SMITH	Sheila	1901	F	12	7674	Place-25	-----
SMITH	Selina	1901	F	12	7675	Place-13	-----
SMITH	Sheila	1901	F	12	7676	Place-28	-----
SMITH	Joseph	1901	M	12	7679	Place-24	-----
SMITH	Shawn	1901	M	12	7681	Place-21	-----
SMITH	Seonaid	1901	F	12	7684	Place-9	-----
SMITH	Selina	1901	F	12	7685	Place-7	-----
SMITH	Jim	1901	M	12	7687	Place-7	-----
SMITH	Joseph	1901	M	12	7688	Place-10	-----
SMITH	Paulo	1901	M	12	7690	Place-25	-----
SMITH	Sheila	1901	F	11	7702	Place-12	-----
SMITH	Shawn	1901	M	11	7705	Place-19	-----
SMITH	Bob	1901	M	11	7710	Place-1	-----
SMITH	Jenkins	1901	M	11	7711	Place-15	-----
SMITH	Jacob	1901	M	11	7713	Place-21	-----
SMITH	Jacob	1901	M	11	7714	Place-12	-----
SMITH	Joseph	1901	M	11	7717	Place-2	-----
SMITH	Joseph	1901	M	11	7720	Place-15	-----
SMITH	Bob	1901	M	11	7721	Place-19	-----
SMITH	Jenkins	1901	M	11	7723	Place-18	-----
SMITH	Shawn	1901	M	11	7725	Place-18	-----
SMITH	Jacob	1901	M	11	7726	Place-23	-----
SMITH	Paulo	1901	M	11	7732	Place-23	-----
SMITH	Shawn	1901	M	11	7735	Place-15	-----
SMITH	Paulo	1901	M	11	7737	Place-20	-----
SMITH	Jenkins	1901	M	11	7739	Place-20	-----
SMITH	Suzanne	1901	F	11	7742	Place-28	-----
SMITH	Joseph	1901	M	11	7745	Place-15	-----
SMITH	Jim	1901	M	11	7748	Place-5	-----
SMITH	Briony	1901	F	11	7751	Place-22	-----
SMITH	Susan	1901	F	11	7752	Place-29	-----
SMITH	Briony	1901	F	11	7754	Place-22	-----
SMITH	Jim	1901	M	11	7755	Place-12	-----
SMITH	Sheila	1901	F	11	7760	Place-29	-----
SMITH	Sarah	1901	F	11	7764	Place-6	-----
SMITH	Selina	1901	F	11	7766	Place-22	-----
SMITH	Bob	1901	M	11	7770	Place-3	-----
SMITH	Sarah	1901	F	11	7771	Place-0	-----
SMITH	Sheila	1901	F	11	7772	Place-11	-----
SMITH	Briony	1901	F	11	7774	Place-27	-----
SMITH	Sheila	1901	F	11	7781	Place-13	-----
SMITH	Jim	1901	M	11	7782	Place-17	-----
SMITH	Jim	1901	M	11	7784	Place-7	-----
SMITH	Selina	1901	F	11	7785	Place-17	-----
SMITH	Selina	1901	F	11	7788	Place-7	-----
SMITH	Seonaid	1901	F	11	7792	Place-23	-----
SMITH	Seonaid	1901	F	11	7796	Place-1	-----
SMITH	Shawn	1901	M	11	7798	Place-28	-----
SMITH	Sharon	1901	F	11	7799	Place-17	-----
SMITH	Jenkins	1901	M	11	7801	Place-25	-----
SMITH	Briony	1901	F	11	7803	Place-29	-----
SMITH	Sharon	1901	F	11	7804	Place-22	-----
SMITH	Briony	1901	F	10	7825	Place-25	-----
SMITH	Sarah	1901	F	10	7826	Place-13	-----
SMITH	Bob	1901	M	10	7829	Place-4	-----
SMITH	Jenkins	1901	M	10	7833	Place-14	-----
SMITH	Jim	1901	M	10	7834	Place-6	-----
SMITH	Sharon	1901	F	10	7835	Place-22	-----
SMITH	Joseph	1901	M	10	7836	Place-29	-----
SMITH	Jenkins	1901	M	10	7837	Place-17	-----
SMITH	Briony	1901	F	10	7838	Place-24	-----
SMITH	Susan	1901	F	10	7839	Place-14	-----
SMITH	Bob	1901	M	10	7840	Place-8	-----
SMITH	Seonaid	1901	F	10	7841	Place-0	-----
SMITH	Suzanne	1901	F	10	7842	Place-3	-----
SMITH	James	1901	M	10	7845	Place-23	-----
SMITH	Selina	1901	F	10	7848	Place-2	-----
SMITH	Sharon	1901	F	10	7849	Place-15	-----
SMITH	James	1901	M	10	7850	Place-8	-----
SMITH	Joseph	1901	M	10	7853	Place-17	-----
SMITH	Sharon	1901	F	10	7856	Place-5	-----
SMITH	Sheila	1901	F	10	7859	Place-13	-----
SMITH	Susan	1901	F	10	7860	Place-24	-----
SMITH	Jim	1901	M	10	7864	Place-8	-----
SMITH	Selina	1901	F	10	7867	Place-8	-----
SMITH	Jim	1901	M	10	7871	Place-24	-----
SMITH	Sheila	1901	F	10	7873	Place-4	-----
SMITH	Suzanne	1901	F	10	7875	Place-15	-----
SMITH	James	1901	M	10	7879	Place-7	-----
SMITH	Jacob	1901	M	10	7880	Place-29	-----
SMITH	Jenkins	1901	M	10	7881	Place-27	-----
SMITH	Jacob	1901	M	10	7884	Place-25	-----
SMITH	Selina	1901	F	10	7886	Place-29	-----
SMITH	Paulo	1901	M	10	7895	Place-17	-----
SMITH	Joseph	1901	M	10	7897	Place-17	-----
SMITH	Susan	1901	F	10	7898	Place-21	-----
SMITH	Paulo	1901	M	10	7899	Place-9	-----
SMITH	Briony	1901	F	10	7901	Place-26	-----
SMITH	Jim	1901	M	10	7905	Place-19	-----
SMITH	Seonaid	1901	F	10	7906	Place-0	-----
SMITH	James	1901	M	10	7908	Place-14	-----
SMITH	Sarah	1901	F	10	7911	Place-10	-----
SMITH	Sharon	1901	F	10	7912	Place-13	-----
SMITH	Bob	1901	M	10	7913	Place-28	-----
SMITH	James	1901	M	10	7916	Place-0	-----
SMITH	Joseph	1901	M	10	7921	Place-0	-----
SMITH	Susan	1901	F	10	7924	Place-3	-----
SMITH	Jim	1901	M	10	7926	Place-16	-----
SMITH	Seonaid	1901	F	10	7928	Place-8	-----
SMITH	Jacob	1901	M	10	7930	Place-29	-----
SMITH	Bob	1901	M	9	7954	Place-9	-----
SMITH	Shawn	1901	M	9	7957	Place-11	-----
SMITH	Susan	1901	F	9	7958	Place-22	-----
SMITH	James	1901	M	9	7961	Place-23	-----
SMITH	Seonaid	1901	F	9	7963	Place-8	-----
SMITH	Selina	1901	F	9	7964	Place-21	-----
SMITH	Suzanne	1901	F	9	7967	Place-18	-----
SMITH	Suzanne	1901	F	9	7969	Place-5	-----
SMITH	Sheila	1901	F	9	7970	Place-1	-----
SMITH	Suzanne	1901	F	9	7971	Place-13	-----
SMITH	Jim	1901	M	9	7972	Place-7	-----
SMITH	Jim	1901	M	9	7973	Place-22	-----
SMITH	Seonaid	1901	F	9	7974	Place-20	-----
SMITH	Bob	1901	M	9	7975	Place-6	-----
SMITH	Briony	1901	F	9	7976	Place-8	-----
SMITH	James	1901	M	9	7978	Place-0	-----
SMITH	Seonaid	1901	F	9	7979	Place-16	-----
SMITH	James	1901	M	9	7981	Place-22	-----
SMITH	James	1901	M	9	7982	Place-28	-----
SMITH	Briony	1901	F	9	7983	Place-27	-----
SMITH	Susan	1901	F	9	7984	Place-12	-----
SMITH	Suzanne	1901	F	9	7986	Place-24	-----
SMITH	Susan	1901	F	9	7987	Place-27	-----
SMITH	Sheila	1901	F	9	7988	Place-27	-----
SMITH	James	1901	M	9	7990	Place-25	-----
SMITH	Bob	1901	M	9	7991	Place-0	-----
SMITH	Jacob	1901	M	9	7994	Place-10	-----
SMITH	Shawn	1901	M	9	7997	Place-1	-----
SMITH	Selina	1901	F	9	7998	Place-6	-----
SMITH	Shawn	1901	M	9	7999	Place-17	-----
SMITH	Sarah	1901	F	9	8002	Place-2	-----
SMITH	Sharon	1901	F	9	8006	Place-25	-----
SMITH	Briony	1901	F	9	8008	Place-9	-----
SMITH	Bob	1901	M	9	8009	Place-8	-----
SMITH	Shawn	1901	M	9	8010	Place-9	-----
SMITH	Jenkins	1901	M	9	8015	Place-24	-----
SMITH	Briony	1901	F	9	8016	Place-13	-----
SMITH	Paulo	1901	M	9	8017	Place-25	-----
SMITH	Joseph	1901	M	9	8019	Place-25	-----
SMITH	Briony	1901	F	9	8020	Place-13	-----
SMITH	Selina	1901	F	9	8021	Place-0	-----
SMITH	Seonaid	1901	F	9	8026	Place-23	-----
SMITH	Sarah	1901	F	9	8028	Place-13	-----
SMITH	Jenkins	1901	M	9	8029	Place-13	-----
SMITH	Shawn	1901	M	9	8030	Place-25	-----
SMITH	Briony	1901	F	9	8032	Place-25	-----
SMITH	Sharon	1901	F	9	8033	Place-24	-----
SMITH	Seonaid	1901	F	9	8034	Place-14	-----
SMITH	Bob	1901	M	9	8036	Place-29	-----
SMITH	Joseph	1901	M	9	8039	Place-8	-----
SMITH	Joseph	1901	M	9	8040	Place-16	-----
SMITH	Susan	1901	F	9	8042	Place-20	-----
SMITH	Seonaid	1901	F	9	8043	Place-27	-----
SMITH	James	1901	M	9	8046	Place-28	-----
SMITH	Susan	1901	F	9	8048	Place-6	-----
SMITH	Seonaid	1901	F	9	8050	Place-27	-----
SMITH	Jacob	1901	M	9	8051	Place-15	-----
SMITH	Sarah	1901	F	9	8054	Place-24	-----
SMITH	James	1901	M	9	8058	Place-2	-----
SMITH	Paulo	1901	M	9	8061	Place-16	-----
SMITH	Susan	1901	F	9	8062	Place-21	-----
SMITH	Bob	1901	M	9	8063	Place-27	-----
SMITH	Seonaid	1901	F	9	8065	Place-8	-----
SMITH	Bob	1901	M	9	8068	Place-21	-----
SMITH	Joseph	1901	M	9	8070	Place-0	-----
SMITH	Selina	1901	F	9	8072	Place-0	-----
SMITH	Joseph	1901	M	9	8073	Place-8	-----
SMITH	James	1901	M	9	8075	Place-23	-----
SMITH	James	1901	M	9	8076	Place-29	-----
SMITH	Sarah	1901	F	9	8078	Place-22	-----
SMITH	James	1901	M	9	8079	Place-8	-----
SMITH	Bob	1901	M	9	8081	Place-9	-----
SMITH	Jacob	1901	M	9	8082	Place-4	-----
SMITH	Selina	1901	F	9	8083	Place-23	-----
SMITH	Jenkins	1901	M	9	8087	Place-24	-----
SMITH	Suzanne	1901	F	9	8090	Place-19	-----
SMITH	Jenkins	1901	M	9	8091	Place-15	-----
SMITH	Selina	1901	F	9	8092	Place-17	-----
SMITH	James	1901	M	9	8094	Place-13	-----
SMITH	Selina	1901	F	9	8095	Place-6	-----
SMITH	Susan	1901	F	9	8097	Place-28	-----
SMITH	Suzanne	1901	F	9	8098	Place-23	-----
SMITH	Jenkins	1901	M	9	8100	Place-7	-----
SMITH	Suzanne	1901	F	8	8123	Place-29	-----
SMITH	Selina	1901	F	8	8126	Place-11	-----
SMITH	Sarah	1901	F	8	8129	Place-11	-----
SMITH	Bob	1901	M	8	8131	Place-1	-----
SMITH	Sheila	1901	F	8	8134	Place-9	-----
SMITH	Selina	1901	F	8	8135	Place-22	-----
SMITH	Sharon	1901	F	8	8138	Place-6	-----
SMITH	Seonaid	1901	F	8	8139	Place-16	-----
SMITH	Sheila	1901	F	8	8140	Place-20	-----
SMITH	Jacob	1901	M	8	8146	Place-12	-----
SMITH	Sarah	1901	F	8	8147	Place-25	-----
SMITH	Selina	1901	F	8	8150	Place-12	-----
SMITH	Suzanne	1901	F	8	8152	Place-7	-----
SMITH	James	1901	M	8	8153	Place-22	-----
SMITH	Briony	1901	F	8	8154	Place-9	-----
SMITH	Briony	1901	F	8	8155	Place-27	-----
SMITH	Suzanne	1901	F	8	8157	Place-29	-----
SMITH	Bob	1901	M	8	8158	Place-12	-----
SMITH	Sharon	1901	F	8	8160	Place-15	-----
SMITH	Seonaid	1901	F	8	8162	Place-8	-----
SMITH	Bob	1901	M	8	8165	Place-1	-----
SMITH	Sarah	1901	F	8	8167	Place-1	-----
SMITH	Susan	1901	F	8	8169	Place-29	-----
SMITH	Suzanne	1901	F	8	8171	Place-21	-----
SMITH	Bob	1901	M	8	8172	Place-16	-----
SMITH	Sheila	1901	F	8	8173	Place-2	-----
SMITH	James	1901	M	8	8174	Place-6	-----
SMITH	Shawn	1901	M	8	8178	Place-20	-----
SMITH	Sarah	1901	F	8	8182	Place-22	-----
SMITH	Sarah	1901	F	8	8186	Place-24	-----
SMITH	Susan	1901	F	8	8191	Place-20	-----
SMITH	Bob	1901	M	8	8196	Place-10	-----
SMITH	Bob	1901	M	8	8205	Place-7	-----
SMITH	Sharon	1901	F	8	8207	Place-6	-----
SMITH	Jim	1901	M	8	8212	Place-29	-----
SMITH	Bob	1901	M	8	8213	Place-13	-----
SMITH	Jacob	1901	M	8	8214	Place-9	-----
SMITH	Seonaid	1901	F	8	8215	Place-21	-----
SMITH	Sarah	1901	F	8	8217	Place-27	-----
SMITH	Paulo	1901	M	8	8221	Place-8	-----
SMITH	Sharon	1901	F	8	8223	Place-13	-----
SMITH	Susan	1901	F	8	8224	Place-10	-----
SMITH	Shawn	1901	M	8	8225	Place-23	-----
SMITH	James	1901	M	8	8228	Place-15	-----
SMITH	Jacob	1901	M	8	8232	Place-28	-----
SMITH	Briony	1901	F	8	8235	Place-6	-----
SMITH	Sarah	1901	F	8	8237	Place-8	-----
SMITH	Jim	1901	M	8	8241	Place-8	-----
SMITH	Bob	1901	M	8	8243	Place-9	-----
SMITH	Jim	1901	M	8	8244	Place-3	-----
SMITH	Seonaid	1901	F	8	8247	Place-11	-----
SMITH	Sarah	1901	F	8	8248	Place-2	-----
SMITH	Suzanne	1901	F	7	8267	Place-15	-----
SMITH	Briony	1901	F	7	8268	Place-2	-----
SMITH	Briony	1901	F	7	8270	Place-27	-----
SMITH	Suzanne	1901	F	7	8271	Place-11	-----
SMITH	Sheila	1901	F	7	8272	Place-4	-----
SMITH	Sarah	1901	F	7	8273	Place-22	-----
SMITH	Sarah	1901	F	7	8274	Place-26	-----
SMITH	Susan	1901	F	7	8279	Place-13	-----
SMITH	Suzanne	1901	F	7	8280	Place-27	-----
SMITH	Selina	1901	F	7	8284	Place-22	-----
SMITH	Paulo	1901	M	7	8285	Place-24	-----
SMITH	Jenkins	1901	M	7	8286	Place-22	-----
SMITH	Sarah	1901	F	7	8287	Place-6	-----
SMITH	Joseph	1901	M	7	8288	Place-14	-----
SMITH	Susan	1901	F	7	8291	Place-20	-----
SMITH	Joseph	1901	M	7	8293	Place-23	-----
SMITH	Suzanne	1901	F	7	8294	Place-16	-----
SMITH	Paulo	1901	M	7	8297	Place-4	-----
SMITH	Selina	1901	F	7	8298	Place-8	-----
SMITH	Suzanne	1901	F	7	8299	Place-6	-----
SMITH	Shawn	1901	M	7	8300	Place-28	-----
SMITH	Jim	1901	M	7	8301	Place-11	-----
SMITH	Selina	1901	F	7	8303	Place-6	-----
SMITH	Joseph	1901	M	7	8304	Place-0	-----
SMITH	Jacob	1901	M	7	8305	Place-25	-----
SMITH	James	1901	M	7	8306	Place-3	-----
SMITH	Jenkins	1901	M	7	8307	Place-27	-----
SMITH	Paulo	1901	M	7	8309	Place-1	-----
SMITH	Shawn	1901	M	7	8310	Place-0	-----
SMITH	Jacob	1901	M	7	8312	Place-1	-----
SMITH	Jim	1901	M	7	8313	Place-3	-----
SMITH	Bob	1901	M	7	8314	Place-18	-----
SMITH	Sarah	1901	F	7	8316	Place-16	-----
SMITH	Seonaid	1901	F	7	8323	Place-21	-----
SMITH	James	1901	M	7	8325	Place-0	-----
SMITH	Susan	1901	F	7	8326	Place-3	-----
SMITH	Jim	1901	M	7	8329	Place-28	-----
SMITH	Bob	1901	M	7	8332	Place-4	-----
SMITH	Seonaid	1901	F	7	8334	Place-25	-----
SMITH	Paulo	1901	M	7	8336	Place-15	-----
SMITH	James	1901	M	7	8340	Place-12	-----
SMITH	Paulo	1901	M	7	8341	Place-24	-----
SMITH	Suzanne	1901	F	7	8342	Place-12	-----
SMITH	Selina	1901	F	7	8345	Place-8	-----
SMITH	Joseph	1901	M	7	8346	Place-16	-----
SMITH	James	1901	M	7	8347	Place-27	-----
SMITH	Joseph	1901	M	7	8348	Place-29	-----
SMITH	Shawn	1901	M	7	8349	Place-19	-----
SMITH	Paulo	1901	M	7	8350	Place-6	-----
SMITH	Jim	1901	M	7	8356	Place-1	-----
SMITH	Sarah	1901	F	7	8357	Place-17	-----
SMITH	Briony	1901	F	7	8359	Place-0	-----
SMITH	Sheila	1901	F	7	8361	Place-22	-----
SMITH	Jacob	1901	M	7	8364	Place-29	-----
SMITH	Jacob	1901	M	7	8365	Place-4	-----
SMITH	Paulo	1901	M	7	8368	Place-29	-----
SMITH	Briony	1901	F	7	8370	Place-21	-----
SMITH	Susan	1901	F	7	8372	Place-23	-----
SMITH	Selina	1901	F	7	8375	Place-4	-----
SMITH	Bob	1901	M	7	8376	Place-9	-----
SMITH	Selina	1901	F	7	8378	Place-8	-----
SMITH	Jacob	1901	M	7	8379	Place-24	-----
SMITH	James	1901	M	7	8384	Place-8	-----
SMITH	Bob	1901	M	6	8395	Place-6	-----
SMITH	James	1901	M	6	8397	Place-25	-----
SMITH	James	1901	M	6	8398	Place-11	-----
SMITH	Seonaid	1901	F	6	8399	Place-25	-----
SMITH	Susan	1901	F	6	8400	Place-27	-----
SMITH	Jim	1901	M	6	8401	Place-28	-----
SMITH	Jenkins	1901	M	6	8402	Place-15	-----
SMITH	Sheila	1901	F	6	8404	Place-7	-----
SMITH	Bob	1901	M	6	8406	Place-1	-----
SMITH	Susan	1901	F	6	8407	Place-14	-----
SMITH	Jacob	1901	M	6	8408	Place-14	-----
SMITH	Selina	1901	F	6	8409	Place-26	-----
SMITH	Seonaid	1901	F	6	8413	Place-0	-----
SMITH	Briony	1901	F	6	8416	Place-14	-----
SMITH	James	1901	M	6	8417	Place-16	-----
SMITH	Jacob	1901	M	6	8418	Place-27	-----
SMITH	Seonaid	1901	F	6	8419	Place-9	-----
SMITH	Briony	1901	F	6	8425	Place-5	-----
SMITH	Sheila	1901	F	6	8426	Place-18	-----
SMITH	Jim	1901	M	6	8427	Place-21	-----
SMITH	Selina	1901	F	6	8428	Place-7	-----
SMITH	Paulo	1901	M	6	8429	Place-28	-----
SMITH	Selina	1901	F	6	8430	Place-15	-----
SMITH	Sarah	1901	F	6	8433	Place-6	-----
SMITH	Susan	1901	F	6	8436	Place-28	-----
SMITH	Suzanne	1901	F	6	8439	Place-27	-----
SMITH	Jacob	1901	M	6	8440	Place-17	-----
SMITH	Joseph	1901	M	6	8442	Place-29	-----
SMITH	Paulo	1901	M	6	8444	Place-13	-----
SMITH	Jacob	1901	M	6	8446	Place-1	-----
SMITH	Jim	1901	M	6	8449	Place-0	-----
SMITH	Sheila	1901	F	6	8450	Place-11	-----
SMITH	Joseph	1901	M	6	8453	Place-25	-----
SMITH	Susan	1901	F	6	8454	Place-12	-----
SMITH	Selina	1901	F	6	8456	Place-10	-----
SMITH	Jim	1901	M	6	8458	Place-12	-----
SMITH	Paulo	1901	M	6	8459	Place-14	-----
SMITH	Sharon	1901	F	6	8462	Place-5	-----
SMITH	Sarah	1901	F	6	8463	Place-24	-----
SMITH	Seonaid	1901	F	6	8465	Place-8	-----
SMITH	Jim	1901	M	6	8467	Place-24	-----
SMITH	Jim	1901	M	6	8468	Place-29	-----
SMITH	Jacob	1901	M	6	8469	Place-20	-----
SMITH	Jim	1901	M	6	8470	Place-28	-----
SMITH	Selina	1901	F	6	8471	Place-21	-----
SMITH	James	1901	M	6	8472	Place-28	-----
SMITH	Briony	1901	F	6	8473	Place-10	-----
SMITH	Sharon	1901	F	6	8474	Place-25	-----
SMITH	Susan	1901	F	6	8481	Place-24	-----
SMITH	Seonaid	1901	F	6	8482	Place-7	-----
SMITH	Sarah	1901	F	6	8483	Place-10	-----
SMITH	Sheila	1901	F	6	8485	Place-29	-----
SMITH	Bob	1901	M	6	8486	Place-22	-----
SMITH	Sarah	1901	F	6	8487	Place-19	-----
SMITH	Briony	1901	F	6	8488	Place-29	-----
SMITH	Susan	1901	F	6	8494	Place-26	-----
SMITH	James	1901	M	6	8495	Place-15	-----
SMITH	Jacob	1901	M	6	8496	Place-28	-----
SMITH	Paulo	1901	M	6	8498	Place-1	-----
SMITH	Paulo	1901	M	6	8500	Place-28	-----
SMITH	Paulo	1901	M	6	8503	Place-7	-----
SMITH	Bob	1901	M	6	8504	Place-6	-----
SMITH	James	1901	M	6	8505	Place-6	-----
SMITH	Briony	1901	F	6	8507	Place-9	-----
SMITH	Joseph	1901	M	6	8509	Place-13	-----
SMITH	Briony	1901	F	6	8511	Place-25	-----
SMITH	Jacob	1901	M	6	8512	Place-12	-----
SMITH	Sarah	1901	F	6	8514	Place-4	-----
SMITH	Shawn	1901	M	5	8529	Place-6	-----
SMITH	Seonaid	1901	F	5	8530	Place-12	-----
SMITH	Sheila	1901	F	5	8531	Place-5	-----
SMITH	Paulo	1901	M	5	8533	Place-17	-----
SMITH	Sharon	1901	F	5	8539	Place-28	-----
SMITH	Jacob	1901	M	5	8540	Place-17	-----
SMITH	Suzanne	1901	F	5	8541	Place-27	-----
SMITH	Selina	1901	F	5	8542	Place-10	-----
SMITH	Seonaid	1901	F	5	8544	Place-4	-----
SMITH	Sharon	1901	F	5	8548	Place-17	-----
SMITH	Suzanne	1901	F	5	8549	Place-12	-----
SMITH	Joseph	1901	M	5	8551	Place-2	-----
SMITH	Sarah	1901	F	5	8552	Place-0	-----
SMITH	Bob	1901	M	5	8553	Place-7	-----
SMITH	Susan	1901	F	5	8555	Place-24	-----
SMITH	Jim	1901	M	5	8556	Place-16	-----
SMITH	Susan	1901	F	5	8560	Place-25	-----
SMITH	Paulo	1901	M	5	8562	Place-2	-----
SMITH	Suzanne	1901	F	5	8563	Place-4	-----
SMITH	Shawn	1901	M	5	8564	Place-7	-----
SMITH	Suzanne	1901	F	5	8566	Place-4	-----
SMITH	Shawn	1901	M	5	8567	Place-6	-----
SMITH	Paulo	1901	M	5	8569	Place-28	-----
SMITH	Selina	1901	F	5	8572	Place-11	-----
SMITH	Bob	1901	M	5	8574	Place-3	-----
SMITH	Jim	1901	M	5	8575	Place-5	-----
SMITH	Jacob	1901	M	5	8578	Place-28	-----
SMITH	Sharon	1901	F	5	8583	Place-29	-----
SMITH	Sarah	1901	F	5	8584	Place-7	-----
SMITH	Jacob	1901	M	5	8586	Place-3	-----
SMITH	Susan	1901	F	5	8588	Place-28	-----
SMITH	Selina	1901	F	5	8591	Place-17	-----
SMITH	Jenkins	1901	M	5	8592	Place-25	-----
SMITH	Seonaid	1901	F	5	8594	Place-29	-----
SMITH	Shawn	1901	M	5	8595	Place-25	-----
SMITH	Jacob	1901	M	5	8596	Place-15	-----
SMITH	Sarah	1901	F	5	8597	Place-27	-----
SMITH	Sharon	1901	F	5	8599	Place-25	-----
SMITH	Sharon	1901	F	5	8601	Place-24	-----
SMITH	Sarah	1901	F	5	8603	Place-23	-----
SMITH	Jim	1901	M	5	8606	Place-0	-----
SMITH	Jacob	1901	M	5	8608	Place-15	-----
SMITH	Sharon	1901	F	5	8611	Place-29	-----
SMITH	Joseph	1901	M	5	8613	Place-0	-----
SMITH	Suzanne	1901	F	5	8614	Place-7	-----
SMITH	Bob	1901	M	5	8616	Place-20	-----
SMITH	Susan	1901	F	5	8617	Place-20	-----
SMITH	Joseph	1901	M	5	8618	Place-6	-----
SMITH	Joseph	1901	M	5	8619	Place-11	-----
SMITH	Sarah	1901	F	5	8620	Place-15	-----
SMITH	Susan	1901	F	5	8621	Place-0	-----
SMITH	Sheila	1901	F	5	8622	Place-4	-----
SMITH	Bob	1901	M	5	8623	Place-9	-----
SMITH	Jenkins	1901	M	5	8624	Place-0	-----
SMITH	Sarah	1901	F	5	8625	Place-7	-----
SMITH	Sheila	1901	F	5	8630	Place-2	-----
SMITH	Selina	1901	F	5	8631	Place-6	-----
SMITH	Seonaid	1901	F	5	8635	Place-12	-----
SMITH	Seonaid	1901	F	5	8636	Place-26	-----
SMITH	Jacob	1901	M	5	8638	Place-14	-----
SMITH	James	1901	M	5	8639	Place-18	-----
SMITH	Susan	1901	F	5	8641	Place-20	-----
SMITH	Sheila	1901	F	5	8642	Place-3	-----
SMITH	Shawn	1901	M	5	8643	Place-22	-----
SMITH	Briony	1901	F	5	8646	Place-19	-----
SMITH	Susan	1901	F	5	8647	Place-24	-----
SMITH	Sharon	1901	F	5	8648	Place-4	-----
SMITH	Jacob	1901	M	5	8650	Place-25	-----
SMITH	Susan	1901	F	4	8668	Place-4	-----
SMITH	Selina	1901	F	4	8670	Place-25	-----
SMITH	Jacob	1901	M	4	8674	Place-7	-----
SMITH	Jim	1901	M	4	8676	Place-22	-----
SMITH	Suzanne	1901	F	4	8678	Place-13	-----
SMITH	Paulo	1901	M	4	8679	Place-9	-----
SMITH	Joseph	1901	M	4	8680	Place-2	-----
SMITH	Joseph	1901	M	4	8681	Place-17	-----
SMITH	Suzanne	1901	F	4	8682	Place-6	-----
SMITH	Jacob	1901	M	4	8684	Place-18	-----
SMITH	Jacob	1901	M	4	8686	Place-29	-----
SMITH	Selina	1901	F	4	8687	Place-21	-----
SMITH	Joseph	1901	M	4	8691	Place-18	-----
SMITH	Shawn	1901	M	4	8695	Place-16	-----
SMITH	Joseph	1901	M	4	8696	Place-1	-----
SMITH	Jenkins	1901	M	4	8697	Place-7	-----
SMITH	James	1901	M	4	8698	Place-14	-----
SMITH	Jenkins	1901	M	4	8699	Place-27	-----
SMITH	Sarah	1901	F	4	8700	Place-16	-----
SMITH	Jim	1901	M	4	8701	Place-7	-----
SMITH	Briony	1901	F	4	8702	Place-29	-----
SMITH	Suzanne	1901	F	4	8703	Place-17	-----
SMITH	James	1901	M	4	8704	Place-12	-----
SMITH	Paulo	1901	M	4	8708	Place-27	-----
SMITH	Jacob	1901	M	4	8710	Place-21	-----
SMITH	Seonaid	1901	F	4	8713	Place-27	-----
SMITH	Jenkins	1901	M	4	8714	Place-22	-----
SMITH	Susan	1901	F	4	8716	Place-3	-----
SMITH	Sarah	1901	F	4	8717	Place-3	-----
SMITH	James	1901	M	4	8718	Place-0	-----
SMITH	Seonaid	1901	F	4	8719	Place-8	-----
SMITH	Seonaid	1901	F	4	8720	Place-21	-----
SMITH	Selina	1901	F	4	8728	Place-25	-----
SMITH	Jacob	1901	M	4	8729	Place-10	-----
SMITH	Briony	1901	F	4	8730	Place-17	-----
SMITH	Sheila	1901	F	4	8731	Place-11	-----
SMITH	Sharon	1901	F	4	8732	Place-9	-----
SMITH	Briony	1901	F	4	8733	Place-5	-----
SMITH	Briony	1901	F	4	8734	Place-20	-----
SMITH	Bob	1901	M	4	8735	Place-25	-----
SMITH	Sheila	1901	F	4	8739	Place-21	-----
SMITH	Bob	1901	M	4	8740	Place-12	-----
SMITH	Shawn	1901	M	4	8741	Place-14	-----
SMITH	Bob	1901	M	4	8743	Place-15	-----
SMITH	Suzanne	1901	F	4	8746	Place-16	-----
SMITH	Seonaid	1901	F	4	8747	Place-14	-----
SMITH	Susan	1901	F	4	8748	Place-23	-----
SMITH	Selina	1901	F	4	8749	Place-25	-----
SMITH	Shawn	1901	M	4	8750	Place-6	-----
SMITH	Joseph	1901	M	4	8751	Place-11	-----
SMITH	Seonaid	1901	F	4	8752	Place-16	-----
SMITH	Jenkins	1901	M	4	8753	Place-13	-----
SMITH	James	1901	M	4	8754	Place-26	-----
SMITH	Joseph	1901	M	4	8755	Place-9	-----
SMITH	Paulo	1901	M	4	8756	Place-21	-----
SMITH	James	1901	M	4	8757	Place-15	-----
SMITH	Paulo	1901	M	4	8759	Place-0	-----
SMITH	Selina	1901	F	4	8760	Place-2	-----
SMITH	Jim	1901	M	4	8761	Place-28	-----
SMITH	Sarah	1901	F	4	8762	Place-4	-----
SMITH	Sharon	1901	F	4	8766	Place-7	-----
SMITH	James	1901	M	4	8768	Place-28	-----
SMITH	Shawn	1901	M	4	8769	Place-28	-----
SMITH	Briony	1901	F	4	8770	Place-2	-----
SMITH	Suzanne	1901	F	4	8772	Place-13	-----
SMITH	Sarah	1901	F	4	8773	Place-2	-----
SMITH	Sheila	1901	F	4	8775	Place-18	-----
SMITH	Briony	1901	F	4	8776	Place-20	-----
SMITH	Suzanne	1901	F	4	8777	Place-22	-----
SMITH	Shawn	1901	M	4	8783	Place-25	-----
SMITH	Briony	1901	F	4	8784	Place-28	-----
SMITH	Jim	1901	M	3	8808	Place-28	-----
SMITH	Jenkins	1901	M	3	8809	Place-18	-----
SMITH	Susan	1901	F	3	8810	Place-21	-----
SMITH	Paulo	1901	M	3	8811	Place-4	-----
SMITH	Sharon	1901	F	3	8812	Place-18	-----
SMITH	Joseph	1901	M	3	8815	Place-12	-----
SMITH	James	1901	M	3	8816	Place-16	-----
SMITH	Jenkins	1901	M	3	8817	Place-26	-----
SMITH	Jim	1901	M	3	8818	Place-25	-----
SMITH	Sheila	1901	F	3	8821	Place-3	-----
SMITH	Sheila	1901	F	3	8824	Place-29	-----
SMITH	Joseph	1901	M	3	8825	Place-5	-----
SMITH	Joseph	1901	M	3	8827	Place-15	-----
SMITH	Suzanne	1901	F	3	8829	Place-0	-----
SMITH	Bob	1901	M	3	8831	Place-14	-----
SMITH	Paulo	1901	M	3	8833	Place-28	-----
SMITH	Sarah	1901	F	3	8834	Place-0	-----
SMITH	Shawn	1901	M	3	8835	Place-26	-----
SMITH	Jacob	1901	M	3	8840	Place-8	-----
SMITH	Selina	1901	F	3	8841	Place-28	-----
SMITH	Joseph	1901	M	3	8844	Place-7	-----
SMITH	Jenkins	1901	M	3	8845	Place-14	-----
SMITH	Jim	1901	M	3	8846	Place-1	-----
SMITH	Seonaid	1901	F	3	8847	Place-7	-----
SMITH	Paulo	1901	M	3	8848	Place-12	-----
SMITH	Briony	1901	F	3	8850	Place-17	-----
SMITH	Susan	1901	F	3	8852	Place-25	-----
SMITH	Suzanne	1901	F	3	8853	Place-2	-----
SMITH	Sharon	1901	F	3	8854	Place-23	-----
SMITH	Suzanne	1901	F	3	8855	Place-29	-----
SMITH	James	1901	M	3	8856	Place-14	-----
SMITH	Sharon	1901	F	3	8857	Place-8	-----
SMITH	Paulo	1901	M	3	8858	Place-6	-----
SMITH	James	1901	M	3	8859	Place-26	-----
SMITH	Sharon	1901	F	3	8860	Place-4	-----
SMITH	Jenkins	1901	M	3	8861	Place-6	-----
SMITH	Sheila	1901	F	3	8863	Place-5	-----
SMITH	Jenkins	1901	M	3	8864	Place-18	-----
SMITH	Jacob	1901	M	3	8866	Place-9	-----
SMITH	Joseph	1901	M	3	8867	Place-17	-----
SMITH	Jacob	1901	M	3	8869	Place-3	-----
SMITH	Briony	1901	F	3	8870	Place-2	-----
SMITH	Suzanne	1901	F	3	8871	Place-17	-----
SMITH	Susan	1901	F	3	8872	Place-12	-----
SMITH	Paulo	1901	M	3	8874	Place-24	-----
SMITH	Joseph	1901	M	3	8875	Place-5	-----
SMITH	Sarah	1901	F	3	8876	Place-14	-----
SMITH	Shawn	1901	M	3	8877	Place-24	-----
SMITH	Susan	1901	F	3	8879	Place-12	-----
SMITH	Shawn	1901	M	3	8880	Place-28	-----
SMITH	Briony	1901	F	3	8881	Place-17	-----
SMITH	Jim	1901	M	3	8883	Place-27	-----
SMITH	Paulo	1901	M	3	8886	Place-14	-----
SMITH	Shawn	1901	M	3	8888	Place-3	-----
SMITH	Jacob	1901	M	3	8890	Place-13	-----
SMITH	Bob	1901	M	3	8892	Place-28	-----
SMITH	Jenkins	1901	M	3	8893	Place-0	-----
SMITH	Jim	1901	M	3	8895	Place-13	-----
SMITH	Jim	1901	M	3	8896	Place-24	-----
SMITH	Jenkins	1901	M	3	8897	Place-23	-----
SMITH	Joseph	1901	M	3	8899	Place-28	-----
SMITH	Paulo	1901	M	3	8901	Place-14	-----
SMITH	Sarah	1901	F	3	8902	Place-24	-----
SMITH	Sharon	1901	F	3	8903	Place-0	-----
SMITH	Suzanne	1901	F	3	8906	Place-23	-----
SMITH	Selina	1901	F	3	8908	Place-10	-----
SMITH	Susan	1901	F	3	8910	Place-24	-----
SMITH	Suzanne	1901	F	3	8911	Place-19	-----
SMITH	Briony	1901	F	3	8912	Place-26	-----
SMITH	James	1901	M	3	8913	Place-1	-----
SMITH	Jenkins	1901	M	3	8914	Place-0	-----
SMITH	Sarah	1901	F	2	8936	Place-8	-----
SMITH	Sheila	1901	F	2	8937	Place-22	-----
SMITH	Bob	1901	M	2	8938	Place-18	-----
SMITH	Paulo	1901	M	2	8939	Place-28	-----
SMITH	Shawn	1901	M	2	8944	Place-17	-----
SMITH	Paulo	1901	M	2	8945	Place-15	-----
SMITH	Jim	1901	M	2	8946	Place-11	-----
SMITH	Jacob	1901	M	2	8947	Place-17	-----
SMITH	Sharon	1901	F	2	8949	Place-4	-----
SMITH	Suzanne	1901	F	2	8950	Place-14	-----
SMITH	Briony	1901	F	2	8952	Place-8	-----
SMITH	Seonaid	1901	F	2	8953	Place-23	-----
SMITH	Joseph	1901	M	2	8954	Place-8	-----
SMITH	Jacob	1901	M	2	8955	Place-24	-----
SMITH	Sharon	1901	F	2	8956	Place-10	-----
SMITH	Briony	1901	F	2	8957	Place-22	-----
SMITH	Suzanne	1901	F	2	8958	Place-7	-----
SMITH	Bob	1901	M	2	8959	Place-15	-----
SMITH	Susan	1901	F	2	8962	Place-21	-----
SMITH	Paulo	1901	M	2	8963	Place-12	-----
SMITH	Jacob	1901	M	2	8964	Place-6	-----
SMITH	Seonaid	1901	F	2	8965	Place-27	-----
SMITH	James	1901	M	2	8967	Place-3	-----
SMITH	Jim	1901	M	2	8971	Place-7	-----
SMITH	Selina	1901	F	2	8972	Place-18	-----
SMITH	Paulo	1901	M	2	8973	Place-22	-----
SMITH	Briony	1901	F	2	8975	Place-1	-----
SMITH	Seonaid	1901	F	2	8976	Place-29	-----
SMITH	Sarah	1901	F	2	8980	Place-13	-----
SMITH	Sharon	1901	F	2	8983	Place-29	-----
SMITH	Susan	1901	F	2	8984	Place-5	-----
SMITH	Briony	1901	F	2	8985	Place-28	-----
SMITH	Sarah	1901	F	2	8988	Place-21	-----
SMITH	Jim	1901	M	2	8990	Place-28	-----
SMITH	Briony	1901	F	2	8991	Place-20	-----
SMITH	Joseph	1901	M	2	8992	Place-6	-----
SMITH	Paulo	1901	M	2	8993	Place-9	-----
SMITH	Jim	1901	M	2	8994	Place-16	-----
SMITH	Seonaid	1901	F	2	8995	Place-16	-----
SMITH	Bob	1901	M	2	8997	Place-19	-----
SMITH	Sheila	1901	F	2	8998	Place-10	-----
SMITH	Sheila	1901	F	2	8999	Place-15	-----
SMITH	Susan	1901	F	2	9001	Place-1	-----
SMITH	Briony	1901	F	2	9002	Place-2	-----
SMITH	Bob	1901	M	2	9003	Place-26	-----
SMITH	Susan	1901	F	2	9004	Place-12	-----
SMITH	Sharon	1901	F	2	9005	Place-5	-----
SMITH	Sheila	1901	F	2	9007	Place-28	-----
SMITH	Sheila	1901	F	2	9008	Place-22	-----
SMITH	Jim	1901	M	2	9010	Place-15	-----
SMITH	Selina	1901	F	2	9012	Place-27	-----
SMITH	Jenkins	1901	M	2	9013	Place-10	-----
SMITH	James	1901	M	2	9017	Place-8	-----
SMITH	Sheila	1901	F	2	9018	Place-6	-----
SMITH	Seonaid	1901	F	2	9020	Place-28	-----
SMITH	Seonaid	1901	F	2	9021	Place-17	-----
SMITH	Jacob	1901	M	2	9023	Place-4	-----
SMITH	Bob	1901	M	2	9024	Place-6	-----
SMITH	Sheila	1901	F	2	9025	Place-18	-----
SMITH	Joseph	1901	M	2	9026	Place-3	-----
SMITH	Joseph	1901	M	2	9028	Place-24	-----
SMITH	Suzanne	1901	F	2	9030	Place-20	-----
SMITH	Jacob	1901	M	2	9036	Place-15	-----
SMITH	Sheila	1901	F	2	9039	Place-28	-----
SMITH	Sharon	1901	F	2	9040	Place-27	-----
SMITH	Sharon	1901	F	2	9042	Place-7	-----
SMITH	Jacob	1901	M	2	9044	Place-0	-----
SMITH	James	1901	M	2	9046	Place-10	-----
SMITH	Jenkins	1901	M	2	9047	Place-15	-----
SMITH	Jim	1901	M	2	9048	Place-0	-----
SMITH	Jenkins	1901	M	2	9050	Place-6	-----
SMITH	Jenkins	1901	M	2	9054	Place-0	-----
SMITH	Shawn	1901	M	2	9055	Place-0	-----
SMITH	Jim	1901	M	2	9057	Place-5	-----
SMITH	Suzanne	1901	F	2	9059	Place-8	-----
SMITH	Selina	1901	F	2	9060	Place-6	-----
SMITH	Sarah	1901	F	2	9061	Place-22	-----
SMITH	Sheila	1901	F	2	9063	Place-23	-----
SMITH	Joseph	1901	M	2	9064	Place-23	-----
SMITH	Sheila	1901	F	2	9067	Place-18	-----
SMITH	Sharon	1901	F	2	9068	Place-10	-----
SMITH	Jim	1901	M	2	9069	Place-0	-----
SMITH	Jim	1901	M	2	9071	Place-10	-----
SMITH	Suzanne	1901	F	2	9073	Place-22	-----
SMITH	Bob	1901	M	2	9075	Place-19	-----
SMITH	Jim	1901	M	1	9098	Place-21	-----
SMITH	Sarah	1901	F	1	9099	Place-11	-----
SMITH	Jim	1901	M	1	9100	Place-16	-----
SMITH	Paulo	1901	M	1	9102	Place-22	-----
SMITH	Sharon	1901	F	1	9103	Place-3	-----
SMITH	Sarah	1901	F	1	9104	Place-12	-----
SMITH	James	1901	M	1	9105	Place-4	-----
SMITH	Sheila	1901	F	1	9106	Place-29	-----
SMITH	Shawn	1901	M	1	9107	Place-4	-----
SMITH	Sharon	1901	F	1	9108	Place-16	-----
SMITH	Sarah	1901	F	1	9109	Place-18	-----
SMITH	Susan	1901	F	1	9110	Place-26	-----
SMITH	Selina	1901	F	1	9111	Place-8	-----
SMITH	James	1901	M	1	9112	Place-26	-----
SMITH	Shawn	1901	M	1	9113	Place-9	-----
SMITH	Sheila	1901	F	1	9115	Place-8	-----
SMITH	Briony	1901	F	1	9116	Place-14	-----
SMITH	Jacob	1901	M	1	9117	Place-11	-----
SMITH	Suzanne	1901	F	1	9118	Place-20	-----
SMITH	Suzanne	1901	F	1	9119	Place-1	-----
SMITH	Sarah	1901	F	1	9120	Place-6	-----
SMITH	Selina	1901	F	1	9121	Place-27	-----
SMITH	Sharon	1901	F	1	9123	Place-11	-----
SMITH	Shawn	1901	M	1	9124	Place-7	-----
SMITH	Jenkins	1901	M	1	9125	Place-28	-----
SMITH	Jim	1901	M	1	9126	Place-15	-----
SMITH	Shawn	1901	M	1	9128	Place-11	-----
SMITH	Briony	1901	F	1	9129	Place-23	-----
SMITH	Bob	1901	M	1	9130	Place-0	-----
SMITH	Jim	1901	M	1	9131	Place-10	-----
SMITH	Suzanne	1901	F	1	9133	Place-13	-----
SMITH	Jenkins	1901	M	1	9134	Place-11	-----
SMITH	Jacob	1901	M	1	9135	Place-27	-----
SMITH	Suzanne	1901	F	1	9137	Place-17	-----
SMITH	Shawn	1901	M	1	9138	Place-0	-----
SMITH	Jacob	1901	M	1	9139	Place-29	-----
SMITH	Sharon	1901	F	1	9140	Place-28	-----
SMITH	Suzanne	1901	F	1	9141	Place-29	-----
SMITH	Sheila	1901	F	1	9145	Place-10	-----
SMITH	Shawn	1901	M	1	9146	Place-17	-----
SMITH	Joseph	1901	M	1	9147	Place-13	-----
SMITH	Jenkins	1901	M	1	9149	Place-29	-----
SMITH	Briony	1901	F	1	9150	Place-22	-----
SMITH	Shawn	1901	M	1	9151	Place-17	-----
SMITH	Shawn	1901	M	1	9152	Place-17	-----
SMITH	Sharon	1901	F	1	9154	Place-22	-----
SMITH	Selina	1901	F	1	9155	Place-6	-----
SMITH	James	1901	M	1	9156	Place-21	-----
SMITH	Selina	1901	F	1	9157	Place-3	-----
SMITH	Briony	1901	F	1	9158	Place-10	-----
SMITH	Joseph	1901	M	1	9159	Place-29	-----
SMITH	Jacob	1901	M	1	9161	Place-12	-----
SMITH	Suzanne	1901	F	1	9162	Place-5	-----
SMITH	Jacob	1901	M	1	9165	Place-13	-----
SMITH	Selina	1901	F	1	9166	Place-6	-----
SMITH	Susan	1901	F	1	9167	Place-28	-----
SMITH	Sarah	1901	F	1	9169	Place-5	-----
SMITH	Paulo	1901	M	1	9170	Place-25	-----
SMITH	Sharon	1901	F	1	9171	Place-11	-----
SMITH	Bob	1901	M	1	9172	Place-0	-----
SMITH	Suzanne	1901	F	1	9173	Place-27	-----
SMITH	Jim	1901	M	1	9175	Place-17	-----
SMITH	James	1901	M	1	9177	Place-27	-----
SMITH	Briony	1901	F	1	9178	Place-27	-----
SMITH	Sarah	1901	F	1	9179	Place-22	-----
SMITH	Jacob	1901	M	1	9180	Place-5	-----
SMITH	Jenkins	1901	M	1	9181	Place-29	-----
SMITH	Briony	1901	F	1	9183	Place-19	-----
SMITH	Sheila	1901	F	1	9184	Place-20	-----
SMITH	Jacob	1901	M	1	9185	Place-4	-----
SMITH	Briony	1901	F	1	9186	Place-28	-----
SMITH	Shawn	1901	M	1	9187	Place-23	-----
SMITH	Selina	1901	F	1	9188	Place-15	-----
SMITH	Seonaid	1901	F	1	9189	Place-6	-----
SMITH	Sheila	1901	F	1	9190	Place-8	-----
SMITH	Seonaid	1901	F	1	9191	Place-24	-----
SMITH	Jenkins	1901	M	1	9192	Place-16	-----
SMITH	Seonaid	1901	F	1	9193	Place-6	-----
SMITH	Shawn	1901	M	1	9195	Place-21	-----
SMITH	Selina	1901	F	1	9196	Place-16	-----
SMITH	Sharon	1901	F	1	9197	Place-7	-----
SMITH	Selina	1901	F	1	9198	Place-21	-----
SMITH	Joseph	1901	M	1	9199	Place-8	-----
SMITH	Sheila	1901	F	1	9200	Place-25	-----
SMITH	Shawn	1901	M	1	9201	Place-5	-----
SMITH	Sheila	1901	F	1	9202	Place-4	-----
SMITH	Selina	1901	F	1	9203	Place-0	-----
SMITH	Seonaid	1901	F	1	9204	Place-21	-----
SMITH	Suzanne	1901	F	1	9205	Place-28	-----
SMITH	Jenkins	1901	M	1	9208	Place-26	-----
SMITH	Joseph	1901	M	1	9209	Place-2	-----
SMITH	Jim	1901	M	1	9210	Place-12	-----
SMITH	Shawn	1901	M	1	9211	Place-24	-----
SMITH	Jenkins	1901	M	1	9213	Place-2	-----
SMITH	Susan	1901	F	1	9214	Place-21	-----
SMITH	Bob	1901	M	1	9215	Place-25	-----
SMITH	Sarah	1901	F	1	9216	Place-6	-----
SMITH	Sarah	1901	F	1	9217	Place-22	-----
SMITH	Briony	1901	F	1	9219	Place-19	-----
SMITH	Bob	1901	M	1	9221	Place-19	-----
SMITH	Joseph	1901	M	1	9222	Place-25	-----
SMITH	Seonaid	1901	F	1	9223	Place-28	-----
SMITH	James	1901	M	1	9224	Place-27	-----
SMITH	Briony	1901	F	1	9225	Place-24	-----
SMITH	Jacob	1901	M	1	9226	Place-1	-----
SMITH	Sharon	1901	F	1	9228	Place-19	-----
SMITH	Jenkins	1901	M	1	9229	Place-9	-----
SMITH	Sheila	1901	F	1	9230	Place-13	-----
SMITH	Jenkins	1901	M	1	9231	Place-24	-----
SMITH	Seonaid	1901	F	1	9232	Place-15	-----
SMITH	Sarah	1911	F	46	10813	Place-11	-----
SMITH	Sheila	1911	F	41	10814	Place-4	-----
SMITH	Sheila	1911	F	47	10815	Place-28	-----
SMITH	Seonaid	1911	F	19	10816	Place-27	-----
SMITH	Sheila	1911	F	59	10817	Place-19	-----
SMITH	Seonaid	1911	F	32	10818	Place-1	-----
SMITH	Sharon	1911	F	29	10819	Place-5	-----
SMITH	Susan	1911	F	39	10820	Place-2	-----
SMITH	Briony	1911	F	43	10821	Place-16	-----
SMITH	Seonaid	1911	F	22	10822	Place-17	-----
SMITH	Briony	1911	F	55	10823	Place-10	-----
SMITH	Sharon	1911	F	36	10824	Place-20	-----
SMITH	Selina	1911	F	37	10825	Place-16	-----
SMITH	Sharon	1911	F	52	10826	Place-8	-----
SMITH	Sarah	1911	F	65	10827	Place-18	-----
SMITH	Seonaid	1911	F	50	10828	Place-21	-----
SMITH	Sarah	1911	F	24	10829	Place-27	-----
SMITH	Sarah	1911	F	23	10830	Place-19	-----
SMITH	Suzanne	1911	F	22	10831	Place-8	-----
SMITH	Susan	1911	F	31	10663	Place-9	-----
SMITH	Selina	1911	F	30	10666	Place-28	-----
SMITH	Seonaid	1911	F	41	10667	Place-17	-----
SMITH	Selina	1911	F	38	10674	Place-5	-----
SMITH	Selina	1911	F	50	10499	Place-3	-----
SMITH	Selina	1911	F	42	5424	Place-8	-----
SMITH	Suzanne	1911	F	28	10322	Place-0	-----
SMITH	Joseph	1911	M	46	5095	Place-4	-----
SMITH	Jacob	1911	M	55	4390	Place-23	-----
SMITH	Bob	1911	M	31	6515	Place-17	-----
SMITH	Jim	1911	M	37	5933	Place-25	-----
SMITH	Joseph	1911	M	28	6869	Place-20	-----
SMITH	Suzanne	1911	F	25	7244	Place-2	-----
SMITH	Susan	1911	F	21	7752	Place-29	-----
SMITH	Bob	1911	M	18	8213	Place-26	-----
SMITH	Seonaid	1911	F	18	8247	Place-28	-----
SMITH	Susan	1911	F	34	10498	Place-1	-----
SMITH	Sharon	1911	F	34	10506	Place-4	-----
SMITH	Jacob	1911	M	34	6255	Place-1	-----
SMITH	Shawn	1911	M	30	6677	Place-1	-----
SMITH	Susan	1911	F	20	7898	Place-14	-----
SMITH	Suzanne	1911	F	41	5491	Place-27	-----
SMITH	Jim	1911	M	43	5361	Place-14	-----
SMITH	Susan	1911	F	27	9550	Place-6	-----
SMITH	Suzanne	1911	F	37	5941	Place-3	-----
SMITH	Jenkins	1911	M	49	4809	Place-19	-----
SMITH	Susan	1911	F	38	5815	Place-22	-----
SMITH	Jenkins	1911	M	36	6002	Place-13	-----
SMITH	Jim	1911	M	25	7300	Place-26	-----
SMITH	Sharon	1911	F	20	7856	Place-9	-----
SMITH	Seonaid	1911	F	38	10332	Place-28	-----
SMITH	Suzanne	1911	F	44	10337	Place-25	-----
SMITH	Bob	1911	M	27	7043	Place-1	-----
SMITH	Jim	1911	M	33	6322	Place-20	-----
SMITH	Sarah	1911	F	36	5978	Place-18	-----
SMITH	James	1911	M	26	7159	Place-1	-----
SMITH	Paulo	1911	M	50	4745	Place-25	-----
SMITH	Jim	1911	M	21	7734	Place-23	-----
SMITH	Jacob	1911	M	35	6144	Place-15	-----
SMITH	Jacob	1911	M	31	6549	Place-19	-----
SMITH	Sheila	1911	F	51	4687	Place-23	-----
SMITH	Seonaid	1911	F	22	7684	Place-26	-----
SMITH	Bob	1911	M	21	7770	Place-9	-----
SMITH	Susan	1911	F	27	10164	Place-0	-----
SMITH	Paulo	1911	M	30	6658	Place-2	-----
SMITH	Jenkins	1911	M	42	5428	Place-26	-----
SMITH	Jacob	1911	M	38	5816	Place-6	-----
SMITH	Joseph	1911	M	52	4608	Place-13	-----
SMITH	Joseph	1911	M	29	6752	Place-12	-----
SMITH	Jim	1911	M	44	5212	Place-20	-----
SMITH	Jim	1911	M	45	5158	Place-23	-----
SMITH	Sharon	1911	F	33	6334	Place-1	-----
SMITH	Jacob	1911	M	38	5854	Place-17	-----
SMITH	Briony	1911	F	33	6279	Place-16	-----
SMITH	Selina	1911	F	46	5054	Place-10	-----
SMITH	Jacob	1911	M	37	5878	Place-6	-----
SMITH	Joseph	1911	M	33	6332	Place-10	-----
SMITH	Paulo	1911	M	32	6446	Place-1	-----
SMITH	Sharon	1911	F	18	8160	Place-12	-----
SMITH	Selina	1911	F	40	5580	Place-14	-----
SMITH	Shawn	1911	M	45	5145	Place-24	-----
SMITH	James	1911	M	26	7102	Place-22	-----
SMITH	Sheila	1911	F	24	7403	Place-18	-----
SMITH	Seonaid	1911	F	38	9546	Place-16	-----
SMITH	Joseph	1911	M	32	6449	Place-18	-----
SMITH	Suzanne	1911	F	50	8927	Place-19	-----
SMITH	Paulo	1911	M	54	4462	Place-24	-----
SMITH	Jim	1911	M	33	6385	Place-19	-----
SMITH	Sheila	1911	F	32	6454	Place-29	-----
SMITH	Suzanne	1911	F	17	8267	Place-15	-----
SMITH	Selina	1911	F	52	9692	Place-20	-----
SMITH	Sarah	1911	F	44	5236	Place-6	-----
SMITH	Sarah	1911	F	53	4550	Place-4	-----
SMITH	James	1911	M	54	4451	Place-11	-----
SMITH	Jacob	1911	M	47	4962	Place-10	-----
SMITH	Briony	1911	F	36	6040	Place-19	-----
SMITH	Selina	1911	F	43	9083	Place-26	-----
SMITH	Sharon	1911	F	34	9094	Place-26	-----
SMITH	Sharon	1911	F	30	6664	Place-18	-----
SMITH	Sarah	1911	F	35	6155	Place-5	-----
SMITH	James	1911	M	30	6639	Place-5	-----
SMITH	Sharon	1911	F	28	6899	Place-2	-----
SMITH	James	1911	M	18	8128	Place-6	-----
SMITH	Paulo	1911	M	51	4679	Place-11	-----
SMITH	Sharon	1911	F	42	5443	Place-29	-----
SMITH	Jacob	1911	M	34	6173	Place-20	-----
SMITH	Jenkins	1911	M	26	7096	Place-11	-----
SMITH	Briony	1911	F	19	8069	Place-23	-----
SMITH	Paulo	1911	M	30	6634	Place-23	-----
SMITH	Paulo	1911	M	42	5449	Place-27	-----
SMITH	Jim	1911	M	17	8282	Place-8	-----
SMITH	Joseph	1911	M	43	5351	Place-28	-----
SMITH	Jacob	1911	M	52	4627	Place-22	-----
SMITH	Jacob	1911	M	45	5140	Place-22	-----
SMITH	Jacob	1911	M	53	4549	Place-12	-----
SMITH	Joseph	1911	M	53	4509	Place-0	-----
SMITH	Jenkins	1911	M	51	4665	Place-6	-----
SMITH	Briony	1911	F	43	5303	Place-21	-----
SMITH	Jenkins	1911	M	42	5394	Place-5	-----
SMITH	Joseph	1911	M	39	5673	Place-11	-----
SMITH	Bob	1911	M	36	5973	Place-2	-----
SMITH	Shawn	1911	M	30	6636	Place-17	-----
SMITH	Sarah	1911	F	30	6663	Place-2	-----
SMITH	Joseph	1911	M	29	6817	Place-8	-----
SMITH	Sheila	1911	F	28	6910	Place-17	-----
SMITH	Joseph	1911	M	27	6950	Place-23	-----
SMITH	Paulo	1911	M	27	6990	Place-15	-----
SMITH	Bob	1911	M	27	7045	Place-0	-----
SMITH	Jenkins	1911	M	26	7166	Place-17	-----
SMITH	Sarah	1911	F	26	7173	Place-24	-----
SMITH	Paulo	1911	M	24	7399	Place-8	-----
SMITH	Shawn	1911	M	24	7425	Place-18	-----
SMITH	Sarah	1911	F	23	7467	Place-5	-----
SMITH	Jacob	1911	M	22	7624	Place-9	-----
SMITH	Susan	1911	F	22	7633	Place-14	-----
SMITH	Paulo	1911	M	21	7732	Place-6	-----
SMITH	Sheila	1911	F	21	7772	Place-8	-----
SMITH	Suzanne	1911	F	20	7842	Place-28	-----
SMITH	Jim	1911	M	20	7871	Place-5	-----
SMITH	Seonaid	1911	F	19	7963	Place-29	-----
SMITH	Suzanne	1911	F	19	7971	Place-15	-----
SMITH	Sarah	1911	F	19	8002	Place-10	-----
SMITH	Bob	1911	M	19	8009	Place-9	-----
SMITH	Briony	1911	F	19	8020	Place-28	-----
SMITH	Joseph	1911	M	19	8039	Place-15	-----
SMITH	Selina	1911	F	18	8126	Place-7	-----
SMITH	Sarah	1911	F	18	8147	Place-29	-----
SMITH	Bob	1911	M	18	8172	Place-21	-----
SMITH	Sharon	1911	F	18	8207	Place-10	-----
SMITH	Jacob	1911	M	18	8232	Place-20	-----
SMITH	Jim	1911	M	18	8241	Place-13	-----
SMITH	Joseph	1911	M	17	8348	Place-27	-----
SMITH	Selina	1911	F	17	8378	Place-14	-----
SMITH	Jacob	1911	M	16	8469	Place-11	-----
SMITH	Jim	1911	M	16	8470	Place-24	-----
SMITH	Briony	1911	F	12	8957	Place-3	-----
SMITH	Shawn	1911	M	11	9107	Place-22	-----
SMITH	Susan	1911	F	10	9339	Place-20	-----
SMITH	Sharon	1911	F	9	9437	Place-11	-----
SMITH	Jim	1911	M	8	9611	Place-25	-----
SMITH	Suzanne	1911	F	7	9797	Place-6	-----
SMITH	Bob	1911	M	6	9925	Place-7	-----
SMITH	Sheila	1911	F	5	10160	Place-0	-----
SMITH	Suzanne	1911	F	4	10248	Place-1	-----
SMITH	Briony	1911	F	4	10266	Place-5	-----
SMITH	Bob	1911	M	3	10382	Place-9	-----
SMITH	Shawn	1911	M	1	10696	Place-17	-----
SMITH	Sarah	1911	F	30	10664	Place-28	-----
SMITH	Briony	1911	F	55	10665	Place-2	-----
SMITH	Briony	1911	F	40	10668	Place-13	-----
SMITH	Selina	1911	F	32	10669	Place-5	-----
SMITH	Briony	1911	F	46	10670	Place-4	-----
SMITH	Sharon	1911	F	22	10671	Place-18	-----
SMITH	Sarah	1911	F	49	10672	Place-15	-----
SMITH	Seonaid	1911	F	35	10673	Place-26	-----
SMITH	Briony	1911	F	34	10675	Place-28	-----
SMITH	Susan	1911	F	53	10677	Place-23	-----
SMITH	Sheila	1911	F	42	10678	Place-7	-----
SMITH	Sarah	1911	F	38	10679	Place-10	-----
SMITH	Suzanne	1911	F	24	10681	Place-27	-----
SMITH	Sheila	1911	F	22	10682	Place-8	-----
SMITH	Seonaid	1911	F	21	10683	Place-7	-----
SMITH	Selina	1911	F	20	10684	Place-8	-----
SMITH	Sheila	1911	F	46	10491	Place-11	-----
SMITH	Selina	1911	F	53	10501	Place-11	-----
SMITH	Susan	1911	F	38	10028	Place-18	-----
SMITH	Jacob	1911	M	36	6057	Place-22	-----
SMITH	Jenkins	1911	M	19	8087	Place-9	-----
SMITH	Susan	1911	F	38	8922	Place-23	-----
SMITH	Seonaid	1911	F	54	4444	Place-10	-----
SMITH	Joseph	1911	M	50	4777	Place-15	-----
SMITH	Suzanne	1911	F	53	4504	Place-1	-----
SMITH	James	1911	M	49	4792	Place-3	-----
SMITH	Sharon	1911	F	42	8931	Place-3	-----
SMITH	Sharon	1911	F	30	6657	Place-4	-----
SMITH	Jacob	1911	M	49	4793	Place-17	-----
SMITH	Suzanne	1911	F	26	10330	Place-16	-----
SMITH	Suzanne	1911	F	47	10331	Place-7	-----
SMITH	Suzanne	1911	F	22	7620	Place-18	-----
SMITH	Sharon	1911	F	45	9086	Place-9	-----
SMITH	Joseph	1911	M	28	6886	Place-17	-----
SMITH	Sharon	1911	F	54	6506	Place-18	-----
SMITH	Briony	1911	F	43	5339	Place-12	-----
SMITH	Paulo	1911	M	23	7456	Place-13	-----
SMITH	Susan	1911	F	31	6570	Place-12	-----
SMITH	Joseph	1911	M	35	6134	Place-22	-----
SMITH	Selina	1911	F	26	7138	Place-6	-----
SMITH	Joseph	1911	M	25	7281	Place-28	-----
SMITH	Sheila	1911	F	52	10171	Place-24	-----
SMITH	Selina	1911	F	25	10185	Place-21	-----
SMITH	James	1911	M	26	7122	Place-29	-----
SMITH	Sarah	1911	F	42	9233	Place-8	-----
SMITH	Sheila	1911	F	54	7567	Place-9	-----
SMITH	Sheila	1911	F	25	7286	Place-26	-----
SMITH	Selina	1911	F	24	7419	Place-18	-----
SMITH	Sarah	1911	F	21	7764	Place-11	-----
SMITH	Sheila	1911	F	20	7859	Place-22	-----
SMITH	James	1911	M	18	8228	Place-0	-----
SMITH	Susan	1911	F	34	10021	Place-26	-----
SMITH	Selina	1911	F	26	10031	Place-0	-----
SMITH	Suzanne	1911	F	25	10032	Place-8	-----
SMITH	Jacob	1911	M	45	5143	Place-6	-----
SMITH	Jenkins	1911	M	26	7121	Place-22	-----
SMITH	Joseph	1911	M	46	5083	Place-11	-----
SMITH	Sarah	1911	F	28	6878	Place-10	-----
SMITH	Joseph	1911	M	22	7609	Place-28	-----
SMITH	Jim	1911	M	51	4675	Place-1	-----
SMITH	Selina	1911	F	25	7274	Place-9	-----
SMITH	Jenkins	1911	M	34	6229	Place-16	-----
SMITH	Selina	1911	F	43	5368	Place-27	-----
SMITH	Suzanne	1911	F	35	6111	Place-8	-----
SMITH	Briony	1911	F	53	9544	Place-0	-----
SMITH	Briony	1911	F	27	9548	Place-9	-----
SMITH	Seonaid	1911	F	27	9549	Place-19	-----
SMITH	Jenkins	1911	M	25	7296	Place-10	-----
SMITH	Joseph	1911	M	49	4808	Place-8	-----
SMITH	Jenkins	1911	M	41	5524	Place-13	-----
SMITH	Sheila	1911	F	44	5267	Place-27	-----
SMITH	Shawn	1911	M	25	7299	Place-15	-----
SMITH	Briony	1911	F	34	8801	Place-13	-----
SMITH	Paulo	1911	M	42	5433	Place-28	-----
SMITH	Jenkins	1911	M	40	5645	Place-14	-----
SMITH	Briony	1911	F	40	9092	Place-10	-----
SMITH	Paulo	1911	M	36	5972	Place-23	-----
SMITH	Joseph	1911	M	12	9038	Place-17	-----
SMITH	Jim	1911	M	43	5338	Place-26	-----
SMITH	Paulo	1911	M	19	8045	Place-16	-----
SMITH	Jim	1911	M	44	5268	Place-20	-----
SMITH	Jacob	1911	M	36	6056	Place-10	-----
SMITH	Seonaid	1911	F	46	6946	Place-10	-----
SMITH	Briony	1911	F	43	5335	Place-17	-----
SMITH	Jim	1911	M	45	5181	Place-17	-----
SMITH	Joseph	1911	M	35	6146	Place-12	-----
SMITH	Jenkins	1911	M	41	5549	Place-4	-----
SMITH	James	1911	M	49	4794	Place-13	-----
SMITH	Jenkins	1911	M	59	4051	Place-3	-----
SMITH	Sheila	1911	F	49	4840	Place-24	-----
SMITH	Jacob	1911	M	33	6380	Place-26	-----
SMITH	Joseph	1911	M	46	5075	Place-11	-----
SMITH	Bob	1911	M	43	5300	Place-3	-----
SMITH	Shawn	1911	M	51	4702	Place-3	-----
SMITH	Sheila	1911	F	48	4909	Place-14	-----
SMITH	Paulo	1911	M	54	4423	Place-26	-----
SMITH	Briony	1911	F	34	6236	Place-15	-----
SMITH	Sarah	1911	F	47	4969	Place-29	-----
SMITH	Sarah	1911	F	32	6453	Place-25	-----
SMITH	Joseph	1911	M	31	6540	Place-14	-----
SMITH	Briony	1911	F	29	6807	Place-29	-----
SMITH	Jim	1911	M	28	6843	Place-26	-----
SMITH	Joseph	1911	M	27	6968	Place-7	-----
SMITH	Shawn	1911	M	26	7147	Place-26	-----
SMITH	James	1911	M	26	7162	Place-12	-----
SMITH	Jacob	1911	M	25	7291	Place-26	-----
SMITH	Sarah	1911	F	24	7382	Place-8	-----
SMITH	Joseph	1911	M	24	7418	Place-7	-----
SMITH	Sarah	1911	F	22	7585	Place-18	-----
SMITH	Suzanne	1911	F	21	7742	Place-4	-----
SMITH	James	1911	M	20	7908	Place-14	-----
SMITH	Sharon	1911	F	20	7912	Place-7	-----
SMITH	Bob	1911	M	20	7913	Place-12	-----
SMITH	James	1911	M	19	7978	Place-8	-----
SMITH	James	1911	M	19	7982	Place-28	-----
SMITH	Sharon	1911	F	19	8006	Place-26	-----
SMITH	Jenkins	1911	M	19	8015	Place-13	-----
SMITH	Selina	1911	F	19	8021	Place-9	-----
SMITH	Briony	1911	F	19	8032	Place-14	-----
SMITH	Sarah	1911	F	19	8054	Place-14	-----
SMITH	Bob	1911	M	18	8158	Place-6	-----
SMITH	James	1911	M	17	8340	Place-15	-----
SMITH	Sarah	1911	F	16	8483	Place-8	-----
SMITH	Selina	1911	F	14	8670	Place-14	-----
SMITH	Bob	1911	M	14	8740	Place-18	-----
SMITH	Jenkins	1911	M	13	8861	Place-2	-----
SMITH	Joseph	1911	M	12	9026	Place-17	-----
SMITH	Sharon	1911	F	10	9285	Place-8	-----
SMITH	Jim	1911	M	7	9793	Place-10	-----
SMITH	Joseph	1911	M	7	9829	Place-23	-----
SMITH	Joseph	1911	M	2	10556	Place-13	-----
SMITH	Sheila	1911	F	36	10489	Place-3	-----
SMITH	Selina	1911	F	25	10490	Place-3	-----
SMITH	Selina	1911	F	37	10492	Place-24	-----
SMITH	Susan	1911	F	32	10493	Place-11	-----
SMITH	Suzanne	1911	F	22	10494	Place-24	-----
SMITH	Sheila	1911	F	48	10495	Place-0	-----
SMITH	Briony	1911	F	53	10496	Place-18	-----
SMITH	Selina	1911	F	21	10497	Place-19	-----
SMITH	Suzanne	1911	F	32	10500	Place-4	-----
SMITH	Seonaid	1911	F	50	10502	Place-11	-----
SMITH	Susan	1911	F	61	10503	Place-15	-----
SMITH	Sharon	1911	F	38	10504	Place-10	-----
SMITH	Susan	1911	F	34	10505	Place-7	-----
SMITH	Sarah	1911	F	26	10507	Place-22	-----
SMITH	Suzanne	1911	F	23	10508	Place-28	-----
SMITH	Seonaid	1911	F	34	10334	Place-14	-----
SMITH	Sharon	1911	F	57	10338	Place-12	-----
SMITH	Seonaid	1911	F	39	5689	Place-13	-----
SMITH	Suzanne	1911	F	31	6574	Place-12	-----
SMITH	Selina	1911	F	24	7423	Place-7	-----
SMITH	Briony	1911	F	43	5334	Place-11	-----
SMITH	Bob	1911	M	55	4387	Place-12	-----
SMITH	Jim	1911	M	46	5097	Place-17	-----
SMITH	Jim	1911	M	28	6848	Place-14	-----
SMITH	Shawn	1911	M	27	6967	Place-23	-----
SMITH	Sharon	1911	F	20	7835	Place-10	-----
SMITH	Seonaid	1911	F	25	10165	Place-6	-----
SMITH	Susan	1911	F	40	10170	Place-21	-----
SMITH	Seonaid	1911	F	51	10177	Place-20	-----
SMITH	Sheila	1911	F	51	9846	Place-6	-----
SMITH	Shawn	1911	M	36	6004	Place-1	-----
SMITH	Selina	1911	F	48	7817	Place-16	-----
SMITH	Sharon	1911	F	31	6526	Place-14	-----
SMITH	Susan	1911	F	49	4836	Place-12	-----
SMITH	Jacob	1911	M	31	6557	Place-2	-----
SMITH	Briony	1911	F	50	10024	Place-27	-----
SMITH	Joseph	1911	M	42	5383	Place-23	-----
SMITH	Sharon	1911	F	34	6180	Place-3	-----
SMITH	Bob	1911	M	34	6212	Place-21	-----
SMITH	Susan	1911	F	42	5425	Place-18	-----
SMITH	Sheila	1911	F	41	5495	Place-26	-----
SMITH	Joseph	1911	M	26	7094	Place-15	-----
SMITH	Susan	1911	F	22	7638	Place-24	-----
SMITH	Sheila	1911	F	28	9849	Place-10	-----
SMITH	Bob	1911	M	44	5248	Place-1	-----
SMITH	Sheila	1911	F	55	4386	Place-22	-----
SMITH	Jim	1911	M	29	6766	Place-2	-----
SMITH	Suzanne	1911	F	51	9700	Place-2	-----
SMITH	Sharon	1911	F	28	6835	Place-16	-----
SMITH	Jenkins	1911	M	50	4781	Place-27	-----
SMITH	Joseph	1911	M	33	6325	Place-1	-----
SMITH	Jenkins	1911	M	34	6210	Place-13	-----
SMITH	James	1911	M	27	7036	Place-1	-----
SMITH	Seonaid	1911	F	38	5827	Place-2	-----
SMITH	James	1911	M	31	6522	Place-26	-----
SMITH	Shawn	1911	M	52	4604	Place-15	-----
SMITH	Sheila	1911	F	34	6178	Place-10	-----
SMITH	Jacob	1911	M	28	6866	Place-10	-----
SMITH	Paulo	1911	M	27	6982	Place-4	-----
SMITH	Paulo	1911	M	37	5886	Place-2	-----
SMITH	Joseph	1911	M	44	5273	Place-4	-----
SMITH	Briony	1911	F	51	4670	Place-20	-----
SMITH	Selina	1911	F	34	6215	Place-15	-----
SMITH	Selina	1911	F	19	7992	Place-7	-----
SMITH	Susan	1911	F	41	5502	Place-4	-----
SMITH	Shawn	1911	M	38	5803	Place-27	-----
SMITH	Paulo	1911	M	32	6413	Place-8	-----
SMITH	Briony	1911	F	46	5099	Place-4	-----
SMITH	Sheila	1911	F	47	5011	Place-24	-----
SMITH	Paulo	1911	M	55	4375	Place-24	-----
SMITH	James	1911	M	28	6928	Place-1	-----
SMITH	Jacob	1911	M	56	4302	Place-20	-----
SMITH	Shawn	1911	M	48	4865	Place-16	-----
SMITH	Jenkins	1911	M	47	5001	Place-28	-----
SMITH	Jacob	1911	M	41	5556	Place-13	-----
SMITH	Suzanne	1911	F	29	6764	Place-27	-----
SMITH	Sheila	1911	F	28	6840	Place-1	-----
SMITH	Seonaid	1911	F	26	7103	Place-6	-----
SMITH	Susan	1911	F	26	7110	Place-11	-----
SMITH	James	1911	M	26	7116	Place-23	-----
SMITH	Shawn	1911	M	26	7163	Place-29	-----
SMITH	James	1911	M	25	7294	Place-17	-----
SMITH	Selina	1911	F	23	7488	Place-23	-----
SMITH	Selina	1911	F	22	7685	Place-15	-----
SMITH	Jim	1911	M	21	7748	Place-6	-----
SMITH	Joseph	1911	M	20	7836	Place-24	-----
SMITH	Susan	1911	F	20	7839	Place-8	-----
SMITH	Sarah	1911	F	20	7911	Place-17	-----
SMITH	Jim	1911	M	19	7972	Place-16	-----
SMITH	Jacob	1911	M	19	8051	Place-27	-----
SMITH	Bob	1911	M	19	8063	Place-21	-----
SMITH	Sarah	1911	F	19	8078	Place-2	-----
SMITH	James	1911	M	19	8094	Place-5	-----
SMITH	Selina	1911	F	19	8095	Place-1	-----
SMITH	Susan	1911	F	15	8617	Place-3	-----
SMITH	Sheila	1911	F	15	8642	Place-14	-----
SMITH	Seonaid	1911	F	13	8847	Place-24	-----
SMITH	Sarah	1911	F	13	8876	Place-22	-----
SMITH	Shawn	1911	M	13	8888	Place-17	-----
SMITH	Seonaid	1911	F	7	9714	Place-12	-----
SMITH	Briony	1911	F	7	9753	Place-12	-----
SMITH	Joseph	1911	M	3	10439	Place-23	-----
SMITH	Sarah	1911	F	38	10323	Place-1	-----
SMITH	Sharon	1911	F	55	10324	Place-13	-----
SMITH	Sharon	1911	F	45	10327	Place-22	-----
SMITH	Suzanne	1911	F	26	10328	Place-1	-----
SMITH	Seonaid	1911	F	35	10333	Place-16	-----
SMITH	Sharon	1911	F	46	10336	Place-18	-----
SMITH	Seonaid	1911	F	34	10340	Place-22	-----
SMITH	Sharon	1911	F	22	10342	Place-23	-----
SMITH	Susan	1911	F	51	9699	Place-13	-----
SMITH	Selina	1911	F	26	7086	Place-19	-----
SMITH	Joseph	1911	M	37	5876	Place-10	-----
SMITH	Suzanne	1911	F	29	6805	Place-20	-----
SMITH	Susan	1911	F	48	7941	Place-26	-----
SMITH	Bob	1911	M	28	6889	Place-18	-----
SMITH	Seonaid	1911	F	54	7322	Place-24	-----
SMITH	James	1911	M	37	5888	Place-3	-----
SMITH	Jim	1911	M	24	7368	Place-18	-----
SMITH	Jim	1911	M	22	7659	Place-19	-----
SMITH	Jim	1911	M	22	7687	Place-7	-----
SMITH	Seonaid	1911	F	45	9845	Place-6	-----
SMITH	Suzanne	1911	F	25	9850	Place-5	-----
SMITH	Paulo	1911	M	28	6887	Place-10	-----
SMITH	Susan	1911	F	49	8523	Place-25	-----
SMITH	Shawn	1911	M	43	5296	Place-5	-----
SMITH	Jacob	1911	M	28	6865	Place-28	-----
SMITH	Briony	1911	F	46	9690	Place-7	-----
SMITH	Briony	1911	F	36	9698	Place-9	-----
SMITH	Sheila	1911	F	34	6228	Place-25	-----
SMITH	Shawn	1911	M	48	4921	Place-25	-----
SMITH	James	1911	M	45	5148	Place-23	-----
SMITH	Selina	1911	F	27	7023	Place-9	-----
SMITH	Seonaid	1911	F	27	7053	Place-5	-----
SMITH	Susan	1911	F	12	8984	Place-19	-----
SMITH	Susan	1911	F	51	7815	Place-17	-----
SMITH	Joseph	1911	M	38	5800	Place-29	-----
SMITH	Briony	1911	F	26	7074	Place-1	-----
SMITH	James	1911	M	38	5809	Place-1	-----
SMITH	Jacob	1911	M	23	7509	Place-19	-----
SMITH	Sarah	1911	F	41	8265	Place-0	-----
SMITH	Sheila	1911	F	41	8655	Place-28	-----
SMITH	Seonaid	1911	F	36	8919	Place-3	-----
SMITH	James	1911	M	39	5665	Place-22	-----
SMITH	Jacob	1911	M	33	6363	Place-5	-----
SMITH	Jenkins	1911	M	44	5233	Place-23	-----
SMITH	Selina	1911	F	46	8115	Place-23	-----
SMITH	Joseph	1911	M	39	5718	Place-23	-----
SMITH	Suzanne	1911	F	46	8521	Place-12	-----
SMITH	Jacob	1911	M	58	4140	Place-11	-----
SMITH	Jim	1911	M	36	6025	Place-5	-----
SMITH	Sheila	1911	F	55	6939	Place-9	-----
SMITH	Jim	1911	M	43	5360	Place-16	-----
SMITH	Paulo	1911	M	51	4713	Place-26	-----
SMITH	Joseph	1911	M	51	4678	Place-4	-----
SMITH	Paulo	1911	M	39	5685	Place-3	-----
SMITH	Sheila	1911	F	36	6031	Place-9	-----
SMITH	Seonaid	1911	F	34	6261	Place-2	-----
SMITH	Bob	1911	M	31	6508	Place-18	-----
SMITH	Briony	1911	F	27	6976	Place-16	-----
SMITH	Suzanne	1911	F	26	7155	Place-15	-----
SMITH	Paulo	1911	M	25	7218	Place-24	-----
SMITH	Joseph	1911	M	25	7269	Place-8	-----
SMITH	Jacob	1911	M	24	7355	Place-28	-----
SMITH	Joseph	1911	M	23	7499	Place-5	-----
SMITH	Suzanne	1911	F	22	7596	Place-24	-----
SMITH	Sarah	1911	F	22	7601	Place-12	-----
SMITH	Seonaid	1911	F	22	7643	Place-22	-----
SMITH	Susan	1911	F	22	7669	Place-18	-----
SMITH	Shawn	1911	M	21	7705	Place-14	-----
SMITH	Jenkins	1911	M	21	7711	Place-22	-----
SMITH	Seonaid	1911	F	21	7792	Place-21	-----
SMITH	James	1911	M	20	7845	Place-20	-----
SMITH	Selina	1911	F	20	7848	Place-29	-----
SMITH	Sheila	1911	F	20	7873	Place-6	-----
SMITH	James	1911	M	20	7879	Place-23	-----
SMITH	Joseph	1911	M	20	7921	Place-5	-----
SMITH	Selina	1911	F	19	8092	Place-13	-----
SMITH	Bob	1911	M	18	8196	Place-21	-----
SMITH	Seonaid	1911	F	18	8215	Place-18	-----
SMITH	Sheila	1911	F	16	8450	Place-10	-----
SMITH	Bob	1911	M	15	8574	Place-4	-----
SMITH	Joseph	1911	M	15	8613	Place-21	-----
SMITH	Paulo	1911	M	13	8811	Place-12	-----
SMITH	Seonaid	1911	F	11	9191	Place-26	-----
SMITH	Jacob	1911	M	10	9354	Place-1	-----
SMITH	Shawn	1911	M	6	10016	Place-5	-----
SMITH	James	1911	M	5	10058	Place-10	-----
SMITH	Sheila	1911	F	4	10219	Place-26	-----
SMITH	Selina	1911	F	25	10168	Place-24	-----
SMITH	Selina	1911	F	48	10169	Place-6	-----
SMITH	Sarah	1911	F	26	10172	Place-2	-----
SMITH	Seonaid	1911	F	52	10173	Place-23	-----
SMITH	Susan	1911	F	47	10174	Place-29	-----
SMITH	Suzanne	1911	F	36	10175	Place-25	-----
SMITH	Suzanne	1911	F	28	10176	Place-18	-----
SMITH	Sarah	1911	F	36	10178	Place-4	-----
SMITH	Sharon	1911	F	62	10179	Place-28	-----
SMITH	Selina	1911	F	48	10180	Place-0	-----
SMITH	Sarah	1911	F	35	10181	Place-0	-----
SMITH	Selina	1911	F	34	10182	Place-22	-----
SMITH	Sarah	1911	F	31	10183	Place-2	-----
SMITH	Selina	1911	F	23	10186	Place-23	-----
SMITH	Bob	1911	M	27	7010	Place-19	-----
SMITH	Susan	1911	F	32	9248	Place-1	-----
SMITH	Jim	1911	M	32	6422	Place-12	-----
SMITH	James	1911	M	44	5206	Place-4	-----
SMITH	Seonaid	1911	F	34	9847	Place-22	-----
SMITH	Suzanne	1911	F	26	7078	Place-12	-----
SMITH	Jim	1911	M	40	5610	Place-27	-----
SMITH	Paulo	1911	M	38	5859	Place-7	-----
SMITH	Sheila	1911	F	43	7435	Place-21	-----
SMITH	Sharon	1911	F	51	8918	Place-24	-----
SMITH	Sharon	1911	F	34	6253	Place-8	-----
SMITH	Susan	1911	F	34	6189	Place-22	-----
SMITH	Bob	1911	M	24	7390	Place-6	-----
SMITH	Shawn	1911	M	23	7482	Place-12	-----
SMITH	Seonaid	1911	F	34	9532	Place-6	-----
SMITH	Jacob	1911	M	27	7042	Place-6	-----
SMITH	Suzanne	1911	F	32	9247	Place-13	-----
SMITH	Jenkins	1911	M	46	5086	Place-5	-----
SMITH	Susan	1911	F	59	8516	Place-29	-----
SMITH	Sheila	1911	F	47	4964	Place-20	-----
SMITH	Jacob	1911	M	54	4466	Place-15	-----
SMITH	Selina	1911	F	58	6162	Place-8	-----
SMITH	Sarah	1911	F	40	5652	Place-24	-----
SMITH	Shawn	1911	M	30	6685	Place-28	-----
SMITH	Selina	1911	F	46	7181	Place-11	-----
SMITH	Seonaid	1911	F	51	4671	Place-23	-----
SMITH	Joseph	1911	M	26	7133	Place-23	-----
SMITH	Joseph	1911	M	46	5089	Place-3	-----
SMITH	Jim	1911	M	29	6783	Place-0	-----
SMITH	Seonaid	1911	F	44	8795	Place-13	-----
SMITH	Jenkins	1911	M	55	4349	Place-2	-----
SMITH	Paulo	1911	M	30	6687	Place-19	-----
SMITH	Sharon	1911	F	48	7068	Place-29	-----
SMITH	Seonaid	1911	F	41	5533	Place-28	-----
SMITH	Jim	1911	M	43	5373	Place-23	-----
SMITH	Briony	1911	F	39	5744	Place-27	-----
SMITH	Susan	1911	F	47	7818	Place-0	-----
SMITH	Sarah	1911	F	23	7549	Place-15	-----
SMITH	Seonaid	1911	F	43	7332	Place-13	-----
SMITH	Sharon	1911	F	52	4626	Place-7	-----
SMITH	Bob	1911	M	37	5925	Place-18	-----
SMITH	Bob	1911	M	22	7672	Place-25	-----
SMITH	James	1911	M	59	4102	Place-19	-----
SMITH	Jacob	1911	M	45	5184	Place-17	-----
SMITH	Shawn	1911	M	53	4515	Place-27	-----
SMITH	Sharon	1911	F	43	5318	Place-2	-----
SMITH	Briony	1911	F	33	6355	Place-20	-----
SMITH	Selina	1911	F	33	6362	Place-28	-----
SMITH	James	1911	M	32	6411	Place-11	-----
SMITH	Suzanne	1911	F	30	6610	Place-29	-----
SMITH	Sarah	1911	F	30	6681	Place-7	-----
SMITH	Jenkins	1911	M	28	6856	Place-0	-----
SMITH	Jacob	1911	M	27	6995	Place-25	-----
SMITH	Sheila	1911	F	26	7128	Place-12	-----
SMITH	Suzanne	1911	F	25	7222	Place-13	-----
SMITH	James	1911	M	25	7229	Place-26	-----
SMITH	Bob	1911	M	25	7236	Place-0	-----
SMITH	Jacob	1911	M	24	7377	Place-1	-----
SMITH	Sheila	1911	F	24	7427	Place-12	-----
SMITH	Jenkins	1911	M	23	7516	Place-22	-----
SMITH	Jacob	1911	M	23	7548	Place-7	-----
SMITH	Joseph	1911	M	22	7634	Place-12	-----
SMITH	Briony	1911	F	21	7803	Place-26	-----
SMITH	Selina	1911	F	20	7867	Place-27	-----
SMITH	Selina	1911	F	17	8298	Place-14	-----
SMITH	Paulo	1911	M	16	8429	Place-23	-----
SMITH	Selina	1911	F	16	8456	Place-29	-----
SMITH	Sarah	1911	F	16	8514	Place-3	-----
SMITH	Paulo	1911	M	15	8562	Place-6	-----
SMITH	Suzanne	1911	F	15	8566	Place-27	-----
SMITH	Jenkins	1911	M	13	8809	Place-22	-----
SMITH	Joseph	1911	M	13	8899	Place-21	-----
SMITH	Sharon	1911	F	10	9260	Place-13	-----
SMITH	Joseph	1911	M	10	9364	Place-5	-----
SMITH	James	1911	M	7	9722	Place-0	-----
SMITH	Jacob	1911	M	7	9763	Place-10	-----
SMITH	Suzanne	1911	F	7	9817	Place-9	-----
SMITH	Selina	1911	F	39	10019	Place-13	-----
SMITH	Susan	1911	F	43	10022	Place-16	-----
SMITH	Selina	1911	F	43	10025	Place-10	-----
SMITH	Susan	1911	F	41	10026	Place-6	-----
SMITH	Sheila	1911	F	39	10027	Place-8	-----
SMITH	Sheila	1911	F	28	10029	Place-21	-----
SMITH	Sheila	1911	F	27	10030	Place-27	-----
SMITH	Sarah	1911	F	24	10034	Place-3	-----
SMITH	Sarah	1911	F	49	9839	Place-17	-----
SMITH	Paulo	1911	M	34	6179	Place-12	-----
SMITH	Sarah	1911	F	51	8261	Place-14	-----
SMITH	Susan	1911	F	28	6857	Place-9	-----
SMITH	Briony	1911	F	28	9705	Place-5	-----
SMITH	Sharon	1911	F	25	7297	Place-16	-----
SMITH	Jenkins	1911	M	37	5946	Place-20	-----
SMITH	Jenkins	1911	M	29	6736	Place-11	-----
SMITH	Selina	1911	F	31	6550	Place-21	-----
SMITH	Suzanne	1911	F	30	9534	Place-20	-----
SMITH	Sharon	1911	F	31	6523	Place-27	-----
SMITH	Sheila	1911	F	33	6348	Place-4	-----
SMITH	James	1911	M	27	7020	Place-10	-----
SMITH	James	1911	M	48	4915	Place-9	-----
SMITH	Briony	1911	F	28	6855	Place-9	-----
SMITH	James	1911	M	44	5270	Place-2	-----
SMITH	Suzanne	1911	F	39	9237	Place-20	-----
SMITH	Suzanne	1911	F	45	9239	Place-17	-----
SMITH	Seonaid	1911	F	54	9245	Place-24	-----
SMITH	Sharon	1911	F	30	6633	Place-29	-----
SMITH	James	1911	M	30	6695	Place-0	-----
SMITH	James	1911	M	29	6763	Place-13	-----
SMITH	Briony	1911	F	36	8807	Place-21	-----
SMITH	Jacob	1911	M	40	5641	Place-19	-----
SMITH	Briony	1911	F	23	7474	Place-26	-----
SMITH	Susan	1911	F	38	5783	Place-16	-----
SMITH	Jenkins	1911	M	32	6466	Place-2	-----
SMITH	Selina	1911	F	39	8789	Place-17	-----
SMITH	Suzanne	1911	F	23	7539	Place-9	-----
SMITH	Susan	1911	F	48	8524	Place-15	-----
SMITH	Joseph	1911	M	56	4290	Place-26	-----
SMITH	Jim	1911	M	55	4360	Place-5	-----
SMITH	Jacob	1911	M	33	6344	Place-23	-----
SMITH	Shawn	1911	M	56	4276	Place-11	-----
SMITH	Bob	1911	M	43	5324	Place-17	-----
SMITH	Bob	1911	M	38	5821	Place-25	-----
SMITH	Selina	1911	F	34	6198	Place-1	-----
SMITH	Seonaid	1911	F	33	6290	Place-16	-----
SMITH	Bob	1911	M	32	6480	Place-1	-----
SMITH	James	1911	M	30	6640	Place-2	-----
SMITH	Sheila	1911	F	30	6659	Place-28	-----
SMITH	Paulo	1911	M	27	7054	Place-4	-----
SMITH	Susan	1911	F	26	7124	Place-6	-----
SMITH	Joseph	1911	M	25	7263	Place-0	-----
SMITH	James	1911	M	24	7362	Place-11	-----
SMITH	Seonaid	1911	F	24	7365	Place-23	-----
SMITH	Briony	1911	F	24	7370	Place-0	-----
SMITH	Shawn	1911	M	22	7644	Place-24	-----
SMITH	Jacob	1911	M	22	7653	Place-8	-----
SMITH	Selina	1911	F	17	8284	Place-19	-----
SMITH	Sharon	1911	F	15	8601	Place-22	-----
SMITH	Jacob	1911	M	14	8684	Place-1	-----
SMITH	Susan	1911	F	13	8810	Place-17	-----
SMITH	Jenkins	1911	M	11	9134	Place-10	-----
SMITH	Jim	1911	M	10	9338	Place-17	-----
SMITH	Briony	1911	F	8	9575	Place-5	-----
SMITH	Selina	1911	F	7	9820	Place-6	-----
SMITH	Jacob	1911	M	6	9900	Place-21	-----
SMITH	Suzanne	1911	F	39	9840	Place-16	-----
SMITH	Sheila	1911	F	61	9841	Place-4	-----
SMITH	Sarah	1911	F	45	9842	Place-5	-----
SMITH	Susan	1911	F	53	4512	Place-10	-----
SMITH	Shawn	1911	M	36	6020	Place-9	-----
SMITH	Susan	1911	F	49	7188	Place-27	-----
SMITH	Jim	1911	M	43	5292	Place-27	-----
SMITH	Sarah	1911	F	29	6774	Place-8	-----
SMITH	James	1911	M	55	4370	Place-0	-----
SMITH	Jacob	1911	M	35	6089	Place-0	-----
SMITH	Shawn	1911	M	29	6755	Place-5	-----
SMITH	Briony	1911	F	51	9240	Place-18	-----
SMITH	Shawn	1911	M	54	4439	Place-2	-----
SMITH	Suzanne	1911	F	51	4662	Place-10	-----
SMITH	Jenkins	1911	M	44	5261	Place-8	-----
SMITH	Suzanne	1911	F	25	7212	Place-25	-----
SMITH	Susan	1911	F	26	7071	Place-23	-----
SMITH	Seonaid	1911	F	17	8323	Place-26	-----
SMITH	Seonaid	1911	F	49	9236	Place-5	-----
SMITH	Joseph	1911	M	29	6820	Place-13	-----
SMITH	Bob	1911	M	43	5342	Place-3	-----
SMITH	Jenkins	1911	M	30	6694	Place-22	-----
SMITH	James	1911	M	40	5579	Place-1	-----
SMITH	Paulo	1911	M	41	5490	Place-14	-----
SMITH	Jenkins	1911	M	39	5675	Place-13	-----
SMITH	Joseph	1911	M	30	6690	Place-8	-----
SMITH	Sheila	1911	F	25	7303	Place-29	-----
SMITH	Susan	1911	F	34	6223	Place-13	-----
SMITH	Sheila	1911	F	48	4883	Place-3	-----
SMITH	Sarah	1911	F	30	6680	Place-3	-----
SMITH	Jim	1911	M	44	5202	Place-13	-----
SMITH	Paulo	1911	M	39	5724	Place-2	-----
SMITH	Suzanne	1911	F	43	5362	Place-20	-----
SMITH	Briony	1911	F	39	5686	Place-17	-----
SMITH	Briony	1911	F	40	8110	Place-10	-----
SMITH	Sheila	1911	F	43	5343	Place-16	-----
SMITH	Sarah	1911	F	29	6791	Place-16	-----
SMITH	Briony	1911	F	43	5348	Place-17	-----
SMITH	Joseph	1911	M	50	4746	Place-22	-----
SMITH	Sheila	1911	F	31	6509	Place-0	-----
SMITH	Shawn	1911	M	30	6628	Place-21	-----
SMITH	Jim	1911	M	28	6879	Place-11	-----
SMITH	Paulo	1911	M	27	7017	Place-18	-----
SMITH	Sarah	1911	F	27	7025	Place-12	-----
SMITH	Sarah	1911	F	26	7165	Place-5	-----
SMITH	Seonaid	1911	F	25	7209	Place-5	-----
SMITH	Jenkins	1911	M	25	7279	Place-24	-----
SMITH	Bob	1911	M	24	7346	Place-0	-----
SMITH	Shawn	1911	M	24	7378	Place-6	-----
SMITH	Jim	1911	M	24	7383	Place-7	-----
SMITH	Susan	1911	F	23	7554	Place-17	-----
SMITH	Jenkins	1911	M	22	7604	Place-28	-----
SMITH	Joseph	1911	M	21	7720	Place-8	-----
SMITH	Sharon	1911	F	20	7849	Place-1	-----
SMITH	Bob	1911	M	15	8553	Place-24	-----
SMITH	Sarah	1911	F	14	8762	Place-25	-----
SMITH	Sheila	1911	F	13	8824	Place-29	-----
SMITH	Suzanne	1911	F	31	9686	Place-3	-----
SMITH	Sharon	1911	F	43	9687	Place-0	-----
SMITH	Susan	1911	F	49	9695	Place-17	-----
SMITH	Briony	1911	F	42	9701	Place-7	-----
SMITH	Sheila	1911	F	36	9703	Place-25	-----
SMITH	Briony	1911	F	49	9540	Place-7	-----
SMITH	Suzanne	1911	F	61	3978	Place-27	-----
SMITH	Susan	1911	F	28	6919	Place-15	-----
SMITH	Susan	1911	F	31	6582	Place-29	-----
SMITH	Jenkins	1911	M	33	6340	Place-13	-----
SMITH	Selina	1911	F	41	8806	Place-29	-----
SMITH	Bob	1911	M	28	6896	Place-6	-----
SMITH	Sharon	1911	F	51	4706	Place-26	-----
SMITH	Suzanne	1911	F	43	5329	Place-10	-----
SMITH	Sharon	1911	F	36	5991	Place-24	-----
SMITH	Shawn	1911	M	47	4974	Place-13	-----
SMITH	Paulo	1911	M	40	5602	Place-20	-----
SMITH	Seonaid	1911	F	50	9089	Place-1	-----
SMITH	Susan	1911	F	31	9091	Place-21	-----
SMITH	Shawn	1911	M	31	6518	Place-3	-----
SMITH	Bob	1911	M	29	6780	Place-10	-----
SMITH	Sarah	1911	F	55	8800	Place-17	-----
SMITH	Briony	1911	F	38	5774	Place-9	-----
SMITH	Jacob	1911	M	49	4834	Place-16	-----
SMITH	Jenkins	1911	M	49	4847	Place-5	-----
SMITH	James	1911	M	50	4758	Place-16	-----
SMITH	Joseph	1911	M	40	5601	Place-13	-----
SMITH	Suzanne	1911	F	49	4822	Place-24	-----
SMITH	Paulo	1911	M	22	7680	Place-2	-----
SMITH	Susan	1911	F	34	6209	Place-9	-----
SMITH	Bob	1911	M	43	5357	Place-15	-----
SMITH	Sheila	1911	F	45	7070	Place-17	-----
SMITH	Paulo	1911	M	34	6238	Place-9	-----
SMITH	Sharon	1911	F	60	5958	Place-0	-----
SMITH	Suzanne	1911	F	59	4111	Place-29	-----
SMITH	Seonaid	1911	F	44	5256	Place-15	-----
SMITH	Jenkins	1911	M	37	5911	Place-10	-----
SMITH	Sheila	1911	F	35	6086	Place-1	-----
SMITH	Bob	1911	M	32	6427	Place-5	-----
SMITH	Suzanne	1911	F	32	6443	Place-14	-----
SMITH	Jenkins	1911	M	31	6563	Place-29	-----
SMITH	Susan	1911	F	30	6654	Place-28	-----
SMITH	Sarah	1911	F	29	6806	Place-1	-----
SMITH	Jenkins	1911	M	28	6849	Place-20	-----
SMITH	Shawn	1911	M	28	6853	Place-29	-----
SMITH	Selina	1911	F	27	7027	Place-26	-----
SMITH	Suzanne	1911	F	27	7048	Place-10	-----
SMITH	Seonaid	1911	F	26	7077	Place-22	-----
SMITH	Joseph	1911	M	25	7315	Place-5	-----
SMITH	Susan	1911	F	24	7344	Place-14	-----
SMITH	Paulo	1911	M	24	7414	Place-15	-----
SMITH	Susan	1911	F	17	8372	Place-6	-----
SMITH	James	1911	M	16	8417	Place-21	-----
SMITH	Jacob	1911	M	16	8418	Place-26	-----
SMITH	Jacob	1911	M	15	8578	Place-27	-----
SMITH	Jenkins	1911	M	14	8753	Place-12	-----
SMITH	Seonaid	1911	F	11	9232	Place-17	-----
SMITH	Jacob	1911	M	10	9387	Place-0	-----
SMITH	Jenkins	1911	M	9	9524	Place-6	-----
SMITH	Selina	1911	F	33	9527	Place-5	-----
SMITH	Sharon	1911	F	30	9530	Place-3	-----
SMITH	Suzanne	1911	F	45	9535	Place-19	-----
SMITH	Susan	1911	F	45	9543	Place-9	-----
SMITH	Sheila	1911	F	29	9547	Place-5	-----
SMITH	Briony	1911	F	57	9403	Place-11	-----
SMITH	Bob	1911	M	50	4749	Place-14	-----
SMITH	James	1911	M	30	6621	Place-14	-----
SMITH	Jacob	1911	M	48	4935	Place-0	-----
SMITH	Jenkins	1911	M	44	5209	Place-28	-----
SMITH	Jenkins	1911	M	43	5308	Place-5	-----
SMITH	Jenkins	1911	M	34	6208	Place-6	-----
SMITH	Paulo	1911	M	53	4501	Place-18	-----
SMITH	Shawn	1911	M	43	5313	Place-16	-----
SMITH	Bob	1911	M	33	6297	Place-8	-----
SMITH	Jim	1911	M	43	5366	Place-0	-----
SMITH	Jim	1911	M	27	6960	Place-11	-----
SMITH	Suzanne	1911	F	48	8518	Place-10	-----
SMITH	Jim	1911	M	48	4907	Place-18	-----
SMITH	Sharon	1911	F	34	6170	Place-19	-----
SMITH	Joseph	1911	M	32	6455	Place-2	-----
SMITH	Briony	1911	F	44	8392	Place-26	-----
SMITH	Sheila	1911	F	54	8250	Place-8	-----
SMITH	Shawn	1911	M	48	4894	Place-7	-----
SMITH	Suzanne	1911	F	40	7807	Place-29	-----
SMITH	Bob	1911	M	66	3610	Place-5	-----
SMITH	Jenkins	1911	M	43	5328	Place-19	-----
SMITH	Jim	1911	M	55	4389	Place-3	-----
SMITH	Paulo	1911	M	36	6021	Place-5	-----
SMITH	Jenkins	1911	M	34	6201	Place-10	-----
SMITH	Bob	1911	M	33	6302	Place-6	-----
SMITH	Seonaid	1911	F	33	6343	Place-12	-----
SMITH	Selina	1911	F	32	6487	Place-16	-----
SMITH	James	1911	M	32	6497	Place-4	-----
SMITH	Bob	1911	M	28	6862	Place-18	-----
SMITH	Seonaid	1911	F	28	6926	Place-5	-----
SMITH	James	1911	M	26	7082	Place-2	-----
SMITH	Sheila	1911	F	26	7146	Place-14	-----
SMITH	Jacob	1911	M	26	7176	Place-4	-----
SMITH	Bob	1911	M	21	7710	Place-5	-----
SMITH	Paulo	1911	M	21	7737	Place-6	-----
SMITH	Shawn	1911	M	19	8010	Place-23	-----
SMITH	Seonaid	1911	F	11	9223	Place-5	-----
SMITH	Jacob	1911	M	10	9261	Place-5	-----
SMITH	Suzanne	1911	F	42	9397	Place-11	-----
SMITH	Selina	1911	F	38	9400	Place-23	-----
SMITH	Susan	1911	F	44	9401	Place-5	-----
SMITH	Suzanne	1911	F	36	9406	Place-16	-----
SMITH	Briony	1911	F	56	7316	Place-17	-----
SMITH	Joseph	1911	M	39	5693	Place-14	-----
SMITH	Sharon	1911	F	39	5670	Place-14	-----
SMITH	Briony	1911	F	41	5552	Place-29	-----
SMITH	Suzanne	1911	F	30	6713	Place-10	-----
SMITH	Sharon	1911	F	34	8790	Place-1	-----
SMITH	Susan	1911	F	54	4483	Place-12	-----
SMITH	Sarah	1911	F	22	7670	Place-9	-----
SMITH	Sharon	1911	F	39	5699	Place-26	-----
SMITH	Jenkins	1911	M	27	7033	Place-19	-----
SMITH	Sheila	1911	F	56	8118	Place-7	-----
SMITH	Sharon	1911	F	51	7183	Place-1	-----
SMITH	Suzanne	1911	F	53	4525	Place-11	-----
SMITH	Paulo	1911	M	51	4690	Place-3	-----
SMITH	Joseph	1911	M	57	4258	Place-22	-----
SMITH	Jenkins	1911	M	51	4691	Place-28	-----
SMITH	Jim	1911	M	50	4779	Place-29	-----
SMITH	Sharon	1911	F	38	5788	Place-10	-----
SMITH	Sharon	1911	F	36	6048	Place-23	-----
SMITH	Paulo	1911	M	33	6329	Place-16	-----
SMITH	James	1911	M	29	6753	Place-24	-----
SMITH	Jacob	1911	M	28	6883	Place-19	-----
SMITH	Shawn	1911	M	19	7997	Place-5	-----
SMITH	Susan	1911	F	19	8048	Place-21	-----
SMITH	Jenkins	1911	M	13	8845	Place-23	-----
SMITH	Joseph	1911	M	12	8954	Place-19	-----
SMITH	Shawn	1911	M	11	9151	Place-15	-----
SMITH	Susan	1911	F	37	5906	Place-29	-----
SMITH	Susan	1911	F	51	4700	Place-9	-----
SMITH	Joseph	1911	M	46	5070	Place-7	-----
SMITH	Paulo	1911	M	45	5130	Place-9	-----
SMITH	Shawn	1911	M	33	6286	Place-9	-----
SMITH	Selina	1911	F	40	5598	Place-22	-----
SMITH	Sarah	1911	F	34	8665	Place-8	-----
SMITH	Suzanne	1911	F	34	6262	Place-28	-----
SMITH	Joseph	1911	M	27	7004	Place-26	-----
SMITH	Shawn	1911	M	52	4588	Place-29	-----
SMITH	Sharon	1911	F	27	7034	Place-17	-----
SMITH	Seonaid	1911	F	56	6733	Place-14	-----
SMITH	Briony	1911	F	55	4345	Place-9	-----
SMITH	Jacob	1911	M	37	5898	Place-19	-----
SMITH	Joseph	1911	M	35	6080	Place-6	-----
SMITH	Shawn	1911	M	34	6214	Place-8	-----
SMITH	Jenkins	1911	M	33	6278	Place-1	-----
SMITH	Seonaid	1911	F	33	6306	Place-1	-----
SMITH	Seonaid	1911	F	31	6566	Place-1	-----
SMITH	Briony	1911	F	29	6760	Place-28	-----
SMITH	Shawn	1911	M	27	7014	Place-27	-----
SMITH	Suzanne	1911	F	27	7041	Place-18	-----
SMITH	Jim	1911	M	20	7904	Place-14	-----
SMITH	Jacob	1911	M	17	8380	Place-26	-----
SMITH	Jacob	1911	M	16	8410	Place-14	-----
SMITH	Briony	1911	F	16	8479	Place-12	-----
SMITH	Joseph	1911	M	14	8693	Place-9	-----
SMITH	Seonaid	1911	F	13	8814	Place-22	-----
SMITH	Susan	1911	F	11	9148	Place-25	-----
SMITH	Sheila	1911	F	11	9168	Place-3	-----
SMITH	Sarah	1911	F	54	9076	Place-27	-----
SMITH	Seonaid	1911	F	43	9088	Place-0	-----
SMITH	Sarah	1911	F	29	6815	Place-9	-----
SMITH	Susan	1911	F	52	4610	Place-11	-----
SMITH	Jacob	1911	M	36	5969	Place-25	-----
SMITH	Bob	1911	M	46	5056	Place-26	-----
SMITH	James	1911	M	46	5093	Place-4	-----
SMITH	Sheila	1911	F	58	4136	Place-4	-----
SMITH	Sheila	1911	F	45	7820	Place-8	-----
SMITH	Sheila	1911	F	22	7619	Place-2	-----
SMITH	Sharon	1911	F	44	7198	Place-7	-----
SMITH	Selina	1911	F	50	4756	Place-8	-----
SMITH	Sarah	1911	F	54	4443	Place-16	-----
SMITH	Jacob	1911	M	32	6418	Place-12	-----
SMITH	Paulo	1911	M	30	6650	Place-12	-----
SMITH	Sharon	1911	F	23	7481	Place-7	-----
SMITH	Suzanne	1911	F	20	7917	Place-9	-----
SMITH	Seonaid	1911	F	14	8727	Place-8	-----
SMITH	Selina	1911	F	13	8842	Place-22	-----
SMITH	Sharon	1911	F	35	8917	Place-28	-----
SMITH	Briony	1911	F	49	8920	Place-1	-----
SMITH	Selina	1911	F	31	8924	Place-23	-----
SMITH	Seonaid	1911	F	52	8929	Place-15	-----
SMITH	Shawn	1911	M	35	6130	Place-23	-----
SMITH	Paulo	1911	M	35	6119	Place-28	-----
SMITH	Joseph	1911	M	50	4723	Place-16	-----
SMITH	Shawn	1911	M	57	4207	Place-11	-----
SMITH	Paulo	1911	M	45	5171	Place-19	-----
SMITH	Joseph	1911	M	46	5059	Place-14	-----
SMITH	Selina	1911	F	43	8386	Place-11	-----
SMITH	Sharon	1911	F	34	6205	Place-20	-----
SMITH	Joseph	1911	M	44	5269	Place-8	-----
SMITH	Selina	1911	F	42	5388	Place-15	-----
SMITH	Jenkins	1911	M	41	5485	Place-24	-----
SMITH	Bob	1911	M	42	5408	Place-22	-----
SMITH	Suzanne	1911	F	51	6930	Place-6	-----
SMITH	Jacob	1911	M	45	5123	Place-11	-----
SMITH	Sharon	1911	F	41	5532	Place-8	-----
SMITH	Shawn	1911	M	39	5674	Place-7	-----
SMITH	James	1911	M	36	6039	Place-4	-----
SMITH	James	1911	M	22	7579	Place-17	-----
SMITH	Joseph	1911	M	22	7590	Place-18	-----
SMITH	Jim	1911	M	19	7968	Place-27	-----
SMITH	Shawn	1911	M	18	8236	Place-14	-----
SMITH	Jenkins	1911	M	13	8873	Place-8	-----
SMITH	Briony	1911	F	13	8907	Place-29	-----
SMITH	Sheila	1911	F	52	8794	Place-10	-----
SMITH	Joseph	1911	M	55	4393	Place-15	-----
SMITH	Selina	1911	F	40	5619	Place-22	-----
SMITH	Jenkins	1911	M	55	4342	Place-10	-----
SMITH	Shawn	1911	M	50	4759	Place-15	-----
SMITH	Briony	1911	F	50	8113	Place-12	-----
SMITH	Paulo	1911	M	37	5908	Place-22	-----
SMITH	Jenkins	1911	M	48	4908	Place-6	-----
SMITH	Paulo	1911	M	40	5625	Place-12	-----
SMITH	Suzanne	1911	F	62	5281	Place-16	-----
SMITH	Jenkins	1911	M	47	4990	Place-17	-----
SMITH	Selina	1911	F	36	6016	Place-12	-----
SMITH	Sharon	1911	F	33	6350	Place-21	-----
SMITH	Bob	1911	M	30	6692	Place-17	-----
SMITH	Jim	1911	M	18	8185	Place-11	-----
SMITH	Selina	1911	F	14	8689	Place-13	-----
SMITH	Susan	1911	F	54	8663	Place-6	-----
SMITH	Bob	1911	M	38	5840	Place-23	-----
SMITH	Jim	1911	M	49	4817	Place-15	-----
SMITH	Joseph	1911	M	47	4999	Place-18	-----
SMITH	James	1911	M	44	5215	Place-5	-----
SMITH	Bob	1911	M	35	6152	Place-26	-----
SMITH	Jim	1911	M	49	4842	Place-1	-----
SMITH	Sarah	1911	F	48	4928	Place-6	-----
SMITH	Paulo	1911	M	38	5784	Place-10	-----
SMITH	Seonaid	1911	F	32	6436	Place-17	-----
SMITH	Sharon	1911	F	32	6490	Place-11	-----
SMITH	Bob	1911	M	22	7677	Place-5	-----
SMITH	Sheila	1911	F	20	7852	Place-23	-----
SMITH	Joseph	1911	M	19	8093	Place-16	-----
SMITH	Shawn	1911	M	18	8211	Place-6	-----
SMITH	Seonaid	1911	F	15	8590	Place-1	-----
SMITH	Seonaid	1911	F	40	8522	Place-6	-----
SMITH	Susan	1911	F	45	8528	Place-28	-----
SMITH	Susan	1911	F	43	5301	Place-29	-----
SMITH	Bob	1911	M	43	5336	Place-5	-----
SMITH	James	1911	M	33	6366	Place-21	-----
SMITH	Paulo	1911	M	54	4431	Place-4	-----
SMITH	James	1911	M	50	4766	Place-0	-----
SMITH	Bob	1911	M	36	6029	Place-20	-----
SMITH	Bob	1911	M	34	6203	Place-14	-----
SMITH	Seonaid	1911	F	33	6291	Place-9	-----
SMITH	Sheila	1911	F	33	6304	Place-20	-----
SMITH	Jacob	1911	M	29	6747	Place-8	-----
SMITH	Selina	1911	F	24	7412	Place-13	-----
SMITH	Paulo	1911	M	23	7544	Place-2	-----
SMITH	Sharon	1911	F	18	8200	Place-5	-----
SMITH	Susan	1911	F	18	8233	Place-0	-----
SMITH	Joseph	1911	M	17	8319	Place-14	-----
SMITH	Shawn	1911	M	41	5521	Place-3	-----
SMITH	Seonaid	1911	F	40	5649	Place-26	-----
SMITH	Jacob	1911	M	39	5749	Place-6	-----
SMITH	Susan	1911	F	40	5638	Place-2	-----
SMITH	Jim	1911	M	37	5948	Place-16	-----
SMITH	Seonaid	1911	F	54	7058	Place-11	-----
SMITH	Jacob	1911	M	48	4891	Place-20	-----
SMITH	Paulo	1911	M	39	5727	Place-16	-----
SMITH	Jenkins	1911	M	52	4620	Place-28	-----
SMITH	Jacob	1911	M	51	4711	Place-16	-----
SMITH	Jim	1911	M	48	4925	Place-28	-----
SMITH	Shawn	1911	M	40	5599	Place-0	-----
SMITH	Jenkins	1911	M	36	6027	Place-12	-----
SMITH	Jacob	1911	M	33	6386	Place-16	-----
SMITH	Jim	1911	M	22	7656	Place-7	-----
SMITH	Jim	1911	M	21	7706	Place-9	-----
SMITH	Seonaid	1911	F	51	8259	Place-25	-----
SMITH	Sarah	1911	F	38	5806	Place-17	-----
SMITH	Paulo	1911	M	48	4931	Place-0	-----
SMITH	Sheila	1911	F	42	5387	Place-26	-----
SMITH	Jenkins	1911	M	27	7021	Place-5	-----
SMITH	Susan	1911	F	46	5106	Place-23	-----
SMITH	James	1911	M	34	6248	Place-1	-----
SMITH	Joseph	1911	M	37	5928	Place-24	-----
SMITH	Suzanne	1911	F	34	6241	Place-21	-----
SMITH	Bob	1911	M	31	6553	Place-23	-----
SMITH	Sharon	1911	F	54	8120	Place-28	-----
SMITH	Joseph	1911	M	49	4815	Place-27	-----
SMITH	Shawn	1911	M	42	5421	Place-11	-----
SMITH	Jenkins	1911	M	36	6000	Place-17	-----
SMITH	Paulo	1911	M	23	7504	Place-17	-----
SMITH	Selina	1911	F	19	8018	Place-22	-----
SMITH	Sarah	1911	F	49	7934	Place-9	-----
SMITH	Sharon	1911	F	51	7944	Place-7	-----
SMITH	Jim	1911	M	55	4383	Place-18	-----
SMITH	Sarah	1911	F	60	5762	Place-23	-----
SMITH	Joseph	1911	M	59	4112	Place-26	-----
SMITH	Shawn	1911	M	32	6461	Place-4	-----
SMITH	Jim	1911	M	20	7824	Place-9	-----
SMITH	Jacob	1911	M	39	5728	Place-27	-----
SMITH	Briony	1911	F	39	5704	Place-21	-----
SMITH	Jim	1911	M	48	4881	Place-22	-----
SMITH	Jim	1911	M	47	4984	Place-22	-----
SMITH	Bob	1911	M	46	5096	Place-9	-----
SMITH	Selina	1911	F	44	7445	Place-8	-----
SMITH	Suzanne	1911	F	23	7454	Place-22	-----
SMITH	Sheila	1911	F	51	7562	Place-1	-----
SMITH	Paulo	1911	M	52	4622	Place-8	-----
SMITH	Jim	1911	M	59	4089	Place-17	-----
SMITH	Bob	1911	M	56	4278	Place-18	-----
SMITH	Jim	1911	M	45	5156	Place-25	-----
SMITH	Sharon	1911	F	23	7468	Place-24	-----
SMITH	Suzanne	1911	F	58	7067	Place-5	-----
SMITH	Jim	1911	M	65	3659	Place-18	-----
SMITH	James	1911	M	35	6123	Place-26	-----
SMITH	Sarah	1911	F	26	7132	Place-16	-----
SMITH	Sharon	1911	F	26	7142	Place-2	-----
SMITH	Jim	1911	M	51	4645	Place-25	-----
SMITH	Jenkins	1911	M	52	4574	Place-2	-----
SMITH	Shawn	1911	M	43	5304	Place-0	-----
SMITH	Sarah	1911	F	43	5325	Place-24	-----
SMITH	Shawn	1911	M	44	5213	Place-20	-----
SMITH	Jim	1911	M	44	5229	Place-19	-----
SMITH	Jacob	1911	M	26	7177	Place-14	-----
SMITH	Seonaid	1911	F	45	7179	Place-26	-----
SMITH	Shawn	1911	M	50	4735	Place-9	-----
SMITH	Sheila	1911	F	47	5002	Place-10	-----
SMITH	Sarah	1911	F	46	5082	Place-24	-----
SMITH	Jim	1911	M	54	4463	Place-15	-----
SMITH	Bob	1911	M	50	4775	Place-11	-----
SMITH	Paulo	1911	M	46	5091	Place-14	-----
SMITH	Bob	1911	M	51	4666	Place-7	-----
SMITH	Bob	1911	M	57	4259	Place-16	-----
SMITH	Paulo	1911	M	57	4248	Place-23	-----
SMITH	Shawn	1911	M	50	4720	Place-21	-----
SMITH	Joseph	1911	M	51	4642	Place-29	-----
SMITH	James	1911	M	31	6573	Place-0	-----
SMITH	Joseph	1911	M	54	4416	Place-6	-----
SMITH	Jenkins	1911	M	61	3934	Place-15	-----
SMITH	Jacob	1911	M	54	4445	Place-28	-----
SMITH	Jim	1911	M	55	4359	Place-23	-----
SMITH	Jacob	1911	M	48	4920	Place-15	-----
SMITH	Joseph	1911	M	45	5132	Place-18	-----
SMITH	Jacob	1911	M	43	5323	Place-10	-----
SMITH	Bob	1911	M	42	5442	Place-6	-----
SMITH	Shawn	1911	M	42	5456	Place-25	-----
SMITH	Jim	1911	M	41	5498	Place-1	-----
SMITH	Paulo	1911	M	40	5624	Place-8	-----
SMITH	Shawn	1911	M	38	5786	Place-14	-----
SMITH	Shawn	1911	M	38	5831	Place-10	-----
SMITH	Jim	1911	M	37	5910	Place-21	-----
SMITH	Sarah	1911	F	37	5949	Place-5	-----
SMITH	Bob	1911	M	35	6101	Place-14	-----
SMITH	Paulo	1911	M	35	6102	Place-24	-----
SMITH	Seonaid	1911	F	35	6105	Place-22	-----
SMITH	Sheila	1911	F	35	6140	Place-6	-----
SMITH	Shawn	1911	M	34	6220	Place-13	-----
SMITH	Joseph	1911	M	34	6225	Place-23	-----
SMITH	Jacob	1911	M	34	6230	Place-7	-----
SMITH	Joseph	1911	M	34	6258	Place-25	-----
SMITH	Sheila	1911	F	33	6295	Place-29	-----
SMITH	Shawn	1911	M	33	6303	Place-25	-----
SMITH	Briony	1911	F	33	6357	Place-10	-----
SMITH	Sarah	1911	F	33	6368	Place-25	-----
SMITH	Briony	1911	F	32	6465	Place-20	-----
SMITH	Sheila	1911	F	32	6485	Place-22	-----
SMITH	Bob	1911	M	32	6491	Place-23	-----
SMITH	Joseph	1911	M	31	6519	Place-2	-----
SMITH	Sharon	1911	F	31	6524	Place-19	-----
SMITH	Jenkins	1911	M	31	6555	Place-6	-----
SMITH	Jenkins	1911	M	30	6630	Place-3	-----
SMITH	Selina	1911	F	30	6638	Place-17	-----
SMITH	James	1911	M	30	6647	Place-22	-----
SMITH	Jenkins	1911	M	30	6649	Place-24	-----
SMITH	Selina	1911	F	30	6656	Place-17	-----
SMITH	Sarah	1911	F	30	6678	Place-5	-----
SMITH	Jacob	1911	M	30	6684	Place-26	-----
SMITH	Seonaid	1911	F	29	6748	Place-14	-----
SMITH	Jim	1911	M	29	6767	Place-20	-----
SMITH	Jacob	1911	M	29	6798	Place-5	-----
SMITH	Selina	1911	F	29	6809	Place-21	-----
SMITH	Paulo	1911	M	29	6812	Place-4	-----
SMITH	Paulo	1911	M	28	6837	Place-14	-----
SMITH	Jim	1911	M	28	6841	Place-22	-----
SMITH	Seonaid	1911	F	28	6846	Place-1	-----
SMITH	Briony	1911	F	28	6860	Place-0	-----
SMITH	James	1911	M	28	6876	Place-27	-----
SMITH	James	1911	M	28	6913	Place-21	-----
SMITH	Jacob	1911	M	28	6921	Place-28	-----
SMITH	Sheila	1911	F	27	6951	Place-27	-----
SMITH	Joseph	1911	M	27	6953	Place-7	-----
SMITH	Jacob	1911	M	27	6954	Place-1	-----
SMITH	James	1911	M	27	6955	Place-9	-----
SMITH	Shawn	1911	M	27	6958	Place-6	-----
SMITH	Jenkins	1911	M	27	6962	Place-4	-----
SMITH	Paulo	1911	M	27	6971	Place-6	-----
SMITH	Jacob	1911	M	27	6981	Place-28	-----
SMITH	Joseph	1911	M	27	7035	Place-13	-----
SMITH	Shawn	1911	M	27	7044	Place-3	-----
SMITH	Sharon	1911	F	27	7051	Place-24	-----
SMITH	Briony	1911	F	26	7083	Place-17	-----
SMITH	Seonaid	1911	F	26	7089	Place-12	-----
SMITH	Sharon	1911	F	26	7091	Place-20	-----
SMITH	Bob	1911	M	26	7098	Place-29	-----
SMITH	Seonaid	1911	F	26	7101	Place-16	-----
SMITH	Shawn	1911	M	26	7135	Place-16	-----
SMITH	Briony	1911	F	26	7143	Place-7	-----
SMITH	Jim	1911	M	26	7158	Place-22	-----
SMITH	Suzanne	1911	F	26	7164	Place-9	-----
SMITH	Bob	1911	M	25	7200	Place-24	-----
SMITH	Jim	1911	M	25	7202	Place-25	-----
SMITH	Selina	1911	F	25	7216	Place-17	-----
SMITH	Jim	1911	M	25	7219	Place-6	-----
SMITH	Briony	1911	F	25	7221	Place-21	-----
SMITH	Sheila	1911	F	25	7226	Place-27	-----
SMITH	Jacob	1911	M	25	7237	Place-6	-----
SMITH	Sharon	1911	F	25	7254	Place-18	-----
SMITH	Selina	1911	F	25	7259	Place-22	-----
SMITH	Joseph	1911	M	25	7262	Place-0	-----
SMITH	Jenkins	1911	M	25	7265	Place-17	-----
SMITH	Jacob	1911	M	25	7267	Place-23	-----
SMITH	Suzanne	1911	F	25	7301	Place-27	-----
SMITH	Sarah	1911	F	25	7310	Place-25	-----
SMITH	Selina	1911	F	25	7312	Place-12	-----
SMITH	Sheila	1911	F	25	7314	Place-7	-----
SMITH	Jenkins	1911	M	24	7339	Place-25	-----
SMITH	Seonaid	1911	F	24	7342	Place-21	-----
SMITH	Sheila	1911	F	24	7349	Place-18	-----
SMITH	Shawn	1911	M	24	7352	Place-15	-----
SMITH	Jacob	1911	M	24	7363	Place-14	-----
SMITH	Bob	1911	M	24	7375	Place-20	-----
SMITH	Shawn	1911	M	24	7379	Place-18	-----
SMITH	Jacob	1911	M	24	7381	Place-27	-----
SMITH	James	1911	M	24	7385	Place-20	-----
SMITH	James	1911	M	24	7386	Place-0	-----
SMITH	James	1911	M	24	7400	Place-0	-----
SMITH	Briony	1911	F	24	7411	Place-19	-----
SMITH	Suzanne	1911	F	24	7416	Place-6	-----
SMITH	Paulo	1911	M	23	7455	Place-24	-----
SMITH	Sarah	1911	F	23	7458	Place-28	-----
SMITH	Shawn	1911	M	23	7465	Place-7	-----
SMITH	Jenkins	1911	M	23	7472	Place-4	-----
SMITH	Sharon	1911	F	23	7479	Place-20	-----
SMITH	Jenkins	1911	M	23	7489	Place-11	-----
SMITH	Shawn	1911	M	23	7490	Place-23	-----
SMITH	Briony	1911	F	23	7491	Place-16	-----
SMITH	Sarah	1911	F	23	7496	Place-21	-----
SMITH	Joseph	1911	M	23	7500	Place-8	-----
SMITH	Jenkins	1911	M	23	7502	Place-17	-----
SMITH	Jacob	1911	M	23	7505	Place-5	-----
SMITH	Susan	1911	F	23	7519	Place-11	-----
SMITH	Shawn	1911	M	23	7523	Place-19	-----
SMITH	Jacob	1911	M	23	7530	Place-19	-----
SMITH	Selina	1911	F	23	7531	Place-25	-----
SMITH	Bob	1911	M	23	7533	Place-23	-----
SMITH	Paulo	1911	M	23	7536	Place-28	-----
SMITH	Shawn	1911	M	23	7538	Place-4	-----
SMITH	Bob	1911	M	23	7543	Place-27	-----
SMITH	Jacob	1911	M	23	7547	Place-17	-----
SMITH	Sarah	1911	F	23	7551	Place-1	-----
SMITH	Bob	1911	M	22	7578	Place-23	-----
SMITH	James	1911	M	22	7580	Place-5	-----
SMITH	Joseph	1911	M	22	7582	Place-17	-----
SMITH	James	1911	M	22	7586	Place-8	-----
SMITH	Jacob	1911	M	22	7589	Place-8	-----
SMITH	Paulo	1911	M	22	7594	Place-1	-----
SMITH	Sharon	1911	F	22	7595	Place-1	-----
SMITH	Bob	1911	M	22	7599	Place-0	-----
SMITH	Susan	1911	F	22	7607	Place-21	-----
SMITH	Bob	1911	M	22	7614	Place-1	-----
SMITH	Shawn	1911	M	22	7618	Place-2	-----
SMITH	Shawn	1911	M	22	7625	Place-8	-----
SMITH	Jenkins	1911	M	22	7630	Place-14	-----
SMITH	Sarah	1911	F	22	7632	Place-14	-----
SMITH	Jim	1911	M	22	7646	Place-6	-----
SMITH	Suzanne	1911	F	22	7657	Place-26	-----
SMITH	Shawn	1911	M	22	7658	Place-9	-----
SMITH	Sarah	1911	F	22	7663	Place-0	-----
SMITH	Joseph	1911	M	22	7664	Place-8	-----
SMITH	Jenkins	1911	M	22	7665	Place-0	-----
SMITH	Briony	1911	F	22	7667	Place-6	-----
SMITH	Suzanne	1911	F	22	7671	Place-16	-----
SMITH	Sheila	1911	F	22	7674	Place-25	-----
SMITH	Selina	1911	F	22	7675	Place-13	-----
SMITH	Sheila	1911	F	22	7676	Place-28	-----
SMITH	Shawn	1911	M	22	7681	Place-21	-----
SMITH	Paulo	1911	M	22	7690	Place-25	-----
SMITH	Jacob	1911	M	21	7713	Place-21	-----
SMITH	Jacob	1911	M	21	7714	Place-12	-----
SMITH	Joseph	1911	M	21	7717	Place-2	-----
SMITH	Jenkins	1911	M	21	7723	Place-18	-----
SMITH	Shawn	1911	M	21	7725	Place-18	-----
SMITH	Shawn	1911	M	21	7735	Place-15	-----
SMITH	Jenkins	1911	M	21	7739	Place-20	-----
SMITH	Joseph	1911	M	21	7745	Place-15	-----
SMITH	Jim	1911	M	21	7755	Place-12	-----
SMITH	Sheila	1911	F	21	7760	Place-29	-----
SMITH	Selina	1911	F	21	7766	Place-22	-----
SMITH	Sarah	1911	F	21	7771	Place-0	-----
SMITH	Briony	1911	F	21	7774	Place-27	-----
SMITH	Sheila	1911	F	21	7781	Place-13	-----
SMITH	Jim	1911	M	21	7782	Place-17	-----
SMITH	Jim	1911	M	21	7784	Place-7	-----
SMITH	Selina	1911	F	21	7785	Place-17	-----
SMITH	Seonaid	1911	F	21	7796	Place-1	-----
SMITH	Shawn	1911	M	21	7798	Place-28	-----
SMITH	Jenkins	1911	M	21	7801	Place-25	-----
SMITH	Briony	1911	F	20	7825	Place-25	-----
SMITH	Bob	1911	M	20	7829	Place-4	-----
SMITH	Jenkins	1911	M	20	7833	Place-14	-----
SMITH	Jim	1911	M	20	7834	Place-6	-----
SMITH	Jenkins	1911	M	20	7837	Place-17	-----
SMITH	Bob	1911	M	20	7840	Place-8	-----
SMITH	Seonaid	1911	F	20	7841	Place-0	-----
SMITH	Joseph	1911	M	20	7853	Place-17	-----
SMITH	Jim	1911	M	20	7864	Place-8	-----
SMITH	Suzanne	1911	F	20	7875	Place-15	-----
SMITH	Jacob	1911	M	20	7880	Place-29	-----
SMITH	Selina	1911	F	20	7886	Place-29	-----
SMITH	Joseph	1911	M	20	7897	Place-17	-----
SMITH	Paulo	1911	M	20	7899	Place-9	-----
SMITH	Briony	1911	F	20	7901	Place-26	-----
SMITH	Jim	1911	M	20	7905	Place-19	-----
SMITH	Seonaid	1911	F	20	7906	Place-0	-----
SMITH	Susan	1911	F	20	7924	Place-3	-----
SMITH	Seonaid	1911	F	20	7928	Place-8	-----
SMITH	Jacob	1911	M	20	7930	Place-29	-----
SMITH	Bob	1911	M	19	7954	Place-9	-----
SMITH	Shawn	1911	M	19	7957	Place-11	-----
SMITH	Susan	1911	F	19	7958	Place-22	-----
SMITH	Selina	1911	F	19	7964	Place-21	-----
SMITH	Suzanne	1911	F	19	7969	Place-5	-----
SMITH	Jim	1911	M	19	7973	Place-22	-----
SMITH	Seonaid	1911	F	19	7974	Place-20	-----
SMITH	Bob	1911	M	19	7975	Place-6	-----
SMITH	Briony	1911	F	19	7976	Place-8	-----
SMITH	Seonaid	1911	F	19	7979	Place-16	-----
SMITH	James	1911	M	19	7981	Place-22	-----
SMITH	Briony	1911	F	19	7983	Place-27	-----
SMITH	Susan	1911	F	19	7984	Place-12	-----
SMITH	Suzanne	1911	F	19	7986	Place-24	-----
SMITH	Susan	1911	F	19	7987	Place-27	-----
SMITH	Sheila	1911	F	19	7988	Place-27	-----
SMITH	James	1911	M	19	7990	Place-25	-----
SMITH	Selina	1911	F	19	7998	Place-6	-----
SMITH	Shawn	1911	M	19	7999	Place-17	-----
SMITH	Briony	1911	F	19	8008	Place-9	-----
SMITH	Briony	1911	F	19	8016	Place-13	-----
SMITH	Paulo	1911	M	19	8017	Place-25	-----
SMITH	Seonaid	1911	F	19	8026	Place-23	-----
SMITH	Sarah	1911	F	19	8028	Place-13	-----
SMITH	Jenkins	1911	M	19	8029	Place-13	-----
SMITH	Sharon	1911	F	19	8033	Place-24	-----
SMITH	Bob	1911	M	19	8036	Place-29	-----
SMITH	Joseph	1911	M	19	8040	Place-16	-----
SMITH	Seonaid	1911	F	19	8043	Place-27	-----
SMITH	James	1911	M	19	8046	Place-28	-----
SMITH	James	1911	M	19	8058	Place-2	-----
SMITH	Paulo	1911	M	19	8061	Place-16	-----
SMITH	Susan	1911	F	19	8062	Place-21	-----
SMITH	Seonaid	1911	F	19	8065	Place-8	-----
SMITH	Bob	1911	M	19	8068	Place-21	-----
SMITH	Joseph	1911	M	19	8070	Place-0	-----
SMITH	James	1911	M	19	8076	Place-29	-----
SMITH	Bob	1911	M	19	8081	Place-9	-----
SMITH	Jacob	1911	M	19	8082	Place-4	-----
SMITH	Suzanne	1911	F	19	8090	Place-19	-----
SMITH	Jenkins	1911	M	19	8091	Place-15	-----
SMITH	Jenkins	1911	M	19	8100	Place-7	-----
SMITH	Suzanne	1911	F	18	8123	Place-29	-----
SMITH	Sarah	1911	F	18	8129	Place-11	-----
SMITH	Bob	1911	M	18	8131	Place-1	-----
SMITH	Sheila	1911	F	18	8134	Place-9	-----
SMITH	Selina	1911	F	18	8135	Place-22	-----
SMITH	Sharon	1911	F	18	8138	Place-6	-----
SMITH	Seonaid	1911	F	18	8139	Place-16	-----
SMITH	Sheila	1911	F	18	8140	Place-20	-----
SMITH	Selina	1911	F	18	8150	Place-12	-----
SMITH	Suzanne	1911	F	18	8152	Place-7	-----
SMITH	James	1911	M	18	8153	Place-22	-----
SMITH	Briony	1911	F	18	8154	Place-9	-----
SMITH	Suzanne	1911	F	18	8157	Place-29	-----
SMITH	Seonaid	1911	F	18	8162	Place-8	-----
SMITH	Bob	1911	M	18	8165	Place-1	-----
SMITH	Sarah	1911	F	18	8167	Place-1	-----
SMITH	Susan	1911	F	18	8169	Place-29	-----
SMITH	Suzanne	1911	F	18	8171	Place-21	-----
SMITH	Sheila	1911	F	18	8173	Place-2	-----
SMITH	James	1911	M	18	8174	Place-6	-----
SMITH	Shawn	1911	M	18	8178	Place-20	-----
SMITH	Sarah	1911	F	18	8182	Place-22	-----
SMITH	Susan	1911	F	18	8191	Place-20	-----
SMITH	Bob	1911	M	18	8205	Place-7	-----
SMITH	Jim	1911	M	18	8212	Place-29	-----
SMITH	Jacob	1911	M	18	8214	Place-9	-----
SMITH	Paulo	1911	M	18	8221	Place-8	-----
SMITH	Sharon	1911	F	18	8223	Place-13	-----
SMITH	Susan	1911	F	18	8224	Place-10	-----
SMITH	Shawn	1911	M	18	8225	Place-23	-----
SMITH	Briony	1911	F	18	8235	Place-6	-----
SMITH	Bob	1911	M	18	8243	Place-9	-----
SMITH	Jim	1911	M	18	8244	Place-3	-----
SMITH	Sarah	1911	F	18	8248	Place-2	-----
SMITH	Suzanne	1911	F	17	8271	Place-11	-----
SMITH	Sheila	1911	F	17	8272	Place-4	-----
SMITH	Sarah	1911	F	17	8273	Place-22	-----
SMITH	Sarah	1911	F	17	8274	Place-26	-----
SMITH	Suzanne	1911	F	17	8280	Place-27	-----
SMITH	Paulo	1911	M	17	8285	Place-24	-----
SMITH	Jenkins	1911	M	17	8286	Place-22	-----
SMITH	Sarah	1911	F	17	8287	Place-6	-----
SMITH	Susan	1911	F	17	8291	Place-20	-----
SMITH	Joseph	1911	M	17	8293	Place-23	-----
SMITH	Suzanne	1911	F	17	8294	Place-16	-----
SMITH	Suzanne	1911	F	17	8299	Place-6	-----
SMITH	Shawn	1911	M	17	8300	Place-28	-----
SMITH	Jim	1911	M	17	8301	Place-11	-----
SMITH	Selina	1911	F	17	8303	Place-6	-----
SMITH	Joseph	1911	M	17	8304	Place-0	-----
SMITH	Jacob	1911	M	17	8305	Place-25	-----
SMITH	Jenkins	1911	M	17	8307	Place-27	-----
SMITH	Jacob	1911	M	17	8312	Place-1	-----
SMITH	Jim	1911	M	17	8313	Place-3	-----
SMITH	James	1911	M	17	8325	Place-0	-----
SMITH	Susan	1911	F	17	8326	Place-3	-----
SMITH	Jim	1911	M	17	8329	Place-28	-----
SMITH	Bob	1911	M	17	8332	Place-4	-----
SMITH	Seonaid	1911	F	17	8334	Place-25	-----
SMITH	Paulo	1911	M	17	8336	Place-15	-----
SMITH	Paulo	1911	M	17	8341	Place-24	-----
SMITH	Suzanne	1911	F	17	8342	Place-12	-----
SMITH	Selina	1911	F	17	8345	Place-8	-----
SMITH	Joseph	1911	M	17	8346	Place-16	-----
SMITH	James	1911	M	17	8347	Place-27	-----
SMITH	Shawn	1911	M	17	8349	Place-19	-----
SMITH	Paulo	1911	M	17	8350	Place-6	-----
SMITH	Jim	1911	M	17	8356	Place-1	-----
SMITH	Briony	1911	F	17	8359	Place-0	-----
SMITH	Sheila	1911	F	17	8361	Place-22	-----
SMITH	Jacob	1911	M	17	8364	Place-29	-----
SMITH	Jacob	1911	M	17	8365	Place-4	-----
SMITH	Paulo	1911	M	17	8368	Place-29	-----
SMITH	Selina	1911	F	17	8375	Place-4	-----
SMITH	Bob	1911	M	17	8376	Place-9	-----
SMITH	Jacob	1911	M	17	8379	Place-24	-----
SMITH	James	1911	M	17	8384	Place-8	-----
SMITH	Bob	1911	M	16	8395	Place-6	-----
SMITH	James	1911	M	16	8397	Place-25	-----
SMITH	James	1911	M	16	8398	Place-11	-----
SMITH	Seonaid	1911	F	16	8399	Place-25	-----
SMITH	Susan	1911	F	16	8400	Place-27	-----
SMITH	Jim	1911	M	16	8401	Place-28	-----
SMITH	Sheila	1911	F	16	8404	Place-7	-----
SMITH	Bob	1911	M	16	8406	Place-1	-----
SMITH	Jacob	1911	M	16	8408	Place-14	-----
SMITH	Selina	1911	F	16	8409	Place-26	-----
SMITH	Seonaid	1911	F	16	8413	Place-0	-----
SMITH	Briony	1911	F	16	8416	Place-14	-----
SMITH	Seonaid	1911	F	16	8419	Place-9	-----
SMITH	Briony	1911	F	16	8425	Place-5	-----
SMITH	Sheila	1911	F	16	8426	Place-18	-----
SMITH	Jim	1911	M	16	8427	Place-21	-----
SMITH	Selina	1911	F	16	8430	Place-15	-----
SMITH	Sarah	1911	F	16	8433	Place-6	-----
SMITH	Susan	1911	F	16	8436	Place-28	-----
SMITH	Suzanne	1911	F	16	8439	Place-27	-----
SMITH	Jacob	1911	M	16	8440	Place-17	-----
SMITH	Joseph	1911	M	16	8442	Place-29	-----
SMITH	Paulo	1911	M	16	8444	Place-13	-----
SMITH	Jacob	1911	M	16	8446	Place-1	-----
SMITH	Joseph	1911	M	16	8453	Place-25	-----
SMITH	Susan	1911	F	16	8454	Place-12	-----
SMITH	Jim	1911	M	16	8458	Place-12	-----
SMITH	Paulo	1911	M	16	8459	Place-14	-----
SMITH	Sharon	1911	F	16	8462	Place-5	-----
SMITH	Sarah	1911	F	16	8463	Place-24	-----
SMITH	Jim	1911	M	16	8467	Place-24	-----
SMITH	Jim	1911	M	16	8468	Place-29	-----
SMITH	James	1911	M	16	8472	Place-28	-----
SMITH	Briony	1911	F	16	8473	Place-10	-----
SMITH	Sharon	1911	F	16	8474	Place-25	-----
SMITH	Seonaid	1911	F	16	8482	Place-7	-----
SMITH	Sheila	1911	F	16	8485	Place-29	-----
SMITH	Sarah	1911	F	16	8487	Place-19	-----
SMITH	Briony	1911	F	16	8488	Place-29	-----
SMITH	Susan	1911	F	16	8494	Place-26	-----
SMITH	James	1911	M	16	8495	Place-15	-----
SMITH	Jacob	1911	M	16	8496	Place-28	-----
SMITH	Paulo	1911	M	16	8498	Place-1	-----
SMITH	Paulo	1911	M	16	8503	Place-7	-----
SMITH	James	1911	M	16	8505	Place-6	-----
SMITH	Briony	1911	F	16	8507	Place-9	-----
SMITH	Briony	1911	F	16	8511	Place-25	-----
SMITH	Jacob	1911	M	16	8512	Place-12	-----
SMITH	Seonaid	1911	F	15	8530	Place-12	-----
SMITH	Sheila	1911	F	15	8531	Place-5	-----
SMITH	Paulo	1911	M	15	8533	Place-17	-----
SMITH	Sharon	1911	F	15	8539	Place-28	-----
SMITH	Jacob	1911	M	15	8540	Place-17	-----
SMITH	Suzanne	1911	F	15	8541	Place-27	-----
SMITH	Sharon	1911	F	15	8548	Place-17	-----
SMITH	Suzanne	1911	F	15	8549	Place-12	-----
SMITH	Joseph	1911	M	15	8551	Place-2	-----
SMITH	Sarah	1911	F	15	8552	Place-0	-----
SMITH	Susan	1911	F	15	8555	Place-24	-----
SMITH	Jim	1911	M	15	8556	Place-16	-----
SMITH	Susan	1911	F	15	8560	Place-25	-----
SMITH	Suzanne	1911	F	15	8563	Place-4	-----
SMITH	Shawn	1911	M	15	8564	Place-7	-----
SMITH	Selina	1911	F	15	8572	Place-11	-----
SMITH	Jim	1911	M	15	8575	Place-5	-----
SMITH	Sharon	1911	F	15	8583	Place-29	-----
SMITH	Sarah	1911	F	15	8584	Place-7	-----
SMITH	Jacob	1911	M	15	8586	Place-3	-----
SMITH	Susan	1911	F	15	8588	Place-28	-----
SMITH	Selina	1911	F	15	8591	Place-17	-----
SMITH	Jenkins	1911	M	15	8592	Place-25	-----
SMITH	Seonaid	1911	F	15	8594	Place-29	-----
SMITH	Jacob	1911	M	15	8596	Place-15	-----
SMITH	Sarah	1911	F	15	8597	Place-27	-----
SMITH	Sharon	1911	F	15	8599	Place-25	-----
SMITH	Sarah	1911	F	15	8603	Place-23	-----
SMITH	Jim	1911	M	15	8606	Place-0	-----
SMITH	Sharon	1911	F	15	8611	Place-29	-----
SMITH	Suzanne	1911	F	15	8614	Place-7	-----
SMITH	Bob	1911	M	15	8616	Place-20	-----
SMITH	Joseph	1911	M	15	8618	Place-6	-----
SMITH	Joseph	1911	M	15	8619	Place-11	-----
SMITH	Sarah	1911	F	15	8620	Place-15	-----
SMITH	Susan	1911	F	15	8621	Place-0	-----
SMITH	Sheila	1911	F	15	8622	Place-4	-----
SMITH	Bob	1911	M	15	8623	Place-9	-----
SMITH	Sarah	1911	F	15	8625	Place-7	-----
SMITH	Sheila	1911	F	15	8630	Place-2	-----
SMITH	Selina	1911	F	15	8631	Place-6	-----
SMITH	Seonaid	1911	F	15	8635	Place-12	-----
SMITH	Jacob	1911	M	15	8638	Place-14	-----
SMITH	James	1911	M	15	8639	Place-18	-----
SMITH	Susan	1911	F	15	8641	Place-20	-----
SMITH	Shawn	1911	M	15	8643	Place-22	-----
SMITH	Briony	1911	F	15	8646	Place-19	-----
SMITH	Susan	1911	F	15	8647	Place-24	-----
SMITH	Susan	1911	F	14	8668	Place-4	-----
SMITH	Jacob	1911	M	14	8674	Place-7	-----
SMITH	Jim	1911	M	14	8676	Place-22	-----
SMITH	Suzanne	1911	F	14	8678	Place-13	-----
SMITH	Joseph	1911	M	14	8680	Place-2	-----
SMITH	Joseph	1911	M	14	8681	Place-17	-----
SMITH	Suzanne	1911	F	14	8682	Place-6	-----
SMITH	Jacob	1911	M	14	8686	Place-29	-----
SMITH	Selina	1911	F	14	8687	Place-21	-----
SMITH	Joseph	1911	M	14	8691	Place-18	-----
SMITH	Shawn	1911	M	14	8695	Place-16	-----
SMITH	Joseph	1911	M	14	8696	Place-1	-----
SMITH	Jenkins	1911	M	14	8697	Place-7	-----
SMITH	James	1911	M	14	8698	Place-14	-----
SMITH	Sarah	1911	F	14	8700	Place-16	-----
SMITH	Jim	1911	M	14	8701	Place-7	-----
SMITH	Briony	1911	F	14	8702	Place-29	-----
SMITH	Suzanne	1911	F	14	8703	Place-17	-----
SMITH	James	1911	M	14	8704	Place-12	-----
SMITH	Paulo	1911	M	14	8708	Place-27	-----
SMITH	Jacob	1911	M	14	8710	Place-21	-----
SMITH	Seonaid	1911	F	14	8713	Place-27	-----
SMITH	Jenkins	1911	M	14	8714	Place-22	-----
SMITH	Susan	1911	F	14	8716	Place-3	-----
SMITH	James	1911	M	14	8718	Place-0	-----
SMITH	Seonaid	1911	F	14	8719	Place-8	-----
SMITH	Seonaid	1911	F	14	8720	Place-21	-----
SMITH	Selina	1911	F	14	8728	Place-25	-----
SMITH	Briony	1911	F	14	8730	Place-17	-----
SMITH	Sheila	1911	F	14	8731	Place-11	-----
SMITH	Sharon	1911	F	14	8732	Place-9	-----
SMITH	Briony	1911	F	14	8733	Place-5	-----
SMITH	Briony	1911	F	14	8734	Place-20	-----
SMITH	Bob	1911	M	14	8735	Place-25	-----
SMITH	Sheila	1911	F	14	8739	Place-21	-----
SMITH	Shawn	1911	M	14	8741	Place-14	-----
SMITH	Bob	1911	M	14	8743	Place-15	-----
SMITH	Suzanne	1911	F	14	8746	Place-16	-----
SMITH	Seonaid	1911	F	14	8747	Place-14	-----
SMITH	Susan	1911	F	14	8748	Place-23	-----
SMITH	Selina	1911	F	14	8749	Place-25	-----
SMITH	Joseph	1911	M	14	8751	Place-11	-----
SMITH	Joseph	1911	M	14	8755	Place-9	-----
SMITH	Paulo	1911	M	14	8756	Place-21	-----
SMITH	James	1911	M	14	8757	Place-15	-----
SMITH	Paulo	1911	M	14	8759	Place-0	-----
SMITH	Selina	1911	F	14	8760	Place-2	-----
SMITH	Jim	1911	M	14	8761	Place-28	-----
SMITH	Sharon	1911	F	14	8766	Place-7	-----
SMITH	James	1911	M	14	8768	Place-28	-----
SMITH	Briony	1911	F	14	8770	Place-2	-----
SMITH	Sarah	1911	F	14	8773	Place-2	-----
SMITH	Suzanne	1911	F	14	8777	Place-22	-----
SMITH	Shawn	1911	M	14	8783	Place-25	-----
SMITH	Briony	1911	F	14	8784	Place-28	-----
SMITH	Sharon	1911	F	13	8812	Place-18	-----
SMITH	Joseph	1911	M	13	8815	Place-12	-----
SMITH	James	1911	M	13	8816	Place-16	-----
SMITH	Jenkins	1911	M	13	8817	Place-26	-----
SMITH	Sheila	1911	F	13	8821	Place-3	-----
SMITH	Joseph	1911	M	13	8825	Place-5	-----
SMITH	Suzanne	1911	F	13	8829	Place-0	-----
SMITH	Bob	1911	M	13	8831	Place-14	-----
SMITH	Shawn	1911	M	13	8835	Place-26	-----
SMITH	Jacob	1911	M	13	8840	Place-8	-----
SMITH	Selina	1911	F	13	8841	Place-28	-----
SMITH	Joseph	1911	M	13	8844	Place-7	-----
SMITH	Jim	1911	M	13	8846	Place-1	-----
SMITH	Paulo	1911	M	13	8848	Place-12	-----
SMITH	Susan	1911	F	13	8852	Place-25	-----
SMITH	Suzanne	1911	F	13	8853	Place-2	-----
SMITH	Sharon	1911	F	13	8854	Place-23	-----
SMITH	Suzanne	1911	F	13	8855	Place-29	-----
SMITH	James	1911	M	13	8856	Place-14	-----
SMITH	Sharon	1911	F	13	8857	Place-8	-----
SMITH	Paulo	1911	M	13	8858	Place-6	-----
SMITH	James	1911	M	13	8859	Place-26	-----
SMITH	Sharon	1911	F	13	8860	Place-4	-----
SMITH	Sheila	1911	F	13	8863	Place-5	-----
SMITH	Jenkins	1911	M	13	8864	Place-18	-----
SMITH	Jacob	1911	M	13	8866	Place-9	-----
SMITH	Briony	1911	F	13	8870	Place-2	-----
SMITH	Suzanne	1911	F	13	8871	Place-17	-----
SMITH	Susan	1911	F	13	8872	Place-12	-----
SMITH	Paulo	1911	M	13	8874	Place-24	-----
SMITH	Shawn	1911	M	13	8877	Place-24	-----
SMITH	Susan	1911	F	13	8879	Place-12	-----
SMITH	Briony	1911	F	13	8881	Place-17	-----
SMITH	Jim	1911	M	13	8883	Place-27	-----
SMITH	Paulo	1911	M	13	8886	Place-14	-----
SMITH	Jacob	1911	M	13	8890	Place-13	-----
SMITH	Bob	1911	M	13	8892	Place-28	-----
SMITH	Jim	1911	M	13	8895	Place-13	-----
SMITH	Jenkins	1911	M	13	8897	Place-23	-----
SMITH	Paulo	1911	M	13	8901	Place-14	-----
SMITH	Sarah	1911	F	13	8902	Place-24	-----
SMITH	Sharon	1911	F	13	8903	Place-0	-----
SMITH	Suzanne	1911	F	13	8906	Place-23	-----
SMITH	Susan	1911	F	13	8910	Place-24	-----
SMITH	Suzanne	1911	F	13	8911	Place-19	-----
SMITH	Briony	1911	F	13	8912	Place-26	-----
SMITH	James	1911	M	13	8913	Place-1	-----
SMITH	Jenkins	1911	M	13	8914	Place-0	-----
SMITH	Sheila	1911	F	12	8937	Place-22	-----
SMITH	Bob	1911	M	12	8938	Place-18	-----
SMITH	Paulo	1911	M	12	8939	Place-28	-----
SMITH	Paulo	1911	M	12	8945	Place-15	-----
SMITH	Jacob	1911	M	12	8947	Place-17	-----
SMITH	Sharon	1911	F	12	8949	Place-4	-----
SMITH	Suzanne	1911	F	12	8950	Place-14	-----
SMITH	Briony	1911	F	12	8952	Place-8	-----
SMITH	Seonaid	1911	F	12	8953	Place-23	-----
SMITH	Sharon	1911	F	12	8956	Place-10	-----
SMITH	Suzanne	1911	F	12	8958	Place-7	-----
SMITH	Bob	1911	M	12	8959	Place-15	-----
SMITH	Susan	1911	F	12	8962	Place-21	-----
SMITH	Paulo	1911	M	12	8963	Place-12	-----
SMITH	Seonaid	1911	F	12	8965	Place-27	-----
SMITH	James	1911	M	12	8967	Place-3	-----
SMITH	Jim	1911	M	12	8971	Place-7	-----
SMITH	Selina	1911	F	12	8972	Place-18	-----
SMITH	Paulo	1911	M	12	8973	Place-22	-----
SMITH	Briony	1911	F	12	8975	Place-1	-----
SMITH	Seonaid	1911	F	12	8976	Place-29	-----
SMITH	Briony	1911	F	12	8985	Place-28	-----
SMITH	Sarah	1911	F	12	8988	Place-21	-----
SMITH	Jim	1911	M	12	8990	Place-28	-----
SMITH	Briony	1911	F	12	8991	Place-20	-----
SMITH	Joseph	1911	M	12	8992	Place-6	-----
SMITH	Jim	1911	M	12	8994	Place-16	-----
SMITH	Seonaid	1911	F	12	8995	Place-16	-----
SMITH	Bob	1911	M	12	8997	Place-19	-----
SMITH	Sheila	1911	F	12	8998	Place-10	-----
SMITH	Sheila	1911	F	12	8999	Place-15	-----
SMITH	Briony	1911	F	12	9002	Place-2	-----
SMITH	Bob	1911	M	12	9003	Place-26	-----
SMITH	Sharon	1911	F	12	9005	Place-5	-----
SMITH	Sheila	1911	F	12	9008	Place-22	-----
SMITH	Jim	1911	M	12	9010	Place-15	-----
SMITH	Selina	1911	F	12	9012	Place-27	-----
SMITH	Jenkins	1911	M	12	9013	Place-10	-----
SMITH	James	1911	M	12	9017	Place-8	-----
SMITH	Seonaid	1911	F	12	9020	Place-28	-----
SMITH	Seonaid	1911	F	12	9021	Place-17	-----
SMITH	Jacob	1911	M	12	9023	Place-4	-----
SMITH	Sheila	1911	F	12	9025	Place-18	-----
SMITH	Joseph	1911	M	12	9028	Place-24	-----
SMITH	Suzanne	1911	F	12	9030	Place-20	-----
SMITH	Jacob	1911	M	12	9036	Place-15	-----
SMITH	Sheila	1911	F	12	9039	Place-28	-----
SMITH	Sharon	1911	F	12	9040	Place-27	-----
SMITH	Sharon	1911	F	12	9042	Place-7	-----
SMITH	James	1911	M	12	9046	Place-10	-----
SMITH	Jenkins	1911	M	12	9047	Place-15	-----
SMITH	Jim	1911	M	12	9048	Place-0	-----
SMITH	Jenkins	1911	M	12	9054	Place-0	-----
SMITH	Shawn	1911	M	12	9055	Place-0	-----
SMITH	Jim	1911	M	12	9057	Place-5	-----
SMITH	Suzanne	1911	F	12	9059	Place-8	-----
SMITH	Selina	1911	F	12	9060	Place-6	-----
SMITH	Sarah	1911	F	12	9061	Place-22	-----
SMITH	Sheila	1911	F	12	9063	Place-23	-----
SMITH	Joseph	1911	M	12	9064	Place-23	-----
SMITH	Sheila	1911	F	12	9067	Place-18	-----
SMITH	Sharon	1911	F	12	9068	Place-10	-----
SMITH	Suzanne	1911	F	12	9073	Place-22	-----
SMITH	Bob	1911	M	12	9075	Place-19	-----
SMITH	Jim	1911	M	11	9098	Place-21	-----
SMITH	Sarah	1911	F	11	9099	Place-11	-----
SMITH	Jim	1911	M	11	9100	Place-16	-----
SMITH	Sharon	1911	F	11	9103	Place-3	-----
SMITH	Sarah	1911	F	11	9104	Place-12	-----
SMITH	James	1911	M	11	9105	Place-4	-----
SMITH	Sharon	1911	F	11	9108	Place-16	-----
SMITH	Sarah	1911	F	11	9109	Place-18	-----
SMITH	Susan	1911	F	11	9110	Place-26	-----
SMITH	James	1911	M	11	9112	Place-26	-----
SMITH	Shawn	1911	M	11	9113	Place-9	-----
SMITH	Sheila	1911	F	11	9115	Place-8	-----
SMITH	Briony	1911	F	11	9116	Place-14	-----
SMITH	Jacob	1911	M	11	9117	Place-11	-----
SMITH	Suzanne	1911	F	11	9118	Place-20	-----
SMITH	Suzanne	1911	F	11	9119	Place-1	-----
SMITH	Sharon	1911	F	11	9123	Place-11	-----
SMITH	Jenkins	1911	M	11	9125	Place-28	-----
SMITH	Jim	1911	M	11	9126	Place-15	-----
SMITH	Briony	1911	F	11	9129	Place-23	-----
SMITH	Suzanne	1911	F	11	9133	Place-13	-----
SMITH	Jacob	1911	M	11	9135	Place-27	-----
SMITH	Suzanne	1911	F	11	9137	Place-17	-----
SMITH	Shawn	1911	M	11	9138	Place-0	-----
SMITH	Jacob	1911	M	11	9139	Place-29	-----
SMITH	Suzanne	1911	F	11	9141	Place-29	-----
SMITH	Sheila	1911	F	11	9145	Place-10	-----
SMITH	Joseph	1911	M	11	9147	Place-13	-----
SMITH	Jenkins	1911	M	11	9149	Place-29	-----
SMITH	Briony	1911	F	11	9150	Place-22	-----
SMITH	Shawn	1911	M	11	9152	Place-17	-----
SMITH	James	1911	M	11	9156	Place-21	-----
SMITH	Selina	1911	F	11	9157	Place-3	-----
SMITH	Briony	1911	F	11	9158	Place-10	-----
SMITH	Suzanne	1911	F	11	9162	Place-5	-----
SMITH	Selina	1911	F	11	9166	Place-6	-----
SMITH	Sarah	1911	F	11	9169	Place-5	-----
SMITH	Paulo	1911	M	11	9170	Place-25	-----
SMITH	Sharon	1911	F	11	9171	Place-11	-----
SMITH	Bob	1911	M	11	9172	Place-0	-----
SMITH	Suzanne	1911	F	11	9173	Place-27	-----
SMITH	Jim	1911	M	11	9175	Place-17	-----
SMITH	James	1911	M	11	9177	Place-27	-----
SMITH	Sarah	1911	F	11	9179	Place-22	-----
SMITH	Jacob	1911	M	11	9180	Place-5	-----
SMITH	Jenkins	1911	M	11	9181	Place-29	-----
SMITH	Shawn	1911	M	11	9187	Place-23	-----
SMITH	Jenkins	1911	M	11	9192	Place-16	-----
SMITH	Seonaid	1911	F	11	9193	Place-6	-----
SMITH	Shawn	1911	M	11	9195	Place-21	-----
SMITH	Selina	1911	F	11	9196	Place-16	-----
SMITH	Selina	1911	F	11	9198	Place-21	-----
SMITH	Joseph	1911	M	11	9199	Place-8	-----
SMITH	Sheila	1911	F	11	9200	Place-25	-----
SMITH	Shawn	1911	M	11	9201	Place-5	-----
SMITH	Sheila	1911	F	11	9202	Place-4	-----
SMITH	Seonaid	1911	F	11	9204	Place-21	-----
SMITH	Joseph	1911	M	11	9209	Place-2	-----
SMITH	Shawn	1911	M	11	9211	Place-24	-----
SMITH	Jenkins	1911	M	11	9213	Place-2	-----
SMITH	Bob	1911	M	11	9215	Place-25	-----
SMITH	Sarah	1911	F	11	9217	Place-22	-----
SMITH	Briony	1911	F	11	9219	Place-19	-----
SMITH	James	1911	M	11	9224	Place-27	-----
SMITH	Briony	1911	F	11	9225	Place-24	-----
SMITH	Jacob	1911	M	11	9226	Place-1	-----
SMITH	Sharon	1911	F	11	9228	Place-19	-----
SMITH	Jenkins	1911	M	11	9229	Place-9	-----
SMITH	Sheila	1911	F	11	9230	Place-13	-----
SMITH	Jenkins	1911	M	11	9231	Place-24	-----
SMITH	Jenkins	1911	M	10	9250	Place-8	-----
SMITH	Jim	1911	M	10	9253	Place-28	-----
SMITH	Jacob	1911	M	10	9254	Place-29	-----
SMITH	Shawn	1911	M	10	9255	Place-17	-----
SMITH	Susan	1911	F	10	9258	Place-15	-----
SMITH	Jacob	1911	M	10	9259	Place-1	-----
SMITH	Suzanne	1911	F	10	9264	Place-25	-----
SMITH	James	1911	M	10	9265	Place-29	-----
SMITH	Seonaid	1911	F	10	9268	Place-18	-----
SMITH	Suzanne	1911	F	10	9275	Place-11	-----
SMITH	Bob	1911	M	10	9276	Place-18	-----
SMITH	Shawn	1911	M	10	9279	Place-15	-----
SMITH	Susan	1911	F	10	9281	Place-1	-----
SMITH	Bob	1911	M	10	9284	Place-2	-----
SMITH	Shawn	1911	M	10	9288	Place-4	-----
SMITH	Seonaid	1911	F	10	9289	Place-6	-----
SMITH	Sheila	1911	F	10	9291	Place-6	-----
SMITH	Sarah	1911	F	10	9293	Place-12	-----
SMITH	Susan	1911	F	10	9295	Place-10	-----
SMITH	James	1911	M	10	9296	Place-16	-----
SMITH	Shawn	1911	M	10	9300	Place-21	-----
SMITH	Jenkins	1911	M	10	9302	Place-11	-----
SMITH	Susan	1911	F	10	9303	Place-3	-----
SMITH	Selina	1911	F	10	9304	Place-19	-----
SMITH	Shawn	1911	M	10	9305	Place-23	-----
SMITH	Bob	1911	M	10	9306	Place-22	-----
SMITH	Paulo	1911	M	10	9309	Place-13	-----
SMITH	Sharon	1911	F	10	9311	Place-22	-----
SMITH	Joseph	1911	M	10	9313	Place-10	-----
SMITH	Briony	1911	F	10	9316	Place-10	-----
SMITH	Jenkins	1911	M	10	9317	Place-3	-----
SMITH	Suzanne	1911	F	10	9319	Place-20	-----
SMITH	Sheila	1911	F	10	9320	Place-16	-----
SMITH	Seonaid	1911	F	10	9321	Place-16	-----
SMITH	Susan	1911	F	10	9325	Place-5	-----
SMITH	Jenkins	1911	M	10	9327	Place-16	-----
SMITH	Sheila	1911	F	10	9328	Place-17	-----
SMITH	Joseph	1911	M	10	9329	Place-0	-----
SMITH	Suzanne	1911	F	10	9330	Place-24	-----
SMITH	Sheila	1911	F	10	9333	Place-28	-----
SMITH	Selina	1911	F	10	9335	Place-13	-----
SMITH	Paulo	1911	M	10	9336	Place-7	-----
SMITH	Jenkins	1911	M	10	9337	Place-9	-----
SMITH	Jenkins	1911	M	10	9340	Place-4	-----
SMITH	Sharon	1911	F	10	9342	Place-22	-----
SMITH	Selina	1911	F	10	9343	Place-23	-----
SMITH	Joseph	1911	M	10	9345	Place-17	-----
SMITH	Jacob	1911	M	10	9347	Place-1	-----
SMITH	Sarah	1911	F	10	9348	Place-8	-----
SMITH	Jacob	1911	M	10	9352	Place-28	-----
SMITH	Jenkins	1911	M	10	9353	Place-0	-----
SMITH	Seonaid	1911	F	10	9355	Place-10	-----
SMITH	Joseph	1911	M	10	9358	Place-7	-----
SMITH	Sarah	1911	F	10	9359	Place-22	-----
SMITH	Jacob	1911	M	10	9361	Place-7	-----
SMITH	Susan	1911	F	10	9365	Place-25	-----
SMITH	Susan	1911	F	10	9368	Place-27	-----
SMITH	Shawn	1911	M	10	9369	Place-3	-----
SMITH	Bob	1911	M	10	9372	Place-25	-----
SMITH	Jacob	1911	M	10	9376	Place-1	-----
SMITH	Jacob	1911	M	10	9377	Place-14	-----
SMITH	Bob	1911	M	10	9378	Place-22	-----
SMITH	Sarah	1911	F	10	9379	Place-19	-----
SMITH	James	1911	M	10	9380	Place-24	-----
SMITH	Seonaid	1911	F	10	9381	Place-21	-----
SMITH	Jenkins	1911	M	10	9382	Place-0	-----
SMITH	Briony	1911	F	10	9383	Place-13	-----
SMITH	Seonaid	1911	F	10	9391	Place-16	-----
SMITH	Sharon	1911	F	10	9392	Place-5	-----
SMITH	Paulo	1911	M	10	9393	Place-12	-----
SMITH	Seonaid	1911	F	10	9394	Place-20	-----
SMITH	Seonaid	1911	F	9	9409	Place-10	-----
SMITH	Seonaid	1911	F	9	9411	Place-1	-----
SMITH	Sharon	1911	F	9	9414	Place-13	-----
SMITH	Sarah	1911	F	9	9415	Place-26	-----
SMITH	Sarah	1911	F	9	9416	Place-13	-----
SMITH	Sheila	1911	F	9	9417	Place-29	-----
SMITH	Jenkins	1911	M	9	9418	Place-13	-----
SMITH	Briony	1911	F	9	9419	Place-22	-----
SMITH	Sharon	1911	F	9	9420	Place-12	-----
SMITH	Sharon	1911	F	9	9422	Place-22	-----
SMITH	Paulo	1911	M	9	9423	Place-23	-----
SMITH	Jim	1911	M	9	9424	Place-25	-----
SMITH	Shawn	1911	M	9	9425	Place-10	-----
SMITH	Bob	1911	M	9	9426	Place-4	-----
SMITH	Paulo	1911	M	9	9428	Place-21	-----
SMITH	Jim	1911	M	9	9431	Place-4	-----
SMITH	Jenkins	1911	M	9	9432	Place-19	-----
SMITH	Jim	1911	M	9	9436	Place-6	-----
SMITH	Paulo	1911	M	9	9440	Place-23	-----
SMITH	Paulo	1911	M	9	9441	Place-16	-----
SMITH	Sheila	1911	F	9	9442	Place-23	-----
SMITH	Selina	1911	F	9	9443	Place-28	-----
SMITH	Jenkins	1911	M	9	9445	Place-3	-----
SMITH	Sharon	1911	F	9	9446	Place-14	-----
SMITH	Sarah	1911	F	9	9448	Place-7	-----
SMITH	Jenkins	1911	M	9	9451	Place-16	-----
SMITH	Sheila	1911	F	9	9453	Place-10	-----
SMITH	Briony	1911	F	9	9459	Place-9	-----
SMITH	Bob	1911	M	9	9461	Place-5	-----
SMITH	James	1911	M	9	9466	Place-9	-----
SMITH	Briony	1911	F	9	9470	Place-14	-----
SMITH	Paulo	1911	M	9	9472	Place-0	-----
SMITH	James	1911	M	9	9473	Place-2	-----
SMITH	Briony	1911	F	9	9476	Place-22	-----
SMITH	Jim	1911	M	9	9480	Place-23	-----
SMITH	Suzanne	1911	F	9	9481	Place-18	-----
SMITH	Shawn	1911	M	9	9482	Place-23	-----
SMITH	Selina	1911	F	9	9483	Place-3	-----
SMITH	Bob	1911	M	9	9484	Place-22	-----
SMITH	Seonaid	1911	F	9	9486	Place-27	-----
SMITH	Briony	1911	F	9	9488	Place-17	-----
SMITH	Sheila	1911	F	9	9490	Place-8	-----
SMITH	James	1911	M	9	9492	Place-23	-----
SMITH	James	1911	M	9	9493	Place-27	-----
SMITH	Selina	1911	F	9	9497	Place-9	-----
SMITH	Sharon	1911	F	9	9500	Place-20	-----
SMITH	Joseph	1911	M	9	9502	Place-14	-----
SMITH	Jim	1911	M	9	9503	Place-29	-----
SMITH	Bob	1911	M	9	9505	Place-11	-----
SMITH	Joseph	1911	M	9	9506	Place-26	-----
SMITH	Jacob	1911	M	9	9508	Place-14	-----
SMITH	Sharon	1911	F	9	9509	Place-10	-----
SMITH	Jim	1911	M	9	9510	Place-19	-----
SMITH	Briony	1911	F	9	9511	Place-9	-----
SMITH	Sharon	1911	F	9	9512	Place-10	-----
SMITH	Shawn	1911	M	9	9514	Place-19	-----
SMITH	Selina	1911	F	9	9515	Place-20	-----
SMITH	Sarah	1911	F	9	9518	Place-29	-----
SMITH	James	1911	M	9	9519	Place-17	-----
SMITH	James	1911	M	9	9522	Place-4	-----
SMITH	Susan	1911	F	9	9523	Place-22	-----
SMITH	James	1911	M	9	9525	Place-1	-----
SMITH	Bob	1911	M	8	9551	Place-24	-----
SMITH	Briony	1911	F	8	9556	Place-24	-----
SMITH	Joseph	1911	M	8	9557	Place-17	-----
SMITH	Jim	1911	M	8	9559	Place-26	-----
SMITH	Bob	1911	M	8	9560	Place-5	-----
SMITH	Selina	1911	F	8	9562	Place-8	-----
SMITH	Seonaid	1911	F	8	9566	Place-12	-----
SMITH	Jacob	1911	M	8	9568	Place-23	-----
SMITH	Briony	1911	F	8	9569	Place-25	-----
SMITH	James	1911	M	8	9570	Place-19	-----
SMITH	Jim	1911	M	8	9573	Place-12	-----
SMITH	Selina	1911	F	8	9576	Place-26	-----
SMITH	Sharon	1911	F	8	9580	Place-7	-----
SMITH	Jenkins	1911	M	8	9581	Place-24	-----
SMITH	Paulo	1911	M	8	9583	Place-16	-----
SMITH	Suzanne	1911	F	8	9585	Place-15	-----
SMITH	Seonaid	1911	F	8	9586	Place-22	-----
SMITH	Seonaid	1911	F	8	9588	Place-20	-----
SMITH	Sarah	1911	F	8	9590	Place-29	-----
SMITH	Seonaid	1911	F	8	9591	Place-15	-----
SMITH	Joseph	1911	M	8	9595	Place-16	-----
SMITH	Briony	1911	F	8	9598	Place-0	-----
SMITH	Jenkins	1911	M	8	9600	Place-0	-----
SMITH	Sheila	1911	F	8	9601	Place-7	-----
SMITH	Briony	1911	F	8	9603	Place-17	-----
SMITH	Jenkins	1911	M	8	9604	Place-1	-----
SMITH	Sharon	1911	F	8	9606	Place-20	-----
SMITH	Jenkins	1911	M	8	9608	Place-27	-----
SMITH	Sharon	1911	F	8	9609	Place-6	-----
SMITH	Jenkins	1911	M	8	9610	Place-6	-----
SMITH	Seonaid	1911	F	8	9612	Place-18	-----
SMITH	James	1911	M	8	9615	Place-25	-----
SMITH	Paulo	1911	M	8	9616	Place-29	-----
SMITH	Sheila	1911	F	8	9617	Place-3	-----
SMITH	Sarah	1911	F	8	9619	Place-3	-----
SMITH	Jenkins	1911	M	8	9620	Place-13	-----
SMITH	Suzanne	1911	F	8	9622	Place-5	-----
SMITH	Paulo	1911	M	8	9624	Place-4	-----
SMITH	Jacob	1911	M	8	9625	Place-0	-----
SMITH	Jim	1911	M	8	9629	Place-8	-----
SMITH	Seonaid	1911	F	8	9630	Place-26	-----
SMITH	Paulo	1911	M	8	9632	Place-12	-----
SMITH	Paulo	1911	M	8	9638	Place-5	-----
SMITH	Jim	1911	M	8	9639	Place-23	-----
SMITH	Susan	1911	F	8	9641	Place-21	-----
SMITH	Sheila	1911	F	8	9643	Place-8	-----
SMITH	Briony	1911	F	8	9644	Place-17	-----
SMITH	Sharon	1911	F	8	9645	Place-1	-----
SMITH	Jacob	1911	M	8	9646	Place-19	-----
SMITH	Susan	1911	F	8	9647	Place-15	-----
SMITH	Sharon	1911	F	8	9648	Place-8	-----
SMITH	Sharon	1911	F	8	9649	Place-10	-----
SMITH	Bob	1911	M	8	9650	Place-21	-----
SMITH	Sharon	1911	F	8	9651	Place-2	-----
SMITH	Selina	1911	F	8	9653	Place-24	-----
SMITH	Sharon	1911	F	8	9654	Place-6	-----
SMITH	Sheila	1911	F	8	9655	Place-24	-----
SMITH	Seonaid	1911	F	8	9656	Place-3	-----
SMITH	James	1911	M	8	9657	Place-24	-----
SMITH	Susan	1911	F	8	9663	Place-16	-----
SMITH	Sharon	1911	F	8	9668	Place-0	-----
SMITH	Sarah	1911	F	8	9671	Place-14	-----
SMITH	Joseph	1911	M	8	9672	Place-17	-----
SMITH	Bob	1911	M	8	9673	Place-12	-----
SMITH	Selina	1911	F	8	9674	Place-17	-----
SMITH	Bob	1911	M	8	9678	Place-26	-----
SMITH	James	1911	M	8	9679	Place-16	-----
SMITH	Shawn	1911	M	8	9682	Place-21	-----
SMITH	Sharon	1911	F	8	9683	Place-11	-----
SMITH	Bob	1911	M	8	9685	Place-10	-----
SMITH	Sheila	1911	F	7	9707	Place-25	-----
SMITH	Jenkins	1911	M	7	9710	Place-14	-----
SMITH	Jenkins	1911	M	7	9711	Place-6	-----
SMITH	Paulo	1911	M	7	9713	Place-17	-----
SMITH	Jenkins	1911	M	7	9715	Place-15	-----
SMITH	Jim	1911	M	7	9716	Place-14	-----
SMITH	James	1911	M	7	9720	Place-15	-----
SMITH	Suzanne	1911	F	7	9721	Place-15	-----
SMITH	Jacob	1911	M	7	9726	Place-4	-----
SMITH	Sarah	1911	F	7	9728	Place-10	-----
SMITH	Jenkins	1911	M	7	9730	Place-18	-----
SMITH	Sarah	1911	F	7	9731	Place-8	-----
SMITH	Briony	1911	F	7	9733	Place-26	-----
SMITH	Paulo	1911	M	7	9734	Place-11	-----
SMITH	Shawn	1911	M	7	9735	Place-1	-----
SMITH	Suzanne	1911	F	7	9739	Place-4	-----
SMITH	Sheila	1911	F	7	9740	Place-2	-----
SMITH	Joseph	1911	M	7	9742	Place-23	-----
SMITH	Joseph	1911	M	7	9743	Place-4	-----
SMITH	Briony	1911	F	7	9747	Place-29	-----
SMITH	Sharon	1911	F	7	9749	Place-16	-----
SMITH	Jim	1911	M	7	9750	Place-3	-----
SMITH	Jim	1911	M	7	9752	Place-0	-----
SMITH	Paulo	1911	M	7	9754	Place-1	-----
SMITH	Seonaid	1911	F	7	9755	Place-4	-----
SMITH	Paulo	1911	M	7	9757	Place-18	-----
SMITH	Jenkins	1911	M	7	9758	Place-29	-----
SMITH	Bob	1911	M	7	9761	Place-15	-----
SMITH	Shawn	1911	M	7	9762	Place-12	-----
SMITH	Susan	1911	F	7	9765	Place-5	-----
SMITH	Sharon	1911	F	7	9767	Place-26	-----
SMITH	James	1911	M	7	9769	Place-11	-----
SMITH	Sheila	1911	F	7	9771	Place-6	-----
SMITH	Sheila	1911	F	7	9772	Place-8	-----
SMITH	Sheila	1911	F	7	9776	Place-22	-----
SMITH	Selina	1911	F	7	9780	Place-29	-----
SMITH	Shawn	1911	M	7	9781	Place-14	-----
SMITH	Paulo	1911	M	7	9784	Place-5	-----
SMITH	Jenkins	1911	M	7	9785	Place-8	-----
SMITH	Suzanne	1911	F	7	9786	Place-20	-----
SMITH	Sharon	1911	F	7	9787	Place-19	-----
SMITH	James	1911	M	7	9789	Place-2	-----
SMITH	Jenkins	1911	M	7	9790	Place-10	-----
SMITH	Bob	1911	M	7	9791	Place-4	-----
SMITH	Joseph	1911	M	7	9792	Place-9	-----
SMITH	Jenkins	1911	M	7	9798	Place-15	-----
SMITH	Seonaid	1911	F	7	9800	Place-26	-----
SMITH	Jenkins	1911	M	7	9802	Place-2	-----
SMITH	Jim	1911	M	7	9803	Place-11	-----
SMITH	Selina	1911	F	7	9811	Place-29	-----
SMITH	Seonaid	1911	F	7	9814	Place-21	-----
SMITH	James	1911	M	7	9818	Place-17	-----
SMITH	Selina	1911	F	7	9821	Place-1	-----
SMITH	Susan	1911	F	7	9823	Place-16	-----
SMITH	Suzanne	1911	F	7	9824	Place-21	-----
SMITH	Briony	1911	F	7	9825	Place-21	-----
SMITH	Jacob	1911	M	6	9852	Place-5	-----
SMITH	Selina	1911	F	6	9854	Place-9	-----
SMITH	Jacob	1911	M	6	9856	Place-8	-----
SMITH	Seonaid	1911	F	6	9857	Place-22	-----
SMITH	Selina	1911	F	6	9858	Place-8	-----
SMITH	Sheila	1911	F	6	9859	Place-5	-----
SMITH	Jim	1911	M	6	9860	Place-14	-----
SMITH	Jim	1911	M	6	9861	Place-4	-----
SMITH	Sheila	1911	F	6	9862	Place-17	-----
SMITH	Seonaid	1911	F	6	9865	Place-6	-----
SMITH	Sharon	1911	F	6	9867	Place-17	-----
SMITH	Selina	1911	F	6	9869	Place-0	-----
SMITH	Bob	1911	M	6	9871	Place-11	-----
SMITH	Bob	1911	M	6	9874	Place-3	-----
SMITH	Joseph	1911	M	6	9877	Place-13	-----
SMITH	Paulo	1911	M	6	9878	Place-1	-----
SMITH	Sharon	1911	F	6	9879	Place-14	-----
SMITH	Joseph	1911	M	6	9882	Place-0	-----
SMITH	Susan	1911	F	6	9884	Place-1	-----
SMITH	Bob	1911	M	6	9886	Place-10	-----
SMITH	Joseph	1911	M	6	9888	Place-11	-----
SMITH	Joseph	1911	M	6	9889	Place-28	-----
SMITH	Paulo	1911	M	6	9890	Place-18	-----
SMITH	Sharon	1911	F	6	9894	Place-7	-----
SMITH	Seonaid	1911	F	6	9897	Place-5	-----
SMITH	Susan	1911	F	6	9902	Place-22	-----
SMITH	Sharon	1911	F	6	9903	Place-23	-----
SMITH	Jacob	1911	M	6	9905	Place-17	-----
SMITH	James	1911	M	6	9907	Place-8	-----
SMITH	Sharon	1911	F	6	9908	Place-24	-----
SMITH	Selina	1911	F	6	9910	Place-6	-----
SMITH	Jim	1911	M	6	9911	Place-28	-----
SMITH	Jacob	1911	M	6	9912	Place-23	-----
SMITH	Paulo	1911	M	6	9913	Place-13	-----
SMITH	Suzanne	1911	F	6	9916	Place-27	-----
SMITH	Susan	1911	F	6	9917	Place-24	-----
SMITH	Paulo	1911	M	6	9918	Place-0	-----
SMITH	Sarah	1911	F	6	9921	Place-11	-----
SMITH	Selina	1911	F	6	9924	Place-24	-----
SMITH	Sheila	1911	F	6	9927	Place-6	-----
SMITH	Susan	1911	F	6	9928	Place-28	-----
SMITH	Shawn	1911	M	6	9929	Place-16	-----
SMITH	Jacob	1911	M	6	9930	Place-11	-----
SMITH	Briony	1911	F	6	9933	Place-0	-----
SMITH	Selina	1911	F	6	9934	Place-17	-----
SMITH	Briony	1911	F	6	9935	Place-6	-----
SMITH	Jacob	1911	M	6	9937	Place-18	-----
SMITH	Shawn	1911	M	6	9939	Place-21	-----
SMITH	Susan	1911	F	6	9941	Place-15	-----
SMITH	Bob	1911	M	6	9944	Place-5	-----
SMITH	Susan	1911	F	6	9945	Place-5	-----
SMITH	Jim	1911	M	6	9946	Place-4	-----
SMITH	Selina	1911	F	6	9947	Place-15	-----
SMITH	Joseph	1911	M	6	9948	Place-0	-----
SMITH	Paulo	1911	M	6	9949	Place-22	-----
SMITH	Briony	1911	F	6	9950	Place-25	-----
SMITH	Paulo	1911	M	6	9953	Place-29	-----
SMITH	Joseph	1911	M	6	9954	Place-24	-----
SMITH	Jacob	1911	M	6	9955	Place-1	-----
SMITH	Paulo	1911	M	6	9957	Place-11	-----
SMITH	Jim	1911	M	6	9958	Place-9	-----
SMITH	Suzanne	1911	F	6	9959	Place-21	-----
SMITH	James	1911	M	6	9960	Place-10	-----
SMITH	Jacob	1911	M	6	9961	Place-23	-----
SMITH	Jacob	1911	M	6	9962	Place-1	-----
SMITH	Paulo	1911	M	6	9963	Place-3	-----
SMITH	Sharon	1911	F	6	9964	Place-1	-----
SMITH	James	1911	M	6	9967	Place-2	-----
SMITH	Sharon	1911	F	6	9969	Place-1	-----
SMITH	Seonaid	1911	F	6	9973	Place-17	-----
SMITH	Suzanne	1911	F	6	9976	Place-19	-----
SMITH	Sarah	1911	F	6	9977	Place-14	-----
SMITH	Paulo	1911	M	6	9980	Place-0	-----
SMITH	Susan	1911	F	6	9981	Place-14	-----
SMITH	Jenkins	1911	M	6	9982	Place-8	-----
SMITH	Jim	1911	M	6	9983	Place-0	-----
SMITH	Joseph	1911	M	6	9987	Place-8	-----
SMITH	James	1911	M	6	9988	Place-7	-----
SMITH	Bob	1911	M	6	9990	Place-0	-----
SMITH	Jim	1911	M	6	9991	Place-24	-----
SMITH	Sharon	1911	F	6	9992	Place-25	-----
SMITH	Sarah	1911	F	6	9993	Place-19	-----
SMITH	Seonaid	1911	F	6	9996	Place-23	-----
SMITH	Bob	1911	M	6	9997	Place-26	-----
SMITH	Jacob	1911	M	6	9998	Place-16	-----
SMITH	Susan	1911	F	6	10003	Place-4	-----
SMITH	Jim	1911	M	6	10004	Place-6	-----
SMITH	Suzanne	1911	F	6	10005	Place-18	-----
SMITH	Jacob	1911	M	6	10007	Place-24	-----
SMITH	Sheila	1911	F	6	10008	Place-27	-----
SMITH	Sarah	1911	F	6	10009	Place-23	-----
SMITH	Bob	1911	M	6	10011	Place-20	-----
SMITH	Jim	1911	M	6	10012	Place-17	-----
SMITH	Suzanne	1911	F	6	10014	Place-23	-----
SMITH	Jacob	1911	M	6	10015	Place-22	-----
SMITH	Susan	1911	F	6	10017	Place-12	-----
SMITH	Selina	1911	F	5	10036	Place-14	-----
SMITH	James	1911	M	5	10037	Place-11	-----
SMITH	Sharon	1911	F	5	10038	Place-10	-----
SMITH	Jim	1911	M	5	10039	Place-9	-----
SMITH	Jacob	1911	M	5	10041	Place-26	-----
SMITH	Jacob	1911	M	5	10043	Place-21	-----
SMITH	Bob	1911	M	5	10044	Place-25	-----
SMITH	Sheila	1911	F	5	10045	Place-13	-----
SMITH	Paulo	1911	M	5	10047	Place-29	-----
SMITH	Jacob	1911	M	5	10048	Place-20	-----
SMITH	Selina	1911	F	5	10050	Place-23	-----
SMITH	Sheila	1911	F	5	10052	Place-27	-----
SMITH	Jenkins	1911	M	5	10055	Place-5	-----
SMITH	Sheila	1911	F	5	10056	Place-14	-----
SMITH	Seonaid	1911	F	5	10057	Place-23	-----
SMITH	Jacob	1911	M	5	10059	Place-17	-----
SMITH	Selina	1911	F	5	10063	Place-10	-----
SMITH	Suzanne	1911	F	5	10067	Place-4	-----
SMITH	Seonaid	1911	F	5	10068	Place-10	-----
SMITH	Suzanne	1911	F	5	10070	Place-11	-----
SMITH	Selina	1911	F	5	10071	Place-20	-----
SMITH	Jim	1911	M	5	10072	Place-5	-----
SMITH	James	1911	M	5	10074	Place-11	-----
SMITH	Selina	1911	F	5	10075	Place-26	-----
SMITH	Sarah	1911	F	5	10077	Place-1	-----
SMITH	Suzanne	1911	F	5	10078	Place-6	-----
SMITH	Jim	1911	M	5	10079	Place-12	-----
SMITH	James	1911	M	5	10085	Place-6	-----
SMITH	Seonaid	1911	F	5	10086	Place-9	-----
SMITH	Joseph	1911	M	5	10087	Place-3	-----
SMITH	James	1911	M	5	10088	Place-8	-----
SMITH	Jacob	1911	M	5	10089	Place-23	-----
SMITH	Suzanne	1911	F	5	10091	Place-14	-----
SMITH	Seonaid	1911	F	5	10092	Place-18	-----
SMITH	Jacob	1911	M	5	10095	Place-6	-----
SMITH	James	1911	M	5	10096	Place-16	-----
SMITH	Briony	1911	F	5	10097	Place-2	-----
SMITH	Jenkins	1911	M	5	10098	Place-5	-----
SMITH	Paulo	1911	M	5	10099	Place-1	-----
SMITH	Joseph	1911	M	5	10101	Place-8	-----
SMITH	Joseph	1911	M	5	10102	Place-22	-----
SMITH	Shawn	1911	M	5	10103	Place-6	-----
SMITH	Sheila	1911	F	5	10105	Place-7	-----
SMITH	Susan	1911	F	5	10106	Place-4	-----
SMITH	Joseph	1911	M	5	10108	Place-17	-----
SMITH	Sarah	1911	F	5	10109	Place-22	-----
SMITH	Sarah	1911	F	5	10111	Place-6	-----
SMITH	Briony	1911	F	5	10112	Place-11	-----
SMITH	Sheila	1911	F	5	10113	Place-15	-----
SMITH	Jenkins	1911	M	5	10114	Place-18	-----
SMITH	Jenkins	1911	M	5	10115	Place-3	-----
SMITH	Sharon	1911	F	5	10117	Place-1	-----
SMITH	Sheila	1911	F	5	10118	Place-20	-----
SMITH	Briony	1911	F	5	10121	Place-27	-----
SMITH	Susan	1911	F	5	10123	Place-25	-----
SMITH	Paulo	1911	M	5	10124	Place-17	-----
SMITH	Jacob	1911	M	5	10127	Place-17	-----
SMITH	Seonaid	1911	F	5	10128	Place-1	-----
SMITH	Jenkins	1911	M	5	10129	Place-6	-----
SMITH	Jenkins	1911	M	5	10131	Place-2	-----
SMITH	Jim	1911	M	5	10133	Place-22	-----
SMITH	Suzanne	1911	F	5	10134	Place-20	-----
SMITH	Jenkins	1911	M	5	10136	Place-2	-----
SMITH	Suzanne	1911	F	5	10139	Place-24	-----
SMITH	Sheila	1911	F	5	10142	Place-5	-----
SMITH	Seonaid	1911	F	5	10144	Place-9	-----
SMITH	Sarah	1911	F	5	10145	Place-22	-----
SMITH	Joseph	1911	M	5	10146	Place-17	-----
SMITH	Jenkins	1911	M	5	10147	Place-3	-----
SMITH	Seonaid	1911	F	5	10148	Place-5	-----
SMITH	Briony	1911	F	5	10151	Place-7	-----
SMITH	Joseph	1911	M	5	10152	Place-27	-----
SMITH	Jim	1911	M	5	10153	Place-17	-----
SMITH	James	1911	M	5	10154	Place-7	-----
SMITH	Selina	1911	F	5	10155	Place-14	-----
SMITH	Joseph	1911	M	5	10156	Place-23	-----
SMITH	Jim	1911	M	5	10159	Place-17	-----
SMITH	Jacob	1911	M	5	10161	Place-6	-----
SMITH	Seonaid	1911	F	5	10163	Place-3	-----
SMITH	Paulo	1911	M	4	10189	Place-10	-----
SMITH	Jim	1911	M	4	10191	Place-12	-----
SMITH	Paulo	1911	M	4	10192	Place-7	-----
SMITH	Suzanne	1911	F	4	10195	Place-11	-----
SMITH	Shawn	1911	M	4	10196	Place-25	-----
SMITH	Joseph	1911	M	4	10199	Place-11	-----
SMITH	James	1911	M	4	10202	Place-18	-----
SMITH	Jenkins	1911	M	4	10203	Place-27	-----
SMITH	Susan	1911	F	4	10205	Place-28	-----
SMITH	Sarah	1911	F	4	10207	Place-20	-----
SMITH	Jacob	1911	M	4	10208	Place-6	-----
SMITH	Joseph	1911	M	4	10211	Place-25	-----
SMITH	Sharon	1911	F	4	10212	Place-10	-----
SMITH	Seonaid	1911	F	4	10213	Place-20	-----
SMITH	Jacob	1911	M	4	10214	Place-0	-----
SMITH	Sheila	1911	F	4	10216	Place-2	-----
SMITH	Sharon	1911	F	4	10217	Place-0	-----
SMITH	Jacob	1911	M	4	10220	Place-15	-----
SMITH	Paulo	1911	M	4	10222	Place-17	-----
SMITH	Seonaid	1911	F	4	10223	Place-23	-----
SMITH	Sheila	1911	F	4	10224	Place-23	-----
SMITH	Sharon	1911	F	4	10225	Place-13	-----
SMITH	Selina	1911	F	4	10226	Place-2	-----
SMITH	Jacob	1911	M	4	10227	Place-18	-----
SMITH	Susan	1911	F	4	10228	Place-21	-----
SMITH	Shawn	1911	M	4	10230	Place-11	-----
SMITH	Selina	1911	F	4	10233	Place-6	-----
SMITH	Paulo	1911	M	4	10234	Place-1	-----
SMITH	Shawn	1911	M	4	10236	Place-9	-----
SMITH	Shawn	1911	M	4	10237	Place-29	-----
SMITH	Seonaid	1911	F	4	10239	Place-20	-----
SMITH	Jacob	1911	M	4	10241	Place-3	-----
SMITH	Seonaid	1911	F	4	10243	Place-26	-----
SMITH	James	1911	M	4	10247	Place-7	-----
SMITH	Jenkins	1911	M	4	10250	Place-2	-----
SMITH	Jim	1911	M	4	10251	Place-16	-----
SMITH	Sharon	1911	F	4	10252	Place-22	-----
SMITH	Paulo	1911	M	4	10254	Place-17	-----
SMITH	Jenkins	1911	M	4	10255	Place-28	-----
SMITH	Joseph	1911	M	4	10256	Place-29	-----
SMITH	Shawn	1911	M	4	10260	Place-22	-----
SMITH	Jenkins	1911	M	4	10261	Place-22	-----
SMITH	Jacob	1911	M	4	10264	Place-16	-----
SMITH	Suzanne	1911	F	4	10265	Place-6	-----
SMITH	Jim	1911	M	4	10270	Place-6	-----
SMITH	Bob	1911	M	4	10271	Place-17	-----
SMITH	Jacob	1911	M	4	10272	Place-14	-----
SMITH	Jacob	1911	M	4	10273	Place-12	-----
SMITH	Paulo	1911	M	4	10275	Place-11	-----
SMITH	Selina	1911	F	4	10276	Place-6	-----
SMITH	James	1911	M	4	10279	Place-8	-----
SMITH	Sheila	1911	F	4	10280	Place-1	-----
SMITH	Seonaid	1911	F	4	10281	Place-6	-----
SMITH	Selina	1911	F	4	10282	Place-5	-----
SMITH	Jenkins	1911	M	4	10283	Place-3	-----
SMITH	Jenkins	1911	M	4	10285	Place-23	-----
SMITH	Briony	1911	F	4	10286	Place-24	-----
SMITH	Susan	1911	F	4	10287	Place-23	-----
SMITH	Jim	1911	M	4	10289	Place-27	-----
SMITH	Shawn	1911	M	4	10290	Place-23	-----
SMITH	Seonaid	1911	F	4	10291	Place-22	-----
SMITH	Jenkins	1911	M	4	10292	Place-29	-----
SMITH	James	1911	M	4	10293	Place-19	-----
SMITH	Selina	1911	F	4	10294	Place-23	-----
SMITH	Jacob	1911	M	4	10295	Place-29	-----
SMITH	Shawn	1911	M	4	10297	Place-10	-----
SMITH	Jenkins	1911	M	4	10299	Place-13	-----
SMITH	Jim	1911	M	4	10301	Place-23	-----
SMITH	Jim	1911	M	4	10303	Place-6	-----
SMITH	Shawn	1911	M	4	10304	Place-5	-----
SMITH	Jim	1911	M	4	10306	Place-27	-----
SMITH	Suzanne	1911	F	4	10309	Place-17	-----
SMITH	Suzanne	1911	F	4	10311	Place-27	-----
SMITH	Jacob	1911	M	4	10312	Place-15	-----
SMITH	Joseph	1911	M	4	10314	Place-20	-----
SMITH	Shawn	1911	M	4	10315	Place-24	-----
SMITH	Paulo	1911	M	4	10316	Place-7	-----
SMITH	Selina	1911	F	4	10317	Place-2	-----
SMITH	Jacob	1911	M	4	10318	Place-28	-----
SMITH	Jim	1911	M	4	10321	Place-6	-----
SMITH	Jenkins	1911	M	3	10346	Place-16	-----
SMITH	Bob	1911	M	3	10349	Place-23	-----
SMITH	Suzanne	1911	F	3	10350	Place-9	-----
SMITH	Jacob	1911	M	3	10351	Place-1	-----
SMITH	Sheila	1911	F	3	10353	Place-0	-----
SMITH	Bob	1911	M	3	10354	Place-12	-----
SMITH	Bob	1911	M	3	10355	Place-3	-----
SMITH	Jenkins	1911	M	3	10357	Place-8	-----
SMITH	Paulo	1911	M	3	10358	Place-3	-----
SMITH	Jacob	1911	M	3	10359	Place-15	-----
SMITH	Jenkins	1911	M	3	10364	Place-24	-----
SMITH	Susan	1911	F	3	10366	Place-0	-----
SMITH	Seonaid	1911	F	3	10367	Place-24	-----
SMITH	Jim	1911	M	3	10368	Place-22	-----
SMITH	Joseph	1911	M	3	10369	Place-15	-----
SMITH	Sharon	1911	F	3	10371	Place-15	-----
SMITH	Jacob	1911	M	3	10374	Place-17	-----
SMITH	Jacob	1911	M	3	10376	Place-2	-----
SMITH	Suzanne	1911	F	3	10377	Place-20	-----
SMITH	Briony	1911	F	3	10378	Place-0	-----
SMITH	James	1911	M	3	10379	Place-26	-----
SMITH	Joseph	1911	M	3	10380	Place-12	-----
SMITH	Seonaid	1911	F	3	10381	Place-12	-----
SMITH	Suzanne	1911	F	3	10384	Place-12	-----
SMITH	Joseph	1911	M	3	10386	Place-21	-----
SMITH	Suzanne	1911	F	3	10387	Place-24	-----
SMITH	Paulo	1911	M	3	10389	Place-5	-----
SMITH	Shawn	1911	M	3	10390	Place-1	-----
SMITH	Sheila	1911	F	3	10391	Place-23	-----
SMITH	Shawn	1911	M	3	10393	Place-16	-----
SMITH	Sharon	1911	F	3	10394	Place-9	-----
SMITH	Susan	1911	F	3	10395	Place-0	-----
SMITH	Jim	1911	M	3	10398	Place-8	-----
SMITH	Joseph	1911	M	3	10399	Place-13	-----
SMITH	Sarah	1911	F	3	10400	Place-17	-----
SMITH	Sheila	1911	F	3	10401	Place-4	-----
SMITH	Joseph	1911	M	3	10402	Place-24	-----
SMITH	Jim	1911	M	3	10403	Place-6	-----
SMITH	James	1911	M	3	10404	Place-17	-----
SMITH	Sarah	1911	F	3	10405	Place-3	-----
SMITH	Paulo	1911	M	3	10407	Place-15	-----
SMITH	Briony	1911	F	3	10409	Place-9	-----
SMITH	Paulo	1911	M	3	10410	Place-16	-----
SMITH	Seonaid	1911	F	3	10411	Place-2	-----
SMITH	Jacob	1911	M	3	10412	Place-9	-----
SMITH	Jacob	1911	M	3	10413	Place-17	-----
SMITH	Sarah	1911	F	3	10416	Place-1	-----
SMITH	Jim	1911	M	3	10420	Place-8	-----
SMITH	Sheila	1911	F	3	10421	Place-1	-----
SMITH	Joseph	1911	M	3	10422	Place-3	-----
SMITH	Joseph	1911	M	3	10423	Place-29	-----
SMITH	Sharon	1911	F	3	10424	Place-5	-----
SMITH	Seonaid	1911	F	3	10427	Place-0	-----
SMITH	Susan	1911	F	3	10428	Place-10	-----
SMITH	Seonaid	1911	F	3	10429	Place-16	-----
SMITH	Seonaid	1911	F	3	10430	Place-28	-----
SMITH	Jenkins	1911	M	3	10432	Place-10	-----
SMITH	Jim	1911	M	3	10435	Place-7	-----
SMITH	Sharon	1911	F	3	10436	Place-15	-----
SMITH	James	1911	M	3	10437	Place-6	-----
SMITH	Sarah	1911	F	3	10440	Place-16	-----
SMITH	Jacob	1911	M	3	10441	Place-20	-----
SMITH	Sarah	1911	F	3	10442	Place-6	-----
SMITH	Jenkins	1911	M	3	10443	Place-14	-----
SMITH	Susan	1911	F	3	10444	Place-17	-----
SMITH	Briony	1911	F	3	10445	Place-16	-----
SMITH	Joseph	1911	M	3	10447	Place-16	-----
SMITH	Sheila	1911	F	3	10449	Place-26	-----
SMITH	Sarah	1911	F	3	10451	Place-9	-----
SMITH	Seonaid	1911	F	3	10455	Place-2	-----
SMITH	Briony	1911	F	3	10456	Place-24	-----
SMITH	Jacob	1911	M	3	10458	Place-6	-----
SMITH	Susan	1911	F	3	10460	Place-15	-----
SMITH	Briony	1911	F	3	10463	Place-29	-----
SMITH	Seonaid	1911	F	3	10465	Place-4	-----
SMITH	Sharon	1911	F	3	10467	Place-28	-----
SMITH	Seonaid	1911	F	3	10470	Place-17	-----
SMITH	James	1911	M	3	10471	Place-14	-----
SMITH	Jacob	1911	M	3	10474	Place-0	-----
SMITH	Joseph	1911	M	3	10478	Place-22	-----
SMITH	Sharon	1911	F	3	10479	Place-24	-----
SMITH	Jim	1911	M	3	10482	Place-23	-----
SMITH	Paulo	1911	M	3	10485	Place-11	-----
SMITH	Seonaid	1911	F	3	10486	Place-26	-----
SMITH	Jim	1911	M	3	10487	Place-28	-----
SMITH	Seonaid	1911	F	3	10488	Place-7	-----
SMITH	Paulo	1911	M	2	10509	Place-3	-----
SMITH	Susan	1911	F	2	10510	Place-11	-----
SMITH	Sarah	1911	F	2	10511	Place-0	-----
SMITH	Briony	1911	F	2	10512	Place-10	-----
SMITH	Jim	1911	M	2	10514	Place-3	-----
SMITH	Jacob	1911	M	2	10515	Place-15	-----
SMITH	Sharon	1911	F	2	10517	Place-2	-----
SMITH	Susan	1911	F	2	10520	Place-1	-----
SMITH	James	1911	M	2	10521	Place-10	-----
SMITH	Susan	1911	F	2	10523	Place-4	-----
SMITH	Jenkins	1911	M	2	10524	Place-23	-----
SMITH	Seonaid	1911	F	2	10525	Place-4	-----
SMITH	Joseph	1911	M	2	10526	Place-1	-----
SMITH	Sharon	1911	F	2	10528	Place-24	-----
SMITH	Suzanne	1911	F	2	10529	Place-19	-----
SMITH	Shawn	1911	M	2	10530	Place-20	-----
SMITH	Bob	1911	M	2	10531	Place-26	-----
SMITH	Jenkins	1911	M	2	10532	Place-3	-----
SMITH	Susan	1911	F	2	10538	Place-0	-----
SMITH	Selina	1911	F	2	10539	Place-12	-----
SMITH	Jenkins	1911	M	2	10542	Place-22	-----
SMITH	James	1911	M	2	10543	Place-29	-----
SMITH	Sarah	1911	F	2	10544	Place-26	-----
SMITH	Bob	1911	M	2	10545	Place-23	-----
SMITH	Susan	1911	F	2	10547	Place-23	-----
SMITH	Shawn	1911	M	2	10548	Place-29	-----
SMITH	Jacob	1911	M	2	10550	Place-7	-----
SMITH	James	1911	M	2	10551	Place-6	-----
SMITH	Jacob	1911	M	2	10554	Place-20	-----
SMITH	Jacob	1911	M	2	10555	Place-11	-----
SMITH	Sheila	1911	F	2	10558	Place-2	-----
SMITH	Jim	1911	M	2	10559	Place-23	-----
SMITH	Sharon	1911	F	2	10561	Place-4	-----
SMITH	Sheila	1911	F	2	10562	Place-4	-----
SMITH	Bob	1911	M	2	10564	Place-0	-----
SMITH	Susan	1911	F	2	10565	Place-13	-----
SMITH	Jacob	1911	M	2	10566	Place-12	-----
SMITH	Briony	1911	F	2	10567	Place-13	-----
SMITH	Jenkins	1911	M	2	10568	Place-9	-----
SMITH	James	1911	M	2	10569	Place-24	-----
SMITH	Briony	1911	F	2	10570	Place-1	-----
SMITH	Paulo	1911	M	2	10572	Place-13	-----
SMITH	Paulo	1911	M	2	10574	Place-8	-----
SMITH	Paulo	1911	M	2	10576	Place-23	-----
SMITH	Sarah	1911	F	2	10577	Place-14	-----
SMITH	Jenkins	1911	M	2	10578	Place-8	-----
SMITH	Sarah	1911	F	2	10579	Place-3	-----
SMITH	Jim	1911	M	2	10580	Place-16	-----
SMITH	Bob	1911	M	2	10581	Place-4	-----
SMITH	Jim	1911	M	2	10582	Place-22	-----
SMITH	Sharon	1911	F	2	10584	Place-20	-----
SMITH	Susan	1911	F	2	10586	Place-12	-----
SMITH	Jacob	1911	M	2	10587	Place-0	-----
SMITH	Seonaid	1911	F	2	10588	Place-7	-----
SMITH	Joseph	1911	M	2	10589	Place-25	-----
SMITH	Sheila	1911	F	2	10590	Place-16	-----
SMITH	Sheila	1911	F	2	10593	Place-3	-----
SMITH	Shawn	1911	M	2	10594	Place-19	-----
SMITH	Paulo	1911	M	2	10595	Place-9	-----
SMITH	Briony	1911	F	2	10598	Place-5	-----
SMITH	Sheila	1911	F	2	10601	Place-5	-----
SMITH	Jenkins	1911	M	2	10604	Place-23	-----
SMITH	James	1911	M	2	10605	Place-29	-----
SMITH	Sharon	1911	F	2	10606	Place-27	-----
SMITH	Suzanne	1911	F	2	10607	Place-19	-----
SMITH	Jim	1911	M	2	10608	Place-27	-----
SMITH	Sheila	1911	F	2	10609	Place-25	-----
SMITH	Susan	1911	F	2	10610	Place-22	-----
SMITH	Joseph	1911	M	2	10611	Place-4	-----
SMITH	James	1911	M	2	10612	Place-8	-----
SMITH	Jenkins	1911	M	2	10613	Place-19	-----
SMITH	Selina	1911	F	2	10616	Place-6	-----
SMITH	Bob	1911	M	2	10617	Place-22	-----
SMITH	Selina	1911	F	2	10618	Place-15	-----
SMITH	Jenkins	1911	M	2	10620	Place-6	-----
SMITH	Jim	1911	M	2	10623	Place-8	-----
SMITH	Jim	1911	M	2	10627	Place-17	-----
SMITH	Briony	1911	F	2	10628	Place-18	-----
SMITH	Sarah	1911	F	2	10629	Place-22	-----
SMITH	Joseph	1911	M	2	10630	Place-8	-----
SMITH	Sheila	1911	F	2	10632	Place-18	-----
SMITH	Seonaid	1911	F	2	10636	Place-0	-----
SMITH	Jim	1911	M	2	10637	Place-6	-----
SMITH	Suzanne	1911	F	2	10639	Place-22	-----
SMITH	Shawn	1911	M	2	10641	Place-19	-----
SMITH	Selina	1911	F	2	10642	Place-26	-----
SMITH	Paulo	1911	M	2	10645	Place-14	-----
SMITH	Shawn	1911	M	2	10648	Place-9	-----
SMITH	Bob	1911	M	2	10649	Place-20	-----
SMITH	Susan	1911	F	2	10650	Place-25	-----
SMITH	Jim	1911	M	2	10652	Place-9	-----
SMITH	Jim	1911	M	2	10653	Place-27	-----
SMITH	Jenkins	1911	M	2	10654	Place-20	-----
SMITH	Bob	1911	M	2	10655	Place-0	-----
SMITH	Seonaid	1911	F	2	10656	Place-9	-----
SMITH	Suzanne	1911	F	2	10657	Place-8	-----
SMITH	Paulo	1911	M	2	10659	Place-8	-----
SMITH	Suzanne	1911	F	2	10661	Place-28	-----
SMITH	James	1911	M	2	10662	Place-21	-----
SMITH	Sarah	1911	F	1	10685	Place-28	-----
SMITH	Bob	1911	M	1	10686	Place-0	-----
SMITH	Joseph	1911	M	1	10687	Place-18	-----
SMITH	Paulo	1911	M	1	10688	Place-12	-----
SMITH	Suzanne	1911	F	1	10689	Place-19	-----
SMITH	Shawn	1911	M	1	10690	Place-13	-----
SMITH	Briony	1911	F	1	10691	Place-13	-----
SMITH	Sheila	1911	F	1	10692	Place-25	-----
SMITH	Seonaid	1911	F	1	10693	Place-6	-----
SMITH	Suzanne	1911	F	1	10694	Place-25	-----
SMITH	Jenkins	1911	M	1	10695	Place-1	-----
SMITH	James	1911	M	1	10698	Place-23	-----
SMITH	Shawn	1911	M	1	10699	Place-27	-----
SMITH	Joseph	1911	M	1	10700	Place-7	-----
SMITH	Shawn	1911	M	1	10701	Place-1	-----
SMITH	Susan	1911	F	1	10704	Place-3	-----
SMITH	Paulo	1911	M	1	10705	Place-16	-----
SMITH	Bob	1911	M	1	10706	Place-5	-----
SMITH	Paulo	1911	M	1	10707	Place-24	-----
SMITH	Suzanne	1911	F	1	10708	Place-20	-----
SMITH	Bob	1911	M	1	10709	Place-29	-----
SMITH	Sharon	1911	F	1	10712	Place-0	-----
SMITH	Susan	1911	F	1	10713	Place-22	-----
SMITH	Paulo	1911	M	1	10715	Place-27	-----
SMITH	Sarah	1911	F	1	10717	Place-13	-----
SMITH	Susan	1911	F	1	10719	Place-15	-----
SMITH	Shawn	1911	M	1	10720	Place-29	-----
SMITH	Susan	1911	F	1	10721	Place-12	-----
SMITH	Susan	1911	F	1	10722	Place-13	-----
SMITH	Selina	1911	F	1	10724	Place-6	-----
SMITH	Paulo	1911	M	1	10725	Place-21	-----
SMITH	Jacob	1911	M	1	10726	Place-3	-----
SMITH	Jenkins	1911	M	1	10731	Place-1	-----
SMITH	Jim	1911	M	1	10732	Place-16	-----
SMITH	Seonaid	1911	F	1	10733	Place-1	-----
SMITH	Seonaid	1911	F	1	10734	Place-24	-----
SMITH	Bob	1911	M	1	10735	Place-9	-----
SMITH	Paulo	1911	M	1	10737	Place-3	-----
SMITH	Jenkins	1911	M	1	10738	Place-3	-----
SMITH	Jacob	1911	M	1	10739	Place-10	-----
SMITH	Bob	1911	M	1	10740	Place-11	-----
SMITH	Jenkins	1911	M	1	10741	Place-17	-----
SMITH	Paulo	1911	M	1	10742	Place-15	-----
SMITH	Sharon	1911	F	1	10743	Place-1	-----
SMITH	Seonaid	1911	F	1	10744	Place-29	-----
SMITH	Bob	1911	M	1	10745	Place-1	-----
SMITH	Jacob	1911	M	1	10748	Place-6	-----
SMITH	Briony	1911	F	1	10750	Place-3	-----
SMITH	James	1911	M	1	10751	Place-12	-----
SMITH	Selina	1911	F	1	10752	Place-9	-----
SMITH	Suzanne	1911	F	1	10753	Place-26	-----
SMITH	Briony	1911	F	1	10754	Place-19	-----
SMITH	Sarah	1911	F	1	10755	Place-27	-----
SMITH	Shawn	1911	M	1	10756	Place-26	-----
SMITH	Susan	1911	F	1	10757	Place-21	-----
SMITH	Seonaid	1911	F	1	10758	Place-16	-----
SMITH	Joseph	1911	M	1	10759	Place-28	-----
SMITH	Joseph	1911	M	1	10760	Place-14	-----
SMITH	Jacob	1911	M	1	10761	Place-17	-----
SMITH	Jenkins	1911	M	1	10762	Place-15	-----
SMITH	Jim	1911	M	1	10764	Place-4	-----
SMITH	Selina	1911	F	1	10765	Place-3	-----
SMITH	Selina	1911	F	1	10766	Place-25	-----
SMITH	Joseph	1911	M	1	10767	Place-28	-----
SMITH	Joseph	1911	M	1	10768	Place-0	-----
SMITH	Jacob	1911	M	1	10769	Place-5	-----
SMITH	Jenkins	1911	M	1	10770	Place-1	-----
SMITH	Bob	1911	M	1	10771	Place-18	-----
SMITH	James	1911	M	1	10773	Place-22	-----
SMITH	Joseph	1911	M	1	10774	Place-9	-----
SMITH	James	1911	M	1	10775	Place-1	-----
SMITH	Joseph	1911	M	1	10776	Place-16	-----
SMITH	Jim	1911	M	1	10777	Place-19	-----
SMITH	Jim	1911	M	1	10778	Place-25	-----
SMITH	Briony	1911	F	1	10780	Place-25	-----
SMITH	Selina	1911	F	1	10781	Place-20	-----
SMITH	Jacob	1911	M	1	10782	Place-23	-----
SMITH	Briony	1911	F	1	10783	Place-19	-----
SMITH	Jacob	1911	M	1	10784	Place-6	-----
SMITH	Seonaid	1911	F	1	10786	Place-7	-----
SMITH	Briony	1911	F	1	10787	Place-15	-----
SMITH	Sheila	1911	F	1	10788	Place-7	-----
SMITH	Sarah	1911	F	1	10789	Place-27	-----
SMITH	Jenkins	1911	M	1	10790	Place-6	-----
SMITH	Joseph	1911	M	1	10791	Place-6	-----
SMITH	Seonaid	1911	F	1	10793	Place-12	-----
SMITH	Sharon	1911	F	1	10795	Place-6	-----
SMITH	Paulo	1911	M	1	10796	Place-0	-----
SMITH	Joseph	1911	M	1	10797	Place-23	-----
SMITH	Suzanne	1911	F	1	10798	Place-7	-----
SMITH	Selina	1911	F	1	10799	Place-1	-----
SMITH	Selina	1911	F	1	10800	Place-0	-----
SMITH	Paulo	1911	M	1	10801	Place-1	-----
SMITH	Selina	1911	F	1	10802	Place-2	-----
SMITH	Sheila	1911	F	1	10803	Place-9	-----
SMITH	Seonaid	1911	F	1	10804	Place-25	-----
SMITH	Bob	1911	M	1	10805	Place-21	-----
SMITH	Jim	1911	M	1	10806	Place-15	-----
SMITH	Selina	1911	F	1	10807	Place-20	-----
SMITH	Jim	1911	M	1	10808	Place-1	-----
SMITH	Sarah	1911	F	1	10809	Place-25	-----
SMITH	Sarah	1911	F	1	10810	Place-0	-----
SMITH	Jacob	1911	M	1	10811	Place-3	-----
SMITH	Joseph	1911	M	1	10812	Place-17	-----
SMITH	Sheila	1921	F	37	12591	Place-15	-----
SMITH	Seonaid	1921	F	23	12592	Place-27	-----
SMITH	Sarah	1921	F	19	12593	Place-7	-----
SMITH	Sheila	1921	F	29	12594	Place-28	-----
SMITH	Seonaid	1921	F	20	12595	Place-18	-----
SMITH	Sheila	1921	F	40	12596	Place-3	-----
SMITH	Sarah	1921	F	40	12597	Place-13	-----
SMITH	Sharon	1921	F	19	12598	Place-3	-----
SMITH	Briony	1921	F	22	12599	Place-1	-----
SMITH	Sheila	1921	F	53	12600	Place-23	-----
SMITH	Suzanne	1921	F	58	12601	Place-19	-----
SMITH	Selina	1921	F	52	12602	Place-3	-----
SMITH	Suzanne	1921	F	46	12603	Place-22	-----
SMITH	Suzanne	1921	F	53	12604	Place-23	-----
SMITH	Susan	1921	F	42	12605	Place-11	-----
SMITH	Sarah	1921	F	23	12606	Place-27	-----
SMITH	Selina	1921	F	47	12418	Place-16	-----
SMITH	Jim	1921	M	28	8185	Place-1	-----
SMITH	Shawn	1921	M	57	4974	Place-2	-----
SMITH	Briony	1921	F	24	8730	Place-18	-----
SMITH	Seonaid	1921	F	29	7963	Place-11	-----
SMITH	Bob	1921	M	41	6508	Place-3	-----
SMITH	Bob	1921	M	53	5324	Place-28	-----
SMITH	Bob	1921	M	53	5357	Place-29	-----
SMITH	Susan	1921	F	23	8852	Place-10	-----
SMITH	Susan	1921	F	21	9110	Place-2	-----
SMITH	Jenkins	1921	M	20	9353	Place-2	-----
SMITH	Susan	1921	F	18	9647	Place-8	-----
SMITH	Seonaid	1921	F	2	12411	Place-1	-----
SMITH	Jim	1921	M	25	8556	Place-9	-----
SMITH	Sarah	1921	F	40	6680	Place-7	-----
SMITH	Sarah	1921	F	47	5949	Place-17	-----
SMITH	Joseph	1921	M	33	7499	Place-3	-----
SMITH	Seonaid	1921	F	30	7906	Place-25	-----
SMITH	Selina	1921	F	35	10989	Place-27	-----
SMITH	Jim	1921	M	58	4907	Place-20	-----
SMITH	Briony	1921	F	26	8511	Place-16	-----
SMITH	Suzanne	1921	F	23	8911	Place-24	-----
SMITH	Suzanne	1921	F	20	9264	Place-22	-----
SMITH	Sharon	1921	F	18	9645	Place-29	-----
SMITH	Susan	1921	F	55	12056	Place-16	-----
SMITH	Sharon	1921	F	37	12061	Place-7	-----
SMITH	Seonaid	1921	F	48	5827	Place-8	-----
SMITH	Briony	1921	F	49	5686	Place-9	-----
SMITH	Jim	1921	M	36	7158	Place-14	-----
SMITH	Jacob	1921	M	32	7653	Place-4	-----
SMITH	Sheila	1921	F	51	10814	Place-7	-----
SMITH	Shawn	1921	M	21	9107	Place-29	-----
SMITH	Shawn	1921	M	33	7523	Place-15	-----
SMITH	Bob	1921	M	29	8081	Place-20	-----
SMITH	Jenkins	1921	M	21	9125	Place-1	-----
SMITH	Suzanne	1921	F	29	8090	Place-12	-----
SMITH	Briony	1921	F	37	11156	Place-19	-----
SMITH	Briony	1921	F	53	10821	Place-6	-----
SMITH	Sarah	1921	F	46	5978	Place-17	-----
SMITH	Sharon	1921	F	28	8207	Place-17	-----
SMITH	Selina	1921	F	36	7086	Place-20	-----
SMITH	Joseph	1921	M	40	6690	Place-27	-----
SMITH	Sarah	1921	F	39	6815	Place-2	-----
SMITH	Selina	1921	F	34	7412	Place-12	-----
SMITH	Joseph	1921	M	31	7717	Place-17	-----
SMITH	James	1921	M	21	9224	Place-19	-----
SMITH	Selina	1921	F	34	7423	Place-17	-----
SMITH	Susan	1921	F	57	10174	Place-24	-----
SMITH	Jacob	1921	M	25	8578	Place-26	-----
SMITH	James	1921	M	36	7082	Place-19	-----
SMITH	Shawn	1921	M	34	7352	Place-2	-----
SMITH	Bob	1921	M	29	8068	Place-12	-----
SMITH	Sheila	1921	F	53	11500	Place-17	-----
SMITH	Shawn	1921	M	46	6004	Place-10	-----
SMITH	Jenkins	1921	M	37	7033	Place-15	-----
SMITH	Seonaid	1921	F	48	9546	Place-18	-----
SMITH	Susan	1921	F	48	8922	Place-0	-----
SMITH	Susan	1921	F	37	10164	Place-7	-----
SMITH	Jacob	1921	M	57	4962	Place-1	-----
SMITH	Bob	1921	M	25	8574	Place-24	-----
SMITH	Selina	1921	F	50	5598	Place-2	-----
SMITH	Briony	1921	F	23	8881	Place-27	-----
SMITH	Selina	1921	F	44	11323	Place-29	-----
SMITH	Suzanne	1921	F	37	11331	Place-19	-----
SMITH	Selina	1921	F	34	7419	Place-13	-----
SMITH	Sharon	1921	F	40	6657	Place-29	-----
SMITH	James	1921	M	28	8228	Place-23	-----
SMITH	Suzanne	1921	F	46	10175	Place-7	-----
SMITH	Jacob	1921	M	50	5641	Place-20	-----
SMITH	Sarah	1921	F	25	8552	Place-22	-----
SMITH	Jacob	1921	M	25	8596	Place-21	-----
SMITH	Suzanne	1921	F	23	8906	Place-4	-----
SMITH	Suzanne	1921	F	46	11143	Place-7	-----
SMITH	Sarah	1921	F	52	9233	Place-15	-----
SMITH	Paulo	1921	M	29	8045	Place-6	-----
SMITH	Joseph	1921	M	54	5273	Place-25	-----
SMITH	Shawn	1921	M	43	6286	Place-18	-----
SMITH	Selina	1921	F	27	8375	Place-18	-----
SMITH	Jenkins	1921	M	53	5328	Place-21	-----
SMITH	Jenkins	1921	M	40	6649	Place-8	-----
SMITH	Jacob	1921	M	37	6981	Place-0	-----
SMITH	Sharon	1921	F	40	6664	Place-27	-----
SMITH	Jim	1921	M	18	9611	Place-20	-----
SMITH	Suzanne	1921	F	57	10331	Place-15	-----
SMITH	Briony	1921	F	53	5339	Place-21	-----
SMITH	Jacob	1921	M	46	6056	Place-8	-----
SMITH	James	1921	M	30	7908	Place-17	-----
SMITH	Sarah	1921	F	29	8054	Place-11	-----
SMITH	Jim	1921	M	42	6422	Place-3	-----
SMITH	Paulo	1921	M	48	5859	Place-11	-----
SMITH	Bob	1921	M	48	5821	Place-20	-----
SMITH	James	1921	M	40	6640	Place-10	-----
SMITH	Suzanne	1921	F	35	7212	Place-19	-----
SMITH	Briony	1921	F	50	8110	Place-28	-----
SMITH	Jim	1921	M	38	6879	Place-3	-----
SMITH	Bob	1921	M	25	8553	Place-0	-----
SMITH	Jacob	1921	M	58	4935	Place-6	-----
SMITH	Paulo	1921	M	43	6329	Place-24	-----
SMITH	Joseph	1921	M	32	7590	Place-29	-----
SMITH	Paulo	1921	M	50	5625	Place-21	-----
SMITH	Joseph	1921	M	41	6519	Place-29	-----
SMITH	Shawn	1921	M	36	7135	Place-19	-----
SMITH	Suzanne	1921	F	36	7164	Place-18	-----
SMITH	Jenkins	1921	M	34	7339	Place-19	-----
SMITH	Shawn	1921	M	33	7465	Place-1	-----
SMITH	Jacob	1921	M	31	7713	Place-0	-----
SMITH	Sheila	1921	F	31	7781	Place-9	-----
SMITH	Jim	1921	M	27	8329	Place-29	-----
SMITH	Jim	1921	M	26	8401	Place-11	-----
SMITH	Jim	1921	M	26	8468	Place-16	-----
SMITH	Sarah	1921	F	26	8487	Place-7	-----
SMITH	Sharon	1921	F	25	8548	Place-27	-----
SMITH	Joseph	1921	M	25	8551	Place-13	-----
SMITH	Suzanne	1921	F	25	8614	Place-6	-----
SMITH	Joseph	1921	M	25	8618	Place-2	-----
SMITH	Bob	1921	M	25	8623	Place-0	-----
SMITH	Joseph	1921	M	24	8696	Place-26	-----
SMITH	James	1921	M	24	8718	Place-23	-----
SMITH	Shawn	1921	M	24	8741	Place-6	-----
SMITH	Shawn	1921	M	23	8877	Place-27	-----
SMITH	Jim	1921	M	22	9010	Place-26	-----
SMITH	Sarah	1921	F	21	9104	Place-13	-----
SMITH	Jim	1921	M	21	9126	Place-28	-----
SMITH	Jacob	1921	M	21	9139	Place-20	-----
SMITH	Joseph	1921	M	21	9147	Place-19	-----
SMITH	Suzanne	1921	F	21	9173	Place-28	-----
SMITH	Sheila	1921	F	21	9230	Place-13	-----
SMITH	Jenkins	1921	M	21	9231	Place-14	-----
SMITH	Jenkins	1921	M	20	9250	Place-12	-----
SMITH	Suzanne	1921	F	20	9275	Place-14	-----
SMITH	Sharon	1921	F	20	9311	Place-22	-----
SMITH	Sheila	1921	F	20	9328	Place-25	-----
SMITH	Shawn	1921	M	19	9425	Place-7	-----
SMITH	Bob	1921	M	19	9484	Place-2	-----
SMITH	Briony	1921	F	18	9603	Place-25	-----
SMITH	Jenkins	1921	M	18	9604	Place-27	-----
SMITH	Jenkins	1921	M	18	9610	Place-16	-----
SMITH	Paulo	1921	M	18	9616	Place-25	-----
SMITH	Jim	1921	M	18	9629	Place-5	-----
SMITH	James	1921	M	18	9657	Place-26	-----
SMITH	Jacob	1921	M	17	9726	Place-21	-----
SMITH	Sheila	1921	F	17	9776	Place-8	-----
SMITH	Selina	1921	F	17	9811	Place-2	-----
SMITH	Paulo	1921	M	16	9963	Place-7	-----
SMITH	Shawn	1921	M	14	10260	Place-17	-----
SMITH	Seonaid	1921	F	12	10636	Place-26	-----
SMITH	Seonaid	1921	F	10	10949	Place-8	-----
SMITH	Susan	1921	F	8	11278	Place-28	-----
SMITH	Bob	1921	M	8	11285	Place-14	-----
SMITH	Jenkins	1921	M	6	11529	Place-14	-----
SMITH	Jenkins	1921	M	6	11572	Place-27	-----
SMITH	Jenkins	1921	M	5	11693	Place-15	-----
SMITH	Paulo	1921	M	4	11938	Place-15	-----
SMITH	Joseph	1921	M	3	12231	Place-24	-----
SMITH	Sharon	1921	F	37	12413	Place-13	-----
SMITH	Seonaid	1921	F	55	12414	Place-24	-----
SMITH	Sarah	1921	F	32	12415	Place-16	-----
SMITH	Susan	1921	F	23	12416	Place-17	-----
SMITH	Seonaid	1921	F	32	12417	Place-2	-----
SMITH	Susan	1921	F	29	12419	Place-18	-----
SMITH	Susan	1921	F	29	12420	Place-5	-----
SMITH	Suzanne	1921	F	27	12421	Place-6	-----
SMITH	Sheila	1921	F	40	12422	Place-23	-----
SMITH	Sharon	1921	F	25	12423	Place-21	-----
SMITH	Suzanne	1921	F	33	12424	Place-4	-----
SMITH	Selina	1921	F	30	12425	Place-4	-----
SMITH	Briony	1921	F	27	12426	Place-29	-----
SMITH	Sharon	1921	F	26	12427	Place-14	-----
SMITH	Seonaid	1921	F	24	12428	Place-1	-----
SMITH	Sharon	1921	F	24	12430	Place-28	-----
SMITH	Suzanne	1921	F	21	12431	Place-11	-----
SMITH	Briony	1921	F	20	12432	Place-14	-----
SMITH	Sarah	1921	F	47	12252	Place-26	-----
SMITH	Seonaid	1921	F	34	7365	Place-13	-----
SMITH	Jim	1921	M	27	8313	Place-8	-----
SMITH	Suzanne	1921	F	37	7048	Place-8	-----
SMITH	Jim	1921	M	43	6385	Place-28	-----
SMITH	Jacob	1921	M	20	9387	Place-19	-----
SMITH	Susan	1921	F	29	8048	Place-23	-----
SMITH	Seonaid	1921	F	34	7342	Place-23	-----
SMITH	Sarah	1921	F	28	8167	Place-18	-----
SMITH	Sarah	1921	F	21	9099	Place-25	-----
SMITH	Shawn	1921	M	21	9187	Place-27	-----
SMITH	Shawn	1921	M	20	9288	Place-19	-----
SMITH	Joseph	1921	M	29	8093	Place-28	-----
SMITH	Selina	1921	F	29	7992	Place-28	-----
SMITH	Sharon	1921	F	29	8033	Place-16	-----
SMITH	Bob	1921	M	28	8158	Place-14	-----
SMITH	Selina	1921	F	53	10025	Place-5	-----
SMITH	Sarah	1921	F	35	7310	Place-13	-----
SMITH	Jim	1921	M	24	8676	Place-3	-----
SMITH	Sharon	1921	F	19	9509	Place-27	-----
SMITH	Joseph	1921	M	38	6869	Place-29	-----
SMITH	Sarah	1921	F	34	7382	Place-15	-----
SMITH	Jim	1921	M	30	7864	Place-17	-----
SMITH	Susan	1921	F	44	10498	Place-8	-----
SMITH	Selina	1921	F	58	10169	Place-20	-----
SMITH	James	1921	M	37	7036	Place-13	-----
SMITH	Selina	1921	F	43	6362	Place-26	-----
SMITH	Paulo	1921	M	33	7455	Place-0	-----
SMITH	Bob	1921	M	33	7533	Place-5	-----
SMITH	Joseph	1921	M	23	8825	Place-3	-----
SMITH	Jenkins	1921	M	35	7296	Place-12	-----
SMITH	Jacob	1921	M	55	5140	Place-20	-----
SMITH	Susan	1921	F	57	7818	Place-18	-----
SMITH	Sarah	1921	F	36	7165	Place-24	-----
SMITH	Sarah	1921	F	39	6806	Place-23	-----
SMITH	Joseph	1921	M	27	8319	Place-19	-----
SMITH	Jenkins	1921	M	29	8029	Place-17	-----
SMITH	Paulo	1921	M	14	10275	Place-24	-----
SMITH	Briony	1921	F	29	11322	Place-12	-----
SMITH	Jim	1921	M	47	5948	Place-10	-----
SMITH	Jacob	1921	M	43	6344	Place-19	-----
SMITH	Susan	1921	F	33	7554	Place-21	-----
SMITH	Jim	1921	M	53	5366	Place-27	-----
SMITH	Sharon	1921	F	44	8790	Place-22	-----
SMITH	Sarah	1921	F	33	7458	Place-10	-----
SMITH	Jacob	1921	M	27	8312	Place-14	-----
SMITH	Paulo	1921	M	42	6446	Place-9	-----
SMITH	Jacob	1921	M	48	5816	Place-28	-----
SMITH	Bob	1921	M	48	5840	Place-19	-----
SMITH	Sharon	1921	F	33	7479	Place-5	-----
SMITH	Briony	1921	F	30	7825	Place-15	-----
SMITH	Sarah	1921	F	29	8028	Place-17	-----
SMITH	Paulo	1921	M	27	8336	Place-21	-----
SMITH	Jacob	1921	M	20	9352	Place-18	-----
SMITH	Sharon	1921	F	18	9606	Place-17	-----
SMITH	Sarah	1921	F	31	10987	Place-13	-----
SMITH	Jim	1921	M	55	5158	Place-24	-----
SMITH	Joseph	1921	M	30	7921	Place-11	-----
SMITH	Joseph	1921	M	32	7634	Place-23	-----
SMITH	Bob	1921	M	29	7954	Place-2	-----
SMITH	Sarah	1921	F	56	10813	Place-27	-----
SMITH	Joseph	1921	M	49	5673	Place-14	-----
SMITH	Jenkins	1921	M	51	5524	Place-8	-----
SMITH	Sheila	1921	F	54	5267	Place-14	-----
SMITH	Jenkins	1921	M	50	5645	Place-1	-----
SMITH	Paulo	1921	M	46	5972	Place-12	-----
SMITH	Joseph	1921	M	41	6540	Place-26	-----
SMITH	Sheila	1921	F	46	10489	Place-22	-----
SMITH	Seonaid	1921	F	49	5689	Place-17	-----
SMITH	Susan	1921	F	51	5502	Place-8	-----
SMITH	Seonaid	1921	F	21	9191	Place-12	-----
SMITH	Jenkins	1921	M	42	6466	Place-15	-----
SMITH	Susan	1921	F	23	8810	Place-21	-----
SMITH	Shawn	1921	M	34	7378	Place-27	-----
SMITH	Bob	1921	M	60	4749	Place-25	-----
SMITH	Bob	1921	M	43	6297	Place-9	-----
SMITH	Jenkins	1921	M	23	8845	Place-27	-----
SMITH	Sarah	1921	F	44	8665	Place-22	-----
SMITH	Seonaid	1921	F	24	8727	Place-23	-----
SMITH	Shawn	1921	M	45	6130	Place-11	-----
SMITH	Selina	1921	F	53	8386	Place-1	-----
SMITH	Sharon	1921	F	51	5532	Place-8	-----
SMITH	Bob	1921	M	40	6692	Place-18	-----
SMITH	Seonaid	1921	F	25	8590	Place-20	-----
SMITH	Sheila	1921	F	43	6304	Place-12	-----
SMITH	Jim	1921	M	58	4925	Place-11	-----
SMITH	Sheila	1921	F	52	5387	Place-6	-----
SMITH	Selina	1921	F	54	7445	Place-20	-----
SMITH	Jenkins	1921	M	40	6630	Place-18	-----
SMITH	Jim	1921	M	38	6841	Place-5	-----
SMITH	Seonaid	1921	F	36	7101	Place-9	-----
SMITH	Shawn	1921	M	32	7681	Place-16	-----
SMITH	Shawn	1921	M	31	7735	Place-27	-----
SMITH	Joseph	1921	M	30	7853	Place-3	-----
SMITH	Shawn	1921	M	29	7957	Place-15	-----
SMITH	Susan	1921	F	26	8454	Place-10	-----
SMITH	Paulo	1921	M	26	8459	Place-28	-----
SMITH	Sarah	1921	F	25	8597	Place-11	-----
SMITH	James	1921	M	25	8639	Place-23	-----
SMITH	Joseph	1921	M	23	8844	Place-17	-----
SMITH	Suzanne	1921	F	22	8950	Place-1	-----
SMITH	Suzanne	1921	F	22	8958	Place-3	-----
SMITH	Paulo	1921	M	22	8963	Place-25	-----
SMITH	Sharon	1921	F	22	9005	Place-13	-----
SMITH	Seonaid	1921	F	22	9020	Place-9	-----
SMITH	Sharon	1921	F	21	9103	Place-27	-----
SMITH	Briony	1921	F	21	9129	Place-13	-----
SMITH	Paulo	1921	M	21	9170	Place-14	-----
SMITH	Sarah	1921	F	21	9179	Place-0	-----
SMITH	Briony	1921	F	20	9316	Place-15	-----
SMITH	Bob	1921	M	20	9372	Place-15	-----
SMITH	Bob	1921	M	19	9505	Place-22	-----
SMITH	James	1921	M	19	9519	Place-0	-----
SMITH	Bob	1921	M	18	9560	Place-17	-----
SMITH	Joseph	1921	M	18	9595	Place-18	-----
SMITH	Paulo	1921	M	18	9624	Place-26	-----
SMITH	Jim	1921	M	18	9639	Place-12	-----
SMITH	Suzanne	1921	F	13	10377	Place-5	-----
SMITH	Paulo	1921	M	13	10407	Place-19	-----
SMITH	Jenkins	1921	M	13	10443	Place-0	-----
SMITH	Susan	1921	F	12	10586	Place-16	-----
SMITH	James	1921	M	10	10924	Place-28	-----
SMITH	Bob	1921	M	10	10954	Place-27	-----
SMITH	Susan	1921	F	10	10957	Place-17	-----
SMITH	Joseph	1921	M	9	11020	Place-0	-----
SMITH	Paulo	1921	M	9	11104	Place-24	-----
SMITH	Suzanne	1921	F	8	11195	Place-8	-----
SMITH	Jenkins	1921	M	8	11220	Place-11	-----
SMITH	Susan	1921	F	7	11342	Place-25	-----
SMITH	Joseph	1921	M	7	11466	Place-20	-----
SMITH	Jacob	1921	M	7	11474	Place-8	-----
SMITH	Shawn	1921	M	6	11519	Place-14	-----
SMITH	Susan	1921	F	6	11610	Place-28	-----
SMITH	Susan	1921	F	5	11709	Place-25	-----
SMITH	Sheila	1921	F	5	11842	Place-5	-----
SMITH	Joseph	1921	M	5	11852	Place-23	-----
SMITH	James	1921	M	4	12048	Place-19	-----
SMITH	Suzanne	1921	F	3	12206	Place-4	-----
SMITH	Briony	1921	F	2	12288	Place-9	-----
SMITH	James	1921	M	2	12405	Place-15	-----
SMITH	Suzanne	1921	F	26	12242	Place-24	-----
SMITH	Suzanne	1921	F	56	12243	Place-7	-----
SMITH	Sheila	1921	F	26	12244	Place-23	-----
SMITH	Selina	1921	F	44	12245	Place-24	-----
SMITH	Sarah	1921	F	55	12246	Place-19	-----
SMITH	Briony	1921	F	22	12247	Place-1	-----
SMITH	Sarah	1921	F	52	12248	Place-14	-----
SMITH	Sheila	1921	F	39	12249	Place-26	-----
SMITH	Suzanne	1921	F	35	12250	Place-28	-----
SMITH	Briony	1921	F	31	12251	Place-23	-----
SMITH	Sarah	1921	F	27	12256	Place-4	-----
SMITH	Selina	1921	F	24	12257	Place-14	-----
SMITH	Sheila	1921	F	23	12258	Place-14	-----
SMITH	Suzanne	1921	F	22	12259	Place-10	-----
SMITH	Selina	1921	F	21	12260	Place-16	-----
SMITH	Suzanne	1921	F	21	12261	Place-2	-----
SMITH	Selina	1921	F	31	12053	Place-28	-----
SMITH	Sarah	1921	F	33	12057	Place-1	-----
SMITH	Seonaid	1921	F	26	11677	Place-25	-----
SMITH	Paulo	1921	M	34	7399	Place-27	-----
SMITH	Joseph	1921	M	24	8693	Place-11	-----
SMITH	Briony	1921	F	53	5348	Place-19	-----
SMITH	Briony	1921	F	43	6279	Place-9	-----
SMITH	Bob	1921	M	35	7236	Place-0	-----
SMITH	Jim	1921	M	28	8244	Place-24	-----
SMITH	Selina	1921	F	24	8687	Place-16	-----
SMITH	James	1921	M	23	8913	Place-28	-----
SMITH	Susan	1921	F	20	9281	Place-21	-----
SMITH	Selina	1921	F	19	9443	Place-24	-----
SMITH	Sharon	1921	F	47	11866	Place-12	-----
SMITH	Susan	1921	F	38	11872	Place-8	-----
SMITH	James	1921	M	54	5270	Place-9	-----
SMITH	Jacob	1921	M	49	5728	Place-7	-----
SMITH	Joseph	1921	M	47	5928	Place-10	-----
SMITH	Sarah	1921	F	54	10980	Place-26	-----
SMITH	Jenkins	1921	M	51	5549	Place-13	-----
SMITH	Sarah	1921	F	32	7632	Place-6	-----
SMITH	Selina	1921	F	30	7886	Place-29	-----
SMITH	Jenkins	1921	M	25	8592	Place-11	-----
SMITH	Sheila	1921	F	21	9145	Place-15	-----
SMITH	Briony	1921	F	30	11679	Place-24	-----
SMITH	Seonaid	1921	F	27	11691	Place-3	-----
SMITH	Jacob	1921	M	43	6386	Place-13	-----
SMITH	Selina	1921	F	29	10995	Place-18	-----
SMITH	Joseph	1921	M	35	7315	Place-12	-----
SMITH	Paulo	1921	M	37	6971	Place-23	-----
SMITH	Jacob	1921	M	27	8365	Place-10	-----
SMITH	Joseph	1921	M	25	8619	Place-20	-----
SMITH	Sharon	1921	F	23	8860	Place-11	-----
SMITH	Briony	1921	F	22	8991	Place-22	-----
SMITH	James	1921	M	40	6647	Place-3	-----
SMITH	Sharon	1921	F	30	7849	Place-24	-----
SMITH	Shawn	1921	M	29	8010	Place-5	-----
SMITH	Paulo	1921	M	39	6812	Place-29	-----
SMITH	Seonaid	1921	F	25	8635	Place-17	-----
SMITH	Sharon	1921	F	20	9392	Place-8	-----
SMITH	Seonaid	1921	F	27	8323	Place-29	-----
SMITH	Sharon	1921	F	45	8917	Place-10	-----
SMITH	Bob	1921	M	26	8395	Place-28	-----
SMITH	James	1921	M	26	8505	Place-24	-----
SMITH	Suzanne	1921	F	55	11144	Place-9	-----
SMITH	Joseph	1921	M	53	5351	Place-20	-----
SMITH	Joseph	1921	M	32	7609	Place-25	-----
SMITH	Susan	1921	F	29	7987	Place-13	-----
SMITH	Suzanne	1921	F	47	5941	Place-6	-----
SMITH	Shawn	1921	M	40	6636	Place-13	-----
SMITH	Jacob	1921	M	32	7624	Place-2	-----
SMITH	Sarah	1921	F	29	8002	Place-2	-----
SMITH	Sarah	1921	F	28	8147	Place-13	-----
SMITH	Jacob	1921	M	28	8232	Place-11	-----
SMITH	Sarah	1921	F	48	10679	Place-12	-----
SMITH	Sharon	1921	F	41	6526	Place-14	-----
SMITH	Joseph	1921	M	36	7094	Place-21	-----
SMITH	Suzanne	1921	F	39	6764	Place-28	-----
SMITH	James	1921	M	47	5888	Place-25	-----
SMITH	Briony	1921	F	56	9690	Place-8	-----
SMITH	Selina	1921	F	37	7023	Place-10	-----
SMITH	Sarah	1921	F	45	10181	Place-16	-----
SMITH	Jim	1921	M	50	5610	Place-0	-----
SMITH	Sheila	1921	F	53	7435	Place-13	-----
SMITH	Sharon	1921	F	53	5318	Place-18	-----
SMITH	Briony	1921	F	43	6355	Place-5	-----
SMITH	Paulo	1921	M	26	8429	Place-27	-----
SMITH	Joseph	1921	M	20	9364	Place-28	-----
SMITH	Paulo	1921	M	37	7017	Place-19	-----
SMITH	Sharon	1921	F	53	9687	Place-4	-----
SMITH	Jenkins	1921	M	43	6278	Place-6	-----
SMITH	Seonaid	1921	F	23	8814	Place-10	-----
SMITH	Paulo	1921	M	40	6650	Place-13	-----
SMITH	James	1921	M	54	5215	Place-2	-----
SMITH	Seonaid	1921	F	50	5649	Place-25	-----
SMITH	Shawn	1921	M	50	5599	Place-25	-----
SMITH	Seonaid	1921	F	55	7179	Place-12	-----
SMITH	Bob	1921	M	52	5442	Place-15	-----
SMITH	Shawn	1921	M	44	6220	Place-17	-----
SMITH	James	1921	M	34	7400	Place-12	-----
SMITH	Susan	1921	F	32	7607	Place-14	-----
SMITH	Suzanne	1921	F	28	8171	Place-22	-----
SMITH	Susan	1921	F	28	8224	Place-21	-----
SMITH	Susan	1921	F	27	8326	Place-17	-----
SMITH	Shawn	1921	M	24	8695	Place-24	-----
SMITH	Paulo	1921	M	24	8708	Place-21	-----
SMITH	Bob	1921	M	24	8743	Place-6	-----
SMITH	Selina	1921	F	23	8841	Place-1	-----
SMITH	Sharon	1921	F	23	8903	Place-25	-----
SMITH	Bob	1921	M	22	8959	Place-25	-----
SMITH	Jenkins	1921	M	21	9213	Place-2	-----
SMITH	Selina	1921	F	20	9304	Place-3	-----
SMITH	Joseph	1921	M	20	9345	Place-3	-----
SMITH	Seonaid	1921	F	20	9394	Place-3	-----
SMITH	Jim	1921	M	19	9424	Place-3	-----
SMITH	Paulo	1921	M	19	9440	Place-17	-----
SMITH	Sarah	1921	F	19	9448	Place-3	-----
SMITH	Sheila	1921	F	19	9453	Place-11	-----
SMITH	Shawn	1921	M	19	9482	Place-23	-----
SMITH	Joseph	1921	M	19	9502	Place-20	-----
SMITH	Susan	1921	F	19	9523	Place-10	-----
SMITH	Jim	1921	M	17	9716	Place-11	-----
SMITH	Bob	1921	M	16	10011	Place-28	-----
SMITH	James	1921	M	13	10471	Place-20	-----
SMITH	Jenkins	1921	M	12	10542	Place-4	-----
SMITH	Sharon	1921	F	10	10908	Place-4	-----
SMITH	Sharon	1921	F	10	10934	Place-15	-----
SMITH	Suzanne	1921	F	9	11108	Place-0	-----
SMITH	Suzanne	1921	F	5	11760	Place-23	-----
SMITH	Jenkins	1921	M	5	11815	Place-10	-----
SMITH	Selina	1921	F	5	11844	Place-2	-----
SMITH	Briony	1921	F	4	11887	Place-18	-----
SMITH	Sheila	1921	F	4	11905	Place-2	-----
SMITH	Jenkins	1921	M	3	12161	Place-23	-----
SMITH	Sarah	1921	F	30	12054	Place-13	-----
SMITH	Susan	1921	F	37	12055	Place-17	-----
SMITH	Seonaid	1921	F	27	12058	Place-25	-----
SMITH	Sheila	1921	F	42	12060	Place-24	-----
SMITH	Seonaid	1921	F	47	12063	Place-6	-----
SMITH	Selina	1921	F	47	12064	Place-3	-----
SMITH	Suzanne	1921	F	40	12065	Place-28	-----
SMITH	Sharon	1921	F	53	12067	Place-10	-----
SMITH	Sheila	1921	F	33	12069	Place-7	-----
SMITH	Sarah	1921	F	27	12070	Place-4	-----
SMITH	Sharon	1921	F	24	12071	Place-14	-----
SMITH	Sheila	1921	F	54	11865	Place-21	-----
SMITH	Sarah	1921	F	29	11668	Place-21	-----
SMITH	Sarah	1921	F	41	11312	Place-17	-----
SMITH	Jim	1921	M	55	5181	Place-19	-----
SMITH	Sharon	1921	F	44	9094	Place-27	-----
SMITH	Paulo	1921	M	32	7680	Place-14	-----
SMITH	Briony	1921	F	31	7774	Place-13	-----
SMITH	Suzanne	1921	F	22	9059	Place-18	-----
SMITH	Sharon	1921	F	55	11669	Place-18	-----
SMITH	Seonaid	1921	F	32	11682	Place-28	-----
SMITH	Jacob	1921	M	41	6557	Place-17	-----
SMITH	Joseph	1921	M	56	5083	Place-7	-----
SMITH	Sharon	1921	F	46	10824	Place-0	-----
SMITH	James	1921	M	36	7116	Place-15	-----
SMITH	Selina	1921	F	23	8842	Place-15	-----
SMITH	Jenkins	1921	M	23	8873	Place-12	-----
SMITH	Jacob	1921	M	39	6747	Place-23	-----
SMITH	Susan	1921	F	24	8748	Place-8	-----
SMITH	Briony	1921	F	23	8870	Place-11	-----
SMITH	Briony	1921	F	27	11499	Place-15	-----
SMITH	Susan	1921	F	32	11506	Place-19	-----
SMITH	Jacob	1921	M	30	7930	Place-19	-----
SMITH	Shawn	1921	M	40	6677	Place-17	-----
SMITH	Sharon	1921	F	38	6899	Place-21	-----
SMITH	Jacob	1921	M	34	7377	Place-3	-----
SMITH	Jacob	1921	M	32	7589	Place-21	-----
SMITH	Jim	1921	M	31	7755	Place-10	-----
SMITH	Sarah	1921	F	38	11316	Place-20	-----
SMITH	Sheila	1921	F	59	11321	Place-13	-----
SMITH	Jim	1921	M	38	6848	Place-22	-----
SMITH	Selina	1921	F	41	6550	Place-26	-----
SMITH	Jacob	1921	M	47	5898	Place-11	-----
SMITH	Paulo	1921	M	33	7504	Place-3	-----
SMITH	Seonaid	1921	F	31	7796	Place-3	-----
SMITH	Paulo	1921	M	33	7544	Place-27	-----
SMITH	Suzanne	1921	F	31	7742	Place-4	-----
SMITH	Sarah	1921	F	51	8265	Place-4	-----
SMITH	James	1921	M	40	6695	Place-9	-----
SMITH	Paulo	1921	M	55	5171	Place-23	-----
SMITH	Joseph	1921	M	35	7281	Place-21	-----
SMITH	Joseph	1921	M	56	5089	Place-10	-----
SMITH	Bob	1921	M	36	7098	Place-20	-----
SMITH	Seonaid	1921	F	32	10822	Place-25	-----
SMITH	Shawn	1921	M	34	7425	Place-14	-----
SMITH	Selina	1921	F	28	8126	Place-11	-----
SMITH	Joseph	1921	M	38	6886	Place-4	-----
SMITH	Jacob	1921	M	43	6380	Place-28	-----
SMITH	Shawn	1921	M	36	7147	Place-6	-----
SMITH	James	1921	M	29	7982	Place-19	-----
SMITH	Selina	1921	F	24	8670	Place-29	-----
SMITH	Jacob	1921	M	51	5556	Place-12	-----
SMITH	Selina	1921	F	33	7488	Place-28	-----
SMITH	Sarah	1921	F	30	7911	Place-16	-----
SMITH	Suzanne	1921	F	39	6805	Place-19	-----
SMITH	Susan	1921	F	22	8984	Place-28	-----
SMITH	Sheila	1921	F	51	8655	Place-26	-----
SMITH	Selina	1921	F	26	8456	Place-1	-----
SMITH	Briony	1921	F	33	7474	Place-29	-----
SMITH	Sheila	1921	F	53	5343	Place-12	-----
SMITH	Joseph	1921	M	50	5601	Place-15	-----
SMITH	Suzanne	1921	F	58	8518	Place-22	-----
SMITH	Jacob	1921	M	38	6883	Place-1	-----
SMITH	Shawn	1921	M	29	7997	Place-4	-----
SMITH	Suzanne	1921	F	37	7041	Place-18	-----
SMITH	Jacob	1921	M	26	8410	Place-23	-----
SMITH	Shawn	1921	M	48	5831	Place-29	-----
SMITH	Sheila	1921	F	45	6140	Place-15	-----
SMITH	Sharon	1921	F	35	7254	Place-3	-----
SMITH	Selina	1921	F	35	7259	Place-15	-----
SMITH	Jenkins	1921	M	33	7489	Place-15	-----
SMITH	Shawn	1921	M	32	7618	Place-25	-----
SMITH	Selina	1921	F	32	7675	Place-16	-----
SMITH	Shawn	1921	M	29	7999	Place-2	-----
SMITH	Sarah	1921	F	27	8273	Place-8	-----
SMITH	Selina	1921	F	25	8572	Place-4	-----
SMITH	Joseph	1921	M	24	8751	Place-27	-----
SMITH	Paulo	1921	M	24	8756	Place-22	-----
SMITH	Joseph	1921	M	23	8815	Place-23	-----
SMITH	Paulo	1921	M	22	8945	Place-0	-----
SMITH	Jenkins	1921	M	22	9013	Place-12	-----
SMITH	Sheila	1921	F	22	9063	Place-15	-----
SMITH	Jenkins	1921	M	21	9192	Place-7	-----
SMITH	Bob	1921	M	20	9284	Place-1	-----
SMITH	Shawn	1921	M	20	9305	Place-8	-----
SMITH	Bob	1921	M	20	9306	Place-12	-----
SMITH	Briony	1921	F	19	9476	Place-13	-----
SMITH	Shawn	1921	M	16	9939	Place-25	-----
SMITH	Jenkins	1921	M	14	10292	Place-0	-----
SMITH	James	1921	M	12	10662	Place-17	-----
SMITH	Sharon	1921	F	11	10712	Place-14	-----
SMITH	Joseph	1921	M	10	10844	Place-15	-----
SMITH	Jenkins	1921	M	9	11067	Place-15	-----
SMITH	Briony	1921	F	8	11221	Place-5	-----
SMITH	Sharon	1921	F	8	11241	Place-3	-----
SMITH	Seonaid	1921	F	7	11406	Place-22	-----
SMITH	Shawn	1921	M	6	11656	Place-5	-----
SMITH	Selina	1921	F	5	11737	Place-11	-----
SMITH	Seonaid	1921	F	4	11934	Place-26	-----
SMITH	Susan	1921	F	4	12030	Place-23	-----
SMITH	Briony	1921	F	43	11867	Place-8	-----
SMITH	Susan	1921	F	55	11869	Place-4	-----
SMITH	Briony	1921	F	33	11870	Place-12	-----
SMITH	Briony	1921	F	23	11871	Place-19	-----
SMITH	Briony	1921	F	35	11875	Place-26	-----
SMITH	Sheila	1921	F	39	11876	Place-10	-----
SMITH	Sheila	1921	F	53	11877	Place-5	-----
SMITH	Seonaid	1921	F	50	11878	Place-0	-----
SMITH	Sheila	1921	F	44	11879	Place-13	-----
SMITH	Briony	1921	F	29	11881	Place-4	-----
SMITH	Seonaid	1921	F	30	11667	Place-8	-----
SMITH	Jacob	1921	M	26	8440	Place-18	-----
SMITH	Paulo	1921	M	47	5886	Place-14	-----
SMITH	Seonaid	1921	F	45	10333	Place-15	-----
SMITH	Shawn	1921	M	44	6214	Place-6	-----
SMITH	Suzanne	1921	F	32	7657	Place-3	-----
SMITH	Briony	1921	F	24	8784	Place-29	-----
SMITH	James	1921	M	58	4915	Place-25	-----
SMITH	Jacob	1921	M	33	7548	Place-2	-----
SMITH	Jacob	1921	M	24	8684	Place-29	-----
SMITH	Briony	1921	F	49	5744	Place-11	-----
SMITH	Suzanne	1921	F	52	9397	Place-12	-----
SMITH	Sharon	1921	F	30	7912	Place-7	-----
SMITH	Sheila	1921	F	30	7852	Place-10	-----
SMITH	Bob	1921	M	42	6491	Place-28	-----
SMITH	Paulo	1921	M	29	8061	Place-28	-----
SMITH	Sarah	1921	F	28	8129	Place-14	-----
SMITH	Suzanne	1921	F	25	8549	Place-8	-----
SMITH	Shawn	1921	M	25	8564	Place-11	-----
SMITH	Seonaid	1921	F	29	11151	Place-15	-----
SMITH	Sharon	1921	F	43	11161	Place-21	-----
SMITH	Jacob	1921	M	44	6230	Place-7	-----
SMITH	Joseph	1921	M	44	6258	Place-24	-----
SMITH	James	1921	M	29	8076	Place-20	-----
SMITH	Bob	1921	M	26	8406	Place-12	-----
SMITH	Briony	1921	F	53	10976	Place-21	-----
SMITH	Jim	1921	M	55	5156	Place-5	-----
SMITH	Briony	1921	F	38	6860	Place-20	-----
SMITH	Selina	1921	F	40	10666	Place-29	-----
SMITH	Shawn	1921	M	55	5145	Place-19	-----
SMITH	Sarah	1921	F	40	6663	Place-2	-----
SMITH	Joseph	1921	M	27	8348	Place-11	-----
SMITH	Sharon	1921	F	32	10671	Place-20	-----
SMITH	Selina	1921	F	31	10497	Place-6	-----
SMITH	Sarah	1921	F	36	10507	Place-5	-----
SMITH	Sharon	1921	F	30	7835	Place-22	-----
SMITH	Jenkins	1921	M	44	6210	Place-10	-----
SMITH	Jim	1921	M	31	7748	Place-3	-----
SMITH	Seonaid	1921	F	44	10340	Place-8	-----
SMITH	Bob	1921	M	47	5925	Place-14	-----
SMITH	Suzanne	1921	F	35	7222	Place-29	-----
SMITH	Shawn	1921	M	32	7644	Place-22	-----
SMITH	Jenkins	1921	M	21	9134	Place-17	-----
SMITH	Suzanne	1921	F	49	9840	Place-25	-----
SMITH	Jacob	1921	M	45	6089	Place-5	-----
SMITH	Jim	1921	M	34	7383	Place-3	-----
SMITH	Jenkins	1921	M	47	5911	Place-5	-----
SMITH	Sheila	1921	F	39	9547	Place-4	-----
SMITH	Suzanne	1921	F	50	7807	Place-12	-----
SMITH	Jacob	1921	M	42	6418	Place-2	-----
SMITH	Paulo	1921	M	47	5908	Place-28	-----
SMITH	James	1921	M	43	6366	Place-2	-----
SMITH	Jim	1921	M	54	5229	Place-27	-----
SMITH	Briony	1921	F	36	7083	Place-10	-----
SMITH	Jenkins	1921	M	32	7630	Place-24	-----
SMITH	Suzanne	1921	F	28	8123	Place-26	-----
SMITH	Joseph	1921	M	27	8293	Place-4	-----
SMITH	Suzanne	1921	F	25	8563	Place-3	-----
SMITH	Susan	1921	F	25	8621	Place-17	-----
SMITH	Susan	1921	F	25	8647	Place-6	-----
SMITH	Jim	1921	M	24	8761	Place-15	-----
SMITH	Shawn	1921	M	24	8783	Place-15	-----
SMITH	James	1921	M	23	8816	Place-0	-----
SMITH	Suzanne	1921	F	23	8871	Place-29	-----
SMITH	James	1921	M	22	9017	Place-1	-----
SMITH	Sharon	1921	F	21	9123	Place-8	-----
SMITH	Selina	1921	F	21	9166	Place-5	-----
SMITH	Jim	1921	M	21	9175	Place-21	-----
SMITH	Jacob	1921	M	21	9226	Place-20	-----
SMITH	Sheila	1921	F	20	9320	Place-10	-----
SMITH	Bob	1921	M	19	9426	Place-9	-----
SMITH	Susan	1921	F	14	10287	Place-26	-----
SMITH	Sharon	1921	F	13	10467	Place-8	-----
SMITH	Suzanne	1921	F	10	10915	Place-23	-----
SMITH	Jim	1921	M	9	11045	Place-6	-----
SMITH	Joseph	1921	M	9	11098	Place-5	-----
SMITH	James	1921	M	8	11186	Place-22	-----
SMITH	Joseph	1921	M	7	11428	Place-27	-----
SMITH	Jacob	1921	M	7	11432	Place-25	-----
SMITH	Suzanne	1921	F	6	11655	Place-15	-----
SMITH	Sheila	1921	F	41	11663	Place-4	-----
SMITH	Suzanne	1921	F	32	11665	Place-10	-----
SMITH	Susan	1921	F	24	11666	Place-25	-----
SMITH	Selina	1921	F	49	11670	Place-29	-----
SMITH	Susan	1921	F	32	11671	Place-9	-----
SMITH	Suzanne	1921	F	32	11672	Place-5	-----
SMITH	Susan	1921	F	42	11673	Place-11	-----
SMITH	Briony	1921	F	37	11674	Place-13	-----
SMITH	Sheila	1921	F	42	11675	Place-26	-----
SMITH	Selina	1921	F	31	11676	Place-16	-----
SMITH	Sheila	1921	F	47	11678	Place-5	-----
SMITH	Seonaid	1921	F	50	11681	Place-27	-----
SMITH	Sarah	1921	F	38	11683	Place-11	-----
SMITH	Sharon	1921	F	55	11684	Place-9	-----
SMITH	Selina	1921	F	32	11685	Place-17	-----
SMITH	Sharon	1921	F	29	11686	Place-27	-----
SMITH	Sheila	1921	F	58	11687	Place-15	-----
SMITH	Seonaid	1921	F	38	11688	Place-28	-----
SMITH	Sharon	1921	F	30	11689	Place-17	-----
SMITH	Briony	1921	F	24	11692	Place-22	-----
SMITH	Jenkins	1921	M	44	6229	Place-7	-----
SMITH	James	1921	M	29	7978	Place-18	-----
SMITH	Joseph	1921	M	48	5800	Place-10	-----
SMITH	Jacob	1921	M	22	9036	Place-0	-----
SMITH	Sharon	1921	F	44	6205	Place-4	-----
SMITH	Susan	1921	F	49	10820	Place-28	-----
SMITH	Sarah	1921	F	33	10830	Place-16	-----
SMITH	Sharon	1921	F	44	10506	Place-3	-----
SMITH	Jim	1921	M	31	7782	Place-5	-----
SMITH	James	1921	M	29	7990	Place-0	-----
SMITH	Suzanne	1921	F	30	10992	Place-9	-----
SMITH	Jim	1921	M	30	7871	Place-18	-----
SMITH	Paulo	1921	M	52	5433	Place-14	-----
SMITH	Jim	1921	M	53	5292	Place-1	-----
SMITH	Paulo	1921	M	45	6102	Place-6	-----
SMITH	Joseph	1921	M	27	8304	Place-9	-----
SMITH	Seonaid	1921	F	32	7684	Place-24	-----
SMITH	Paulo	1921	M	40	6658	Place-5	-----
SMITH	James	1921	M	28	8128	Place-20	-----
SMITH	Briony	1921	F	29	8069	Place-2	-----
SMITH	Paulo	1921	M	31	7732	Place-2	-----
SMITH	Seonaid	1921	F	45	10673	Place-14	-----
SMITH	Selina	1921	F	47	10492	Place-6	-----
SMITH	Suzanne	1921	F	42	10500	Place-2	-----
SMITH	Joseph	1921	M	52	5383	Place-12	-----
SMITH	James	1921	M	54	5206	Place-22	-----
SMITH	Jim	1921	M	39	6783	Place-1	-----
SMITH	Jacob	1921	M	55	5184	Place-4	-----
SMITH	Joseph	1921	M	39	6820	Place-21	-----
SMITH	Selina	1921	F	51	8806	Place-16	-----
SMITH	Selina	1921	F	43	9527	Place-2	-----
SMITH	Paulo	1921	M	31	7737	Place-5	-----
SMITH	James	1921	M	56	5093	Place-2	-----
SMITH	Paulo	1921	M	45	6119	Place-2	-----
SMITH	James	1921	M	46	6039	Place-22	-----
SMITH	Jim	1921	M	30	7824	Place-3	-----
SMITH	Paulo	1921	M	56	5091	Place-2	-----
SMITH	Sharon	1921	F	41	6524	Place-2	-----
SMITH	Jim	1921	M	32	7646	Place-10	-----
SMITH	Paulo	1921	M	32	7690	Place-17	-----
SMITH	Shawn	1921	M	31	7798	Place-29	-----
SMITH	Jim	1921	M	30	7834	Place-6	-----
SMITH	Bob	1921	M	29	7975	Place-23	-----
SMITH	James	1921	M	29	8046	Place-13	-----
SMITH	Susan	1921	F	29	8062	Place-25	-----
SMITH	Susan	1921	F	28	8191	Place-9	-----
SMITH	Bob	1921	M	28	8205	Place-3	-----
SMITH	Selina	1921	F	27	8303	Place-22	-----
SMITH	Jenkins	1921	M	27	8307	Place-16	-----
SMITH	James	1921	M	27	8384	Place-25	-----
SMITH	Jacob	1921	M	26	8496	Place-16	-----
SMITH	Sheila	1921	F	25	8622	Place-0	-----
SMITH	Joseph	1921	M	24	8681	Place-15	-----
SMITH	Paulo	1921	M	24	8759	Place-25	-----
SMITH	Paulo	1921	M	23	8886	Place-23	-----
SMITH	Susan	1921	F	23	8910	Place-18	-----
SMITH	Jacob	1921	M	22	8947	Place-2	-----
SMITH	Sharon	1921	F	22	8956	Place-26	-----
SMITH	Joseph	1921	M	20	9313	Place-14	-----
SMITH	Joseph	1921	M	16	9882	Place-7	-----
SMITH	Seonaid	1921	F	15	10068	Place-18	-----
SMITH	Selina	1921	F	15	10071	Place-23	-----
SMITH	Jacob	1921	M	14	10318	Place-3	-----
SMITH	Sarah	1921	F	12	10579	Place-10	-----
SMITH	Briony	1921	F	11	10750	Place-13	-----
SMITH	Suzanne	1921	F	10	10900	Place-26	-----
SMITH	Sheila	1921	F	9	11013	Place-27	-----
SMITH	Suzanne	1921	F	9	11019	Place-20	-----
SMITH	Paulo	1921	M	8	11176	Place-5	-----
SMITH	Briony	1921	F	6	11638	Place-9	-----
SMITH	Sheila	1921	F	53	11496	Place-28	-----
SMITH	Sharon	1921	F	26	11497	Place-9	-----
SMITH	Seonaid	1921	F	46	11502	Place-10	-----
SMITH	Sharon	1921	F	53	11503	Place-16	-----
SMITH	Selina	1921	F	39	11505	Place-10	-----
SMITH	Sharon	1921	F	32	11507	Place-5	-----
SMITH	Suzanne	1921	F	28	11508	Place-22	-----
SMITH	Briony	1921	F	26	11509	Place-1	-----
SMITH	James	1921	M	27	8340	Place-28	-----
SMITH	Shawn	1921	M	53	5296	Place-15	-----
SMITH	James	1921	M	37	7020	Place-21	-----
SMITH	Bob	1921	M	45	6101	Place-8	-----
SMITH	Briony	1921	F	28	11150	Place-29	-----
SMITH	Jim	1921	M	39	6766	Place-26	-----
SMITH	Selina	1921	F	27	8284	Place-22	-----
SMITH	Bob	1921	M	42	6427	Place-24	-----
SMITH	Jenkins	1921	M	29	8087	Place-26	-----
SMITH	Bob	1921	M	38	6896	Place-8	-----
SMITH	Bob	1921	M	13	10382	Place-15	-----
SMITH	Susan	1921	F	44	10021	Place-29	-----
SMITH	Seonaid	1921	F	56	6946	Place-2	-----
SMITH	Shawn	1921	M	37	6967	Place-14	-----
SMITH	Paulo	1921	M	37	6982	Place-6	-----
SMITH	Paulo	1921	M	23	8811	Place-19	-----
SMITH	Suzanne	1921	F	40	9534	Place-10	-----
SMITH	Suzanne	1921	F	33	7539	Place-9	-----
SMITH	James	1921	M	34	7362	Place-25	-----
SMITH	Seonaid	1921	F	53	9088	Place-25	-----
SMITH	Shawn	1921	M	28	8211	Place-27	-----
SMITH	Jim	1921	M	32	7656	Place-21	-----
SMITH	Jenkins	1921	M	46	6000	Place-6	-----
SMITH	Jenkins	1921	M	41	6555	Place-3	-----
SMITH	James	1921	M	38	6913	Place-11	-----
SMITH	Jenkins	1921	M	35	7265	Place-28	-----
SMITH	Jacob	1921	M	34	7363	Place-19	-----
SMITH	Briony	1921	F	33	7491	Place-23	-----
SMITH	Joseph	1921	M	33	7500	Place-10	-----
SMITH	Bob	1921	M	32	7578	Place-9	-----
SMITH	Suzanne	1921	F	32	7671	Place-10	-----
SMITH	Jenkins	1921	M	29	8091	Place-23	-----
SMITH	Paulo	1921	M	27	8285	Place-3	-----
SMITH	Jacob	1921	M	27	8305	Place-29	-----
SMITH	Joseph	1921	M	27	8346	Place-17	-----
SMITH	Paulo	1921	M	27	8350	Place-22	-----
SMITH	Jacob	1921	M	26	8446	Place-18	-----
SMITH	Sharon	1921	F	26	8474	Place-25	-----
SMITH	Jacob	1921	M	25	8586	Place-21	-----
SMITH	Jenkins	1921	M	24	8714	Place-25	-----
SMITH	Paulo	1921	M	23	8858	Place-6	-----
SMITH	Paulo	1921	M	23	8874	Place-20	-----
SMITH	Sarah	1921	F	23	8902	Place-13	-----
SMITH	Bob	1921	M	22	8938	Place-3	-----
SMITH	Sheila	1921	F	21	9200	Place-24	-----
SMITH	James	1921	M	20	9296	Place-15	-----
SMITH	James	1921	M	19	9522	Place-15	-----
SMITH	Seonaid	1921	F	16	9973	Place-9	-----
SMITH	Bob	1921	M	16	9997	Place-14	-----
SMITH	Sarah	1921	F	12	10511	Place-28	-----
SMITH	Susan	1921	F	12	10650	Place-10	-----
SMITH	Sarah	1921	F	10	10848	Place-8	-----
SMITH	Suzanne	1921	F	8	11238	Place-21	-----
SMITH	Selina	1921	F	7	11403	Place-11	-----
SMITH	Paulo	1921	M	7	11404	Place-14	-----
SMITH	Jacob	1921	M	7	11476	Place-17	-----
SMITH	Sharon	1921	F	40	11313	Place-7	-----
SMITH	Sharon	1921	F	34	11314	Place-19	-----
SMITH	Seonaid	1921	F	37	11318	Place-27	-----
SMITH	Briony	1921	F	31	11319	Place-23	-----
SMITH	Suzanne	1921	F	34	11325	Place-7	-----
SMITH	Selina	1921	F	54	11327	Place-28	-----
SMITH	Selina	1921	F	36	11332	Place-22	-----
SMITH	Sharon	1921	F	26	11334	Place-28	-----
SMITH	Seonaid	1921	F	26	11335	Place-29	-----
SMITH	Susan	1921	F	29	11158	Place-16	-----
SMITH	Seonaid	1921	F	51	5533	Place-9	-----
SMITH	Seonaid	1921	F	51	10667	Place-27	-----
SMITH	Paulo	1921	M	37	6990	Place-29	-----
SMITH	Jacob	1921	M	40	6684	Place-12	-----
SMITH	James	1921	M	42	6497	Place-11	-----
SMITH	Jim	1921	M	26	8467	Place-12	-----
SMITH	Seonaid	1921	F	29	10816	Place-4	-----
SMITH	Suzanne	1921	F	51	5491	Place-6	-----
SMITH	Bob	1921	M	31	7770	Place-28	-----
SMITH	Jacob	1921	M	48	5854	Place-1	-----
SMITH	Sarah	1921	F	38	6878	Place-19	-----
SMITH	Jim	1921	M	53	5338	Place-28	-----
SMITH	James	1921	M	36	7162	Place-7	-----
SMITH	Joseph	1921	M	34	7418	Place-15	-----
SMITH	Sharon	1921	F	29	8006	Place-6	-----
SMITH	Bob	1921	M	24	8740	Place-24	-----
SMITH	Briony	1921	F	53	5334	Place-14	-----
SMITH	Susan	1921	F	30	7839	Place-12	-----
SMITH	Jim	1921	M	32	7659	Place-29	-----
SMITH	Paulo	1921	M	38	6887	Place-1	-----
SMITH	Briony	1921	F	46	9698	Place-29	-----
SMITH	Sheila	1921	F	44	6228	Place-15	-----
SMITH	Suzanne	1921	F	36	7155	Place-10	-----
SMITH	Paulo	1921	M	35	7218	Place-29	-----
SMITH	Selina	1921	F	35	10168	Place-8	-----
SMITH	Paulo	1921	M	37	7054	Place-13	-----
SMITH	Bob	1921	M	53	5342	Place-9	-----
SMITH	Paulo	1921	M	46	6021	Place-1	-----
SMITH	Briony	1921	F	51	5552	Place-6	-----
SMITH	James	1921	M	39	6753	Place-26	-----
SMITH	Shawn	1921	M	21	9151	Place-17	-----
SMITH	Briony	1921	F	39	6760	Place-15	-----
SMITH	Jacob	1921	M	55	5123	Place-22	-----
SMITH	Shawn	1921	M	52	5456	Place-22	-----
SMITH	Jenkins	1921	M	37	6962	Place-3	-----
SMITH	Selina	1921	F	35	7216	Place-28	-----
SMITH	Suzanne	1921	F	34	7416	Place-20	-----
SMITH	Selina	1921	F	29	7998	Place-19	-----
SMITH	Bob	1921	M	29	8036	Place-5	-----
SMITH	James	1921	M	29	8058	Place-6	-----
SMITH	Joseph	1921	M	26	8453	Place-20	-----
SMITH	Jacob	1921	M	25	8638	Place-11	-----
SMITH	Jenkins	1921	M	24	8697	Place-27	-----
SMITH	Paulo	1921	M	23	8901	Place-2	-----
SMITH	Jenkins	1921	M	17	9798	Place-3	-----
SMITH	Paulo	1921	M	14	10192	Place-1	-----
SMITH	Seonaid	1921	F	10	10883	Place-9	-----
SMITH	Jim	1921	M	9	11046	Place-10	-----
SMITH	Shawn	1921	M	9	11066	Place-22	-----
SMITH	Sarah	1921	F	8	11300	Place-23	-----
SMITH	Susan	1921	F	38	11157	Place-20	-----
SMITH	Susan	1921	F	37	11159	Place-19	-----
SMITH	Suzanne	1921	F	28	11160	Place-11	-----
SMITH	Sheila	1921	F	27	11162	Place-27	-----
SMITH	Sarah	1921	F	42	6453	Place-12	-----
SMITH	Paulo	1921	M	42	6413	Place-26	-----
SMITH	Sharon	1921	F	49	5670	Place-17	-----
SMITH	Jim	1921	M	27	8282	Place-6	-----
SMITH	Bob	1921	M	46	5973	Place-29	-----
SMITH	Briony	1921	F	50	10668	Place-28	-----
SMITH	Selina	1921	F	35	7274	Place-26	-----
SMITH	Bob	1921	M	53	5300	Place-23	-----
SMITH	Selina	1921	F	29	8021	Place-29	-----
SMITH	Joseph	1921	M	43	6325	Place-2	-----
SMITH	Shawn	1921	M	36	7163	Place-24	-----
SMITH	Sharon	1921	F	32	10342	Place-18	-----
SMITH	Jacob	1921	M	43	6363	Place-16	-----
SMITH	Jenkins	1921	M	54	5233	Place-29	-----
SMITH	Sheila	1921	F	30	7873	Place-12	-----
SMITH	Sharon	1921	F	72	10179	Place-16	-----
SMITH	Bob	1921	M	37	7010	Place-3	-----
SMITH	Suzanne	1921	F	25	8566	Place-8	-----
SMITH	Sheila	1921	F	43	6348	Place-18	-----
SMITH	Jim	1921	M	37	6960	Place-28	-----
SMITH	Susan	1921	F	47	5906	Place-15	-----
SMITH	Suzanne	1921	F	44	6262	Place-14	-----
SMITH	Jacob	1921	M	58	4891	Place-19	-----
SMITH	Jenkins	1921	M	46	6027	Place-19	-----
SMITH	Jim	1921	M	31	7706	Place-16	-----
SMITH	Jacob	1921	M	36	7177	Place-3	-----
SMITH	Joseph	1921	M	35	7262	Place-11	-----
SMITH	James	1921	M	29	7981	Place-17	-----
SMITH	Sharon	1921	F	28	8138	Place-7	-----
SMITH	Sheila	1921	F	28	8140	Place-19	-----
SMITH	Bob	1921	M	28	8243	Place-3	-----
SMITH	Jacob	1921	M	27	8379	Place-20	-----
SMITH	Selina	1921	F	25	8591	Place-23	-----
SMITH	Sharon	1921	F	25	8611	Place-21	-----
SMITH	Sarah	1921	F	25	8625	Place-7	-----
SMITH	Bob	1921	M	22	9003	Place-11	-----
SMITH	Sharon	1921	F	21	9108	Place-25	-----
SMITH	James	1921	M	15	10096	Place-1	-----
SMITH	Jacob	1921	M	12	10587	Place-19	-----
SMITH	Bob	1921	M	12	10649	Place-3	-----
SMITH	Seonaid	1921	F	11	10744	Place-23	-----
SMITH	Selina	1921	F	11	10781	Place-19	-----
SMITH	Shawn	1921	M	9	11010	Place-19	-----
SMITH	Joseph	1921	M	9	11075	Place-7	-----
SMITH	Suzanne	1921	F	38	10973	Place-8	-----
SMITH	Sarah	1921	F	32	10974	Place-23	-----
SMITH	Seonaid	1921	F	30	10975	Place-25	-----
SMITH	Sheila	1921	F	54	10985	Place-5	-----
SMITH	Selina	1921	F	35	10988	Place-25	-----
SMITH	Susan	1921	F	32	10991	Place-21	-----
SMITH	Selina	1921	F	29	10994	Place-21	-----
SMITH	Seonaid	1921	F	42	10818	Place-17	-----
SMITH	Seonaid	1921	F	28	8247	Place-23	-----
SMITH	Sarah	1921	F	45	6155	Place-8	-----
SMITH	Jenkins	1921	M	52	5394	Place-3	-----
SMITH	Selina	1921	F	30	10684	Place-23	-----
SMITH	Jacob	1921	M	35	7291	Place-21	-----
SMITH	Sharon	1921	F	44	6180	Place-3	-----
SMITH	Susan	1921	F	52	5425	Place-19	-----
SMITH	Bob	1921	M	29	8063	Place-24	-----
SMITH	Bob	1921	M	38	6889	Place-27	-----
SMITH	Jacob	1921	M	33	7509	Place-15	-----
SMITH	Jenkins	1921	M	31	7711	Place-0	-----
SMITH	Shawn	1921	M	39	6755	Place-5	-----
SMITH	Jenkins	1921	M	54	5261	Place-6	-----
SMITH	Sheila	1921	F	46	9703	Place-19	-----
SMITH	Susan	1921	F	41	9091	Place-6	-----
SMITH	Jenkins	1921	M	41	6563	Place-23	-----
SMITH	Joseph	1921	M	42	6455	Place-13	-----
SMITH	Shawn	1921	M	37	7014	Place-17	-----
SMITH	Shawn	1921	M	28	8236	Place-25	-----
SMITH	Jenkins	1921	M	37	7021	Place-11	-----
SMITH	James	1921	M	44	6248	Place-14	-----
SMITH	Shawn	1921	M	53	5304	Place-17	-----
SMITH	Joseph	1921	M	55	5132	Place-23	-----
SMITH	Jim	1921	M	47	5910	Place-5	-----
SMITH	Seonaid	1921	F	38	6846	Place-16	-----
SMITH	Shawn	1921	M	37	6958	Place-27	-----
SMITH	Joseph	1921	M	32	7582	Place-15	-----
SMITH	Jenkins	1921	M	30	7833	Place-25	-----
SMITH	Bob	1921	M	30	7840	Place-18	-----
SMITH	Briony	1921	F	28	8154	Place-10	-----
SMITH	Shawn	1921	M	28	8225	Place-13	-----
SMITH	Sheila	1921	F	27	8272	Place-27	-----
SMITH	Sarah	1921	F	26	8433	Place-4	-----
SMITH	Joseph	1921	M	26	8442	Place-24	-----
SMITH	Joseph	1921	M	24	8755	Place-15	-----
SMITH	Shawn	1921	M	20	9369	Place-12	-----
SMITH	Suzanne	1921	F	16	10014	Place-21	-----
SMITH	Jacob	1921	M	13	10351	Place-8	-----
SMITH	Selina	1921	F	47	10825	Place-16	-----
SMITH	Susan	1921	F	41	10663	Place-9	-----
SMITH	Bob	1921	M	41	6515	Place-17	-----
SMITH	Suzanne	1921	F	35	7244	Place-2	-----
SMITH	Bob	1921	M	28	8213	Place-26	-----
SMITH	Jacob	1921	M	44	6255	Place-1	-----
SMITH	Jim	1921	M	53	5361	Place-14	-----
SMITH	Susan	1921	F	37	9550	Place-6	-----
SMITH	Jenkins	1921	M	46	6002	Place-13	-----
SMITH	Jim	1921	M	35	7300	Place-26	-----
SMITH	Sharon	1921	F	30	7856	Place-9	-----
SMITH	Seonaid	1921	F	48	10332	Place-28	-----
SMITH	James	1921	M	36	7159	Place-1	-----
SMITH	Jim	1921	M	31	7734	Place-23	-----
SMITH	Jim	1921	M	54	5212	Place-20	-----
SMITH	Sharon	1921	F	43	6334	Place-1	-----
SMITH	Jacob	1921	M	47	5878	Place-6	-----
SMITH	Sheila	1921	F	34	7403	Place-18	-----
SMITH	Joseph	1921	M	42	6449	Place-18	-----
SMITH	Sarah	1921	F	54	5236	Place-6	-----
SMITH	Selina	1921	F	53	9083	Place-26	-----
SMITH	James	1921	M	40	6639	Place-5	-----
SMITH	Jacob	1921	M	44	6173	Place-20	-----
SMITH	Jenkins	1921	M	36	7096	Place-11	-----
SMITH	Paulo	1921	M	40	6634	Place-23	-----
SMITH	Paulo	1921	M	52	5449	Place-27	-----
SMITH	Jenkins	1921	M	61	4665	Place-6	-----
SMITH	Briony	1921	F	53	5303	Place-21	-----
SMITH	Joseph	1921	M	39	6817	Place-8	-----
SMITH	Bob	1921	M	37	7045	Place-0	-----
SMITH	Jenkins	1921	M	36	7166	Place-17	-----
SMITH	Susan	1921	F	32	7633	Place-14	-----
SMITH	Sheila	1921	F	31	7772	Place-8	-----
SMITH	Bob	1921	M	29	8009	Place-9	-----
SMITH	Briony	1921	F	29	8020	Place-28	-----
SMITH	Joseph	1921	M	29	8039	Place-15	-----
SMITH	Bob	1921	M	28	8172	Place-21	-----
SMITH	Jim	1921	M	28	8241	Place-13	-----
SMITH	Selina	1921	F	27	8378	Place-14	-----
SMITH	Jacob	1921	M	26	8469	Place-11	-----
SMITH	Susan	1921	F	20	9339	Place-20	-----
SMITH	Sheila	1921	F	15	10160	Place-0	-----
SMITH	Suzanne	1921	F	14	10248	Place-1	-----
SMITH	Briony	1921	F	14	10266	Place-5	-----
SMITH	Sarah	1921	F	40	10664	Place-28	-----
SMITH	Selina	1921	F	42	10669	Place-5	-----
SMITH	Suzanne	1921	F	34	10681	Place-27	-----
SMITH	Sheila	1921	F	56	10491	Place-11	-----
SMITH	Susan	1921	F	48	10028	Place-18	-----
SMITH	Jacob	1921	M	46	6057	Place-22	-----
SMITH	James	1921	M	59	4792	Place-3	-----
SMITH	Jacob	1921	M	59	4793	Place-17	-----
SMITH	Selina	1921	F	35	10185	Place-21	-----
SMITH	Sheila	1921	F	30	7859	Place-22	-----
SMITH	Jacob	1921	M	55	5143	Place-6	-----
SMITH	Jenkins	1921	M	36	7121	Place-22	-----
SMITH	Briony	1921	F	50	9092	Place-10	-----
SMITH	Joseph	1921	M	22	9038	Place-17	-----
SMITH	Jim	1921	M	54	5268	Place-20	-----
SMITH	Joseph	1921	M	45	6146	Place-12	-----
SMITH	James	1921	M	59	4794	Place-13	-----
SMITH	Briony	1921	F	44	6236	Place-15	-----
SMITH	Sarah	1921	F	57	4969	Place-29	-----
SMITH	Jim	1921	M	38	6843	Place-26	-----
SMITH	Joseph	1921	M	37	6968	Place-7	-----
SMITH	Bob	1921	M	30	7913	Place-12	-----
SMITH	Jenkins	1921	M	29	8015	Place-13	-----
SMITH	Jenkins	1921	M	23	8861	Place-2	-----
SMITH	Joseph	1921	M	22	9026	Place-17	-----
SMITH	Sharon	1921	F	20	9285	Place-8	-----
SMITH	Jim	1921	M	17	9793	Place-10	-----
SMITH	Joseph	1921	M	17	9829	Place-23	-----
SMITH	Joseph	1921	M	12	10556	Place-13	-----
SMITH	Susan	1921	F	42	10493	Place-11	-----
SMITH	Susan	1921	F	44	10505	Place-7	-----
SMITH	Suzanne	1921	F	33	10508	Place-28	-----
SMITH	Seonaid	1921	F	44	10334	Place-14	-----
SMITH	Suzanne	1921	F	61	9700	Place-2	-----
SMITH	Jacob	1921	M	38	6866	Place-10	-----
SMITH	James	1921	M	38	6928	Place-1	-----
SMITH	Seonaid	1921	F	36	7103	Place-6	-----
SMITH	Jacob	1921	M	29	8051	Place-27	-----
SMITH	Susan	1921	F	25	8617	Place-3	-----
SMITH	Shawn	1921	M	23	8888	Place-17	-----
SMITH	Briony	1921	F	17	9753	Place-12	-----
SMITH	Joseph	1921	M	13	10439	Place-23	-----
SMITH	Sarah	1921	F	48	10323	Place-1	-----
SMITH	Suzanne	1921	F	36	10328	Place-1	-----
SMITH	Joseph	1921	M	47	5876	Place-10	-----
SMITH	Jim	1921	M	34	7368	Place-18	-----
SMITH	Jim	1921	M	32	7687	Place-7	-----
SMITH	Seonaid	1921	F	55	9845	Place-6	-----
SMITH	Jacob	1921	M	38	6865	Place-28	-----
SMITH	James	1921	M	55	5148	Place-23	-----
SMITH	Seonaid	1921	F	46	8919	Place-3	-----
SMITH	James	1921	M	49	5665	Place-22	-----
SMITH	Selina	1921	F	56	8115	Place-23	-----
SMITH	Suzanne	1921	F	56	8521	Place-12	-----
SMITH	Jim	1921	M	53	5360	Place-16	-----
SMITH	Paulo	1921	M	61	4713	Place-26	-----
SMITH	Sheila	1921	F	46	6031	Place-9	-----
SMITH	Seonaid	1921	F	44	6261	Place-2	-----
SMITH	Joseph	1921	M	35	7269	Place-8	-----
SMITH	Jacob	1921	M	34	7355	Place-28	-----
SMITH	Sarah	1921	F	32	7601	Place-12	-----
SMITH	James	1921	M	30	7879	Place-23	-----
SMITH	Selina	1921	F	29	8092	Place-13	-----
SMITH	Bob	1921	M	28	8196	Place-21	-----
SMITH	Sheila	1921	F	26	8450	Place-10	-----
SMITH	Joseph	1921	M	25	8613	Place-21	-----
SMITH	Shawn	1921	M	16	10016	Place-5	-----
SMITH	Sheila	1921	F	14	10219	Place-26	-----
SMITH	Sarah	1921	F	36	10172	Place-2	-----
SMITH	Selina	1921	F	58	10180	Place-0	-----
SMITH	Selina	1921	F	44	10182	Place-22	-----
SMITH	Selina	1921	F	33	10186	Place-23	-----
SMITH	Shawn	1921	M	33	7482	Place-12	-----
SMITH	Seonaid	1921	F	44	9532	Place-6	-----
SMITH	Jacob	1921	M	37	7042	Place-6	-----
SMITH	Shawn	1921	M	40	6685	Place-28	-----
SMITH	Selina	1921	F	56	7181	Place-11	-----
SMITH	Seonaid	1921	F	54	8795	Place-13	-----
SMITH	Paulo	1921	M	40	6687	Place-19	-----
SMITH	Jim	1921	M	53	5373	Place-23	-----
SMITH	Seonaid	1921	F	53	7332	Place-13	-----
SMITH	Bob	1921	M	32	7672	Place-25	-----
SMITH	James	1921	M	42	6411	Place-11	-----
SMITH	Jenkins	1921	M	38	6856	Place-0	-----
SMITH	Jacob	1921	M	37	6995	Place-25	-----
SMITH	James	1921	M	35	7229	Place-26	-----
SMITH	Paulo	1921	M	25	8562	Place-6	-----
SMITH	Joseph	1921	M	23	8899	Place-21	-----
SMITH	Sharon	1921	F	20	9260	Place-13	-----
SMITH	James	1921	M	17	9722	Place-0	-----
SMITH	Suzanne	1921	F	17	9817	Place-9	-----
SMITH	Selina	1921	F	49	10019	Place-13	-----
SMITH	Sheila	1921	F	49	10027	Place-8	-----
SMITH	Paulo	1921	M	44	6179	Place-12	-----
SMITH	Briony	1921	F	38	9705	Place-5	-----
SMITH	Sharon	1921	F	35	7297	Place-16	-----
SMITH	Jenkins	1921	M	47	5946	Place-20	-----
SMITH	Sharon	1921	F	41	6523	Place-27	-----
SMITH	Briony	1921	F	38	6855	Place-9	-----
SMITH	Suzanne	1921	F	49	9237	Place-20	-----
SMITH	James	1921	M	39	6763	Place-13	-----
SMITH	Seonaid	1921	F	43	6290	Place-16	-----
SMITH	Sheila	1921	F	40	6659	Place-28	-----
SMITH	Susan	1921	F	36	7124	Place-6	-----
SMITH	Joseph	1921	M	35	7263	Place-0	-----
SMITH	Sharon	1921	F	25	8601	Place-22	-----
SMITH	Jim	1921	M	20	9338	Place-17	-----
SMITH	Briony	1921	F	18	9575	Place-5	-----
SMITH	Selina	1921	F	17	9820	Place-6	-----
SMITH	Shawn	1921	M	46	6020	Place-9	-----
SMITH	Sarah	1921	F	39	6774	Place-8	-----
SMITH	Susan	1921	F	36	7071	Place-23	-----
SMITH	Jenkins	1921	M	40	6694	Place-22	-----
SMITH	Jenkins	1921	M	49	5675	Place-13	-----
SMITH	Sheila	1921	F	41	6509	Place-0	-----
SMITH	Shawn	1921	M	40	6628	Place-21	-----
SMITH	Jenkins	1921	M	35	7279	Place-24	-----
SMITH	Jenkins	1921	M	32	7604	Place-28	-----
SMITH	Joseph	1921	M	31	7720	Place-8	-----
SMITH	Sheila	1921	F	23	8824	Place-29	-----
SMITH	Briony	1921	F	52	9701	Place-7	-----
SMITH	Suzanne	1921	F	53	5329	Place-10	-----
SMITH	Sharon	1921	F	46	5991	Place-24	-----
SMITH	Paulo	1921	M	50	5602	Place-20	-----
SMITH	Bob	1921	M	39	6780	Place-10	-----
SMITH	Paulo	1921	M	44	6238	Place-9	-----
SMITH	Seonaid	1921	F	54	5256	Place-15	-----
SMITH	Shawn	1921	M	38	6853	Place-29	-----
SMITH	Seonaid	1921	F	36	7077	Place-22	-----
SMITH	Susan	1921	F	34	7344	Place-14	-----
SMITH	James	1921	M	26	8417	Place-21	-----
SMITH	Seonaid	1921	F	21	9232	Place-17	-----
SMITH	Jenkins	1921	M	19	9524	Place-6	-----
SMITH	Suzanne	1921	F	55	9535	Place-19	-----
SMITH	James	1921	M	40	6621	Place-14	-----
SMITH	Jenkins	1921	M	54	5209	Place-28	-----
SMITH	Jenkins	1921	M	53	5308	Place-5	-----
SMITH	Bob	1921	M	43	6302	Place-6	-----
SMITH	Seonaid	1921	F	38	6926	Place-5	-----
SMITH	Jacob	1921	M	36	7176	Place-4	-----
SMITH	Bob	1921	M	31	7710	Place-5	-----
SMITH	Jacob	1921	M	20	9261	Place-5	-----
SMITH	Selina	1921	F	48	9400	Place-23	-----
SMITH	Susan	1921	F	54	9401	Place-5	-----
SMITH	Joseph	1921	M	56	5070	Place-7	-----
SMITH	Paulo	1921	M	55	5130	Place-9	-----
SMITH	Joseph	1921	M	45	6080	Place-6	-----
SMITH	Sheila	1921	F	32	7619	Place-2	-----
SMITH	Joseph	1921	M	56	5059	Place-14	-----
SMITH	Joseph	1921	M	54	5269	Place-8	-----
SMITH	Jenkins	1921	M	51	5485	Place-24	-----
SMITH	Shawn	1921	M	49	5674	Place-7	-----
SMITH	James	1921	M	32	7579	Place-17	-----
SMITH	Jim	1921	M	29	7968	Place-27	-----
SMITH	Briony	1921	F	23	8907	Place-29	-----
SMITH	Selina	1921	F	50	5619	Place-22	-----
SMITH	Jenkins	1921	M	57	4990	Place-17	-----
SMITH	Selina	1921	F	46	6016	Place-12	-----
SMITH	Joseph	1921	M	57	4999	Place-18	-----
SMITH	Bob	1921	M	45	6152	Place-26	-----
SMITH	Paulo	1921	M	48	5784	Place-10	-----
SMITH	Seonaid	1921	F	42	6436	Place-17	-----
SMITH	Sharon	1921	F	42	6490	Place-11	-----
SMITH	Bob	1921	M	32	7677	Place-5	-----
SMITH	Bob	1921	M	53	5336	Place-5	-----
SMITH	Bob	1921	M	46	6029	Place-20	-----
SMITH	Bob	1921	M	44	6203	Place-14	-----
SMITH	Seonaid	1921	F	43	6291	Place-9	-----
SMITH	Shawn	1921	M	51	5521	Place-3	-----
SMITH	Paulo	1921	M	49	5727	Place-16	-----
SMITH	Paulo	1921	M	58	4931	Place-0	-----
SMITH	Selina	1921	F	29	8018	Place-22	-----
SMITH	Shawn	1921	M	42	6461	Place-4	-----
SMITH	Paulo	1921	M	62	4622	Place-8	-----
SMITH	Sharon	1921	F	33	7468	Place-24	-----
SMITH	James	1921	M	41	6573	Place-0	-----
SMITH	Jacob	1921	M	53	5323	Place-10	-----
SMITH	Jim	1921	M	51	5498	Place-1	-----
SMITH	Paulo	1921	M	50	5624	Place-8	-----
SMITH	Shawn	1921	M	48	5786	Place-14	-----
SMITH	Seonaid	1921	F	45	6105	Place-22	-----
SMITH	Joseph	1921	M	44	6225	Place-23	-----
SMITH	Sarah	1921	F	43	6368	Place-25	-----
SMITH	Selina	1921	F	40	6638	Place-17	-----
SMITH	Selina	1921	F	39	6809	Place-21	-----
SMITH	James	1921	M	38	6876	Place-27	-----
SMITH	Jacob	1921	M	38	6921	Place-28	-----
SMITH	Joseph	1921	M	37	6953	Place-7	-----
SMITH	Jacob	1921	M	37	6954	Place-1	-----
SMITH	James	1921	M	37	6955	Place-9	-----
SMITH	Joseph	1921	M	37	7035	Place-13	-----
SMITH	Shawn	1921	M	37	7044	Place-3	-----
SMITH	Sharon	1921	F	37	7051	Place-24	-----
SMITH	Seonaid	1921	F	36	7089	Place-12	-----
SMITH	Sharon	1921	F	36	7091	Place-20	-----
SMITH	Briony	1921	F	36	7143	Place-7	-----
SMITH	Bob	1921	M	35	7200	Place-24	-----
SMITH	Jim	1921	M	35	7202	Place-25	-----
SMITH	Jim	1921	M	35	7219	Place-6	-----
SMITH	Sheila	1921	F	35	7226	Place-27	-----
SMITH	Jacob	1921	M	35	7267	Place-23	-----
SMITH	Suzanne	1921	F	35	7301	Place-27	-----
SMITH	Shawn	1921	M	34	7379	Place-18	-----
SMITH	James	1921	M	34	7385	Place-20	-----
SMITH	James	1921	M	34	7386	Place-0	-----
SMITH	Briony	1921	F	34	7411	Place-19	-----
SMITH	Shawn	1921	M	33	7490	Place-23	-----
SMITH	Sarah	1921	F	33	7496	Place-21	-----
SMITH	Jenkins	1921	M	33	7502	Place-17	-----
SMITH	Shawn	1921	M	33	7538	Place-4	-----
SMITH	Jacob	1921	M	33	7547	Place-17	-----
SMITH	James	1921	M	32	7580	Place-5	-----
SMITH	Paulo	1921	M	32	7594	Place-1	-----
SMITH	Sharon	1921	F	32	7595	Place-1	-----
SMITH	Bob	1921	M	32	7614	Place-1	-----
SMITH	Shawn	1921	M	32	7625	Place-8	-----
SMITH	Shawn	1921	M	32	7658	Place-9	-----
SMITH	Sarah	1921	F	32	7663	Place-0	-----
SMITH	Jenkins	1921	M	32	7665	Place-0	-----
SMITH	Jenkins	1921	M	31	7723	Place-18	-----
SMITH	Shawn	1921	M	31	7725	Place-18	-----
SMITH	Jenkins	1921	M	31	7739	Place-20	-----
SMITH	Joseph	1921	M	31	7745	Place-15	-----
SMITH	Jim	1921	M	31	7784	Place-7	-----
SMITH	Bob	1921	M	30	7829	Place-4	-----
SMITH	Suzanne	1921	F	30	7875	Place-15	-----
SMITH	Joseph	1921	M	30	7897	Place-17	-----
SMITH	Paulo	1921	M	30	7899	Place-9	-----
SMITH	Susan	1921	F	29	7958	Place-22	-----
SMITH	Suzanne	1921	F	29	7969	Place-5	-----
SMITH	Briony	1921	F	29	7983	Place-27	-----
SMITH	Sheila	1921	F	29	7988	Place-27	-----
SMITH	Paulo	1921	M	29	8017	Place-25	-----
SMITH	Seonaid	1921	F	29	8026	Place-23	-----
SMITH	Joseph	1921	M	29	8040	Place-16	-----
SMITH	Seonaid	1921	F	29	8043	Place-27	-----
SMITH	Seonaid	1921	F	29	8065	Place-8	-----
SMITH	Joseph	1921	M	29	8070	Place-0	-----
SMITH	Jacob	1921	M	29	8082	Place-4	-----
SMITH	Bob	1921	M	28	8131	Place-1	-----
SMITH	Seonaid	1921	F	28	8139	Place-16	-----
SMITH	James	1921	M	28	8153	Place-22	-----
SMITH	Seonaid	1921	F	28	8162	Place-8	-----
SMITH	James	1921	M	28	8174	Place-6	-----
SMITH	Shawn	1921	M	28	8178	Place-20	-----
SMITH	Sarah	1921	F	28	8182	Place-22	-----
SMITH	Sharon	1921	F	28	8223	Place-13	-----
SMITH	Suzanne	1921	F	27	8280	Place-27	-----
SMITH	Jenkins	1921	M	27	8286	Place-22	-----
SMITH	Bob	1921	M	27	8332	Place-4	-----
SMITH	Seonaid	1921	F	27	8334	Place-25	-----
SMITH	Paulo	1921	M	27	8341	Place-24	-----
SMITH	Suzanne	1921	F	27	8342	Place-12	-----
SMITH	Selina	1921	F	27	8345	Place-8	-----
SMITH	Shawn	1921	M	27	8349	Place-19	-----
SMITH	Sheila	1921	F	27	8361	Place-22	-----
SMITH	Jacob	1921	M	27	8364	Place-29	-----
SMITH	Paulo	1921	M	27	8368	Place-29	-----
SMITH	James	1921	M	26	8398	Place-11	-----
SMITH	Susan	1921	F	26	8400	Place-27	-----
SMITH	Sheila	1921	F	26	8404	Place-7	-----
SMITH	Jacob	1921	M	26	8408	Place-14	-----
SMITH	Selina	1921	F	26	8430	Place-15	-----
SMITH	Paulo	1921	M	26	8444	Place-13	-----
SMITH	James	1921	M	26	8472	Place-28	-----
SMITH	Seonaid	1921	F	26	8482	Place-7	-----
SMITH	Sheila	1921	F	26	8485	Place-29	-----
SMITH	Paulo	1921	M	26	8498	Place-1	-----
SMITH	Jacob	1921	M	25	8540	Place-17	-----
SMITH	Sarah	1921	F	25	8584	Place-7	-----
SMITH	Seonaid	1921	F	25	8594	Place-29	-----
SMITH	Sheila	1921	F	25	8630	Place-2	-----
SMITH	Selina	1921	F	25	8631	Place-6	-----
SMITH	Susan	1921	F	25	8641	Place-20	-----
SMITH	Shawn	1921	M	25	8643	Place-22	-----
SMITH	Briony	1921	F	25	8646	Place-19	-----
SMITH	Jacob	1921	M	24	8674	Place-7	-----
SMITH	Jacob	1921	M	24	8686	Place-29	-----
SMITH	Joseph	1921	M	24	8691	Place-18	-----
SMITH	James	1921	M	24	8698	Place-14	-----
SMITH	Jim	1921	M	24	8701	Place-7	-----
SMITH	Suzanne	1921	F	24	8703	Place-17	-----
SMITH	James	1921	M	24	8704	Place-12	-----
SMITH	Jacob	1921	M	24	8710	Place-21	-----
SMITH	Susan	1921	F	24	8716	Place-3	-----
SMITH	Selina	1921	F	24	8728	Place-25	-----
SMITH	Sharon	1921	F	24	8732	Place-9	-----
SMITH	Briony	1921	F	24	8734	Place-20	-----
SMITH	James	1921	M	24	8757	Place-15	-----
SMITH	Sharon	1921	F	24	8766	Place-7	-----
SMITH	James	1921	M	24	8768	Place-28	-----
SMITH	Sarah	1921	F	24	8773	Place-2	-----
SMITH	Jenkins	1921	M	23	8817	Place-26	-----
SMITH	Sheila	1921	F	23	8821	Place-3	-----
SMITH	Bob	1921	M	23	8831	Place-14	-----
SMITH	Sharon	1921	F	23	8854	Place-23	-----
SMITH	Sharon	1921	F	23	8857	Place-8	-----
SMITH	James	1921	M	23	8859	Place-26	-----
SMITH	Sheila	1921	F	23	8863	Place-5	-----
SMITH	Jenkins	1921	M	23	8864	Place-18	-----
SMITH	Jacob	1921	M	23	8866	Place-9	-----
SMITH	Susan	1921	F	23	8879	Place-12	-----
SMITH	Jim	1921	M	23	8883	Place-27	-----
SMITH	Jacob	1921	M	23	8890	Place-13	-----
SMITH	Bob	1921	M	23	8892	Place-28	-----
SMITH	Jim	1921	M	23	8895	Place-13	-----
SMITH	Jenkins	1921	M	23	8897	Place-23	-----
SMITH	Briony	1921	F	23	8912	Place-26	-----
SMITH	Jenkins	1921	M	23	8914	Place-0	-----
SMITH	Paulo	1921	M	22	8939	Place-28	-----
SMITH	Seonaid	1921	F	22	8953	Place-23	-----
SMITH	James	1921	M	22	8967	Place-3	-----
SMITH	Jim	1921	M	22	8971	Place-7	-----
SMITH	Seonaid	1921	F	22	8976	Place-29	-----
SMITH	Briony	1921	F	22	8985	Place-28	-----
SMITH	Sarah	1921	F	22	8988	Place-21	-----
SMITH	Jim	1921	M	22	8990	Place-28	-----
SMITH	Joseph	1921	M	22	8992	Place-6	-----
SMITH	Jim	1921	M	22	8994	Place-16	-----
SMITH	Bob	1921	M	22	8997	Place-19	-----
SMITH	Sheila	1921	F	22	8998	Place-10	-----
SMITH	Sheila	1921	F	22	8999	Place-15	-----
SMITH	Sheila	1921	F	22	9008	Place-22	-----
SMITH	Selina	1921	F	22	9012	Place-27	-----
SMITH	Seonaid	1921	F	22	9021	Place-17	-----
SMITH	Jacob	1921	M	22	9023	Place-4	-----
SMITH	Sheila	1921	F	22	9039	Place-28	-----
SMITH	Sharon	1921	F	22	9040	Place-27	-----
SMITH	James	1921	M	22	9046	Place-10	-----
SMITH	Jenkins	1921	M	22	9047	Place-15	-----
SMITH	Jenkins	1921	M	22	9054	Place-0	-----
SMITH	Shawn	1921	M	22	9055	Place-0	-----
SMITH	Sarah	1921	F	22	9061	Place-22	-----
SMITH	Joseph	1921	M	22	9064	Place-23	-----
SMITH	Sheila	1921	F	22	9067	Place-18	-----
SMITH	Sharon	1921	F	22	9068	Place-10	-----
SMITH	Bob	1921	M	22	9075	Place-19	-----
SMITH	Jim	1921	M	21	9098	Place-21	-----
SMITH	Jim	1921	M	21	9100	Place-16	-----
SMITH	James	1921	M	21	9105	Place-4	-----
SMITH	Sarah	1921	F	21	9109	Place-18	-----
SMITH	James	1921	M	21	9112	Place-26	-----
SMITH	Sheila	1921	F	21	9115	Place-8	-----
SMITH	Briony	1921	F	21	9116	Place-14	-----
SMITH	Jacob	1921	M	21	9117	Place-11	-----
SMITH	Suzanne	1921	F	21	9119	Place-1	-----
SMITH	Suzanne	1921	F	21	9133	Place-13	-----
SMITH	Jacob	1921	M	21	9135	Place-27	-----
SMITH	Suzanne	1921	F	21	9141	Place-29	-----
SMITH	Shawn	1921	M	21	9152	Place-17	-----
SMITH	Selina	1921	F	21	9157	Place-3	-----
SMITH	Briony	1921	F	21	9158	Place-10	-----
SMITH	Suzanne	1921	F	21	9162	Place-5	-----
SMITH	Sharon	1921	F	21	9171	Place-11	-----
SMITH	Bob	1921	M	21	9172	Place-0	-----
SMITH	Jacob	1921	M	21	9180	Place-5	-----
SMITH	Jenkins	1921	M	21	9181	Place-29	-----
SMITH	Seonaid	1921	F	21	9193	Place-6	-----
SMITH	Shawn	1921	M	21	9195	Place-21	-----
SMITH	Selina	1921	F	21	9196	Place-16	-----
SMITH	Selina	1921	F	21	9198	Place-21	-----
SMITH	Joseph	1921	M	21	9199	Place-8	-----
SMITH	Shawn	1921	M	21	9201	Place-5	-----
SMITH	Sheila	1921	F	21	9202	Place-4	-----
SMITH	Seonaid	1921	F	21	9204	Place-21	-----
SMITH	Joseph	1921	M	21	9209	Place-2	-----
SMITH	Sarah	1921	F	21	9217	Place-22	-----
SMITH	Sharon	1921	F	21	9228	Place-19	-----
SMITH	Jenkins	1921	M	21	9229	Place-9	-----
SMITH	Jim	1921	M	20	9253	Place-28	-----
SMITH	Shawn	1921	M	20	9255	Place-17	-----
SMITH	Susan	1921	F	20	9258	Place-15	-----
SMITH	James	1921	M	20	9265	Place-29	-----
SMITH	Seonaid	1921	F	20	9268	Place-18	-----
SMITH	Bob	1921	M	20	9276	Place-18	-----
SMITH	Shawn	1921	M	20	9279	Place-15	-----
SMITH	Sheila	1921	F	20	9291	Place-6	-----
SMITH	Sarah	1921	F	20	9293	Place-12	-----
SMITH	Susan	1921	F	20	9303	Place-3	-----
SMITH	Jenkins	1921	M	20	9317	Place-3	-----
SMITH	Suzanne	1921	F	20	9319	Place-20	-----
SMITH	Susan	1921	F	20	9325	Place-5	-----
SMITH	Joseph	1921	M	20	9329	Place-0	-----
SMITH	Sheila	1921	F	20	9333	Place-28	-----
SMITH	Jenkins	1921	M	20	9340	Place-4	-----
SMITH	Sharon	1921	F	20	9342	Place-22	-----
SMITH	Jacob	1921	M	20	9347	Place-1	-----
SMITH	Sarah	1921	F	20	9348	Place-8	-----
SMITH	Seonaid	1921	F	20	9355	Place-10	-----
SMITH	Joseph	1921	M	20	9358	Place-7	-----
SMITH	Sarah	1921	F	20	9359	Place-22	-----
SMITH	Susan	1921	F	20	9368	Place-27	-----
SMITH	Jacob	1921	M	20	9376	Place-1	-----
SMITH	Jacob	1921	M	20	9377	Place-14	-----
SMITH	Bob	1921	M	20	9378	Place-22	-----
SMITH	James	1921	M	20	9380	Place-24	-----
SMITH	Jenkins	1921	M	20	9382	Place-0	-----
SMITH	Paulo	1921	M	20	9393	Place-12	-----
SMITH	Seonaid	1921	F	19	9409	Place-10	-----
SMITH	Seonaid	1921	F	19	9411	Place-1	-----
SMITH	Sarah	1921	F	19	9415	Place-26	-----
SMITH	Sarah	1921	F	19	9416	Place-13	-----
SMITH	Sheila	1921	F	19	9417	Place-29	-----
SMITH	Sharon	1921	F	19	9420	Place-12	-----
SMITH	Sharon	1921	F	19	9422	Place-22	-----
SMITH	Paulo	1921	M	19	9423	Place-23	-----
SMITH	Jim	1921	M	19	9431	Place-4	-----
SMITH	Jenkins	1921	M	19	9432	Place-19	-----
SMITH	Jim	1921	M	19	9436	Place-6	-----
SMITH	Paulo	1921	M	19	9441	Place-16	-----
SMITH	Sheila	1921	F	19	9442	Place-23	-----
SMITH	Jenkins	1921	M	19	9445	Place-3	-----
SMITH	Sharon	1921	F	19	9446	Place-14	-----
SMITH	Jenkins	1921	M	19	9451	Place-16	-----
SMITH	Briony	1921	F	19	9470	Place-14	-----
SMITH	Paulo	1921	M	19	9472	Place-0	-----
SMITH	James	1921	M	19	9473	Place-2	-----
SMITH	Suzanne	1921	F	19	9481	Place-18	-----
SMITH	Selina	1921	F	19	9483	Place-3	-----
SMITH	Seonaid	1921	F	19	9486	Place-27	-----
SMITH	Briony	1921	F	19	9488	Place-17	-----
SMITH	Sheila	1921	F	19	9490	Place-8	-----
SMITH	James	1921	M	19	9492	Place-23	-----
SMITH	Selina	1921	F	19	9497	Place-9	-----
SMITH	Sharon	1921	F	19	9500	Place-20	-----
SMITH	Jim	1921	M	19	9503	Place-29	-----
SMITH	Joseph	1921	M	19	9506	Place-26	-----
SMITH	Jacob	1921	M	19	9508	Place-14	-----
SMITH	Briony	1921	F	19	9511	Place-9	-----
SMITH	Sharon	1921	F	19	9512	Place-10	-----
SMITH	Shawn	1921	M	19	9514	Place-19	-----
SMITH	Selina	1921	F	19	9515	Place-20	-----
SMITH	Sarah	1921	F	19	9518	Place-29	-----
SMITH	James	1921	M	19	9525	Place-1	-----
SMITH	Bob	1921	M	18	9551	Place-24	-----
SMITH	Briony	1921	F	18	9556	Place-24	-----
SMITH	Joseph	1921	M	18	9557	Place-17	-----
SMITH	Jim	1921	M	18	9559	Place-26	-----
SMITH	Selina	1921	F	18	9562	Place-8	-----
SMITH	Seonaid	1921	F	18	9566	Place-12	-----
SMITH	Briony	1921	F	18	9569	Place-25	-----
SMITH	James	1921	M	18	9570	Place-19	-----
SMITH	Selina	1921	F	18	9576	Place-26	-----
SMITH	Sharon	1921	F	18	9580	Place-7	-----
SMITH	Jenkins	1921	M	18	9581	Place-24	-----
SMITH	Paulo	1921	M	18	9583	Place-16	-----
SMITH	Suzanne	1921	F	18	9585	Place-15	-----
SMITH	Seonaid	1921	F	18	9586	Place-22	-----
SMITH	Seonaid	1921	F	18	9588	Place-20	-----
SMITH	Seonaid	1921	F	18	9591	Place-15	-----
SMITH	Briony	1921	F	18	9598	Place-0	-----
SMITH	Jenkins	1921	M	18	9600	Place-0	-----
SMITH	Sheila	1921	F	18	9601	Place-7	-----
SMITH	Jenkins	1921	M	18	9608	Place-27	-----
SMITH	Sharon	1921	F	18	9609	Place-6	-----
SMITH	Seonaid	1921	F	18	9612	Place-18	-----
SMITH	James	1921	M	18	9615	Place-25	-----
SMITH	Sarah	1921	F	18	9619	Place-3	-----
SMITH	Jenkins	1921	M	18	9620	Place-13	-----
SMITH	Jacob	1921	M	18	9625	Place-0	-----
SMITH	Seonaid	1921	F	18	9630	Place-26	-----
SMITH	Paulo	1921	M	18	9632	Place-12	-----
SMITH	Paulo	1921	M	18	9638	Place-5	-----
SMITH	Sheila	1921	F	18	9643	Place-8	-----
SMITH	Briony	1921	F	18	9644	Place-17	-----
SMITH	Sharon	1921	F	18	9648	Place-8	-----
SMITH	Sharon	1921	F	18	9649	Place-10	-----
SMITH	Bob	1921	M	18	9650	Place-21	-----
SMITH	Sharon	1921	F	18	9651	Place-2	-----
SMITH	Sharon	1921	F	18	9654	Place-6	-----
SMITH	Sheila	1921	F	18	9655	Place-24	-----
SMITH	Sharon	1921	F	18	9668	Place-0	-----
SMITH	Sarah	1921	F	18	9671	Place-14	-----
SMITH	Selina	1921	F	18	9674	Place-17	-----
SMITH	Bob	1921	M	18	9678	Place-26	-----
SMITH	James	1921	M	18	9679	Place-16	-----
SMITH	Shawn	1921	M	18	9682	Place-21	-----
SMITH	Sharon	1921	F	18	9683	Place-11	-----
SMITH	Jenkins	1921	M	17	9710	Place-14	-----
SMITH	Paulo	1921	M	17	9713	Place-17	-----
SMITH	Suzanne	1921	F	17	9721	Place-15	-----
SMITH	Jenkins	1921	M	17	9730	Place-18	-----
SMITH	Sarah	1921	F	17	9731	Place-8	-----
SMITH	Briony	1921	F	17	9733	Place-26	-----
SMITH	Joseph	1921	M	17	9742	Place-23	-----
SMITH	Joseph	1921	M	17	9743	Place-4	-----
SMITH	Sharon	1921	F	17	9749	Place-16	-----
SMITH	Jim	1921	M	17	9750	Place-3	-----
SMITH	Paulo	1921	M	17	9757	Place-18	-----
SMITH	Jenkins	1921	M	17	9758	Place-29	-----
SMITH	Bob	1921	M	17	9761	Place-15	-----
SMITH	Susan	1921	F	17	9765	Place-5	-----
SMITH	Sharon	1921	F	17	9767	Place-26	-----
SMITH	James	1921	M	17	9769	Place-11	-----
SMITH	Selina	1921	F	17	9780	Place-29	-----
SMITH	Paulo	1921	M	17	9784	Place-5	-----
SMITH	Jenkins	1921	M	17	9785	Place-8	-----
SMITH	Suzanne	1921	F	17	9786	Place-20	-----
SMITH	Sharon	1921	F	17	9787	Place-19	-----
SMITH	James	1921	M	17	9789	Place-2	-----
SMITH	Jenkins	1921	M	17	9790	Place-10	-----
SMITH	Joseph	1921	M	17	9792	Place-9	-----
SMITH	Seonaid	1921	F	17	9800	Place-26	-----
SMITH	Jenkins	1921	M	17	9802	Place-2	-----
SMITH	Jim	1921	M	17	9803	Place-11	-----
SMITH	Seonaid	1921	F	17	9814	Place-21	-----
SMITH	Selina	1921	F	17	9821	Place-1	-----
SMITH	Jacob	1921	M	16	9852	Place-5	-----
SMITH	Jacob	1921	M	16	9856	Place-8	-----
SMITH	Seonaid	1921	F	16	9857	Place-22	-----
SMITH	Selina	1921	F	16	9858	Place-8	-----
SMITH	Sheila	1921	F	16	9859	Place-5	-----
SMITH	Jim	1921	M	16	9860	Place-14	-----
SMITH	Jim	1921	M	16	9861	Place-4	-----
SMITH	Sheila	1921	F	16	9862	Place-17	-----
SMITH	Seonaid	1921	F	16	9865	Place-6	-----
SMITH	Sharon	1921	F	16	9867	Place-17	-----
SMITH	Selina	1921	F	16	9869	Place-0	-----
SMITH	Bob	1921	M	16	9871	Place-11	-----
SMITH	Bob	1921	M	16	9874	Place-3	-----
SMITH	Joseph	1921	M	16	9877	Place-13	-----
SMITH	Paulo	1921	M	16	9878	Place-1	-----
SMITH	Susan	1921	F	16	9884	Place-1	-----
SMITH	Bob	1921	M	16	9886	Place-10	-----
SMITH	Joseph	1921	M	16	9888	Place-11	-----
SMITH	Joseph	1921	M	16	9889	Place-28	-----
SMITH	Sharon	1921	F	16	9894	Place-7	-----
SMITH	Seonaid	1921	F	16	9897	Place-5	-----
SMITH	Sharon	1921	F	16	9903	Place-23	-----
SMITH	Jacob	1921	M	16	9905	Place-17	-----
SMITH	James	1921	M	16	9907	Place-8	-----
SMITH	Sharon	1921	F	16	9908	Place-24	-----
SMITH	Jacob	1921	M	16	9912	Place-23	-----
SMITH	Paulo	1921	M	16	9913	Place-13	-----
SMITH	Suzanne	1921	F	16	9916	Place-27	-----
SMITH	Susan	1921	F	16	9917	Place-24	-----
SMITH	Paulo	1921	M	16	9918	Place-0	-----
SMITH	Selina	1921	F	16	9924	Place-24	-----
SMITH	Shawn	1921	M	16	9929	Place-16	-----
SMITH	Jacob	1921	M	16	9930	Place-11	-----
SMITH	Briony	1921	F	16	9933	Place-0	-----
SMITH	Selina	1921	F	16	9934	Place-17	-----
SMITH	Briony	1921	F	16	9935	Place-6	-----
SMITH	Jacob	1921	M	16	9937	Place-18	-----
SMITH	Susan	1921	F	16	9941	Place-15	-----
SMITH	Bob	1921	M	16	9944	Place-5	-----
SMITH	Susan	1921	F	16	9945	Place-5	-----
SMITH	Jim	1921	M	16	9946	Place-4	-----
SMITH	Joseph	1921	M	16	9948	Place-0	-----
SMITH	Paulo	1921	M	16	9949	Place-22	-----
SMITH	Briony	1921	F	16	9950	Place-25	-----
SMITH	Paulo	1921	M	16	9953	Place-29	-----
SMITH	Joseph	1921	M	16	9954	Place-24	-----
SMITH	Jacob	1921	M	16	9955	Place-1	-----
SMITH	Paulo	1921	M	16	9957	Place-11	-----
SMITH	Jim	1921	M	16	9958	Place-9	-----
SMITH	Suzanne	1921	F	16	9959	Place-21	-----
SMITH	James	1921	M	16	9960	Place-10	-----
SMITH	Jacob	1921	M	16	9961	Place-23	-----
SMITH	Sharon	1921	F	16	9964	Place-1	-----
SMITH	James	1921	M	16	9967	Place-2	-----
SMITH	Sharon	1921	F	16	9969	Place-1	-----
SMITH	Sarah	1921	F	16	9977	Place-14	-----
SMITH	Paulo	1921	M	16	9980	Place-0	-----
SMITH	Susan	1921	F	16	9981	Place-14	-----
SMITH	Jenkins	1921	M	16	9982	Place-8	-----
SMITH	Joseph	1921	M	16	9987	Place-8	-----
SMITH	James	1921	M	16	9988	Place-7	-----
SMITH	Bob	1921	M	16	9990	Place-0	-----
SMITH	Jim	1921	M	16	9991	Place-24	-----
SMITH	Sharon	1921	F	16	9992	Place-25	-----
SMITH	Seonaid	1921	F	16	9996	Place-23	-----
SMITH	Jacob	1921	M	16	9998	Place-16	-----
SMITH	Jim	1921	M	16	10004	Place-6	-----
SMITH	Suzanne	1921	F	16	10005	Place-18	-----
SMITH	Jacob	1921	M	16	10007	Place-24	-----
SMITH	Sarah	1921	F	16	10009	Place-23	-----
SMITH	Jim	1921	M	16	10012	Place-17	-----
SMITH	Jacob	1921	M	16	10015	Place-22	-----
SMITH	Susan	1921	F	16	10017	Place-12	-----
SMITH	James	1921	M	15	10037	Place-11	-----
SMITH	Sharon	1921	F	15	10038	Place-10	-----
SMITH	Jacob	1921	M	15	10041	Place-26	-----
SMITH	Jacob	1921	M	15	10043	Place-21	-----
SMITH	Bob	1921	M	15	10044	Place-25	-----
SMITH	Paulo	1921	M	15	10047	Place-29	-----
SMITH	Jacob	1921	M	15	10048	Place-20	-----
SMITH	Selina	1921	F	15	10050	Place-23	-----
SMITH	Sheila	1921	F	15	10052	Place-27	-----
SMITH	Jenkins	1921	M	15	10055	Place-5	-----
SMITH	Sheila	1921	F	15	10056	Place-14	-----
SMITH	Seonaid	1921	F	15	10057	Place-23	-----
SMITH	Jacob	1921	M	15	10059	Place-17	-----
SMITH	Selina	1921	F	15	10063	Place-10	-----
SMITH	Suzanne	1921	F	15	10067	Place-4	-----
SMITH	Suzanne	1921	F	15	10070	Place-11	-----
SMITH	Jim	1921	M	15	10072	Place-5	-----
SMITH	James	1921	M	15	10074	Place-11	-----
SMITH	Selina	1921	F	15	10075	Place-26	-----
SMITH	Suzanne	1921	F	15	10078	Place-6	-----
SMITH	Jim	1921	M	15	10079	Place-12	-----
SMITH	Seonaid	1921	F	15	10086	Place-9	-----
SMITH	Joseph	1921	M	15	10087	Place-3	-----
SMITH	Jacob	1921	M	15	10089	Place-23	-----
SMITH	Seonaid	1921	F	15	10092	Place-18	-----
SMITH	Jacob	1921	M	15	10095	Place-6	-----
SMITH	Jenkins	1921	M	15	10098	Place-5	-----
SMITH	Paulo	1921	M	15	10099	Place-1	-----
SMITH	Joseph	1921	M	15	10101	Place-8	-----
SMITH	Joseph	1921	M	15	10102	Place-22	-----
SMITH	Shawn	1921	M	15	10103	Place-6	-----
SMITH	Sheila	1921	F	15	10105	Place-7	-----
SMITH	Susan	1921	F	15	10106	Place-4	-----
SMITH	Joseph	1921	M	15	10108	Place-17	-----
SMITH	Sarah	1921	F	15	10109	Place-22	-----
SMITH	Sarah	1921	F	15	10111	Place-6	-----
SMITH	Briony	1921	F	15	10112	Place-11	-----
SMITH	Sheila	1921	F	15	10113	Place-15	-----
SMITH	Jenkins	1921	M	15	10114	Place-18	-----
SMITH	Jenkins	1921	M	15	10115	Place-3	-----
SMITH	Sharon	1921	F	15	10117	Place-1	-----
SMITH	Sheila	1921	F	15	10118	Place-20	-----
SMITH	Susan	1921	F	15	10123	Place-25	-----
SMITH	Paulo	1921	M	15	10124	Place-17	-----
SMITH	Jacob	1921	M	15	10127	Place-17	-----
SMITH	Seonaid	1921	F	15	10128	Place-1	-----
SMITH	Jenkins	1921	M	15	10131	Place-2	-----
SMITH	Suzanne	1921	F	15	10134	Place-20	-----
SMITH	Suzanne	1921	F	15	10139	Place-24	-----
SMITH	Sheila	1921	F	15	10142	Place-5	-----
SMITH	Seonaid	1921	F	15	10144	Place-9	-----
SMITH	Sarah	1921	F	15	10145	Place-22	-----
SMITH	Joseph	1921	M	15	10146	Place-17	-----
SMITH	Briony	1921	F	15	10151	Place-7	-----
SMITH	Joseph	1921	M	15	10152	Place-27	-----
SMITH	Jim	1921	M	15	10153	Place-17	-----
SMITH	James	1921	M	15	10154	Place-7	-----
SMITH	Selina	1921	F	15	10155	Place-14	-----
SMITH	Joseph	1921	M	15	10156	Place-23	-----
SMITH	Jim	1921	M	15	10159	Place-17	-----
SMITH	Jacob	1921	M	15	10161	Place-6	-----
SMITH	Seonaid	1921	F	15	10163	Place-3	-----
SMITH	Paulo	1921	M	14	10189	Place-10	-----
SMITH	Jim	1921	M	14	10191	Place-12	-----
SMITH	Shawn	1921	M	14	10196	Place-25	-----
SMITH	James	1921	M	14	10202	Place-18	-----
SMITH	Susan	1921	F	14	10205	Place-28	-----
SMITH	Sarah	1921	F	14	10207	Place-20	-----
SMITH	Jacob	1921	M	14	10208	Place-6	-----
SMITH	Joseph	1921	M	14	10211	Place-25	-----
SMITH	Sharon	1921	F	14	10212	Place-10	-----
SMITH	Seonaid	1921	F	14	10213	Place-20	-----
SMITH	Sheila	1921	F	14	10216	Place-2	-----
SMITH	Sharon	1921	F	14	10217	Place-0	-----
SMITH	Jacob	1921	M	14	10220	Place-15	-----
SMITH	Paulo	1921	M	14	10222	Place-17	-----
SMITH	Seonaid	1921	F	14	10223	Place-23	-----
SMITH	Sheila	1921	F	14	10224	Place-23	-----
SMITH	Sharon	1921	F	14	10225	Place-13	-----
SMITH	Selina	1921	F	14	10226	Place-2	-----
SMITH	Jacob	1921	M	14	10227	Place-18	-----
SMITH	Susan	1921	F	14	10228	Place-21	-----
SMITH	Shawn	1921	M	14	10230	Place-11	-----
SMITH	Selina	1921	F	14	10233	Place-6	-----
SMITH	Paulo	1921	M	14	10234	Place-1	-----
SMITH	Shawn	1921	M	14	10236	Place-9	-----
SMITH	Shawn	1921	M	14	10237	Place-29	-----
SMITH	Seonaid	1921	F	14	10239	Place-20	-----
SMITH	Jacob	1921	M	14	10241	Place-3	-----
SMITH	Seonaid	1921	F	14	10243	Place-26	-----
SMITH	James	1921	M	14	10247	Place-7	-----
SMITH	Jenkins	1921	M	14	10250	Place-2	-----
SMITH	Jim	1921	M	14	10251	Place-16	-----
SMITH	Sharon	1921	F	14	10252	Place-22	-----
SMITH	Paulo	1921	M	14	10254	Place-17	-----
SMITH	Jenkins	1921	M	14	10255	Place-28	-----
SMITH	Joseph	1921	M	14	10256	Place-29	-----
SMITH	Jenkins	1921	M	14	10261	Place-22	-----
SMITH	Jacob	1921	M	14	10264	Place-16	-----
SMITH	Suzanne	1921	F	14	10265	Place-6	-----
SMITH	Jim	1921	M	14	10270	Place-6	-----
SMITH	Bob	1921	M	14	10271	Place-17	-----
SMITH	Jacob	1921	M	14	10272	Place-14	-----
SMITH	Jacob	1921	M	14	10273	Place-12	-----
SMITH	Selina	1921	F	14	10276	Place-6	-----
SMITH	Sheila	1921	F	14	10280	Place-1	-----
SMITH	Seonaid	1921	F	14	10281	Place-6	-----
SMITH	Selina	1921	F	14	10282	Place-5	-----
SMITH	Jenkins	1921	M	14	10285	Place-23	-----
SMITH	Briony	1921	F	14	10286	Place-24	-----
SMITH	Jim	1921	M	14	10289	Place-27	-----
SMITH	Shawn	1921	M	14	10290	Place-23	-----
SMITH	Seonaid	1921	F	14	10291	Place-22	-----
SMITH	James	1921	M	14	10293	Place-19	-----
SMITH	Selina	1921	F	14	10294	Place-23	-----
SMITH	Jacob	1921	M	14	10295	Place-29	-----
SMITH	Shawn	1921	M	14	10297	Place-10	-----
SMITH	Jim	1921	M	14	10301	Place-23	-----
SMITH	Shawn	1921	M	14	10304	Place-5	-----
SMITH	Jim	1921	M	14	10306	Place-27	-----
SMITH	Suzanne	1921	F	14	10309	Place-17	-----
SMITH	Suzanne	1921	F	14	10311	Place-27	-----
SMITH	Jacob	1921	M	14	10312	Place-15	-----
SMITH	Joseph	1921	M	14	10314	Place-20	-----
SMITH	Shawn	1921	M	14	10315	Place-24	-----
SMITH	Paulo	1921	M	14	10316	Place-7	-----
SMITH	Jim	1921	M	14	10321	Place-6	-----
SMITH	Bob	1921	M	13	10349	Place-23	-----
SMITH	Suzanne	1921	F	13	10350	Place-9	-----
SMITH	Sheila	1921	F	13	10353	Place-0	-----
SMITH	Bob	1921	M	13	10355	Place-3	-----
SMITH	Jenkins	1921	M	13	10357	Place-8	-----
SMITH	Paulo	1921	M	13	10358	Place-3	-----
SMITH	Jacob	1921	M	13	10359	Place-15	-----
SMITH	Jenkins	1921	M	13	10364	Place-24	-----
SMITH	Susan	1921	F	13	10366	Place-0	-----
SMITH	Seonaid	1921	F	13	10367	Place-24	-----
SMITH	Jim	1921	M	13	10368	Place-22	-----
SMITH	Joseph	1921	M	13	10369	Place-15	-----
SMITH	Sharon	1921	F	13	10371	Place-15	-----
SMITH	Jacob	1921	M	13	10374	Place-17	-----
SMITH	Jacob	1921	M	13	10376	Place-2	-----
SMITH	Briony	1921	F	13	10378	Place-0	-----
SMITH	James	1921	M	13	10379	Place-26	-----
SMITH	Joseph	1921	M	13	10380	Place-12	-----
SMITH	Seonaid	1921	F	13	10381	Place-12	-----
SMITH	Suzanne	1921	F	13	10384	Place-12	-----
SMITH	Suzanne	1921	F	13	10387	Place-24	-----
SMITH	Paulo	1921	M	13	10389	Place-5	-----
SMITH	Shawn	1921	M	13	10390	Place-1	-----
SMITH	Shawn	1921	M	13	10393	Place-16	-----
SMITH	Sharon	1921	F	13	10394	Place-9	-----
SMITH	Susan	1921	F	13	10395	Place-0	-----
SMITH	Jim	1921	M	13	10398	Place-8	-----
SMITH	Joseph	1921	M	13	10399	Place-13	-----
SMITH	Sarah	1921	F	13	10400	Place-17	-----
SMITH	Sheila	1921	F	13	10401	Place-4	-----
SMITH	Joseph	1921	M	13	10402	Place-24	-----
SMITH	Jim	1921	M	13	10403	Place-6	-----
SMITH	Sarah	1921	F	13	10405	Place-3	-----
SMITH	Paulo	1921	M	13	10410	Place-16	-----
SMITH	Jacob	1921	M	13	10412	Place-9	-----
SMITH	Sarah	1921	F	13	10416	Place-1	-----
SMITH	Jim	1921	M	13	10420	Place-8	-----
SMITH	Joseph	1921	M	13	10422	Place-3	-----
SMITH	Joseph	1921	M	13	10423	Place-29	-----
SMITH	Sharon	1921	F	13	10424	Place-5	-----
SMITH	Seonaid	1921	F	13	10427	Place-0	-----
SMITH	Susan	1921	F	13	10428	Place-10	-----
SMITH	Seonaid	1921	F	13	10429	Place-16	-----
SMITH	Jenkins	1921	M	13	10432	Place-10	-----
SMITH	Jim	1921	M	13	10435	Place-7	-----
SMITH	Sharon	1921	F	13	10436	Place-15	-----
SMITH	Sarah	1921	F	13	10440	Place-16	-----
SMITH	Jacob	1921	M	13	10441	Place-20	-----
SMITH	Sarah	1921	F	13	10442	Place-6	-----
SMITH	Briony	1921	F	13	10445	Place-16	-----
SMITH	Joseph	1921	M	13	10447	Place-16	-----
SMITH	Sheila	1921	F	13	10449	Place-26	-----
SMITH	Sarah	1921	F	13	10451	Place-9	-----
SMITH	Seonaid	1921	F	13	10455	Place-2	-----
SMITH	Jacob	1921	M	13	10458	Place-6	-----
SMITH	Briony	1921	F	13	10463	Place-29	-----
SMITH	Seonaid	1921	F	13	10465	Place-4	-----
SMITH	Seonaid	1921	F	13	10470	Place-17	-----
SMITH	Jacob	1921	M	13	10474	Place-0	-----
SMITH	Joseph	1921	M	13	10478	Place-22	-----
SMITH	Sharon	1921	F	13	10479	Place-24	-----
SMITH	Seonaid	1921	F	13	10486	Place-26	-----
SMITH	Jim	1921	M	13	10487	Place-28	-----
SMITH	Seonaid	1921	F	13	10488	Place-7	-----
SMITH	Paulo	1921	M	12	10509	Place-3	-----
SMITH	Susan	1921	F	12	10510	Place-11	-----
SMITH	Briony	1921	F	12	10512	Place-10	-----
SMITH	Jim	1921	M	12	10514	Place-3	-----
SMITH	Jacob	1921	M	12	10515	Place-15	-----
SMITH	Sharon	1921	F	12	10517	Place-2	-----
SMITH	Susan	1921	F	12	10520	Place-1	-----
SMITH	James	1921	M	12	10521	Place-10	-----
SMITH	Susan	1921	F	12	10523	Place-4	-----
SMITH	Jenkins	1921	M	12	10524	Place-23	-----
SMITH	Seonaid	1921	F	12	10525	Place-4	-----
SMITH	Joseph	1921	M	12	10526	Place-1	-----
SMITH	Sharon	1921	F	12	10528	Place-24	-----
SMITH	Shawn	1921	M	12	10530	Place-20	-----
SMITH	Bob	1921	M	12	10531	Place-26	-----
SMITH	Jenkins	1921	M	12	10532	Place-3	-----
SMITH	Susan	1921	F	12	10538	Place-0	-----
SMITH	Selina	1921	F	12	10539	Place-12	-----
SMITH	James	1921	M	12	10543	Place-29	-----
SMITH	Sarah	1921	F	12	10544	Place-26	-----
SMITH	Bob	1921	M	12	10545	Place-23	-----
SMITH	Susan	1921	F	12	10547	Place-23	-----
SMITH	Shawn	1921	M	12	10548	Place-29	-----
SMITH	Jacob	1921	M	12	10550	Place-7	-----
SMITH	James	1921	M	12	10551	Place-6	-----
SMITH	Sheila	1921	F	12	10558	Place-2	-----
SMITH	Sharon	1921	F	12	10561	Place-4	-----
SMITH	Sheila	1921	F	12	10562	Place-4	-----
SMITH	Bob	1921	M	12	10564	Place-0	-----
SMITH	Susan	1921	F	12	10565	Place-13	-----
SMITH	Briony	1921	F	12	10567	Place-13	-----
SMITH	James	1921	M	12	10569	Place-24	-----
SMITH	Briony	1921	F	12	10570	Place-1	-----
SMITH	Paulo	1921	M	12	10572	Place-13	-----
SMITH	Paulo	1921	M	12	10574	Place-8	-----
SMITH	Paulo	1921	M	12	10576	Place-23	-----
SMITH	Jenkins	1921	M	12	10578	Place-8	-----
SMITH	Jim	1921	M	12	10580	Place-16	-----
SMITH	Jim	1921	M	12	10582	Place-22	-----
SMITH	Sharon	1921	F	12	10584	Place-20	-----
SMITH	Joseph	1921	M	12	10589	Place-25	-----
SMITH	Sheila	1921	F	12	10590	Place-16	-----
SMITH	Shawn	1921	M	12	10594	Place-19	-----
SMITH	Paulo	1921	M	12	10595	Place-9	-----
SMITH	Briony	1921	F	12	10598	Place-5	-----
SMITH	Sheila	1921	F	12	10601	Place-5	-----
SMITH	Jenkins	1921	M	12	10604	Place-23	-----
SMITH	James	1921	M	12	10605	Place-29	-----
SMITH	Sharon	1921	F	12	10606	Place-27	-----
SMITH	Suzanne	1921	F	12	10607	Place-19	-----
SMITH	Sheila	1921	F	12	10609	Place-25	-----
SMITH	Susan	1921	F	12	10610	Place-22	-----
SMITH	Joseph	1921	M	12	10611	Place-4	-----
SMITH	James	1921	M	12	10612	Place-8	-----
SMITH	Jenkins	1921	M	12	10613	Place-19	-----
SMITH	Bob	1921	M	12	10617	Place-22	-----
SMITH	Selina	1921	F	12	10618	Place-15	-----
SMITH	Jenkins	1921	M	12	10620	Place-6	-----
SMITH	Jim	1921	M	12	10627	Place-17	-----
SMITH	Briony	1921	F	12	10628	Place-18	-----
SMITH	Sarah	1921	F	12	10629	Place-22	-----
SMITH	Joseph	1921	M	12	10630	Place-8	-----
SMITH	Sheila	1921	F	12	10632	Place-18	-----
SMITH	Jim	1921	M	12	10637	Place-6	-----
SMITH	Suzanne	1921	F	12	10639	Place-22	-----
SMITH	Shawn	1921	M	12	10641	Place-19	-----
SMITH	Selina	1921	F	12	10642	Place-26	-----
SMITH	Paulo	1921	M	12	10645	Place-14	-----
SMITH	Shawn	1921	M	12	10648	Place-9	-----
SMITH	Jim	1921	M	12	10652	Place-9	-----
SMITH	Jim	1921	M	12	10653	Place-27	-----
SMITH	Jenkins	1921	M	12	10654	Place-20	-----
SMITH	Seonaid	1921	F	12	10656	Place-9	-----
SMITH	Suzanne	1921	F	12	10657	Place-8	-----
SMITH	Paulo	1921	M	12	10659	Place-8	-----
SMITH	Paulo	1921	M	11	10688	Place-12	-----
SMITH	Suzanne	1921	F	11	10689	Place-19	-----
SMITH	Shawn	1921	M	11	10690	Place-13	-----
SMITH	Sheila	1921	F	11	10692	Place-25	-----
SMITH	Seonaid	1921	F	11	10693	Place-6	-----
SMITH	Jenkins	1921	M	11	10695	Place-1	-----
SMITH	James	1921	M	11	10698	Place-23	-----
SMITH	Shawn	1921	M	11	10699	Place-27	-----
SMITH	Joseph	1921	M	11	10700	Place-7	-----
SMITH	Suzanne	1921	F	11	10708	Place-20	-----
SMITH	Bob	1921	M	11	10709	Place-29	-----
SMITH	Susan	1921	F	11	10713	Place-22	-----
SMITH	Paulo	1921	M	11	10715	Place-27	-----
SMITH	Sarah	1921	F	11	10717	Place-13	-----
SMITH	Susan	1921	F	11	10719	Place-15	-----
SMITH	Shawn	1921	M	11	10720	Place-29	-----
SMITH	Susan	1921	F	11	10721	Place-12	-----
SMITH	Selina	1921	F	11	10724	Place-6	-----
SMITH	Paulo	1921	M	11	10725	Place-21	-----
SMITH	Jacob	1921	M	11	10726	Place-3	-----
SMITH	Jenkins	1921	M	11	10731	Place-1	-----
SMITH	Seonaid	1921	F	11	10734	Place-24	-----
SMITH	Paulo	1921	M	11	10737	Place-3	-----
SMITH	Jacob	1921	M	11	10739	Place-10	-----
SMITH	Bob	1921	M	11	10740	Place-11	-----
SMITH	Jenkins	1921	M	11	10741	Place-17	-----
SMITH	Paulo	1921	M	11	10742	Place-15	-----
SMITH	Bob	1921	M	11	10745	Place-1	-----
SMITH	Jacob	1921	M	11	10748	Place-6	-----
SMITH	James	1921	M	11	10751	Place-12	-----
SMITH	Selina	1921	F	11	10752	Place-9	-----
SMITH	Briony	1921	F	11	10754	Place-19	-----
SMITH	Sarah	1921	F	11	10755	Place-27	-----
SMITH	Seonaid	1921	F	11	10758	Place-16	-----
SMITH	Jacob	1921	M	11	10761	Place-17	-----
SMITH	Jenkins	1921	M	11	10762	Place-15	-----
SMITH	Selina	1921	F	11	10765	Place-3	-----
SMITH	Joseph	1921	M	11	10768	Place-0	-----
SMITH	James	1921	M	11	10773	Place-22	-----
SMITH	Joseph	1921	M	11	10776	Place-16	-----
SMITH	Jim	1921	M	11	10778	Place-25	-----
SMITH	Jacob	1921	M	11	10782	Place-23	-----
SMITH	Briony	1921	F	11	10783	Place-19	-----
SMITH	Jacob	1921	M	11	10784	Place-6	-----
SMITH	Seonaid	1921	F	11	10786	Place-7	-----
SMITH	Briony	1921	F	11	10787	Place-15	-----
SMITH	Sheila	1921	F	11	10788	Place-7	-----
SMITH	Sarah	1921	F	11	10789	Place-27	-----
SMITH	Seonaid	1921	F	11	10793	Place-12	-----
SMITH	Sharon	1921	F	11	10795	Place-6	-----
SMITH	Paulo	1921	M	11	10796	Place-0	-----
SMITH	Joseph	1921	M	11	10797	Place-23	-----
SMITH	Suzanne	1921	F	11	10798	Place-7	-----
SMITH	Selina	1921	F	11	10799	Place-1	-----
SMITH	Seonaid	1921	F	11	10804	Place-25	-----
SMITH	Bob	1921	M	11	10805	Place-21	-----
SMITH	Jim	1921	M	11	10806	Place-15	-----
SMITH	Selina	1921	F	11	10807	Place-20	-----
SMITH	Jim	1921	M	11	10808	Place-1	-----
SMITH	Sarah	1921	F	11	10809	Place-25	-----
SMITH	Jacob	1921	M	11	10811	Place-3	-----
SMITH	Joseph	1921	M	11	10812	Place-17	-----
SMITH	James	1921	M	10	10832	Place-1	-----
SMITH	Selina	1921	F	10	10834	Place-17	-----
SMITH	Seonaid	1921	F	10	10836	Place-1	-----
SMITH	Sarah	1921	F	10	10837	Place-1	-----
SMITH	Suzanne	1921	F	10	10838	Place-14	-----
SMITH	Sharon	1921	F	10	10840	Place-1	-----
SMITH	Shawn	1921	M	10	10841	Place-2	-----
SMITH	Susan	1921	F	10	10843	Place-4	-----
SMITH	Shawn	1921	M	10	10845	Place-5	-----
SMITH	James	1921	M	10	10849	Place-9	-----
SMITH	Bob	1921	M	10	10852	Place-28	-----
SMITH	Bob	1921	M	10	10853	Place-10	-----
SMITH	Joseph	1921	M	10	10854	Place-8	-----
SMITH	Sheila	1921	F	10	10855	Place-13	-----
SMITH	Sharon	1921	F	10	10856	Place-10	-----
SMITH	Paulo	1921	M	10	10857	Place-17	-----
SMITH	Jim	1921	M	10	10863	Place-7	-----
SMITH	Suzanne	1921	F	10	10865	Place-9	-----
SMITH	James	1921	M	10	10866	Place-14	-----
SMITH	Seonaid	1921	F	10	10868	Place-21	-----
SMITH	Jim	1921	M	10	10872	Place-6	-----
SMITH	Jim	1921	M	10	10873	Place-11	-----
SMITH	Jim	1921	M	10	10874	Place-27	-----
SMITH	Jim	1921	M	10	10875	Place-21	-----
SMITH	Jenkins	1921	M	10	10877	Place-26	-----
SMITH	Joseph	1921	M	10	10879	Place-29	-----
SMITH	Sarah	1921	F	10	10880	Place-3	-----
SMITH	James	1921	M	10	10881	Place-2	-----
SMITH	Seonaid	1921	F	10	10882	Place-8	-----
SMITH	Suzanne	1921	F	10	10886	Place-18	-----
SMITH	Joseph	1921	M	10	10887	Place-25	-----
SMITH	Shawn	1921	M	10	10888	Place-13	-----
SMITH	Joseph	1921	M	10	10889	Place-1	-----
SMITH	Bob	1921	M	10	10890	Place-8	-----
SMITH	Briony	1921	F	10	10891	Place-27	-----
SMITH	Jacob	1921	M	10	10892	Place-14	-----
SMITH	Paulo	1921	M	10	10893	Place-5	-----
SMITH	James	1921	M	10	10894	Place-9	-----
SMITH	Suzanne	1921	F	10	10896	Place-16	-----
SMITH	Joseph	1921	M	10	10897	Place-11	-----
SMITH	Bob	1921	M	10	10898	Place-5	-----
SMITH	Jacob	1921	M	10	10899	Place-27	-----
SMITH	Shawn	1921	M	10	10904	Place-24	-----
SMITH	Bob	1921	M	10	10906	Place-22	-----
SMITH	Sheila	1921	F	10	10910	Place-16	-----
SMITH	Selina	1921	F	10	10911	Place-26	-----
SMITH	James	1921	M	10	10916	Place-11	-----
SMITH	Suzanne	1921	F	10	10917	Place-9	-----
SMITH	Jacob	1921	M	10	10919	Place-27	-----
SMITH	Sarah	1921	F	10	10928	Place-21	-----
SMITH	Jacob	1921	M	10	10931	Place-28	-----
SMITH	James	1921	M	10	10932	Place-25	-----
SMITH	Suzanne	1921	F	10	10935	Place-7	-----
SMITH	Paulo	1921	M	10	10936	Place-26	-----
SMITH	Sheila	1921	F	10	10938	Place-25	-----
SMITH	Jim	1921	M	10	10940	Place-24	-----
SMITH	James	1921	M	10	10942	Place-15	-----
SMITH	Briony	1921	F	10	10943	Place-10	-----
SMITH	Paulo	1921	M	10	10944	Place-1	-----
SMITH	James	1921	M	10	10945	Place-8	-----
SMITH	Briony	1921	F	10	10947	Place-5	-----
SMITH	Sheila	1921	F	10	10951	Place-0	-----
SMITH	Selina	1921	F	10	10952	Place-17	-----
SMITH	Paulo	1921	M	10	10953	Place-18	-----
SMITH	Joseph	1921	M	10	10960	Place-8	-----
SMITH	Sarah	1921	F	10	10961	Place-9	-----
SMITH	Briony	1921	F	10	10963	Place-15	-----
SMITH	Jim	1921	M	10	10965	Place-14	-----
SMITH	Susan	1921	F	10	10966	Place-8	-----
SMITH	Seonaid	1921	F	10	10967	Place-21	-----
SMITH	Sheila	1921	F	10	10969	Place-24	-----
SMITH	Jim	1921	M	10	10970	Place-24	-----
SMITH	Jenkins	1921	M	9	10996	Place-8	-----
SMITH	Paulo	1921	M	9	10997	Place-7	-----
SMITH	Sarah	1921	F	9	10998	Place-8	-----
SMITH	Shawn	1921	M	9	10999	Place-5	-----
SMITH	Briony	1921	F	9	11000	Place-17	-----
SMITH	Sheila	1921	F	9	11001	Place-23	-----
SMITH	Jenkins	1921	M	9	11002	Place-19	-----
SMITH	Jim	1921	M	9	11003	Place-23	-----
SMITH	Briony	1921	F	9	11004	Place-9	-----
SMITH	Sharon	1921	F	9	11005	Place-5	-----
SMITH	Jacob	1921	M	9	11006	Place-28	-----
SMITH	Suzanne	1921	F	9	11007	Place-2	-----
SMITH	Jim	1921	M	9	11008	Place-21	-----
SMITH	Shawn	1921	M	9	11009	Place-24	-----
SMITH	James	1921	M	9	11011	Place-26	-----
SMITH	James	1921	M	9	11012	Place-25	-----
SMITH	Sheila	1921	F	9	11014	Place-29	-----
SMITH	Briony	1921	F	9	11015	Place-1	-----
SMITH	Seonaid	1921	F	9	11017	Place-20	-----
SMITH	Jenkins	1921	M	9	11025	Place-29	-----
SMITH	Jenkins	1921	M	9	11026	Place-15	-----
SMITH	Seonaid	1921	F	9	11031	Place-7	-----
SMITH	Jacob	1921	M	9	11032	Place-11	-----
SMITH	Joseph	1921	M	9	11035	Place-29	-----
SMITH	Briony	1921	F	9	11037	Place-12	-----
SMITH	Jim	1921	M	9	11038	Place-12	-----
SMITH	Seonaid	1921	F	9	11041	Place-20	-----
SMITH	Jim	1921	M	9	11042	Place-23	-----
SMITH	Bob	1921	M	9	11043	Place-4	-----
SMITH	Sheila	1921	F	9	11047	Place-27	-----
SMITH	Jacob	1921	M	9	11049	Place-18	-----
SMITH	Suzanne	1921	F	9	11051	Place-19	-----
SMITH	Selina	1921	F	9	11052	Place-7	-----
SMITH	Shawn	1921	M	9	11054	Place-3	-----
SMITH	Jenkins	1921	M	9	11056	Place-15	-----
SMITH	Shawn	1921	M	9	11057	Place-20	-----
SMITH	Sheila	1921	F	9	11064	Place-18	-----
SMITH	Jim	1921	M	9	11065	Place-17	-----
SMITH	Susan	1921	F	9	11069	Place-27	-----
SMITH	Sarah	1921	F	9	11070	Place-20	-----
SMITH	Sheila	1921	F	9	11071	Place-20	-----
SMITH	Susan	1921	F	9	11073	Place-2	-----
SMITH	Jacob	1921	M	9	11076	Place-16	-----
SMITH	Susan	1921	F	9	11078	Place-17	-----
SMITH	Jacob	1921	M	9	11079	Place-24	-----
SMITH	Susan	1921	F	9	11081	Place-13	-----
SMITH	Shawn	1921	M	9	11082	Place-17	-----
SMITH	Sheila	1921	F	9	11083	Place-16	-----
SMITH	James	1921	M	9	11088	Place-1	-----
SMITH	Briony	1921	F	9	11089	Place-5	-----
SMITH	Seonaid	1921	F	9	11091	Place-19	-----
SMITH	Susan	1921	F	9	11092	Place-11	-----
SMITH	Jim	1921	M	9	11094	Place-1	-----
SMITH	Sharon	1921	F	9	11100	Place-25	-----
SMITH	Sarah	1921	F	9	11101	Place-4	-----
SMITH	Selina	1921	F	9	11102	Place-14	-----
SMITH	Sheila	1921	F	9	11103	Place-11	-----
SMITH	Bob	1921	M	9	11106	Place-15	-----
SMITH	Shawn	1921	M	9	11109	Place-6	-----
SMITH	Jim	1921	M	9	11110	Place-16	-----
SMITH	Bob	1921	M	9	11111	Place-26	-----
SMITH	Suzanne	1921	F	9	11112	Place-17	-----
SMITH	Seonaid	1921	F	9	11113	Place-22	-----
SMITH	Jim	1921	M	9	11115	Place-1	-----
SMITH	Sarah	1921	F	9	11116	Place-8	-----
SMITH	Seonaid	1921	F	9	11117	Place-24	-----
SMITH	Briony	1921	F	9	11120	Place-25	-----
SMITH	Briony	1921	F	9	11123	Place-0	-----
SMITH	Sarah	1921	F	9	11124	Place-18	-----
SMITH	Shawn	1921	M	9	11125	Place-0	-----
SMITH	Selina	1921	F	9	11129	Place-8	-----
SMITH	James	1921	M	9	11131	Place-6	-----
SMITH	Jim	1921	M	9	11133	Place-17	-----
SMITH	Jim	1921	M	9	11134	Place-15	-----
SMITH	Joseph	1921	M	9	11135	Place-25	-----
SMITH	Seonaid	1921	F	9	11136	Place-9	-----
SMITH	Seonaid	1921	F	9	11137	Place-11	-----
SMITH	Sharon	1921	F	9	11138	Place-9	-----
SMITH	Suzanne	1921	F	9	11139	Place-20	-----
SMITH	Suzanne	1921	F	9	11140	Place-1	-----
SMITH	Briony	1921	F	8	11164	Place-15	-----
SMITH	Selina	1921	F	8	11166	Place-21	-----
SMITH	James	1921	M	8	11167	Place-11	-----
SMITH	Jacob	1921	M	8	11170	Place-19	-----
SMITH	Sharon	1921	F	8	11171	Place-10	-----
SMITH	Bob	1921	M	8	11175	Place-14	-----
SMITH	Paulo	1921	M	8	11177	Place-21	-----
SMITH	Sharon	1921	F	8	11178	Place-19	-----
SMITH	Suzanne	1921	F	8	11179	Place-8	-----
SMITH	Susan	1921	F	8	11182	Place-3	-----
SMITH	Jacob	1921	M	8	11183	Place-16	-----
SMITH	Sarah	1921	F	8	11188	Place-13	-----
SMITH	Sharon	1921	F	8	11189	Place-17	-----
SMITH	Bob	1921	M	8	11190	Place-3	-----
SMITH	Shawn	1921	M	8	11191	Place-18	-----
SMITH	Shawn	1921	M	8	11192	Place-15	-----
SMITH	Seonaid	1921	F	8	11198	Place-13	-----
SMITH	James	1921	M	8	11199	Place-25	-----
SMITH	James	1921	M	8	11201	Place-1	-----
SMITH	Shawn	1921	M	8	11203	Place-8	-----
SMITH	Selina	1921	F	8	11204	Place-5	-----
SMITH	James	1921	M	8	11206	Place-11	-----
SMITH	Jim	1921	M	8	11207	Place-16	-----
SMITH	Bob	1921	M	8	11210	Place-14	-----
SMITH	Briony	1921	F	8	11211	Place-13	-----
SMITH	Paulo	1921	M	8	11213	Place-10	-----
SMITH	Sarah	1921	F	8	11215	Place-20	-----
SMITH	Briony	1921	F	8	11216	Place-1	-----
SMITH	Bob	1921	M	8	11217	Place-21	-----
SMITH	Sharon	1921	F	8	11218	Place-2	-----
SMITH	Sarah	1921	F	8	11219	Place-4	-----
SMITH	Bob	1921	M	8	11222	Place-1	-----
SMITH	Sharon	1921	F	8	11224	Place-23	-----
SMITH	Susan	1921	F	8	11226	Place-22	-----
SMITH	Sheila	1921	F	8	11227	Place-19	-----
SMITH	Shawn	1921	M	8	11229	Place-4	-----
SMITH	James	1921	M	8	11231	Place-5	-----
SMITH	Jacob	1921	M	8	11236	Place-2	-----
SMITH	James	1921	M	8	11239	Place-28	-----
SMITH	James	1921	M	8	11240	Place-13	-----
SMITH	Jim	1921	M	8	11242	Place-13	-----
SMITH	Paulo	1921	M	8	11244	Place-26	-----
SMITH	Joseph	1921	M	8	11245	Place-2	-----
SMITH	Susan	1921	F	8	11246	Place-17	-----
SMITH	Suzanne	1921	F	8	11247	Place-16	-----
SMITH	Paulo	1921	M	8	11248	Place-2	-----
SMITH	James	1921	M	8	11251	Place-11	-----
SMITH	Selina	1921	F	8	11252	Place-5	-----
SMITH	Jim	1921	M	8	11253	Place-28	-----
SMITH	Paulo	1921	M	8	11258	Place-6	-----
SMITH	Bob	1921	M	8	11259	Place-16	-----
SMITH	Shawn	1921	M	8	11262	Place-5	-----
SMITH	Briony	1921	F	8	11265	Place-28	-----
SMITH	Joseph	1921	M	8	11267	Place-11	-----
SMITH	Suzanne	1921	F	8	11268	Place-4	-----
SMITH	Sarah	1921	F	8	11269	Place-22	-----
SMITH	Paulo	1921	M	8	11270	Place-17	-----
SMITH	Briony	1921	F	8	11273	Place-9	-----
SMITH	Suzanne	1921	F	8	11274	Place-26	-----
SMITH	James	1921	M	8	11275	Place-11	-----
SMITH	Bob	1921	M	8	11276	Place-27	-----
SMITH	Bob	1921	M	8	11279	Place-0	-----
SMITH	Joseph	1921	M	8	11282	Place-17	-----
SMITH	Jenkins	1921	M	8	11283	Place-22	-----
SMITH	Susan	1921	F	8	11284	Place-4	-----
SMITH	Sarah	1921	F	8	11286	Place-9	-----
SMITH	Selina	1921	F	8	11287	Place-13	-----
SMITH	Jacob	1921	M	8	11291	Place-17	-----
SMITH	Selina	1921	F	8	11292	Place-8	-----
SMITH	Joseph	1921	M	8	11293	Place-14	-----
SMITH	Shawn	1921	M	8	11294	Place-16	-----
SMITH	Paulo	1921	M	8	11296	Place-20	-----
SMITH	Jacob	1921	M	8	11297	Place-15	-----
SMITH	Joseph	1921	M	8	11298	Place-7	-----
SMITH	Jacob	1921	M	8	11299	Place-17	-----
SMITH	Jim	1921	M	8	11301	Place-6	-----
SMITH	Suzanne	1921	F	8	11304	Place-16	-----
SMITH	Jenkins	1921	M	8	11305	Place-1	-----
SMITH	Jacob	1921	M	8	11306	Place-1	-----
SMITH	Suzanne	1921	F	8	11307	Place-22	-----
SMITH	Seonaid	1921	F	8	11308	Place-20	-----
SMITH	Jim	1921	M	8	11309	Place-22	-----
SMITH	Suzanne	1921	F	8	11310	Place-1	-----
SMITH	Joseph	1921	M	8	11311	Place-3	-----
SMITH	Joseph	1921	M	7	11338	Place-22	-----
SMITH	Suzanne	1921	F	7	11339	Place-8	-----
SMITH	Sharon	1921	F	7	11340	Place-18	-----
SMITH	Jim	1921	M	7	11347	Place-2	-----
SMITH	Jim	1921	M	7	11352	Place-22	-----
SMITH	Sharon	1921	F	7	11355	Place-21	-----
SMITH	Sheila	1921	F	7	11357	Place-18	-----
SMITH	Sarah	1921	F	7	11360	Place-21	-----
SMITH	Shawn	1921	M	7	11363	Place-12	-----
SMITH	Joseph	1921	M	7	11364	Place-27	-----
SMITH	Paulo	1921	M	7	11365	Place-27	-----
SMITH	Paulo	1921	M	7	11366	Place-16	-----
SMITH	Sarah	1921	F	7	11367	Place-3	-----
SMITH	Jacob	1921	M	7	11371	Place-3	-----
SMITH	Jenkins	1921	M	7	11375	Place-4	-----
SMITH	Suzanne	1921	F	7	11378	Place-26	-----
SMITH	Selina	1921	F	7	11379	Place-26	-----
SMITH	Briony	1921	F	7	11381	Place-12	-----
SMITH	Jacob	1921	M	7	11382	Place-5	-----
SMITH	Sarah	1921	F	7	11385	Place-8	-----
SMITH	Sheila	1921	F	7	11387	Place-11	-----
SMITH	Sheila	1921	F	7	11388	Place-16	-----
SMITH	Sarah	1921	F	7	11389	Place-14	-----
SMITH	Suzanne	1921	F	7	11391	Place-9	-----
SMITH	Suzanne	1921	F	7	11394	Place-26	-----
SMITH	Suzanne	1921	F	7	11395	Place-14	-----
SMITH	Sarah	1921	F	7	11398	Place-1	-----
SMITH	Susan	1921	F	7	11399	Place-2	-----
SMITH	Briony	1921	F	7	11400	Place-6	-----
SMITH	James	1921	M	7	11401	Place-20	-----
SMITH	Briony	1921	F	7	11405	Place-7	-----
SMITH	Briony	1921	F	7	11409	Place-26	-----
SMITH	Jim	1921	M	7	11413	Place-4	-----
SMITH	Selina	1921	F	7	11414	Place-3	-----
SMITH	Bob	1921	M	7	11416	Place-26	-----
SMITH	James	1921	M	7	11418	Place-22	-----
SMITH	Sharon	1921	F	7	11422	Place-27	-----
SMITH	Jim	1921	M	7	11424	Place-27	-----
SMITH	Jacob	1921	M	7	11425	Place-3	-----
SMITH	James	1921	M	7	11426	Place-28	-----
SMITH	Jacob	1921	M	7	11427	Place-23	-----
SMITH	Susan	1921	F	7	11429	Place-3	-----
SMITH	Sharon	1921	F	7	11430	Place-10	-----
SMITH	Sheila	1921	F	7	11431	Place-18	-----
SMITH	Sheila	1921	F	7	11433	Place-12	-----
SMITH	Selina	1921	F	7	11436	Place-24	-----
SMITH	Jim	1921	M	7	11437	Place-20	-----
SMITH	Shawn	1921	M	7	11439	Place-7	-----
SMITH	Suzanne	1921	F	7	11444	Place-16	-----
SMITH	Briony	1921	F	7	11446	Place-3	-----
SMITH	Jim	1921	M	7	11448	Place-2	-----
SMITH	Briony	1921	F	7	11450	Place-10	-----
SMITH	Suzanne	1921	F	7	11451	Place-26	-----
SMITH	Jenkins	1921	M	7	11452	Place-5	-----
SMITH	Selina	1921	F	7	11453	Place-6	-----
SMITH	Jacob	1921	M	7	11454	Place-10	-----
SMITH	Joseph	1921	M	7	11455	Place-23	-----
SMITH	Suzanne	1921	F	7	11457	Place-9	-----
SMITH	Bob	1921	M	7	11458	Place-22	-----
SMITH	Susan	1921	F	7	11459	Place-9	-----
SMITH	Sharon	1921	F	7	11462	Place-23	-----
SMITH	Sarah	1921	F	7	11463	Place-11	-----
SMITH	Joseph	1921	M	7	11464	Place-15	-----
SMITH	Sheila	1921	F	7	11465	Place-6	-----
SMITH	Jim	1921	M	7	11467	Place-17	-----
SMITH	Jim	1921	M	7	11472	Place-9	-----
SMITH	Suzanne	1921	F	7	11475	Place-1	-----
SMITH	Jenkins	1921	M	7	11477	Place-14	-----
SMITH	Briony	1921	F	7	11479	Place-9	-----
SMITH	Jenkins	1921	M	7	11480	Place-0	-----
SMITH	Sheila	1921	F	7	11482	Place-15	-----
SMITH	Jim	1921	M	7	11483	Place-4	-----
SMITH	Briony	1921	F	7	11487	Place-21	-----
SMITH	Shawn	1921	M	7	11488	Place-22	-----
SMITH	Briony	1921	F	7	11489	Place-23	-----
SMITH	Susan	1921	F	7	11491	Place-9	-----
SMITH	Selina	1921	F	7	11492	Place-14	-----
SMITH	Suzanne	1921	F	7	11493	Place-1	-----
SMITH	Sheila	1921	F	7	11495	Place-29	-----
SMITH	Joseph	1921	M	6	11510	Place-5	-----
SMITH	Briony	1921	F	6	11514	Place-17	-----
SMITH	Selina	1921	F	6	11515	Place-8	-----
SMITH	Suzanne	1921	F	6	11516	Place-13	-----
SMITH	Seonaid	1921	F	6	11517	Place-23	-----
SMITH	Sarah	1921	F	6	11518	Place-13	-----
SMITH	Sharon	1921	F	6	11522	Place-29	-----
SMITH	Jim	1921	M	6	11523	Place-23	-----
SMITH	Jim	1921	M	6	11524	Place-9	-----
SMITH	Jim	1921	M	6	11525	Place-23	-----
SMITH	Sarah	1921	F	6	11526	Place-3	-----
SMITH	Sheila	1921	F	6	11528	Place-27	-----
SMITH	Sharon	1921	F	6	11530	Place-13	-----
SMITH	James	1921	M	6	11531	Place-29	-----
SMITH	Jacob	1921	M	6	11532	Place-14	-----
SMITH	Jacob	1921	M	6	11533	Place-19	-----
SMITH	Joseph	1921	M	6	11535	Place-13	-----
SMITH	Susan	1921	F	6	11536	Place-8	-----
SMITH	Sheila	1921	F	6	11537	Place-5	-----
SMITH	Jacob	1921	M	6	11538	Place-27	-----
SMITH	Briony	1921	F	6	11539	Place-1	-----
SMITH	Jenkins	1921	M	6	11541	Place-17	-----
SMITH	Susan	1921	F	6	11543	Place-9	-----
SMITH	James	1921	M	6	11546	Place-24	-----
SMITH	Shawn	1921	M	6	11547	Place-18	-----
SMITH	James	1921	M	6	11548	Place-19	-----
SMITH	Jim	1921	M	6	11549	Place-16	-----
SMITH	Bob	1921	M	6	11550	Place-3	-----
SMITH	Bob	1921	M	6	11551	Place-24	-----
SMITH	Sharon	1921	F	6	11552	Place-27	-----
SMITH	Sarah	1921	F	6	11554	Place-5	-----
SMITH	Jacob	1921	M	6	11556	Place-21	-----
SMITH	Seonaid	1921	F	6	11558	Place-28	-----
SMITH	Jacob	1921	M	6	11559	Place-5	-----
SMITH	Bob	1921	M	6	11562	Place-13	-----
SMITH	Bob	1921	M	6	11563	Place-13	-----
SMITH	Shawn	1921	M	6	11566	Place-4	-----
SMITH	Jenkins	1921	M	6	11567	Place-24	-----
SMITH	Seonaid	1921	F	6	11568	Place-11	-----
SMITH	Jacob	1921	M	6	11569	Place-17	-----
SMITH	Sarah	1921	F	6	11574	Place-9	-----
SMITH	Jenkins	1921	M	6	11575	Place-24	-----
SMITH	Briony	1921	F	6	11576	Place-18	-----
SMITH	Susan	1921	F	6	11579	Place-29	-----
SMITH	Sharon	1921	F	6	11580	Place-14	-----
SMITH	Jacob	1921	M	6	11581	Place-12	-----
SMITH	Sharon	1921	F	6	11584	Place-10	-----
SMITH	Susan	1921	F	6	11585	Place-14	-----
SMITH	Jenkins	1921	M	6	11588	Place-15	-----
SMITH	Sharon	1921	F	6	11597	Place-12	-----
SMITH	Susan	1921	F	6	11599	Place-13	-----
SMITH	Jacob	1921	M	6	11600	Place-2	-----
SMITH	Selina	1921	F	6	11602	Place-6	-----
SMITH	Jacob	1921	M	6	11605	Place-3	-----
SMITH	Bob	1921	M	6	11606	Place-13	-----
SMITH	Selina	1921	F	6	11607	Place-17	-----
SMITH	Jenkins	1921	M	6	11609	Place-3	-----
SMITH	Sheila	1921	F	6	11615	Place-14	-----
SMITH	Jim	1921	M	6	11616	Place-28	-----
SMITH	Bob	1921	M	6	11618	Place-5	-----
SMITH	James	1921	M	6	11619	Place-19	-----
SMITH	Jim	1921	M	6	11622	Place-8	-----
SMITH	Bob	1921	M	6	11623	Place-14	-----
SMITH	Jacob	1921	M	6	11625	Place-12	-----
SMITH	Seonaid	1921	F	6	11630	Place-22	-----
SMITH	Joseph	1921	M	6	11632	Place-2	-----
SMITH	James	1921	M	6	11634	Place-27	-----
SMITH	Sheila	1921	F	6	11635	Place-18	-----
SMITH	Jenkins	1921	M	6	11636	Place-19	-----
SMITH	Sarah	1921	F	6	11642	Place-25	-----
SMITH	Paulo	1921	M	6	11643	Place-17	-----
SMITH	Jenkins	1921	M	6	11644	Place-9	-----
SMITH	Jacob	1921	M	6	11648	Place-28	-----
SMITH	Sarah	1921	F	6	11649	Place-6	-----
SMITH	James	1921	M	6	11650	Place-28	-----
SMITH	Sharon	1921	F	6	11651	Place-22	-----
SMITH	Jenkins	1921	M	6	11657	Place-29	-----
SMITH	Jim	1921	M	6	11658	Place-28	-----
SMITH	Jim	1921	M	6	11659	Place-28	-----
SMITH	Sheila	1921	F	6	11660	Place-0	-----
SMITH	Susan	1921	F	6	11661	Place-4	-----
SMITH	Susan	1921	F	5	11694	Place-9	-----
SMITH	Selina	1921	F	5	11696	Place-16	-----
SMITH	Briony	1921	F	5	11697	Place-18	-----
SMITH	Bob	1921	M	5	11698	Place-17	-----
SMITH	Selina	1921	F	5	11702	Place-29	-----
SMITH	Shawn	1921	M	5	11703	Place-2	-----
SMITH	Jenkins	1921	M	5	11705	Place-22	-----
SMITH	Sarah	1921	F	5	11712	Place-16	-----
SMITH	Paulo	1921	M	5	11714	Place-9	-----
SMITH	Briony	1921	F	5	11717	Place-11	-----
SMITH	Selina	1921	F	5	11718	Place-9	-----
SMITH	Joseph	1921	M	5	11719	Place-17	-----
SMITH	Selina	1921	F	5	11720	Place-0	-----
SMITH	Selina	1921	F	5	11724	Place-1	-----
SMITH	James	1921	M	5	11726	Place-19	-----
SMITH	Jim	1921	M	5	11730	Place-13	-----
SMITH	Sheila	1921	F	5	11732	Place-0	-----
SMITH	Suzanne	1921	F	5	11733	Place-5	-----
SMITH	Shawn	1921	M	5	11734	Place-26	-----
SMITH	Briony	1921	F	5	11735	Place-13	-----
SMITH	Shawn	1921	M	5	11738	Place-6	-----
SMITH	Sheila	1921	F	5	11739	Place-28	-----
SMITH	Paulo	1921	M	5	11741	Place-20	-----
SMITH	Bob	1921	M	5	11742	Place-27	-----
SMITH	Bob	1921	M	5	11744	Place-17	-----
SMITH	Briony	1921	F	5	11745	Place-4	-----
SMITH	Susan	1921	F	5	11746	Place-27	-----
SMITH	Sharon	1921	F	5	11747	Place-18	-----
SMITH	Briony	1921	F	5	11748	Place-1	-----
SMITH	Sarah	1921	F	5	11749	Place-21	-----
SMITH	Bob	1921	M	5	11750	Place-19	-----
SMITH	Bob	1921	M	5	11752	Place-22	-----
SMITH	Selina	1921	F	5	11754	Place-0	-----
SMITH	Jenkins	1921	M	5	11755	Place-8	-----
SMITH	Shawn	1921	M	5	11756	Place-22	-----
SMITH	Sarah	1921	F	5	11757	Place-23	-----
SMITH	Jenkins	1921	M	5	11758	Place-14	-----
SMITH	Jim	1921	M	5	11763	Place-14	-----
SMITH	Suzanne	1921	F	5	11764	Place-18	-----
SMITH	Jenkins	1921	M	5	11766	Place-18	-----
SMITH	Seonaid	1921	F	5	11767	Place-15	-----
SMITH	Sarah	1921	F	5	11768	Place-26	-----
SMITH	Shawn	1921	M	5	11770	Place-23	-----
SMITH	Paulo	1921	M	5	11774	Place-7	-----
SMITH	James	1921	M	5	11775	Place-21	-----
SMITH	Sharon	1921	F	5	11777	Place-5	-----
SMITH	Sharon	1921	F	5	11779	Place-12	-----
SMITH	James	1921	M	5	11780	Place-6	-----
SMITH	Susan	1921	F	5	11782	Place-29	-----
SMITH	Selina	1921	F	5	11783	Place-26	-----
SMITH	Jenkins	1921	M	5	11784	Place-28	-----
SMITH	Joseph	1921	M	5	11785	Place-14	-----
SMITH	Seonaid	1921	F	5	11786	Place-2	-----
SMITH	Shawn	1921	M	5	11787	Place-13	-----
SMITH	James	1921	M	5	11791	Place-23	-----
SMITH	Seonaid	1921	F	5	11795	Place-0	-----
SMITH	Paulo	1921	M	5	11796	Place-28	-----
SMITH	Bob	1921	M	5	11798	Place-18	-----
SMITH	Paulo	1921	M	5	11799	Place-0	-----
SMITH	Jenkins	1921	M	5	11801	Place-16	-----
SMITH	Jacob	1921	M	5	11803	Place-18	-----
SMITH	Jenkins	1921	M	5	11804	Place-3	-----
SMITH	Jim	1921	M	5	11806	Place-7	-----
SMITH	Sarah	1921	F	5	11807	Place-15	-----
SMITH	Jacob	1921	M	5	11809	Place-15	-----
SMITH	Paulo	1921	M	5	11810	Place-14	-----
SMITH	Sarah	1921	F	5	11811	Place-19	-----
SMITH	Joseph	1921	M	5	11812	Place-0	-----
SMITH	Joseph	1921	M	5	11813	Place-7	-----
SMITH	Jim	1921	M	5	11814	Place-4	-----
SMITH	Seonaid	1921	F	5	11816	Place-6	-----
SMITH	Bob	1921	M	5	11817	Place-14	-----
SMITH	Sarah	1921	F	5	11818	Place-12	-----
SMITH	Paulo	1921	M	5	11819	Place-9	-----
SMITH	Sharon	1921	F	5	11820	Place-23	-----
SMITH	Sheila	1921	F	5	11821	Place-8	-----
SMITH	Sarah	1921	F	5	11822	Place-7	-----
SMITH	Jenkins	1921	M	5	11824	Place-11	-----
SMITH	Paulo	1921	M	5	11825	Place-20	-----
SMITH	Selina	1921	F	5	11827	Place-22	-----
SMITH	Selina	1921	F	5	11829	Place-10	-----
SMITH	Bob	1921	M	5	11830	Place-3	-----
SMITH	Sharon	1921	F	5	11833	Place-18	-----
SMITH	Sheila	1921	F	5	11834	Place-25	-----
SMITH	Suzanne	1921	F	5	11836	Place-0	-----
SMITH	Joseph	1921	M	5	11837	Place-8	-----
SMITH	Briony	1921	F	5	11845	Place-8	-----
SMITH	Sharon	1921	F	5	11846	Place-1	-----
SMITH	Suzanne	1921	F	5	11847	Place-6	-----
SMITH	Jenkins	1921	M	5	11848	Place-23	-----
SMITH	Jacob	1921	M	5	11853	Place-19	-----
SMITH	Sarah	1921	F	5	11854	Place-25	-----
SMITH	Jenkins	1921	M	5	11855	Place-4	-----
SMITH	Sharon	1921	F	5	11856	Place-5	-----
SMITH	Jim	1921	M	5	11858	Place-18	-----
SMITH	Shawn	1921	M	5	11859	Place-18	-----
SMITH	Jacob	1921	M	5	11860	Place-14	-----
SMITH	Suzanne	1921	F	5	11862	Place-14	-----
SMITH	Selina	1921	F	4	11884	Place-19	-----
SMITH	Selina	1921	F	4	11886	Place-5	-----
SMITH	Jim	1921	M	4	11888	Place-29	-----
SMITH	Sheila	1921	F	4	11889	Place-3	-----
SMITH	Sheila	1921	F	4	11892	Place-16	-----
SMITH	Sarah	1921	F	4	11893	Place-11	-----
SMITH	James	1921	M	4	11894	Place-21	-----
SMITH	Shawn	1921	M	4	11895	Place-7	-----
SMITH	Sharon	1921	F	4	11896	Place-29	-----
SMITH	Joseph	1921	M	4	11897	Place-6	-----
SMITH	Shawn	1921	M	4	11898	Place-6	-----
SMITH	Joseph	1921	M	4	11899	Place-5	-----
SMITH	Paulo	1921	M	4	11901	Place-10	-----
SMITH	Briony	1921	F	4	11903	Place-12	-----
SMITH	Selina	1921	F	4	11906	Place-10	-----
SMITH	Paulo	1921	M	4	11907	Place-29	-----
SMITH	Shawn	1921	M	4	11908	Place-18	-----
SMITH	Sheila	1921	F	4	11909	Place-9	-----
SMITH	Bob	1921	M	4	11910	Place-20	-----
SMITH	Shawn	1921	M	4	11911	Place-16	-----
SMITH	Sarah	1921	F	4	11913	Place-18	-----
SMITH	Sheila	1921	F	4	11914	Place-2	-----
SMITH	Jacob	1921	M	4	11915	Place-19	-----
SMITH	Sheila	1921	F	4	11916	Place-25	-----
SMITH	Seonaid	1921	F	4	11918	Place-16	-----
SMITH	Joseph	1921	M	4	11919	Place-5	-----
SMITH	Sheila	1921	F	4	11920	Place-6	-----
SMITH	Bob	1921	M	4	11922	Place-23	-----
SMITH	James	1921	M	4	11923	Place-16	-----
SMITH	Paulo	1921	M	4	11924	Place-28	-----
SMITH	James	1921	M	4	11926	Place-9	-----
SMITH	Sarah	1921	F	4	11927	Place-16	-----
SMITH	Sharon	1921	F	4	11929	Place-1	-----
SMITH	Shawn	1921	M	4	11931	Place-12	-----
SMITH	Jacob	1921	M	4	11933	Place-11	-----
SMITH	Bob	1921	M	4	11935	Place-13	-----
SMITH	Suzanne	1921	F	4	11936	Place-0	-----
SMITH	Joseph	1921	M	4	11937	Place-28	-----
SMITH	Briony	1921	F	4	11939	Place-16	-----
SMITH	Jim	1921	M	4	11940	Place-18	-----
SMITH	Jim	1921	M	4	11941	Place-6	-----
SMITH	Sharon	1921	F	4	11942	Place-28	-----
SMITH	Joseph	1921	M	4	11945	Place-4	-----
SMITH	Suzanne	1921	F	4	11946	Place-0	-----
SMITH	Jacob	1921	M	4	11947	Place-1	-----
SMITH	Susan	1921	F	4	11948	Place-17	-----
SMITH	Jacob	1921	M	4	11949	Place-20	-----
SMITH	Joseph	1921	M	4	11951	Place-19	-----
SMITH	Suzanne	1921	F	4	11952	Place-27	-----
SMITH	Sarah	1921	F	4	11956	Place-2	-----
SMITH	Jenkins	1921	M	4	11958	Place-29	-----
SMITH	Seonaid	1921	F	4	11960	Place-3	-----
SMITH	Briony	1921	F	4	11962	Place-23	-----
SMITH	Paulo	1921	M	4	11963	Place-23	-----
SMITH	Selina	1921	F	4	11964	Place-13	-----
SMITH	James	1921	M	4	11965	Place-8	-----
SMITH	Sarah	1921	F	4	11967	Place-2	-----
SMITH	Bob	1921	M	4	11969	Place-10	-----
SMITH	Sarah	1921	F	4	11971	Place-26	-----
SMITH	Shawn	1921	M	4	11972	Place-28	-----
SMITH	Sharon	1921	F	4	11974	Place-8	-----
SMITH	Sharon	1921	F	4	11975	Place-13	-----
SMITH	James	1921	M	4	11976	Place-11	-----
SMITH	Suzanne	1921	F	4	11977	Place-27	-----
SMITH	Selina	1921	F	4	11978	Place-7	-----
SMITH	Susan	1921	F	4	11980	Place-14	-----
SMITH	Susan	1921	F	4	11981	Place-10	-----
SMITH	Jacob	1921	M	4	11982	Place-10	-----
SMITH	Suzanne	1921	F	4	11984	Place-11	-----
SMITH	Paulo	1921	M	4	11987	Place-28	-----
SMITH	Shawn	1921	M	4	11991	Place-18	-----
SMITH	Briony	1921	F	4	11992	Place-0	-----
SMITH	Joseph	1921	M	4	11995	Place-29	-----
SMITH	James	1921	M	4	11996	Place-21	-----
SMITH	Paulo	1921	M	4	11998	Place-13	-----
SMITH	Jacob	1921	M	4	11999	Place-10	-----
SMITH	Sheila	1921	F	4	12000	Place-0	-----
SMITH	Sharon	1921	F	4	12001	Place-14	-----
SMITH	Jim	1921	M	4	12002	Place-14	-----
SMITH	Seonaid	1921	F	4	12003	Place-28	-----
SMITH	Paulo	1921	M	4	12004	Place-6	-----
SMITH	Bob	1921	M	4	12005	Place-4	-----
SMITH	Suzanne	1921	F	4	12006	Place-21	-----
SMITH	Sarah	1921	F	4	12007	Place-8	-----
SMITH	Sharon	1921	F	4	12008	Place-18	-----
SMITH	Suzanne	1921	F	4	12009	Place-14	-----
SMITH	Jacob	1921	M	4	12010	Place-26	-----
SMITH	Paulo	1921	M	4	12011	Place-9	-----
SMITH	Joseph	1921	M	4	12012	Place-17	-----
SMITH	Selina	1921	F	4	12016	Place-21	-----
SMITH	Sharon	1921	F	4	12018	Place-6	-----
SMITH	Jim	1921	M	4	12020	Place-23	-----
SMITH	Sheila	1921	F	4	12025	Place-25	-----
SMITH	Suzanne	1921	F	4	12026	Place-4	-----
SMITH	Seonaid	1921	F	4	12027	Place-22	-----
SMITH	James	1921	M	4	12033	Place-22	-----
SMITH	Sarah	1921	F	4	12035	Place-19	-----
SMITH	Sheila	1921	F	4	12037	Place-15	-----
SMITH	Selina	1921	F	4	12039	Place-19	-----
SMITH	Briony	1921	F	4	12042	Place-29	-----
SMITH	Briony	1921	F	4	12043	Place-20	-----
SMITH	Sharon	1921	F	4	12044	Place-7	-----
SMITH	Shawn	1921	M	4	12046	Place-14	-----
SMITH	Sarah	1921	F	4	12047	Place-7	-----
SMITH	Jacob	1921	M	4	12049	Place-21	-----
SMITH	Suzanne	1921	F	3	12072	Place-7	-----
SMITH	Seonaid	1921	F	3	12073	Place-18	-----
SMITH	Shawn	1921	M	3	12076	Place-15	-----
SMITH	Seonaid	1921	F	3	12079	Place-3	-----
SMITH	Selina	1921	F	3	12084	Place-19	-----
SMITH	Seonaid	1921	F	3	12087	Place-23	-----
SMITH	Selina	1921	F	3	12088	Place-16	-----
SMITH	Susan	1921	F	3	12091	Place-26	-----
SMITH	Sarah	1921	F	3	12092	Place-3	-----
SMITH	Susan	1921	F	3	12094	Place-13	-----
SMITH	Sharon	1921	F	3	12096	Place-10	-----
SMITH	Briony	1921	F	3	12101	Place-15	-----
SMITH	Jim	1921	M	3	12102	Place-2	-----
SMITH	Jacob	1921	M	3	12104	Place-25	-----
SMITH	Briony	1921	F	3	12105	Place-10	-----
SMITH	Paulo	1921	M	3	12106	Place-12	-----
SMITH	Jenkins	1921	M	3	12108	Place-3	-----
SMITH	Jim	1921	M	3	12110	Place-5	-----
SMITH	Shawn	1921	M	3	12111	Place-17	-----
SMITH	Sarah	1921	F	3	12113	Place-0	-----
SMITH	Briony	1921	F	3	12114	Place-16	-----
SMITH	Briony	1921	F	3	12115	Place-29	-----
SMITH	James	1921	M	3	12116	Place-2	-----
SMITH	Seonaid	1921	F	3	12118	Place-25	-----
SMITH	Joseph	1921	M	3	12120	Place-1	-----
SMITH	James	1921	M	3	12122	Place-10	-----
SMITH	Bob	1921	M	3	12125	Place-15	-----
SMITH	Seonaid	1921	F	3	12127	Place-7	-----
SMITH	Jim	1921	M	3	12128	Place-1	-----
SMITH	Bob	1921	M	3	12129	Place-2	-----
SMITH	Suzanne	1921	F	3	12130	Place-9	-----
SMITH	Sharon	1921	F	3	12131	Place-25	-----
SMITH	Sarah	1921	F	3	12133	Place-27	-----
SMITH	Selina	1921	F	3	12134	Place-0	-----
SMITH	Briony	1921	F	3	12136	Place-12	-----
SMITH	Selina	1921	F	3	12137	Place-29	-----
SMITH	Sharon	1921	F	3	12138	Place-29	-----
SMITH	Sharon	1921	F	3	12141	Place-20	-----
SMITH	Susan	1921	F	3	12143	Place-5	-----
SMITH	Shawn	1921	M	3	12144	Place-11	-----
SMITH	Susan	1921	F	3	12146	Place-26	-----
SMITH	Sheila	1921	F	3	12149	Place-19	-----
SMITH	Susan	1921	F	3	12152	Place-29	-----
SMITH	Paulo	1921	M	3	12154	Place-0	-----
SMITH	Sharon	1921	F	3	12158	Place-5	-----
SMITH	Jim	1921	M	3	12159	Place-16	-----
SMITH	Sheila	1921	F	3	12160	Place-3	-----
SMITH	Jacob	1921	M	3	12162	Place-27	-----
SMITH	Jenkins	1921	M	3	12165	Place-5	-----
SMITH	Briony	1921	F	3	12167	Place-12	-----
SMITH	Suzanne	1921	F	3	12168	Place-6	-----
SMITH	Paulo	1921	M	3	12170	Place-20	-----
SMITH	Bob	1921	M	3	12172	Place-26	-----
SMITH	Bob	1921	M	3	12174	Place-7	-----
SMITH	Seonaid	1921	F	3	12175	Place-28	-----
SMITH	Bob	1921	M	3	12178	Place-21	-----
SMITH	Susan	1921	F	3	12179	Place-13	-----
SMITH	Suzanne	1921	F	3	12180	Place-13	-----
SMITH	Briony	1921	F	3	12181	Place-20	-----
SMITH	Paulo	1921	M	3	12182	Place-21	-----
SMITH	Susan	1921	F	3	12183	Place-13	-----
SMITH	Paulo	1921	M	3	12184	Place-11	-----
SMITH	Joseph	1921	M	3	12185	Place-9	-----
SMITH	Joseph	1921	M	3	12186	Place-22	-----
SMITH	Sarah	1921	F	3	12194	Place-8	-----
SMITH	Shawn	1921	M	3	12195	Place-23	-----
SMITH	Paulo	1921	M	3	12196	Place-11	-----
SMITH	James	1921	M	3	12198	Place-10	-----
SMITH	Jenkins	1921	M	3	12199	Place-9	-----
SMITH	Seonaid	1921	F	3	12201	Place-0	-----
SMITH	Suzanne	1921	F	3	12203	Place-1	-----
SMITH	Selina	1921	F	3	12204	Place-16	-----
SMITH	Bob	1921	M	3	12205	Place-23	-----
SMITH	Sarah	1921	F	3	12207	Place-1	-----
SMITH	James	1921	M	3	12210	Place-22	-----
SMITH	Sharon	1921	F	3	12212	Place-16	-----
SMITH	Sheila	1921	F	3	12213	Place-22	-----
SMITH	Jenkins	1921	M	3	12214	Place-28	-----
SMITH	Sheila	1921	F	3	12215	Place-12	-----
SMITH	Shawn	1921	M	3	12219	Place-28	-----
SMITH	Sarah	1921	F	3	12221	Place-17	-----
SMITH	Sharon	1921	F	3	12222	Place-2	-----
SMITH	Shawn	1921	M	3	12224	Place-25	-----
SMITH	Bob	1921	M	3	12226	Place-15	-----
SMITH	James	1921	M	3	12227	Place-7	-----
SMITH	Jenkins	1921	M	3	12228	Place-3	-----
SMITH	Jim	1921	M	3	12229	Place-23	-----
SMITH	Bob	1921	M	3	12232	Place-28	-----
SMITH	Jacob	1921	M	3	12233	Place-0	-----
SMITH	Jim	1921	M	3	12236	Place-6	-----
SMITH	Bob	1921	M	3	12237	Place-16	-----
SMITH	James	1921	M	3	12238	Place-4	-----
SMITH	Seonaid	1921	F	3	12240	Place-22	-----
SMITH	Seonaid	1921	F	2	12262	Place-23	-----
SMITH	Bob	1921	M	2	12263	Place-23	-----
SMITH	Sarah	1921	F	2	12264	Place-24	-----
SMITH	Seonaid	1921	F	2	12266	Place-11	-----
SMITH	Seonaid	1921	F	2	12267	Place-3	-----
SMITH	Sharon	1921	F	2	12268	Place-13	-----
SMITH	Paulo	1921	M	2	12269	Place-8	-----
SMITH	Susan	1921	F	2	12270	Place-16	-----
SMITH	Paulo	1921	M	2	12271	Place-0	-----
SMITH	Selina	1921	F	2	12273	Place-12	-----
SMITH	James	1921	M	2	12274	Place-21	-----
SMITH	Suzanne	1921	F	2	12276	Place-17	-----
SMITH	Shawn	1921	M	2	12277	Place-22	-----
SMITH	Shawn	1921	M	2	12278	Place-13	-----
SMITH	Sarah	1921	F	2	12279	Place-17	-----
SMITH	Jacob	1921	M	2	12281	Place-10	-----
SMITH	Susan	1921	F	2	12282	Place-28	-----
SMITH	Sharon	1921	F	2	12285	Place-15	-----
SMITH	Bob	1921	M	2	12286	Place-16	-----
SMITH	Joseph	1921	M	2	12287	Place-27	-----
SMITH	Sheila	1921	F	2	12289	Place-5	-----
SMITH	Jim	1921	M	2	12291	Place-15	-----
SMITH	Jacob	1921	M	2	12292	Place-3	-----
SMITH	Bob	1921	M	2	12295	Place-2	-----
SMITH	Joseph	1921	M	2	12297	Place-19	-----
SMITH	Sharon	1921	F	2	12298	Place-10	-----
SMITH	Bob	1921	M	2	12299	Place-3	-----
SMITH	Bob	1921	M	2	12300	Place-14	-----
SMITH	Jenkins	1921	M	2	12301	Place-22	-----
SMITH	Sarah	1921	F	2	12303	Place-24	-----
SMITH	Bob	1921	M	2	12304	Place-12	-----
SMITH	Suzanne	1921	F	2	12305	Place-15	-----
SMITH	James	1921	M	2	12306	Place-1	-----
SMITH	Selina	1921	F	2	12307	Place-29	-----
SMITH	Joseph	1921	M	2	12308	Place-26	-----
SMITH	Briony	1921	F	2	12309	Place-16	-----
SMITH	Sarah	1921	F	2	12310	Place-17	-----
SMITH	Selina	1921	F	2	12311	Place-22	-----
SMITH	Paulo	1921	M	2	12312	Place-7	-----
SMITH	Jacob	1921	M	2	12314	Place-16	-----
SMITH	Seonaid	1921	F	2	12316	Place-9	-----
SMITH	Jacob	1921	M	2	12317	Place-2	-----
SMITH	Briony	1921	F	2	12318	Place-16	-----
SMITH	Jacob	1921	M	2	12320	Place-22	-----
SMITH	Briony	1921	F	2	12322	Place-17	-----
SMITH	Seonaid	1921	F	2	12323	Place-0	-----
SMITH	Jenkins	1921	M	2	12324	Place-2	-----
SMITH	Shawn	1921	M	2	12325	Place-7	-----
SMITH	Jacob	1921	M	2	12326	Place-25	-----
SMITH	Susan	1921	F	2	12327	Place-21	-----
SMITH	Paulo	1921	M	2	12328	Place-3	-----
SMITH	Sheila	1921	F	2	12329	Place-9	-----
SMITH	Suzanne	1921	F	2	12330	Place-3	-----
SMITH	Bob	1921	M	2	12337	Place-0	-----
SMITH	Paulo	1921	M	2	12339	Place-3	-----
SMITH	James	1921	M	2	12340	Place-5	-----
SMITH	James	1921	M	2	12342	Place-3	-----
SMITH	Suzanne	1921	F	2	12343	Place-7	-----
SMITH	James	1921	M	2	12344	Place-21	-----
SMITH	Paulo	1921	M	2	12346	Place-2	-----
SMITH	Briony	1921	F	2	12348	Place-19	-----
SMITH	Shawn	1921	M	2	12349	Place-21	-----
SMITH	Briony	1921	F	2	12351	Place-21	-----
SMITH	Susan	1921	F	2	12353	Place-22	-----
SMITH	Joseph	1921	M	2	12355	Place-4	-----
SMITH	Shawn	1921	M	2	12360	Place-2	-----
SMITH	Suzanne	1921	F	2	12361	Place-18	-----
SMITH	Jim	1921	M	2	12362	Place-17	-----
SMITH	Jim	1921	M	2	12363	Place-14	-----
SMITH	Sarah	1921	F	2	12364	Place-28	-----
SMITH	Bob	1921	M	2	12366	Place-22	-----
SMITH	Bob	1921	M	2	12367	Place-13	-----
SMITH	Sarah	1921	F	2	12368	Place-20	-----
SMITH	Sarah	1921	F	2	12371	Place-28	-----
SMITH	Jim	1921	M	2	12372	Place-13	-----
SMITH	Seonaid	1921	F	2	12373	Place-22	-----
SMITH	Sarah	1921	F	2	12374	Place-8	-----
SMITH	Jim	1921	M	2	12375	Place-13	-----
SMITH	James	1921	M	2	12376	Place-12	-----
SMITH	Suzanne	1921	F	2	12377	Place-6	-----
SMITH	Susan	1921	F	2	12379	Place-6	-----
SMITH	Jacob	1921	M	2	12381	Place-5	-----
SMITH	Susan	1921	F	2	12383	Place-25	-----
SMITH	Jenkins	1921	M	2	12386	Place-20	-----
SMITH	Suzanne	1921	F	2	12388	Place-17	-----
SMITH	Paulo	1921	M	2	12389	Place-27	-----
SMITH	Sarah	1921	F	2	12390	Place-13	-----
SMITH	Seonaid	1921	F	2	12391	Place-15	-----
SMITH	Paulo	1921	M	2	12393	Place-0	-----
SMITH	Jacob	1921	M	2	12394	Place-28	-----
SMITH	Briony	1921	F	2	12396	Place-17	-----
SMITH	Sharon	1921	F	2	12397	Place-15	-----
SMITH	Jim	1921	M	2	12400	Place-14	-----
SMITH	James	1921	M	2	12401	Place-22	-----
SMITH	Sarah	1921	F	2	12406	Place-7	-----
SMITH	Joseph	1921	M	2	12408	Place-26	-----
SMITH	Jenkins	1921	M	2	12412	Place-19	-----
SMITH	Sheila	1921	F	1	12433	Place-11	-----
SMITH	Sheila	1921	F	1	12434	Place-8	-----
SMITH	Selina	1921	F	1	12436	Place-18	-----
SMITH	Sheila	1921	F	1	12440	Place-15	-----
SMITH	James	1921	M	1	12441	Place-17	-----
SMITH	Joseph	1921	M	1	12443	Place-10	-----
SMITH	Selina	1921	F	1	12444	Place-3	-----
SMITH	Suzanne	1921	F	1	12445	Place-24	-----
SMITH	Paulo	1921	M	1	12446	Place-27	-----
SMITH	Sheila	1921	F	1	12448	Place-6	-----
SMITH	Susan	1921	F	1	12449	Place-3	-----
SMITH	Jacob	1921	M	1	12450	Place-4	-----
SMITH	Paulo	1921	M	1	12451	Place-14	-----
SMITH	Jenkins	1921	M	1	12452	Place-28	-----
SMITH	Jim	1921	M	1	12453	Place-25	-----
SMITH	James	1921	M	1	12454	Place-8	-----
SMITH	Bob	1921	M	1	12455	Place-26	-----
SMITH	Sarah	1921	F	1	12457	Place-12	-----
SMITH	Suzanne	1921	F	1	12458	Place-24	-----
SMITH	Shawn	1921	M	1	12460	Place-24	-----
SMITH	Sarah	1921	F	1	12461	Place-3	-----
SMITH	Sarah	1921	F	1	12462	Place-22	-----
SMITH	Sheila	1921	F	1	12463	Place-21	-----
SMITH	James	1921	M	1	12464	Place-14	-----
SMITH	Bob	1921	M	1	12465	Place-15	-----
SMITH	Suzanne	1921	F	1	12466	Place-12	-----
SMITH	Jenkins	1921	M	1	12467	Place-19	-----
SMITH	Seonaid	1921	F	1	12468	Place-19	-----
SMITH	Sharon	1921	F	1	12469	Place-21	-----
SMITH	Jacob	1921	M	1	12470	Place-25	-----
SMITH	Susan	1921	F	1	12471	Place-12	-----
SMITH	Sarah	1921	F	1	12473	Place-19	-----
SMITH	Bob	1921	M	1	12474	Place-4	-----
SMITH	Briony	1921	F	1	12475	Place-8	-----
SMITH	Shawn	1921	M	1	12476	Place-19	-----
SMITH	Sarah	1921	F	1	12477	Place-0	-----
SMITH	Jim	1921	M	1	12478	Place-8	-----
SMITH	Susan	1921	F	1	12479	Place-20	-----
SMITH	Seonaid	1921	F	1	12480	Place-20	-----
SMITH	Suzanne	1921	F	1	12481	Place-25	-----
SMITH	Sharon	1921	F	1	12482	Place-3	-----
SMITH	Briony	1921	F	1	12483	Place-11	-----
SMITH	Shawn	1921	M	1	12484	Place-3	-----
SMITH	Suzanne	1921	F	1	12485	Place-2	-----
SMITH	Bob	1921	M	1	12488	Place-9	-----
SMITH	Sharon	1921	F	1	12489	Place-5	-----
SMITH	Briony	1921	F	1	12490	Place-7	-----
SMITH	Suzanne	1921	F	1	12491	Place-4	-----
SMITH	Sarah	1921	F	1	12492	Place-24	-----
SMITH	Sarah	1921	F	1	12494	Place-16	-----
SMITH	Seonaid	1921	F	1	12495	Place-16	-----
SMITH	Sharon	1921	F	1	12496	Place-25	-----
SMITH	Bob	1921	M	1	12497	Place-0	-----
SMITH	James	1921	M	1	12498	Place-25	-----
SMITH	Briony	1921	F	1	12499	Place-26	-----
SMITH	Suzanne	1921	F	1	12501	Place-16	-----
SMITH	Seonaid	1921	F	1	12502	Place-5	-----
SMITH	Sarah	1921	F	1	12503	Place-22	-----
SMITH	Bob	1921	M	1	12507	Place-8	-----
SMITH	Joseph	1921	M	1	12509	Place-6	-----
SMITH	Selina	1921	F	1	12510	Place-10	-----
SMITH	Bob	1921	M	1	12511	Place-12	-----
SMITH	Jacob	1921	M	1	12512	Place-13	-----
SMITH	Bob	1921	M	1	12513	Place-28	-----
SMITH	Briony	1921	F	1	12515	Place-4	-----
SMITH	Paulo	1921	M	1	12516	Place-11	-----
SMITH	Jenkins	1921	M	1	12517	Place-27	-----
SMITH	Sharon	1921	F	1	12518	Place-12	-----
SMITH	Sharon	1921	F	1	12519	Place-26	-----
SMITH	Sheila	1921	F	1	12520	Place-26	-----
SMITH	Jim	1921	M	1	12521	Place-25	-----
SMITH	Jacob	1921	M	1	12522	Place-5	-----
SMITH	James	1921	M	1	12523	Place-17	-----
SMITH	Suzanne	1921	F	1	12527	Place-23	-----
SMITH	Briony	1921	F	1	12528	Place-3	-----
SMITH	Sheila	1921	F	1	12529	Place-18	-----
SMITH	Sharon	1921	F	1	12530	Place-20	-----
SMITH	Joseph	1921	M	1	12531	Place-1	-----
SMITH	Briony	1921	F	1	12535	Place-28	-----
SMITH	Briony	1921	F	1	12536	Place-10	-----
SMITH	Sheila	1921	F	1	12537	Place-14	-----
SMITH	James	1921	M	1	12538	Place-8	-----
SMITH	Paulo	1921	M	1	12540	Place-14	-----
SMITH	Paulo	1921	M	1	12545	Place-10	-----
SMITH	Shawn	1921	M	1	12546	Place-20	-----
SMITH	Seonaid	1921	F	1	12547	Place-27	-----
SMITH	Seonaid	1921	F	1	12548	Place-22	-----
SMITH	Susan	1921	F	1	12549	Place-23	-----
SMITH	Sarah	1921	F	1	12550	Place-10	-----
SMITH	Seonaid	1921	F	1	12551	Place-29	-----
SMITH	Bob	1921	M	1	12552	Place-7	-----
SMITH	Sharon	1921	F	1	12553	Place-5	-----
SMITH	Briony	1921	F	1	12554	Place-16	-----
SMITH	Bob	1921	M	1	12556	Place-14	-----
SMITH	Sheila	1921	F	1	12557	Place-1	-----
SMITH	Jim	1921	M	1	12559	Place-7	-----
SMITH	Sarah	1921	F	1	12560	Place-23	-----
SMITH	Susan	1921	F	1	12562	Place-9	-----
SMITH	James	1921	M	1	12563	Place-23	-----
SMITH	Joseph	1921	M	1	12564	Place-20	-----
SMITH	Jacob	1921	M	1	12565	Place-13	-----
SMITH	Jacob	1921	M	1	12566	Place-29	-----
SMITH	Bob	1921	M	1	12567	Place-6	-----
SMITH	Seonaid	1921	F	1	12569	Place-6	-----
SMITH	Jenkins	1921	M	1	12572	Place-24	-----
SMITH	Bob	1921	M	1	12573	Place-13	-----
SMITH	Jacob	1921	M	1	12579	Place-22	-----
SMITH	Paulo	1921	M	1	12580	Place-15	-----
SMITH	Briony	1921	F	1	12581	Place-15	-----
SMITH	Sharon	1921	F	1	12582	Place-10	-----
SMITH	James	1921	M	1	12583	Place-16	-----
SMITH	Sharon	1921	F	1	12584	Place-14	-----
SMITH	Bob	1921	M	1	12586	Place-10	-----
SMITH	Susan	1921	F	1	12587	Place-8	-----
SMITH	Jim	1921	M	1	12588	Place-3	-----
SMITH	Joseph	1921	M	1	12589	Place-27	-----
SMITH	Jim	1921	M	1	12590	Place-1	-----
