Surname	Forename	Age at death	Mother's Maiden Name	Gender	Year	Ref	RD Name
SMITH	Suzanne	68	-----	F	1755	401	Place-24
SMITH	Bob	62	-----	M	1755	247	Place-19
SMITH	James	60	-----	M	1755	303	Place-16
SMITH	Joseph	78	-----	M	1755	2	Place-1
SMITH	Sarah	84	-----	F	1755	4	Place-13
SMITH	Shawn	80	-----	M	1755	10	Place-11
SMITH	Bob	88	-----	M	1755	16	Place-17
SMITH	Susan	88	-----	F	1755	17	Place-16
SMITH	Susan	89	-----	F	1755	20	Place-26
SMITH	Bob	75	-----	M	1755	25	Place-1
SMITH	Suzanne	65	-----	F	1755	26	Place-20
SMITH	Jim	76	-----	M	1755	27	Place-12
SMITH	Selina	82	-----	F	1755	32	Place-20
SMITH	Sheila	86	-----	F	1755	33	Place-24
SMITH	Sarah	78	-----	F	1755	38	Place-26
SMITH	Joseph	71	-----	M	1755	41	Place-23
SMITH	Paulo	64	-----	M	1755	46	Place-11
SMITH	Suzanne	82	-----	F	1755	47	Place-5
SMITH	Paulo	78	-----	M	1755	50	Place-9
SMITH	Jim	71	-----	M	1755	51	Place-18
SMITH	Shawn	88	-----	M	1755	52	Place-27
SMITH	Jacob	79	-----	M	1755	61	Place-19
SMITH	Bob	72	-----	M	1755	64	Place-4
SMITH	Sharon	84	-----	F	1755	65	Place-29
SMITH	Sheila	81	-----	F	1755	68	Place-19
SMITH	Seonaid	83	-----	F	1755	77	Place-10
SMITH	James	89	-----	M	1755	86	Place-20
SMITH	Shawn	62	-----	M	1755	91	Place-25
SMITH	Joseph	85	-----	M	1755	93	Place-25
SMITH	Suzanne	68	-----	F	1755	98	Place-28
SMITH	Paulo	87	-----	M	1755	101	Place-8
SMITH	Susan	87	-----	F	1755	102	Place-25
SMITH	Suzanne	80	-----	F	1755	104	Place-16
SMITH	Seonaid	84	-----	F	1755	109	Place-7
SMITH	Sharon	56	-----	F	1755	114	Place-9
SMITH	Paulo	64	-----	M	1755	115	Place-22
SMITH	James	59	-----	M	1755	119	Place-6
SMITH	Sheila	71	-----	F	1755	126	Place-19
SMITH	Sharon	84	-----	F	1755	128	Place-9
SMITH	Suzanne	80	-----	F	1755	130	Place-16
SMITH	Sheila	76	-----	F	1755	140	Place-9
SMITH	Jenkins	3	-----	M	1755	141	Place-0
SMITH	Briony	81	-----	F	1755	144	Place-7
SMITH	Jacob	78	-----	M	1755	145	Place-12
SMITH	James	84	-----	M	1755	149	Place-15
SMITH	Sharon	86	-----	F	1755	153	Place-18
SMITH	Paulo	58	-----	M	1755	154	Place-1
SMITH	Shawn	75	-----	M	1755	155	Place-29
SMITH	Jacob	57	-----	M	1755	161	Place-24
SMITH	Jacob	80	-----	M	1755	177	Place-16
SMITH	Jenkins	83	-----	M	1755	178	Place-3
SMITH	James	75	-----	M	1755	185	Place-10
SMITH	Jenkins	90	-----	M	1755	194	Place-25
SMITH	Joseph	70	-----	M	1755	205	Place-27
SMITH	Jacob	60	-----	M	1755	207	Place-5
SMITH	Bob	78	-----	M	1755	215	Place-5
SMITH	James	79	-----	M	1755	227	Place-24
SMITH	James	1	-----	M	1755	233	Place-12
SMITH	Bob	83	-----	M	1755	235	Place-29
SMITH	Paulo	78	-----	M	1755	236	Place-29
SMITH	Selina	78	-----	F	1755	245	Place-13
SMITH	James	82	-----	M	1755	248	Place-2
SMITH	James	68	-----	M	1755	250	Place-25
SMITH	Sharon	75	-----	F	1755	251	Place-29
SMITH	Selina	73	-----	F	1755	256	Place-14
SMITH	Sarah	89	-----	F	1755	265	Place-24
SMITH	Jacob	71	-----	M	1755	274	Place-23
SMITH	Sheila	88	-----	F	1755	281	Place-12
SMITH	Sarah	90	-----	F	1755	282	Place-3
SMITH	Sheila	83	-----	F	1755	287	Place-6
SMITH	Selina	63	-----	F	1755	291	Place-3
SMITH	Susan	79	-----	F	1755	296	Place-18
SMITH	Bob	76	-----	M	1755	309	Place-27
SMITH	Jacob	70	-----	M	1755	310	Place-24
SMITH	Jacob	85	-----	M	1755	311	Place-23
SMITH	Selina	89	-----	F	1755	314	Place-16
SMITH	Selina	87	-----	F	1755	323	Place-16
SMITH	Sarah	56	-----	F	1755	328	Place-28
SMITH	Shawn	65	-----	M	1755	336	Place-27
SMITH	Selina	88	-----	F	1755	341	Place-15
SMITH	Bob	86	-----	M	1755	344	Place-28
SMITH	Suzanne	66	-----	F	1755	348	Place-16
SMITH	Susan	89	-----	F	1755	349	Place-8
SMITH	Sheila	76	-----	F	1755	351	Place-13
SMITH	Sarah	13	-----	F	1755	359	Place-6
SMITH	Susan	46	-----	F	1755	364	Place-23
SMITH	Jenkins	69	-----	M	1755	365	Place-27
SMITH	Shawn	78	-----	M	1755	368	Place-27
SMITH	Seonaid	76	-----	F	1755	373	Place-21
SMITH	Seonaid	81	-----	F	1755	375	Place-26
SMITH	Seonaid	57	-----	F	1755	384	Place-7
SMITH	Shawn	55	-----	M	1755	396	Place-27
SMITH	Jacob	90	-----	M	1755	398	Place-16
SMITH	Briony	0	-----	F	1755	403	Place-6
SMITH	Seonaid	0	-----	F	1755	406	Place-11
SMITH	Seonaid	69	-----	F	1756	424	Place-24
SMITH	Sharon	56	-----	F	1756	147	Place-18
SMITH	Sheila	58	-----	F	1756	249	Place-7
SMITH	Shawn	61	-----	M	1756	7	Place-19
SMITH	Briony	39	-----	F	1756	14	Place-16
SMITH	Suzanne	60	-----	F	1756	290	Place-4
SMITH	Jim	57	-----	M	1756	9	Place-12
SMITH	Jacob	86	-----	M	1756	31	Place-7
SMITH	Jacob	68	-----	M	1756	34	Place-29
SMITH	Paulo	88	-----	M	1756	66	Place-16
SMITH	Sarah	88	-----	F	1756	99	Place-3
SMITH	Jenkins	69	-----	M	1756	111	Place-4
SMITH	Bob	56	-----	M	1756	116	Place-27
SMITH	Selina	87	-----	F	1756	122	Place-2
SMITH	Suzanne	72	-----	F	1756	123	Place-25
SMITH	Bob	59	-----	M	1756	131	Place-14
SMITH	Shawn	75	-----	M	1756	134	Place-18
SMITH	Shawn	82	-----	M	1756	164	Place-4
SMITH	Sharon	71	-----	F	1756	171	Place-13
SMITH	Paulo	68	-----	M	1756	174	Place-8
SMITH	Susan	70	-----	F	1756	182	Place-0
SMITH	Seonaid	82	-----	F	1756	200	Place-7
SMITH	Jenkins	79	-----	M	1756	213	Place-15
SMITH	Shawn	69	-----	M	1756	221	Place-14
SMITH	Suzanne	65	-----	F	1756	222	Place-5
SMITH	Jim	66	-----	M	1756	224	Place-21
SMITH	Seonaid	71	-----	F	1756	240	Place-8
SMITH	Briony	55	-----	F	1756	241	Place-14
SMITH	Selina	79	-----	F	1756	244	Place-19
SMITH	Paulo	58	-----	M	1756	246	Place-26
SMITH	Jenkins	75	-----	M	1756	262	Place-6
SMITH	Paulo	64	-----	M	1756	275	Place-21
SMITH	Jenkins	56	-----	M	1756	292	Place-7
SMITH	Paulo	87	-----	M	1756	297	Place-20
SMITH	Jenkins	41	-----	M	1756	319	Place-11
SMITH	Paulo	75	-----	M	1756	333	Place-5
SMITH	Sheila	79	-----	F	1756	353	Place-23
SMITH	Shawn	86	-----	M	1756	354	Place-18
SMITH	Sheila	75	-----	F	1756	378	Place-19
SMITH	Bob	71	-----	M	1756	390	Place-12
SMITH	Suzanne	78	-----	F	1756	399	Place-7
SMITH	Sarah	1	-----	F	1756	419	Place-28
SMITH	Jim	0	-----	M	1756	427	Place-21
SMITH	Susan	0	-----	F	1756	432	Place-12
SMITH	Paulo	0	-----	M	1756	437	Place-27
SMITH	Suzanne	0	-----	F	1756	438	Place-13
SMITH	Susan	0	-----	F	1756	439	Place-7
SMITH	Briony	61	-----	F	1757	117	Place-29
SMITH	Paulo	63	-----	M	1757	327	Place-4
SMITH	Susan	57	-----	F	1757	53	Place-17
SMITH	Susan	18	-----	F	1757	79	Place-0
SMITH	Sarah	71	-----	F	1757	82	Place-6
SMITH	Paulo	72	-----	M	1757	83	Place-14
SMITH	Sharon	32	-----	F	1757	95	Place-17
SMITH	Jacob	75	-----	M	1757	124	Place-20
SMITH	Sarah	73	-----	F	1757	139	Place-19
SMITH	Jim	83	-----	M	1757	157	Place-24
SMITH	Seonaid	64	-----	F	1757	162	Place-27
SMITH	Sharon	57	-----	F	1757	170	Place-20
SMITH	Jim	63	-----	M	1757	201	Place-4
SMITH	Jim	78	-----	M	1757	216	Place-4
SMITH	Shawn	88	-----	M	1757	263	Place-16
SMITH	Sheila	89	-----	F	1757	286	Place-16
SMITH	Jacob	65	-----	M	1757	325	Place-2
SMITH	Selina	71	-----	F	1757	355	Place-18
SMITH	Jenkins	73	-----	M	1757	369	Place-13
SMITH	Bob	67	-----	M	1757	377	Place-1
SMITH	Selina	68	-----	F	1757	385	Place-23
SMITH	Susan	2	-----	F	1757	417	Place-4
SMITH	Joseph	1	-----	M	1757	434	Place-12
SMITH	Briony	0	-----	F	1757	446	Place-13
SMITH	Paulo	0	-----	M	1757	449	Place-4
SMITH	Selina	0	-----	F	1757	452	Place-26
SMITH	Selina	0	-----	F	1757	456	Place-21
SMITH	Bob	0	-----	M	1757	462	Place-5
SMITH	James	0	-----	M	1757	463	Place-2
SMITH	Selina	55	-----	F	1758	466	Place-29
SMITH	Jenkins	59	-----	M	1758	70	Place-27
SMITH	Sheila	61	-----	F	1758	127	Place-6
SMITH	Susan	23	-----	F	1758	278	Place-7
SMITH	Shawn	65	-----	M	1758	183	Place-6
SMITH	Sheila	73	-----	F	1758	19	Place-29
SMITH	Selina	62	-----	F	1758	89	Place-7
SMITH	Shawn	71	-----	M	1758	90	Place-24
SMITH	Sarah	56	-----	F	1758	118	Place-11
SMITH	Sarah	66	-----	F	1758	202	Place-7
SMITH	Jim	57	-----	M	1758	259	Place-10
SMITH	James	60	-----	M	1758	260	Place-16
SMITH	Selina	61	-----	F	1758	273	Place-13
SMITH	Paulo	35	-----	M	1758	322	Place-29
SMITH	Joseph	75	-----	M	1758	331	Place-16
SMITH	Briony	41	-----	F	1758	342	Place-5
SMITH	Sarah	67	-----	F	1758	391	Place-18
SMITH	Suzanne	55	-----	F	1758	393	Place-7
SMITH	Suzanne	3	-----	F	1758	415	Place-15
SMITH	Susan	1	-----	F	1758	458	Place-22
SMITH	Sheila	0	-----	F	1758	476	Place-29
SMITH	Jenkins	0	-----	M	1758	477	Place-27
SMITH	Sarah	56	-----	F	1759	490	Place-29
SMITH	Suzanne	27	-----	F	1759	225	Place-23
SMITH	Joseph	55	-----	M	1759	254	Place-22
SMITH	Suzanne	64	-----	F	1759	443	Place-5
SMITH	Seonaid	56	-----	F	1759	242	Place-16
SMITH	Jim	56	-----	M	1759	30	Place-29
SMITH	Sheila	75	-----	F	1759	37	Place-0
SMITH	Bob	75	-----	M	1759	45	Place-8
SMITH	Seonaid	48	-----	F	1759	75	Place-22
SMITH	Sarah	61	-----	F	1759	148	Place-21
SMITH	Suzanne	58	-----	F	1759	168	Place-17
SMITH	Sarah	60	-----	F	1759	175	Place-23
SMITH	Selina	61	-----	F	1759	188	Place-13
SMITH	Joseph	68	-----	M	1759	252	Place-22
SMITH	Selina	65	-----	F	1759	264	Place-29
SMITH	Bob	55	-----	M	1759	324	Place-17
SMITH	Sheila	47	-----	F	1759	334	Place-1
SMITH	Sarah	1	-----	F	1759	471	Place-13
SMITH	Susan	1	-----	F	1759	475	Place-22
SMITH	Sheila	1	-----	F	1759	478	Place-8
SMITH	Suzanne	1	-----	F	1759	479	Place-10
SMITH	Suzanne	1	-----	F	1759	480	Place-5
SMITH	Briony	1	-----	F	1759	485	Place-17
SMITH	Selina	0	-----	F	1759	496	Place-1
SMITH	Jacob	0	-----	M	1759	514	Place-7
SMITH	Sharon	55	-----	F	1760	179	Place-17
SMITH	Jacob	64	-----	M	1760	135	Place-9
SMITH	James	37	-----	M	1760	137	Place-19
SMITH	Suzanne	56	-----	F	1760	362	Place-14
SMITH	Paulo	41	-----	M	1760	92	Place-22
SMITH	Joseph	22	-----	M	1760	22	Place-27
SMITH	Jacob	75	-----	M	1760	203	Place-19
SMITH	Jim	74	-----	M	1760	212	Place-25
SMITH	Bob	12	-----	M	1760	214	Place-23
SMITH	Sarah	13	-----	F	1760	380	Place-14
SMITH	James	32	-----	M	1760	381	Place-19
SMITH	Sheila	4	-----	F	1760	435	Place-23
SMITH	Paulo	1	-----	M	1760	494	Place-8
SMITH	Suzanne	1	-----	F	1760	497	Place-13
SMITH	Suzanne	1	-----	F	1760	499	Place-19
SMITH	Shawn	1	-----	M	1760	500	Place-0
SMITH	Seonaid	1	-----	F	1760	506	Place-25
SMITH	Suzanne	1	-----	F	1760	508	Place-1
SMITH	Jacob	0	-----	M	1760	521	Place-3
SMITH	Bob	21	-----	M	1761	238	Place-16
SMITH	Selina	2	-----	F	1761	512	Place-13
SMITH	Seonaid	28	-----	F	1761	358	Place-4
SMITH	James	45	-----	M	1761	125	Place-1
SMITH	Suzanne	75	-----	F	1761	166	Place-13
SMITH	Bob	69	-----	M	1761	277	Place-15
SMITH	Sharon	45	-----	F	1761	280	Place-12
SMITH	Jim	12	-----	M	1761	306	Place-13
SMITH	Susan	32	-----	F	1761	356	Place-5
SMITH	Sharon	56	-----	F	1761	376	Place-11
SMITH	Paulo	20	-----	M	1761	388	Place-14
SMITH	Paulo	6	-----	M	1761	407	Place-4
SMITH	Briony	6	-----	F	1761	416	Place-15
SMITH	Sheila	5	-----	F	1761	433	Place-10
SMITH	Susan	1	-----	F	1761	522	Place-22
SMITH	Shawn	1	-----	M	1761	530	Place-23
SMITH	Shawn	1	-----	M	1761	532	Place-8
SMITH	Shawn	1	-----	M	1761	533	Place-10
SMITH	Seonaid	0	-----	F	1761	554	Place-24
SMITH	Sheila	25	-----	F	1762	392	Place-16
SMITH	Shawn	14	-----	M	1762	59	Place-20
SMITH	Sheila	55	-----	F	1762	94	Place-7
SMITH	Paulo	48	-----	M	1762	326	Place-12
SMITH	Jenkins	56	-----	M	1762	196	Place-29
SMITH	Seonaid	56	-----	F	1762	402	Place-6
SMITH	Shawn	68	-----	M	1762	186	Place-3
SMITH	Jacob	60	-----	M	1762	232	Place-3
SMITH	Paulo	69	-----	M	1762	36	Place-15
SMITH	Bob	17	-----	M	1762	48	Place-22
SMITH	Selina	56	-----	F	1762	156	Place-24
SMITH	Briony	44	-----	F	1762	197	Place-22
SMITH	Shawn	67	-----	M	1762	395	Place-5
SMITH	Jenkins	1	-----	M	1762	548	Place-5
SMITH	Sheila	1	-----	F	1762	550	Place-1
SMITH	Sharon	0	-----	F	1762	572	Place-25
SMITH	Joseph	0	-----	M	1762	573	Place-28
SMITH	Jenkins	0	-----	M	1762	581	Place-22
SMITH	Selina	52	-----	F	1763	585	Place-1
SMITH	Sarah	30	-----	F	1763	209	Place-12
SMITH	Sheila	19	-----	F	1763	72	Place-22
SMITH	Sarah	33	-----	F	1763	539	Place-1
SMITH	Sharon	5	-----	F	1763	487	Place-0
SMITH	Seonaid	55	-----	F	1763	230	Place-13
SMITH	Sharon	57	-----	F	1763	180	Place-6
SMITH	Susan	56	-----	F	1763	184	Place-21
SMITH	Bob	17	-----	M	1763	29	Place-19
SMITH	Jacob	66	-----	M	1763	69	Place-13
SMITH	Bob	52	-----	M	1763	85	Place-4
SMITH	Sharon	17	-----	F	1763	143	Place-21
SMITH	Sheila	57	-----	F	1763	383	Place-13
SMITH	Selina	4	-----	F	1763	502	Place-9
SMITH	Sarah	1	-----	F	1763	568	Place-12
SMITH	Susan	1	-----	F	1763	571	Place-16
SMITH	Sheila	1	-----	F	1763	579	Place-2
SMITH	Jim	1	-----	M	1763	582	Place-29
SMITH	Briony	0	-----	F	1763	590	Place-12
SMITH	James	0	-----	M	1763	591	Place-8
SMITH	Susan	0	-----	F	1763	593	Place-29
SMITH	James	0	-----	M	1763	601	Place-22
SMITH	Sharon	0	-----	F	1763	603	Place-28
SMITH	James	0	-----	M	1763	605	Place-4
SMITH	Jim	0	-----	M	1763	610	Place-15
SMITH	James	0	-----	M	1763	612	Place-20
SMITH	Briony	55	-----	F	1764	616	Place-8
SMITH	Suzanne	55	-----	F	1764	556	Place-8
SMITH	Jim	55	-----	M	1764	386	Place-8
SMITH	Susan	13	-----	F	1764	71	Place-19
SMITH	Selina	56	-----	F	1764	107	Place-5
SMITH	Bob	55	-----	M	1764	113	Place-23
SMITH	Seonaid	73	-----	F	1764	211	Place-9
SMITH	Seonaid	21	-----	F	1764	268	Place-27
SMITH	Jacob	57	-----	M	1764	269	Place-17
SMITH	Sharon	6	-----	F	1764	488	Place-5
SMITH	Sharon	1	-----	F	1764	598	Place-29
SMITH	Briony	1	-----	F	1764	607	Place-6
SMITH	Seonaid	0	-----	F	1764	622	Place-23
SMITH	Selina	55	-----	F	1765	618	Place-22
SMITH	Bob	55	-----	M	1765	284	Place-7
SMITH	Sheila	63	-----	F	1765	557	Place-3
SMITH	Sharon	40	-----	F	1765	442	Place-14
SMITH	Seonaid	56	-----	F	1765	540	Place-23
SMITH	Sheila	58	-----	F	1765	239	Place-10
SMITH	Selina	55	-----	F	1765	465	Place-18
SMITH	Jenkins	52	-----	M	1765	6	Place-20
SMITH	Sheila	59	-----	F	1765	110	Place-8
SMITH	Jim	61	-----	M	1765	187	Place-24
SMITH	Selina	36	-----	F	1765	298	Place-8
SMITH	Selina	6	-----	F	1765	507	Place-17
SMITH	Sharon	6	-----	F	1765	509	Place-15
SMITH	James	4	-----	M	1765	544	Place-6
SMITH	Susan	1	-----	F	1765	627	Place-20
SMITH	Bob	1	-----	M	1765	633	Place-24
SMITH	Jim	1	-----	M	1765	638	Place-20
SMITH	Seonaid	0	-----	F	1765	649	Place-1
SMITH	Jim	0	-----	M	1765	657	Place-13
SMITH	Selina	0	-----	F	1765	658	Place-19
SMITH	Paulo	55	-----	M	1766	73	Place-21
SMITH	Shawn	51	-----	M	1766	136	Place-4
SMITH	Paulo	55	-----	M	1766	289	Place-1
SMITH	Joseph	17	-----	M	1766	56	Place-14
SMITH	Sarah	70	-----	F	1766	60	Place-4
SMITH	Sheila	20	-----	F	1766	138	Place-28
SMITH	Jim	7	-----	M	1766	510	Place-23
SMITH	Paulo	4	-----	M	1766	575	Place-8
SMITH	Jenkins	1	-----	M	1766	650	Place-7
SMITH	Jenkins	1	-----	M	1766	653	Place-18
SMITH	Sheila	1	-----	F	1766	654	Place-26
SMITH	Selina	1	-----	F	1766	656	Place-13
SMITH	Paulo	1	-----	M	1766	659	Place-20
SMITH	Sarah	0	-----	F	1766	667	Place-5
SMITH	Seonaid	0	-----	F	1766	670	Place-3
SMITH	Joseph	0	-----	M	1766	673	Place-11
SMITH	Bob	58	-----	M	1767	129	Place-5
SMITH	Susan	58	-----	F	1767	619	Place-26
SMITH	Selina	55	-----	F	1767	276	Place-12
SMITH	Jim	41	-----	M	1767	340	Place-18
SMITH	Seonaid	61	-----	F	1767	332	Place-16
SMITH	Sharon	48	-----	F	1767	8	Place-1
SMITH	Sheila	57	-----	F	1767	283	Place-19
SMITH	Paulo	28	-----	M	1767	206	Place-25
SMITH	Suzanne	39	-----	F	1767	181	Place-27
SMITH	Susan	3	-----	F	1767	643	Place-24
SMITH	Jacob	1	-----	M	1767	675	Place-27
SMITH	Shawn	1	-----	M	1767	677	Place-20
SMITH	Sheila	0	-----	F	1767	690	Place-29
SMITH	Sheila	0	-----	F	1767	691	Place-11
SMITH	Sharon	0	-----	F	1767	693	Place-6
SMITH	Suzanne	60	-----	F	1768	371	Place-28
SMITH	Seonaid	56	-----	F	1768	228	Place-3
SMITH	Selina	59	-----	F	1768	87	Place-24
SMITH	Sharon	64	-----	F	1768	172	Place-9
SMITH	Briony	38	-----	F	1768	584	Place-8
SMITH	Jenkins	9	-----	M	1768	515	Place-27
SMITH	Bob	19	-----	M	1768	78	Place-17
SMITH	Suzanne	28	-----	F	1768	347	Place-0
SMITH	Susan	6	-----	F	1768	563	Place-21
SMITH	Jenkins	1	-----	M	1768	689	Place-21
SMITH	Selina	1	-----	F	1768	700	Place-22
SMITH	James	0	-----	M	1768	706	Place-4
SMITH	Shawn	0	-----	M	1768	708	Place-3
SMITH	Sharon	0	-----	F	1768	711	Place-14
SMITH	Bob	55	-----	M	1769	152	Place-24
SMITH	Joseph	56	-----	M	1769	382	Place-26
SMITH	Jacob	43	-----	M	1769	313	Place-19
SMITH	Susan	51	-----	F	1769	645	Place-3
SMITH	Sharon	33	-----	F	1769	464	Place-8
SMITH	Sheila	60	-----	F	1769	467	Place-9
SMITH	James	55	-----	M	1769	220	Place-4
SMITH	Jenkins	17	-----	M	1769	300	Place-15
SMITH	James	14	-----	M	1769	413	Place-11
SMITH	Jacob	7	-----	M	1769	577	Place-7
SMITH	Seonaid	6	-----	F	1769	592	Place-20
SMITH	Bob	4	-----	M	1769	652	Place-23
SMITH	Sarah	4	-----	F	1769	661	Place-25
SMITH	Susan	1	-----	F	1769	703	Place-29
SMITH	Seonaid	1	-----	F	1769	704	Place-13
SMITH	Sarah	1	-----	F	1769	707	Place-17
SMITH	Jacob	1	-----	M	1769	712	Place-21
SMITH	Suzanne	0	-----	F	1769	713	Place-20
SMITH	Bob	0	-----	M	1769	720	Place-5
SMITH	Seonaid	0	-----	F	1769	721	Place-5
SMITH	Shawn	60	-----	M	1770	24	Place-27
SMITH	Jacob	63	-----	M	1770	337	Place-13
SMITH	Sarah	56	-----	F	1770	468	Place-1
SMITH	Briony	24	-----	F	1770	360	Place-28
SMITH	Suzanne	15	-----	F	1770	414	Place-14
SMITH	James	8	-----	M	1770	566	Place-16
SMITH	Shawn	1	-----	M	1770	716	Place-8
SMITH	Jim	1	-----	M	1770	719	Place-22
SMITH	Joseph	1	-----	M	1770	726	Place-28
SMITH	James	0	-----	M	1770	733	Place-26
SMITH	Sheila	0	-----	F	1770	737	Place-7
SMITH	Suzanne	55	-----	F	1771	741	Place-29
SMITH	Sharon	29	-----	F	1771	112	Place-20
SMITH	Joseph	40	-----	M	1771	237	Place-4
SMITH	Selina	38	-----	F	1771	165	Place-21
SMITH	James	46	-----	M	1771	257	Place-12
SMITH	James	14	-----	M	1771	461	Place-13
SMITH	Jenkins	8	-----	M	1771	614	Place-28
SMITH	Suzanne	7	-----	F	1771	644	Place-0
SMITH	Briony	1	-----	F	1771	739	Place-28
SMITH	Jim	0	-----	M	1771	758	Place-19
SMITH	Jenkins	0	-----	M	1771	759	Place-13
SMITH	Shawn	57	-----	M	1772	293	Place-26
SMITH	Sheila	59	-----	F	1772	330	Place-9
SMITH	Sharon	56	-----	F	1772	58	Place-2
SMITH	Briony	11	-----	F	1772	546	Place-14
SMITH	Sheila	1	-----	F	1772	753	Place-1
SMITH	Jim	0	-----	M	1772	766	Place-15
SMITH	Jacob	0	-----	M	1772	772	Place-5
SMITH	Seonaid	47	-----	F	1773	780	Place-23
SMITH	Joseph	42	-----	M	1773	352	Place-28
SMITH	Seonaid	55	-----	F	1773	374	Place-18
SMITH	Seonaid	57	-----	F	1773	537	Place-29
SMITH	Sharon	58	-----	F	1773	517	Place-24
SMITH	Jacob	55	-----	M	1773	55	Place-6
SMITH	Jim	10	-----	M	1773	599	Place-19
SMITH	Shawn	10	-----	M	1773	615	Place-22
SMITH	Jacob	2	-----	M	1773	756	Place-4
SMITH	Jacob	1	-----	M	1773	760	Place-23
SMITH	Sarah	1	-----	F	1773	764	Place-17
SMITH	Susan	1	-----	F	1773	775	Place-4
SMITH	Selina	54	-----	F	1774	5	Place-18
SMITH	Bob	41	-----	M	1774	343	Place-23
SMITH	Suzanne	63	-----	F	1774	105	Place-11
SMITH	Paulo	51	-----	M	1774	208	Place-21
SMITH	Jim	12	-----	M	1774	567	Place-27
SMITH	Bob	8	-----	M	1774	676	Place-15
SMITH	Briony	6	-----	F	1774	701	Place-16
SMITH	Selina	4	-----	F	1774	736	Place-4
SMITH	Paulo	2	-----	M	1774	771	Place-1
SMITH	Selina	1	-----	F	1774	781	Place-5
SMITH	Sharon	1	-----	F	1774	782	Place-27
SMITH	Joseph	1	-----	M	1774	785	Place-21
SMITH	Jim	0	-----	M	1774	797	Place-26
SMITH	Jim	0	-----	M	1774	799	Place-24
SMITH	Briony	0	-----	F	1774	801	Place-28
SMITH	Bob	0	-----	M	1774	807	Place-23
SMITH	Sharon	0	-----	F	1774	808	Place-13
SMITH	Shawn	13	-----	M	1775	576	Place-18
SMITH	James	57	-----	M	1775	133	Place-6
SMITH	Paulo	59	-----	M	1775	285	Place-4
SMITH	Bob	59	-----	M	1775	229	Place-14
SMITH	Bob	60	-----	M	1775	272	Place-23
SMITH	Sarah	55	-----	F	1775	231	Place-9
SMITH	Jacob	39	-----	M	1775	193	Place-25
SMITH	Bob	13	-----	M	1775	560	Place-9
SMITH	Joseph	12	-----	M	1775	595	Place-7
SMITH	Shawn	12	-----	M	1775	600	Place-6
SMITH	Jim	11	-----	M	1775	636	Place-3
SMITH	Joseph	2	-----	M	1775	789	Place-14
SMITH	Paulo	1	-----	M	1775	798	Place-11
SMITH	James	1	-----	M	1775	800	Place-29
SMITH	James	1	-----	M	1775	805	Place-11
SMITH	Susan	1	-----	F	1775	806	Place-13
SMITH	Bob	0	-----	M	1775	816	Place-16
SMITH	Paulo	0	-----	M	1775	826	Place-25
SMITH	Sarah	21	-----	F	1776	831	Place-15
SMITH	Shawn	17	-----	M	1776	505	Place-5
SMITH	Suzanne	56	-----	F	1776	63	Place-16
SMITH	Bob	37	-----	M	1776	158	Place-9
SMITH	Bob	56	-----	M	1776	312	Place-9
SMITH	Joseph	34	-----	M	1776	84	Place-25
SMITH	Jacob	53	-----	M	1776	108	Place-6
SMITH	Jacob	19	-----	M	1776	447	Place-9
SMITH	Joseph	19	-----	M	1776	450	Place-22
SMITH	James	12	-----	M	1776	635	Place-22
SMITH	Sarah	8	-----	F	1776	702	Place-0
SMITH	Briony	1	-----	F	1776	814	Place-20
SMITH	Seonaid	1	-----	F	1776	815	Place-27
SMITH	Jenkins	1	-----	M	1776	817	Place-28
SMITH	Seonaid	1	-----	F	1776	820	Place-2
SMITH	Susan	1	-----	F	1776	821	Place-2
SMITH	Bob	0	-----	M	1776	837	Place-25
SMITH	Jenkins	0	-----	M	1776	841	Place-18
SMITH	Selina	51	-----	F	1777	397	Place-26
SMITH	Suzanne	55	-----	F	1777	372	Place-13
SMITH	Jacob	44	-----	M	1777	288	Place-28
SMITH	Joseph	20	-----	M	1777	453	Place-5
SMITH	Seonaid	12	-----	F	1777	647	Place-25
SMITH	Jim	11	-----	M	1777	672	Place-21
SMITH	Joseph	1	-----	M	1777	836	Place-22
SMITH	Sarah	1	-----	F	1777	842	Place-6
SMITH	Suzanne	0	-----	F	1777	851	Place-26
SMITH	Briony	0	-----	F	1777	865	Place-7
SMITH	Selina	0	-----	F	1777	867	Place-19
SMITH	Jacob	0	-----	M	1777	871	Place-3
SMITH	Shawn	20	-----	M	1778	489	Place-14
SMITH	Sheila	41	-----	F	1778	727	Place-7
SMITH	Sarah	55	-----	F	1778	441	Place-26
SMITH	Seonaid	55	-----	F	1778	810	Place-27
SMITH	Sheila	55	-----	F	1778	440	Place-24
SMITH	Sarah	62	-----	F	1778	516	Place-12
SMITH	Sheila	59	-----	F	1778	169	Place-16
SMITH	Suzanne	21	-----	F	1778	460	Place-27
SMITH	Bob	14	-----	M	1778	641	Place-6
SMITH	Jim	2	-----	M	1778	839	Place-1
SMITH	Paulo	1	-----	M	1778	850	Place-1
SMITH	Shawn	1	-----	M	1778	852	Place-5
SMITH	Jacob	1	-----	M	1778	853	Place-18
SMITH	Shawn	1	-----	M	1778	855	Place-25
SMITH	Sarah	1	-----	F	1778	856	Place-24
SMITH	Susan	1	-----	F	1778	866	Place-14
SMITH	Susan	1	-----	F	1778	870	Place-27
SMITH	Bob	0	-----	M	1778	881	Place-28
SMITH	Seonaid	14	-----	F	1779	648	Place-21
SMITH	Sheila	55	-----	F	1779	120	Place-5
SMITH	James	55	-----	M	1779	176	Place-10
SMITH	Jim	44	-----	M	1779	226	Place-13
SMITH	Sarah	13	-----	F	1779	665	Place-3
SMITH	Jacob	7	-----	M	1779	769	Place-13
SMITH	Selina	1	-----	F	1779	873	Place-26
SMITH	Bob	1	-----	M	1779	876	Place-0
SMITH	Joseph	1	-----	M	1779	885	Place-19
SMITH	Selina	0	-----	F	1779	891	Place-26
SMITH	James	0	-----	M	1779	894	Place-9
SMITH	Sarah	0	-----	F	1779	895	Place-1
SMITH	James	0	-----	M	1779	896	Place-21
SMITH	Jenkins	0	-----	M	1779	902	Place-5
SMITH	Jim	0	-----	M	1779	904	Place-13
SMITH	Bob	0	-----	M	1779	909	Place-1
SMITH	Sharon	0	-----	F	1779	914	Place-1
SMITH	Susan	57	-----	F	1780	743	Place-29
SMITH	Selina	55	-----	F	1780	888	Place-17
SMITH	Shawn	22	-----	M	1780	474	Place-26
SMITH	Seonaid	25	-----	F	1780	421	Place-15
SMITH	Sheila	59	-----	F	1780	76	Place-18
SMITH	Seonaid	31	-----	F	1780	3	Place-3
SMITH	Jim	21	-----	M	1780	501	Place-5
SMITH	Jenkins	16	-----	M	1780	623	Place-20
SMITH	Paulo	8	-----	M	1780	778	Place-25
SMITH	Jacob	1	-----	M	1780	897	Place-8
SMITH	Briony	1	-----	F	1780	899	Place-16
SMITH	Shawn	1	-----	M	1780	903	Place-1
SMITH	Seonaid	1	-----	F	1780	917	Place-14
SMITH	James	0	-----	M	1780	926	Place-29
SMITH	Selina	0	-----	F	1780	929	Place-5
SMITH	Paulo	0	-----	M	1780	936	Place-3
SMITH	Jenkins	56	-----	M	1781	1	Place-13
SMITH	Jim	18	-----	M	1781	609	Place-1
SMITH	Bob	49	-----	M	1781	299	Place-20
SMITH	Suzanne	55	-----	F	1781	846	Place-23
SMITH	Paulo	15	-----	M	1781	674	Place-7
SMITH	Suzanne	21	-----	F	1781	518	Place-10
SMITH	Joseph	20	-----	M	1781	551	Place-22
SMITH	Bob	20	-----	M	1781	552	Place-28
SMITH	Joseph	18	-----	M	1781	608	Place-23
SMITH	Jim	14	-----	M	1781	686	Place-13
SMITH	Briony	14	-----	F	1781	699	Place-0
SMITH	Susan	2	-----	F	1781	901	Place-23
SMITH	Joseph	2	-----	M	1781	911	Place-26
SMITH	Seonaid	1	-----	F	1781	930	Place-18
SMITH	Sharon	1	-----	F	1781	931	Place-26
SMITH	Jenkins	1	-----	M	1781	933	Place-3
SMITH	Susan	0	-----	F	1781	941	Place-9
SMITH	Jenkins	0	-----	M	1781	942	Place-6
SMITH	Sheila	0	-----	F	1781	952	Place-22
SMITH	Jim	0	-----	M	1781	953	Place-10
SMITH	Jacob	0	-----	M	1781	956	Place-22
SMITH	Selina	0	-----	F	1781	957	Place-20
SMITH	Sarah	59	-----	F	1782	919	Place-3
SMITH	Seonaid	57	-----	F	1782	922	Place-15
SMITH	Jim	42	-----	M	1782	267	Place-22
SMITH	Jenkins	46	-----	M	1782	301	Place-17
SMITH	Susan	19	-----	F	1782	596	Place-7
SMITH	Seonaid	55	-----	F	1782	318	Place-18
SMITH	Susan	25	-----	F	1782	448	Place-26
SMITH	Susan	55	-----	F	1782	470	Place-13
SMITH	Seonaid	55	-----	F	1782	210	Place-19
SMITH	Paulo	5	-----	M	1782	863	Place-11
SMITH	Jim	1	-----	M	1782	945	Place-28
SMITH	Suzanne	1	-----	F	1782	955	Place-9
SMITH	Sheila	0	-----	F	1782	962	Place-19
SMITH	Sheila	0	-----	F	1782	966	Place-20
SMITH	Bob	58	-----	M	1783	243	Place-5
SMITH	Selina	50	-----	F	1783	189	Place-7
SMITH	Sarah	56	-----	F	1783	920	Place-28
SMITH	Sharon	56	-----	F	1783	199	Place-15
SMITH	Paulo	56	-----	M	1783	195	Place-7
SMITH	Jim	11	-----	M	1783	767	Place-16
SMITH	Bob	6	-----	M	1783	849	Place-7
SMITH	Briony	3	-----	F	1783	925	Place-6
SMITH	Bob	1	-----	M	1783	971	Place-26
SMITH	Jenkins	0	-----	M	1783	978	Place-7
SMITH	Paulo	0	-----	M	1783	985	Place-24
SMITH	Jacob	0	-----	M	1783	986	Place-26
SMITH	Seonaid	0	-----	F	1783	991	Place-11
SMITH	Suzanne	0	-----	F	1783	995	Place-18
SMITH	Joseph	58	-----	M	1784	11	Place-14
SMITH	Jacob	65	-----	M	1784	350	Place-16
SMITH	Sarah	18	-----	F	1784	668	Place-8
SMITH	Susan	17	-----	F	1784	697	Place-14
SMITH	Jacob	1	-----	M	1784	993	Place-17
SMITH	Sheila	0	-----	F	1784	1001	Place-14
SMITH	Susan	56	-----	F	1785	939	Place-28
SMITH	Jacob	34	-----	M	1785	18	Place-14
SMITH	Sheila	49	-----	F	1785	795	Place-2
SMITH	Jenkins	26	-----	M	1785	511	Place-19
SMITH	Jim	55	-----	M	1785	97	Place-16
SMITH	James	11	-----	M	1785	804	Place-10
SMITH	Suzanne	30	-----	F	1785	411	Place-26
SMITH	Paulo	8	-----	M	1785	868	Place-20
SMITH	Joseph	7	-----	M	1785	886	Place-24
SMITH	Sarah	6	-----	F	1785	908	Place-12
SMITH	Briony	1	-----	F	1785	1002	Place-0
SMITH	Jim	1	-----	M	1785	1007	Place-23
SMITH	Jim	1	-----	M	1785	1011	Place-21
SMITH	Paulo	1	-----	M	1785	1014	Place-25
SMITH	Sharon	0	-----	F	1785	1021	Place-12
SMITH	Joseph	0	-----	M	1785	1041	Place-2
SMITH	James	0	-----	M	1785	1050	Place-28
SMITH	Selina	56	-----	F	1786	1054	Place-4
SMITH	Seonaid	24	-----	F	1786	1058	Place-17
SMITH	Sarah	54	-----	F	1786	998	Place-17
SMITH	Bob	54	-----	M	1786	163	Place-10
SMITH	Bob	57	-----	M	1786	255	Place-9
SMITH	Jim	63	-----	M	1786	12	Place-8
SMITH	Jenkins	63	-----	M	1786	270	Place-16
SMITH	James	19	-----	M	1786	696	Place-8
SMITH	James	2	-----	M	1786	1003	Place-26
SMITH	Shawn	1	-----	M	1786	1022	Place-15
SMITH	Seonaid	1	-----	F	1786	1023	Place-12
SMITH	Jenkins	1	-----	M	1786	1027	Place-21
SMITH	Briony	1	-----	F	1786	1030	Place-12
SMITH	Shawn	1	-----	M	1786	1037	Place-16
SMITH	James	1	-----	M	1786	1042	Place-22
SMITH	Sharon	1	-----	F	1786	1043	Place-12
SMITH	Jacob	1	-----	M	1786	1045	Place-3
SMITH	Seonaid	1	-----	F	1786	1046	Place-26
SMITH	Selina	1	-----	F	1786	1049	Place-26
SMITH	Seonaid	1	-----	F	1786	1051	Place-20
SMITH	Paulo	27	-----	M	1787	519	Place-1
SMITH	Suzanne	30	-----	F	1787	997	Place-27
SMITH	James	57	-----	M	1787	258	Place-4
SMITH	Jim	56	-----	M	1787	192	Place-19
SMITH	Seonaid	11	-----	F	1787	843	Place-17
SMITH	James	58	-----	M	1787	67	Place-17
SMITH	Joseph	55	-----	M	1787	28	Place-25
SMITH	Bob	14	-----	M	1787	787	Place-5
SMITH	Bob	9	-----	M	1787	878	Place-26
SMITH	James	6	-----	M	1787	948	Place-24
SMITH	Seonaid	4	-----	F	1787	994	Place-1
SMITH	Sharon	2	-----	F	1787	1019	Place-21
SMITH	Suzanne	2	-----	F	1787	1036	Place-4
SMITH	Bob	1	-----	M	1787	1066	Place-24
SMITH	Seonaid	1	-----	F	1787	1070	Place-19
SMITH	Jacob	1	-----	M	1787	1073	Place-0
SMITH	Sarah	1	-----	F	1787	1078	Place-1
SMITH	Briony	1	-----	F	1787	1080	Place-23
SMITH	Suzanne	1	-----	F	1787	1081	Place-26
SMITH	Suzanne	0	-----	F	1787	1098	Place-28
SMITH	Jacob	0	-----	M	1787	1105	Place-28
SMITH	Bob	0	-----	M	1787	1107	Place-22
SMITH	Joseph	0	-----	M	1787	1108	Place-25
SMITH	Joseph	0	-----	M	1787	1111	Place-9
SMITH	Seonaid	0	-----	F	1787	1112	Place-28
SMITH	Briony	56	-----	F	1788	1089	Place-25
SMITH	Briony	29	-----	F	1788	513	Place-11
SMITH	Suzanne	55	-----	F	1788	1087	Place-3
SMITH	Sarah	57	-----	F	1788	681	Place-2
SMITH	Sharon	24	-----	F	1788	640	Place-8
SMITH	Jenkins	55	-----	M	1788	316	Place-3
SMITH	Jim	28	-----	M	1788	529	Place-18
SMITH	Jenkins	61	-----	M	1788	339	Place-28
SMITH	Jim	56	-----	M	1788	160	Place-17
SMITH	James	7	-----	M	1788	944	Place-5
SMITH	Sharon	1	-----	F	1788	1092	Place-5
SMITH	Joseph	1	-----	M	1788	1093	Place-27
SMITH	Susan	1	-----	F	1788	1097	Place-8
SMITH	Selina	1	-----	F	1788	1103	Place-29
SMITH	Jacob	0	-----	M	1788	1124	Place-25
SMITH	Sarah	0	-----	F	1788	1136	Place-1
SMITH	Paulo	0	-----	M	1788	1138	Place-14
SMITH	Jenkins	0	-----	M	1788	1140	Place-8
SMITH	Sarah	0	-----	F	1788	1141	Place-9
SMITH	Seonaid	32	-----	F	1789	459	Place-17
SMITH	Briony	27	-----	F	1789	580	Place-21
SMITH	Susan	70	-----	F	1789	921	Place-15
SMITH	James	12	-----	M	1789	854	Place-25
SMITH	Suzanne	10	-----	F	1789	892	Place-19
SMITH	Selina	3	-----	F	1789	1067	Place-21
SMITH	Shawn	1	-----	M	1789	1125	Place-27
SMITH	Seonaid	1	-----	F	1789	1133	Place-1
SMITH	Jenkins	1	-----	M	1789	1134	Place-5
SMITH	Jim	1	-----	M	1789	1135	Place-26
SMITH	Suzanne	0	-----	F	1789	1153	Place-28
SMITH	Seonaid	0	-----	F	1789	1154	Place-3
SMITH	Selina	0	-----	F	1789	1155	Place-6
SMITH	Seonaid	0	-----	F	1789	1166	Place-26
SMITH	Bob	20	-----	M	1790	728	Place-13
SMITH	Sharon	9	-----	F	1790	958	Place-25
SMITH	James	7	-----	M	1790	983	Place-15
SMITH	Jenkins	5	-----	M	1790	1048	Place-21
SMITH	Joseph	1	-----	M	1790	1150	Place-20
SMITH	Sheila	1	-----	F	1790	1152	Place-12
SMITH	James	1	-----	M	1790	1161	Place-28
SMITH	James	0	-----	M	1790	1173	Place-11
SMITH	Bob	0	-----	M	1790	1176	Place-3
SMITH	James	0	-----	M	1790	1181	Place-3
SMITH	Selina	0	-----	F	1790	1186	Place-28
SMITH	Shawn	0	-----	M	1790	1187	Place-17
SMITH	Joseph	0	-----	M	1790	1189	Place-17
SMITH	James	0	-----	M	1790	1193	Place-15
SMITH	Paulo	55	-----	M	1791	23	Place-13
SMITH	Suzanne	59	-----	F	1791	830	Place-3
SMITH	Sarah	49	-----	F	1791	1017	Place-21
SMITH	Sheila	13	-----	F	1791	879	Place-23
SMITH	Sarah	6	-----	F	1791	1053	Place-9
SMITH	Sarah	3	-----	F	1791	1123	Place-26
SMITH	Bob	1	-----	M	1791	1172	Place-9
SMITH	Jacob	1	-----	M	1791	1185	Place-26
SMITH	James	0	-----	M	1791	1201	Place-6
SMITH	Sarah	0	-----	F	1791	1211	Place-20
SMITH	Bob	0	-----	M	1791	1215	Place-27
SMITH	Sharon	0	-----	F	1791	1221	Place-7
SMITH	Bob	0	-----	M	1791	1223	Place-7
SMITH	Sheila	37	-----	F	1792	1226	Place-4
SMITH	Susan	6	-----	F	1792	1083	Place-21
SMITH	Sarah	55	-----	F	1792	541	Place-12
SMITH	Shawn	37	-----	M	1792	408	Place-4
SMITH	Bob	58	-----	M	1792	218	Place-20
SMITH	Seonaid	32	-----	F	1792	524	Place-23
SMITH	Selina	8	-----	F	1792	1004	Place-28
SMITH	James	8	-----	M	1792	1013	Place-20
SMITH	Suzanne	7	-----	F	1792	1020	Place-3
SMITH	Selina	7	-----	F	1792	1034	Place-26
SMITH	Paulo	2	-----	M	1792	1174	Place-20
SMITH	Joseph	1	-----	M	1792	1205	Place-16
SMITH	Sarah	1	-----	F	1792	1207	Place-9
SMITH	Sheila	1	-----	F	1792	1210	Place-24
SMITH	Jacob	1	-----	M	1792	1216	Place-2
SMITH	Jim	1	-----	M	1792	1217	Place-17
SMITH	Joseph	1	-----	M	1792	1220	Place-6
SMITH	Sharon	0	-----	F	1792	1238	Place-19
SMITH	Shawn	0	-----	M	1792	1252	Place-2
SMITH	Jenkins	0	-----	M	1792	1254	Place-1
SMITH	Paulo	0	-----	M	1792	1258	Place-24
SMITH	Selina	0	-----	F	1792	1260	Place-27
SMITH	Shawn	0	-----	M	1792	1262	Place-1
SMITH	Susan	0	-----	F	1792	1264	Place-19
SMITH	Paulo	61	-----	M	1793	121	Place-24
SMITH	Sarah	5	-----	F	1793	1130	Place-8
SMITH	Sharon	34	-----	F	1793	492	Place-24
SMITH	Jacob	12	-----	M	1793	950	Place-5
SMITH	Jim	5	-----	M	1793	1142	Place-15
SMITH	Shawn	1	-----	M	1793	1243	Place-20
SMITH	Jacob	1	-----	M	1793	1245	Place-28
SMITH	Jenkins	1	-----	M	1793	1248	Place-7
SMITH	Jenkins	1	-----	M	1793	1251	Place-27
SMITH	Suzanne	1	-----	F	1793	1263	Place-7
SMITH	Jim	1	-----	M	1793	1265	Place-23
SMITH	Susan	0	-----	F	1793	1272	Place-7
SMITH	Jacob	0	-----	M	1793	1284	Place-18
SMITH	Sheila	0	-----	F	1793	1287	Place-27
SMITH	Seonaid	30	-----	F	1794	637	Place-16
SMITH	Susan	21	-----	F	1794	788	Place-22
SMITH	Jenkins	55	-----	M	1794	320	Place-3
SMITH	Jim	55	-----	M	1794	54	Place-24
SMITH	Sheila	38	-----	F	1794	436	Place-5
SMITH	Shawn	57	-----	M	1794	217	Place-28
SMITH	Jenkins	28	-----	M	1794	671	Place-20
SMITH	Sheila	6	-----	F	1794	1119	Place-28
SMITH	Jim	1	-----	M	1794	1275	Place-1
SMITH	Briony	1	-----	F	1794	1278	Place-12
SMITH	Jenkins	1	-----	M	1794	1280	Place-12
SMITH	Sharon	1	-----	F	1794	1283	Place-9
SMITH	Joseph	1	-----	M	1794	1289	Place-5
SMITH	Selina	1	-----	F	1794	1298	Place-26
SMITH	Joseph	0	-----	M	1794	1308	Place-10
SMITH	Selina	0	-----	F	1794	1316	Place-16
SMITH	Seonaid	0	-----	F	1794	1322	Place-7
SMITH	Sarah	23	-----	F	1795	776	Place-12
SMITH	Suzanne	37	-----	F	1795	473	Place-23
SMITH	Sheila	1	-----	F	1795	1321	Place-16
SMITH	Sarah	55	-----	F	1795	1197	Place-20
SMITH	Bob	38	-----	M	1795	444	Place-7
SMITH	Jenkins	10	-----	M	1795	1029	Place-18
SMITH	Jim	41	-----	M	1795	387	Place-29
SMITH	Shawn	58	-----	M	1795	13	Place-26
SMITH	James	33	-----	M	1795	562	Place-27
SMITH	Joseph	36	-----	M	1795	503	Place-5
SMITH	James	22	-----	M	1795	783	Place-8
SMITH	Bob	7	-----	M	1795	1122	Place-15
SMITH	Seonaid	6	-----	F	1795	1149	Place-9
SMITH	Selina	1	-----	F	1795	1313	Place-13
SMITH	Paulo	1	-----	M	1795	1319	Place-0
SMITH	Susan	0	-----	F	1795	1329	Place-17
SMITH	Sharon	0	-----	F	1795	1333	Place-24
SMITH	James	0	-----	M	1795	1335	Place-20
SMITH	Selina	0	-----	F	1795	1337	Place-6
SMITH	Sheila	36	-----	F	1796	527	Place-14
SMITH	Briony	56	-----	F	1796	1088	Place-29
SMITH	Shawn	56	-----	M	1796	294	Place-4
SMITH	Selina	56	-----	F	1796	536	Place-6
SMITH	Paulo	38	-----	M	1796	483	Place-13
SMITH	Bob	55	-----	M	1796	389	Place-12
SMITH	Sheila	16	-----	F	1796	938	Place-25
SMITH	Sarah	19	-----	F	1796	859	Place-4
SMITH	Jim	55	-----	M	1796	315	Place-19
SMITH	Sheila	17	-----	F	1796	915	Place-16
SMITH	Sarah	14	-----	F	1796	974	Place-24
SMITH	Sheila	13	-----	F	1796	982	Place-8
SMITH	Sarah	13	-----	F	1796	990	Place-26
SMITH	Paulo	9	-----	M	1796	1109	Place-11
SMITH	Jenkins	8	-----	M	1796	1120	Place-3
SMITH	Paulo	6	-----	M	1796	1177	Place-28
SMITH	Susan	3	-----	F	1796	1281	Place-20
SMITH	Briony	1	-----	F	1796	1330	Place-9
SMITH	Briony	1	-----	F	1796	1334	Place-12
SMITH	Sharon	1	-----	F	1796	1339	Place-27
SMITH	Sheila	1	-----	F	1796	1349	Place-8
SMITH	Joseph	1	-----	M	1796	1352	Place-18
SMITH	Susan	1	-----	F	1796	1353	Place-8
SMITH	Briony	0	-----	F	1796	1361	Place-12
SMITH	Seonaid	0	-----	F	1796	1363	Place-20
SMITH	Jacob	0	-----	M	1796	1367	Place-28
SMITH	Briony	0	-----	F	1796	1369	Place-20
SMITH	James	0	-----	M	1796	1370	Place-19
SMITH	Joseph	0	-----	M	1796	1375	Place-3
SMITH	Seonaid	0	-----	F	1796	1377	Place-6
SMITH	Sheila	0	-----	F	1796	1396	Place-5
SMITH	Suzanne	52	-----	F	1797	1266	Place-9
SMITH	Selina	20	-----	F	1797	869	Place-17
SMITH	Joseph	55	-----	M	1797	142	Place-28
SMITH	Selina	40	-----	F	1797	1115	Place-21
SMITH	Suzanne	15	-----	F	1797	975	Place-11
SMITH	Jenkins	47	-----	M	1797	346	Place-10
SMITH	Suzanne	19	-----	F	1797	880	Place-13
SMITH	Seonaid	65	-----	F	1797	832	Place-17
SMITH	Sharon	9	-----	F	1797	1131	Place-29
SMITH	Suzanne	6	-----	F	1797	1206	Place-10
SMITH	Sarah	1	-----	F	1797	1357	Place-24
SMITH	Sarah	1	-----	F	1797	1368	Place-19
SMITH	Jim	1	-----	M	1797	1373	Place-20
SMITH	Joseph	1	-----	M	1797	1378	Place-21
SMITH	Suzanne	1	-----	F	1797	1379	Place-13
SMITH	Jenkins	1	-----	M	1797	1393	Place-18
SMITH	Briony	0	-----	F	1797	1403	Place-20
SMITH	Sarah	0	-----	F	1797	1420	Place-24
SMITH	Joseph	58	-----	M	1798	81	Place-15
SMITH	Sarah	23	-----	F	1798	825	Place-2
SMITH	Shawn	53	-----	M	1798	317	Place-11
SMITH	Sharon	58	-----	F	1798	1399	Place-4
SMITH	Jenkins	49	-----	M	1798	234	Place-7
SMITH	Sharon	58	-----	F	1798	1171	Place-21
SMITH	Shawn	57	-----	M	1798	88	Place-12
SMITH	Jim	58	-----	M	1798	304	Place-16
SMITH	Paulo	25	-----	M	1798	790	Place-9
SMITH	Sharon	58	-----	F	1798	1269	Place-11
SMITH	Jim	56	-----	M	1798	132	Place-10
SMITH	Sarah	57	-----	F	1798	1114	Place-19
SMITH	Jim	36	-----	M	1798	574	Place-9
SMITH	Joseph	36	-----	M	1798	569	Place-8
SMITH	Sarah	15	-----	F	1798	987	Place-17
SMITH	Joseph	14	-----	M	1798	1009	Place-28
SMITH	Sarah	3	-----	F	1798	1354	Place-23
SMITH	Sarah	2	-----	F	1798	1383	Place-25
SMITH	Sarah	1	-----	F	1798	1407	Place-8
SMITH	Jacob	1	-----	M	1798	1408	Place-17
SMITH	Shawn	1	-----	M	1798	1412	Place-9
SMITH	Jim	0	-----	M	1798	1437	Place-7
SMITH	Seonaid	0	-----	F	1798	1449	Place-16
SMITH	Jim	0	-----	M	1798	1453	Place-20
SMITH	Suzanne	30	-----	F	1799	714	Place-6
SMITH	Sharon	58	-----	F	1799	664	Place-14
SMITH	Jenkins	31	-----	M	1799	710	Place-8
SMITH	Seonaid	20	-----	F	1799	905	Place-15
SMITH	Sharon	20	-----	F	1799	916	Place-19
SMITH	Seonaid	13	-----	F	1799	1082	Place-28
SMITH	James	7	-----	M	1799	1246	Place-6
SMITH	Jim	7	-----	M	1799	1257	Place-11
SMITH	Jacob	5	-----	M	1799	1320	Place-2
SMITH	Bob	4	-----	M	1799	1328	Place-14
SMITH	Susan	2	-----	F	1799	1418	Place-27
SMITH	James	1	-----	M	1799	1430	Place-2
SMITH	Briony	1	-----	F	1799	1442	Place-12
SMITH	Sarah	1	-----	F	1799	1446	Place-9
SMITH	Briony	1	-----	F	1799	1447	Place-28
SMITH	Jenkins	0	-----	M	1799	1461	Place-12
SMITH	Jacob	0	-----	M	1799	1464	Place-3
SMITH	Jenkins	0	-----	M	1799	1472	Place-14
SMITH	Sheila	0	-----	F	1799	1473	Place-7
SMITH	Seonaid	0	-----	F	1799	1476	Place-21
SMITH	Jacob	36	-----	M	1800	625	Place-12
SMITH	Suzanne	50	-----	F	1800	940	Place-19
SMITH	Bob	29	-----	M	1800	747	Place-23
SMITH	Susan	21	-----	F	1800	898	Place-23
SMITH	Sarah	20	-----	F	1800	934	Place-16
SMITH	Sheila	14	-----	F	1800	1063	Place-8
SMITH	James	14	-----	M	1800	1071	Place-21
SMITH	James	10	-----	M	1800	1178	Place-28
SMITH	Paulo	10	-----	M	1800	1179	Place-13
SMITH	Shawn	9	-----	M	1800	1218	Place-17
SMITH	Jenkins	2	-----	M	1800	1456	Place-8
SMITH	Susan	1	-----	F	1800	1477	Place-26
SMITH	Briony	1	-----	F	1800	1480	Place-19
SMITH	Jim	0	-----	M	1800	1484	Place-27
SMITH	Sarah	0	-----	F	1800	1486	Place-16
SMITH	Jacob	0	-----	M	1800	1487	Place-27
SMITH	Jim	0	-----	M	1800	1492	Place-14
SMITH	Jim	0	-----	M	1800	1493	Place-2
SMITH	Seonaid	0	-----	F	1800	1496	Place-27
SMITH	Joseph	0	-----	M	1800	1499	Place-27
SMITH	Jacob	0	-----	M	1800	1502	Place-27
SMITH	Sheila	55	-----	F	1801	794	Place-22
SMITH	Seonaid	44	-----	F	1801	1398	Place-17
SMITH	Seonaid	37	-----	F	1801	1325	Place-28
SMITH	Seonaid	55	-----	F	1801	959	Place-26
SMITH	Shawn	31	-----	M	1801	730	Place-3
SMITH	Seonaid	17	-----	F	1801	1015	Place-8
SMITH	Seonaid	15	-----	F	1801	1065	Place-27
SMITH	Briony	13	-----	F	1801	1129	Place-28
SMITH	Shawn	10	-----	M	1801	1203	Place-16
SMITH	Seonaid	10	-----	F	1801	1208	Place-23
SMITH	Bob	8	-----	M	1801	1277	Place-19
SMITH	Bob	8	-----	M	1801	1296	Place-7
SMITH	Briony	5	-----	F	1801	1394	Place-7
SMITH	Jenkins	1	-----	M	1801	1494	Place-7
SMITH	Jacob	1	-----	M	1801	1504	Place-18
SMITH	Sheila	1	-----	F	1801	1506	Place-7
SMITH	Joseph	0	-----	M	1801	1513	Place-12
SMITH	Sharon	0	-----	F	1801	1516	Place-18
SMITH	Suzanne	0	-----	F	1801	1520	Place-24
SMITH	Joseph	0	-----	M	1801	1529	Place-28
SMITH	Paulo	0	-----	M	1801	1533	Place-6
SMITH	Shawn	0	-----	M	1801	1534	Place-6
SMITH	Selina	22	-----	F	1802	923	Place-2
SMITH	Sheila	41	-----	F	1802	1427	Place-14
SMITH	Selina	57	-----	F	1802	295	Place-1
SMITH	Paulo	35	-----	M	1802	685	Place-11
SMITH	Sarah	61	-----	F	1802	1227	Place-19
SMITH	Jenkins	52	-----	M	1802	74	Place-14
SMITH	Shawn	34	-----	M	1802	705	Place-22
SMITH	James	27	-----	M	1802	828	Place-16
SMITH	Shawn	8	-----	M	1802	1311	Place-27
SMITH	James	1	-----	M	1802	1515	Place-9
SMITH	Jim	1	-----	M	1802	1522	Place-19
SMITH	Sheila	1	-----	F	1802	1536	Place-29
SMITH	James	0	-----	M	1802	1551	Place-20
SMITH	Susan	0	-----	F	1802	1554	Place-8
SMITH	Bob	0	-----	M	1802	1564	Place-21
SMITH	James	0	-----	M	1802	1568	Place-13
SMITH	Sheila	0	-----	F	1802	1572	Place-21
SMITH	Seonaid	22	-----	F	1803	949	Place-10
SMITH	Paulo	24	-----	M	1803	913	Place-16
SMITH	Selina	13	-----	F	1803	1194	Place-23
SMITH	Susan	12	-----	F	1803	1204	Place-19
SMITH	Paulo	10	-----	M	1803	1294	Place-29
SMITH	Selina	10	-----	F	1803	1295	Place-16
SMITH	Jacob	7	-----	M	1803	1364	Place-10
SMITH	Selina	6	-----	F	1803	1416	Place-2
SMITH	James	5	-----	M	1803	1431	Place-1
SMITH	Shawn	5	-----	M	1803	1444	Place-24
SMITH	Sarah	2	-----	F	1803	1525	Place-6
SMITH	Seonaid	2	-----	F	1803	1526	Place-27
SMITH	Sarah	1	-----	F	1803	1546	Place-3
SMITH	Briony	1	-----	F	1803	1555	Place-19
SMITH	Sheila	0	-----	F	1803	1587	Place-29
SMITH	Seonaid	53	-----	F	1804	96	Place-8
SMITH	Sarah	39	-----	F	1804	660	Place-27
SMITH	Joseph	18	-----	M	1804	1076	Place-18
SMITH	Jacob	33	-----	M	1804	751	Place-19
SMITH	James	23	-----	M	1804	946	Place-24
SMITH	Susan	12	-----	F	1804	1239	Place-20
SMITH	Susan	12	-----	F	1804	1247	Place-0
SMITH	Susan	2	-----	F	1804	1558	Place-18
SMITH	James	1	-----	M	1804	1580	Place-18
SMITH	Selina	1	-----	F	1804	1586	Place-10
SMITH	Sarah	1	-----	F	1804	1591	Place-27
SMITH	Joseph	0	-----	M	1804	1607	Place-4
SMITH	Jim	0	-----	M	1804	1612	Place-12
SMITH	Selina	0	-----	F	1804	1620	Place-18
SMITH	Sarah	0	-----	F	1804	1622	Place-27
SMITH	Jacob	0	-----	M	1804	1624	Place-29
SMITH	Joseph	42	-----	M	1805	588	Place-12
SMITH	Seonaid	9	-----	F	1805	1387	Place-27
SMITH	Sarah	1	-----	F	1805	1621	Place-0
SMITH	Joseph	43	-----	M	1805	570	Place-18
SMITH	Sheila	41	-----	F	1805	1302	Place-21
SMITH	Selina	50	-----	F	1805	409	Place-9
SMITH	Susan	16	-----	F	1805	1160	Place-15
SMITH	James	29	-----	M	1805	844	Place-24
SMITH	Sharon	19	-----	F	1805	1084	Place-13
SMITH	Jim	23	-----	M	1805	973	Place-24
SMITH	James	59	-----	M	1805	62	Place-26
SMITH	Jenkins	15	-----	M	1805	1195	Place-8
SMITH	Seonaid	10	-----	F	1805	1344	Place-26
SMITH	Paulo	9	-----	M	1805	1384	Place-7
SMITH	Selina	4	-----	F	1805	1523	Place-28
SMITH	Paulo	4	-----	M	1805	1535	Place-0
SMITH	Jenkins	1	-----	M	1805	1616	Place-10
SMITH	Selina	0	-----	F	1805	1635	Place-5
SMITH	Susan	0	-----	F	1805	1636	Place-12
SMITH	Sheila	0	-----	F	1805	1639	Place-14
SMITH	Seonaid	0	-----	F	1805	1643	Place-15
SMITH	Seonaid	0	-----	F	1805	1655	Place-28
SMITH	Jenkins	0	-----	M	1805	1659	Place-29
SMITH	Sheila	55	-----	F	1806	829	Place-20
SMITH	Jacob	28	-----	M	1806	883	Place-28
SMITH	Shawn	60	-----	M	1806	42	Place-14
SMITH	Jenkins	52	-----	M	1806	361	Place-16
SMITH	James	43	-----	M	1806	613	Place-28
SMITH	Paulo	30	-----	M	1806	834	Place-27
SMITH	Seonaid	17	-----	F	1806	1165	Place-5
SMITH	Suzanne	16	-----	F	1806	1196	Place-6
SMITH	Paulo	6	-----	M	1806	1505	Place-4
SMITH	Sheila	3	-----	F	1806	1600	Place-15
SMITH	Jim	1	-----	M	1806	1631	Place-23
SMITH	Jenkins	1	-----	M	1806	1634	Place-28
SMITH	Jim	1	-----	M	1806	1637	Place-24
SMITH	Briony	1	-----	F	1806	1641	Place-1
SMITH	Sheila	1	-----	F	1806	1646	Place-21
SMITH	Bob	1	-----	M	1806	1649	Place-10
SMITH	Joseph	1	-----	M	1806	1654	Place-23
SMITH	Suzanne	0	-----	F	1806	1674	Place-16
SMITH	Bob	0	-----	M	1806	1676	Place-11
SMITH	Shawn	0	-----	M	1806	1679	Place-12
SMITH	Jenkins	0	-----	M	1806	1680	Place-20
SMITH	Sarah	0	-----	F	1806	1681	Place-18
SMITH	Sheila	0	-----	F	1806	1683	Place-18
SMITH	Jacob	0	-----	M	1806	1685	Place-23
SMITH	Sarah	0	-----	F	1806	1686	Place-4
SMITH	Sheila	0	-----	F	1806	1689	Place-13
SMITH	Bob	0	-----	M	1806	1691	Place-27
SMITH	Jim	0	-----	M	1806	1695	Place-20
SMITH	Sheila	0	-----	F	1806	1700	Place-19
SMITH	Bob	0	-----	M	1806	1701	Place-26
SMITH	Seonaid	18	-----	F	1807	1147	Place-28
SMITH	Sarah	36	-----	F	1807	1662	Place-22
SMITH	Briony	25	-----	F	1807	969	Place-28
SMITH	Seonaid	30	-----	F	1807	1538	Place-28
SMITH	Selina	27	-----	F	1807	1459	Place-6
SMITH	Selina	22	-----	F	1807	1044	Place-19
SMITH	Shawn	23	-----	M	1807	1012	Place-19
SMITH	Sarah	15	-----	F	1807	1235	Place-16
SMITH	Suzanne	11	-----	F	1807	1371	Place-19
SMITH	Jim	4	-----	M	1807	1598	Place-19
SMITH	Jenkins	2	-----	M	1807	1630	Place-15
SMITH	James	1	-----	M	1807	1678	Place-7
SMITH	Sarah	1	-----	F	1807	1687	Place-25
SMITH	Shawn	1	-----	M	1807	1698	Place-8
SMITH	Suzanne	1	-----	F	1807	1702	Place-5
SMITH	Bob	0	-----	M	1807	1722	Place-21
SMITH	Jim	0	-----	M	1807	1725	Place-0
SMITH	Jenkins	0	-----	M	1807	1730	Place-8
SMITH	James	0	-----	M	1807	1732	Place-19
SMITH	Joseph	0	-----	M	1807	1735	Place-1
SMITH	Briony	46	-----	F	1808	1738	Place-11
SMITH	Jenkins	23	-----	M	1808	1040	Place-0
SMITH	Shawn	46	-----	M	1808	561	Place-7
SMITH	Joseph	39	-----	M	1808	725	Place-7
SMITH	Paulo	33	-----	M	1808	823	Place-11
SMITH	Suzanne	22	-----	F	1808	1077	Place-23
SMITH	Sarah	12	-----	F	1808	1358	Place-13
SMITH	Sheila	8	-----	F	1808	1507	Place-7
SMITH	Jim	7	-----	M	1808	1511	Place-25
SMITH	Briony	6	-----	F	1808	1547	Place-22
SMITH	Suzanne	3	-----	F	1808	1650	Place-13
SMITH	Sarah	3	-----	F	1808	1657	Place-7
SMITH	Jacob	1	-----	M	1808	1718	Place-28
SMITH	Sharon	1	-----	F	1808	1719	Place-27
SMITH	James	0	-----	M	1808	1748	Place-9
SMITH	Seonaid	0	-----	F	1808	1749	Place-23
SMITH	Shawn	0	-----	M	1808	1752	Place-1
SMITH	Susan	44	-----	F	1809	663	Place-19
SMITH	Sarah	33	-----	F	1809	840	Place-26
SMITH	Jenkins	21	-----	M	1809	1126	Place-6
SMITH	Seonaid	16	-----	F	1809	1288	Place-15
SMITH	Paulo	51	-----	M	1809	484	Place-6
SMITH	James	15	-----	M	1809	1306	Place-11
SMITH	Jenkins	14	-----	M	1809	1338	Place-16
SMITH	Suzanne	14	-----	F	1809	1350	Place-29
SMITH	Sarah	10	-----	F	1809	1469	Place-13
SMITH	Susan	3	-----	F	1809	1688	Place-23
SMITH	Paulo	2	-----	M	1809	1716	Place-13
SMITH	Jim	2	-----	M	1809	1727	Place-10
SMITH	Sarah	2	-----	F	1809	1729	Place-25
SMITH	Jenkins	2	-----	M	1809	1733	Place-23
SMITH	Jenkins	1	-----	M	1809	1750	Place-27
SMITH	Sharon	1	-----	F	1809	1757	Place-13
SMITH	Briony	1	-----	F	1809	1762	Place-24
SMITH	Selina	1	-----	F	1809	1766	Place-20
SMITH	Jenkins	0	-----	M	1809	1779	Place-20
SMITH	Briony	0	-----	F	1809	1780	Place-26
SMITH	Bob	0	-----	M	1809	1787	Place-25
SMITH	Shawn	0	-----	M	1809	1793	Place-9
SMITH	Sharon	0	-----	F	1809	1802	Place-26
SMITH	Sarah	0	-----	F	1809	1809	Place-24
SMITH	Shawn	55	-----	M	1810	404	Place-0
SMITH	Jacob	55	-----	M	1810	420	Place-6
SMITH	Sheila	21	-----	F	1810	1168	Place-18
SMITH	Selina	55	-----	F	1810	1704	Place-29
SMITH	Jenkins	16	-----	M	1810	1310	Place-20
SMITH	Seonaid	57	-----	F	1810	1356	Place-18
SMITH	Sheila	46	-----	F	1810	628	Place-7
SMITH	James	24	-----	M	1810	1059	Place-21
SMITH	Sarah	25	-----	F	1810	1028	Place-13
SMITH	Jenkins	54	-----	M	1810	426	Place-6
SMITH	Suzanne	22	-----	F	1810	1118	Place-0
SMITH	Paulo	17	-----	M	1810	1293	Place-7
SMITH	Susan	16	-----	F	1810	1314	Place-24
SMITH	Jenkins	14	-----	M	1810	1365	Place-17
SMITH	Joseph	6	-----	M	1810	1626	Place-20
SMITH	Sarah	4	-----	F	1810	1697	Place-7
SMITH	Seonaid	1	-----	F	1810	1771	Place-19
SMITH	Paulo	1	-----	M	1810	1772	Place-13
SMITH	Sarah	1	-----	F	1810	1775	Place-18
SMITH	James	1	-----	M	1810	1776	Place-29
SMITH	Selina	1	-----	F	1810	1791	Place-23
SMITH	Sharon	1	-----	F	1810	1806	Place-5
SMITH	Jim	0	-----	M	1810	1822	Place-15
SMITH	Susan	0	-----	F	1810	1826	Place-3
SMITH	Bob	0	-----	M	1810	1827	Place-14
SMITH	Seonaid	0	-----	F	1810	1830	Place-14
SMITH	Jacob	0	-----	M	1810	1832	Place-20
SMITH	James	0	-----	M	1810	1834	Place-22
SMITH	Sheila	0	-----	F	1810	1835	Place-28
SMITH	Joseph	0	-----	M	1810	1839	Place-24
SMITH	Joseph	0	-----	M	1810	1843	Place-18
SMITH	Briony	40	-----	F	1811	1573	Place-8
SMITH	Shawn	39	-----	M	1811	763	Place-12
SMITH	Jenkins	27	-----	M	1811	1010	Place-13
SMITH	Briony	55	-----	F	1811	431	Place-14
SMITH	Sharon	56	-----	F	1811	1705	Place-4
SMITH	Suzanne	55	-----	F	1811	1666	Place-9
SMITH	Sharon	34	-----	F	1811	1668	Place-18
SMITH	Seonaid	56	-----	F	1811	976	Place-20
SMITH	Bob	54	-----	M	1811	445	Place-16
SMITH	Seonaid	19	-----	F	1811	1234	Place-9
SMITH	Suzanne	15	-----	F	1811	1382	Place-3
SMITH	Jacob	12	-----	M	1811	1474	Place-27
SMITH	Susan	9	-----	F	1811	1542	Place-2
SMITH	Shawn	9	-----	M	1811	1561	Place-27
SMITH	Shawn	2	-----	M	1811	1785	Place-19
SMITH	Paulo	1	-----	M	1811	1820	Place-18
SMITH	Joseph	1	-----	M	1811	1823	Place-14
SMITH	Selina	1	-----	F	1811	1825	Place-8
SMITH	Sarah	1	-----	F	1811	1836	Place-23
SMITH	Jacob	1	-----	M	1811	1840	Place-13
SMITH	Joseph	0	-----	M	1811	1863	Place-10
SMITH	Suzanne	0	-----	F	1811	1867	Place-14
SMITH	Paulo	0	-----	M	1811	1873	Place-18
SMITH	Bob	0	-----	M	1811	1876	Place-9
SMITH	Seonaid	0	-----	F	1811	1878	Place-16
SMITH	Bob	0	-----	M	1811	1879	Place-15
SMITH	Suzanne	0	-----	F	1811	1891	Place-1
SMITH	Susan	0	-----	F	1811	1892	Place-16
SMITH	Briony	46	-----	F	1812	1849	Place-22
SMITH	Shawn	55	-----	M	1812	455	Place-13
SMITH	Paulo	56	-----	M	1812	430	Place-4
SMITH	Paulo	55	-----	M	1812	454	Place-13
SMITH	Jim	21	-----	M	1812	1209	Place-15
SMITH	Joseph	56	-----	M	1812	429	Place-24
SMITH	Jim	55	-----	M	1812	457	Place-18
SMITH	Briony	25	-----	F	1812	1101	Place-26
SMITH	Susan	11	-----	F	1812	1532	Place-22
SMITH	Jacob	9	-----	M	1812	1589	Place-16
SMITH	Seonaid	4	-----	F	1812	1746	Place-22
SMITH	Briony	1	-----	F	1812	1861	Place-18
SMITH	James	1	-----	M	1812	1883	Place-19
SMITH	Bob	1	-----	M	1812	1885	Place-28
SMITH	Briony	1	-----	F	1812	1890	Place-29
SMITH	Briony	0	-----	F	1812	1904	Place-0
SMITH	Selina	0	-----	F	1812	1907	Place-13
SMITH	Selina	0	-----	F	1812	1909	Place-28
SMITH	Sharon	0	-----	F	1812	1911	Place-28
SMITH	Sharon	0	-----	F	1812	1914	Place-6
SMITH	Briony	0	-----	F	1812	1916	Place-24
SMITH	Bob	0	-----	M	1812	1925	Place-26
SMITH	Selina	0	-----	F	1812	1926	Place-25
SMITH	Sarah	0	-----	F	1812	1938	Place-14
SMITH	Suzanne	1	-----	F	1813	1919	Place-3
SMITH	Sharon	27	-----	F	1813	1900	Place-3
SMITH	Shawn	18	-----	M	1813	1331	Place-22
SMITH	Selina	8	-----	F	1813	1651	Place-28
SMITH	Sheila	33	-----	F	1813	1482	Place-3
SMITH	Joseph	36	-----	M	1813	857	Place-20
SMITH	Sarah	57	-----	F	1813	1170	Place-1
SMITH	Selina	60	-----	F	1813	793	Place-5
SMITH	Shawn	24	-----	M	1813	1146	Place-11
SMITH	Joseph	24	-----	M	1813	1156	Place-21
SMITH	Sheila	21	-----	F	1813	1256	Place-26
SMITH	Sheila	15	-----	F	1813	1452	Place-15
SMITH	James	8	-----	M	1813	1644	Place-21
SMITH	Sheila	6	-----	F	1813	1710	Place-27
SMITH	Briony	2	-----	F	1813	1888	Place-11
SMITH	Jacob	1	-----	M	1813	1902	Place-17
SMITH	Suzanne	1	-----	F	1813	1915	Place-21
SMITH	Seonaid	1	-----	F	1813	1921	Place-14
SMITH	Bob	1	-----	M	1813	1923	Place-11
SMITH	Briony	1	-----	F	1813	1931	Place-10
SMITH	Sarah	1	-----	F	1813	1935	Place-16
SMITH	Bob	1	-----	M	1813	1937	Place-29
SMITH	Briony	0	-----	F	1813	1960	Place-18
SMITH	Susan	0	-----	F	1813	1961	Place-4
SMITH	Shawn	0	-----	M	1813	1962	Place-24
SMITH	Jim	0	-----	M	1813	1963	Place-29
SMITH	Susan	0	-----	F	1813	1965	Place-20
SMITH	Briony	0	-----	F	1813	1973	Place-19
SMITH	Bob	26	-----	M	1814	1137	Place-3
SMITH	Jacob	37	-----	M	1814	860	Place-25
SMITH	Jacob	12	-----	M	1814	1559	Place-19
SMITH	Bob	56	-----	M	1814	486	Place-0
SMITH	James	26	-----	M	1814	1116	Place-26
SMITH	Sharon	25	-----	F	1814	1164	Place-1
SMITH	Joseph	18	-----	M	1814	1389	Place-24
SMITH	Sheila	16	-----	F	1814	1440	Place-9
SMITH	Susan	13	-----	F	1814	1524	Place-27
SMITH	James	12	-----	M	1814	1550	Place-7
SMITH	Suzanne	6	-----	F	1814	1759	Place-24
SMITH	Seonaid	2	-----	F	1814	1932	Place-21
SMITH	Briony	1	-----	F	1814	1952	Place-18
SMITH	Seonaid	1	-----	F	1814	1956	Place-3
SMITH	Seonaid	1	-----	F	1814	1970	Place-0
SMITH	Jacob	1	-----	M	1814	1976	Place-14
SMITH	Paulo	1	-----	M	1814	1979	Place-23
SMITH	Bob	0	-----	M	1814	1983	Place-12
SMITH	Joseph	0	-----	M	1814	1991	Place-12
SMITH	Susan	0	-----	F	1814	1993	Place-6
SMITH	Jenkins	0	-----	M	1814	1994	Place-6
SMITH	Sheila	0	-----	F	1814	2001	Place-23
SMITH	Shawn	0	-----	M	1814	2005	Place-3
SMITH	Paulo	0	-----	M	1814	2018	Place-27
SMITH	Sheila	0	-----	F	1814	2022	Place-20
SMITH	Sheila	0	-----	F	1814	2027	Place-3
SMITH	Suzanne	69	-----	F	1815	2036	Place-20
SMITH	Jenkins	56	-----	M	1815	498	Place-13
SMITH	Bob	33	-----	M	1815	972	Place-9
SMITH	Briony	58	-----	F	1815	1267	Place-13
SMITH	Jacob	44	-----	M	1815	755	Place-24
SMITH	Seonaid	9	-----	F	1815	1692	Place-16
SMITH	Jacob	55	-----	M	1815	531	Place-5
SMITH	Sheila	60	-----	F	1815	1401	Place-28
SMITH	Sharon	48	-----	F	1815	1400	Place-15
SMITH	Susan	15	-----	F	1815	1500	Place-26
SMITH	Joseph	69	-----	M	1815	204	Place-20
SMITH	James	44	-----	M	1815	757	Place-14
SMITH	Selina	19	-----	F	1815	1381	Place-28
SMITH	Jacob	15	-----	M	1815	1485	Place-29
SMITH	Sheila	5	-----	F	1815	1837	Place-13
SMITH	Sharon	4	-----	F	1815	1874	Place-5
SMITH	Paulo	1	-----	M	1815	1984	Place-14
SMITH	Shawn	1	-----	M	1815	1985	Place-18
SMITH	Sarah	1	-----	F	1815	1996	Place-29
SMITH	Bob	1	-----	M	1815	1997	Place-20
SMITH	Sharon	1	-----	F	1815	1999	Place-18
SMITH	Selina	1	-----	F	1815	2006	Place-4
SMITH	Sharon	1	-----	F	1815	2016	Place-13
SMITH	Jim	1	-----	M	1815	2017	Place-24
SMITH	Suzanne	1	-----	F	1815	2021	Place-29
SMITH	Shawn	1	-----	M	1815	2023	Place-18
SMITH	Sarah	1	-----	F	1815	2024	Place-26
SMITH	James	1	-----	M	1815	2029	Place-12
SMITH	Sarah	0	-----	F	1815	2039	Place-12
SMITH	Jacob	0	-----	M	1815	2045	Place-14
SMITH	Joseph	0	-----	M	1815	2047	Place-11
SMITH	Sarah	0	-----	F	1815	2053	Place-24
SMITH	Paulo	0	-----	M	1815	2054	Place-11
SMITH	Sarah	0	-----	F	1815	2056	Place-24
SMITH	Shawn	0	-----	M	1815	2059	Place-5
SMITH	Shawn	0	-----	M	1815	2067	Place-21
SMITH	Jim	0	-----	M	1815	2069	Place-24
SMITH	Jacob	0	-----	M	1815	2074	Place-21
SMITH	Sarah	57	-----	F	1816	493	Place-21
SMITH	Jacob	1	-----	M	1816	2065	Place-15
SMITH	Susan	61	-----	F	1816	887	Place-14
SMITH	Joseph	22	-----	M	1816	1312	Place-16
SMITH	James	24	-----	M	1816	1250	Place-12
SMITH	Sheila	23	-----	F	1816	1285	Place-6
SMITH	Jenkins	57	-----	M	1816	504	Place-0
SMITH	Bob	62	-----	M	1816	329	Place-15
SMITH	Shawn	47	-----	M	1816	723	Place-21
SMITH	Jacob	55	-----	M	1816	545	Place-24
SMITH	Joseph	63	-----	M	1816	223	Place-25
SMITH	Jacob	21	-----	M	1816	1342	Place-19
SMITH	Sarah	20	-----	F	1816	1359	Place-9
SMITH	Sharon	20	-----	F	1816	1385	Place-21
SMITH	Seonaid	17	-----	F	1816	1478	Place-7
SMITH	Sheila	14	-----	F	1816	1553	Place-5
SMITH	Seonaid	12	-----	F	1816	1623	Place-24
SMITH	Shawn	9	-----	M	1816	1711	Place-28
SMITH	Shawn	7	-----	M	1816	1788	Place-5
SMITH	Sharon	7	-----	F	1816	1794	Place-1
SMITH	James	7	-----	M	1816	1801	Place-23
SMITH	Bob	6	-----	M	1816	1816	Place-28
SMITH	Jim	2	-----	M	1816	2009	Place-16
SMITH	Seonaid	2	-----	F	1816	2030	Place-27
SMITH	Sarah	1	-----	F	1816	2038	Place-13
SMITH	Bob	1	-----	M	1816	2042	Place-27
SMITH	Jacob	1	-----	M	1816	2048	Place-12
SMITH	Jacob	1	-----	M	1816	2051	Place-0
SMITH	Jenkins	1	-----	M	1816	2063	Place-23
SMITH	Susan	1	-----	F	1816	2068	Place-13
SMITH	Bob	1	-----	M	1816	2070	Place-18
SMITH	Selina	0	-----	F	1816	2091	Place-12
SMITH	Briony	0	-----	F	1816	2096	Place-14
SMITH	Jacob	0	-----	M	1816	2115	Place-27
SMITH	Joseph	57	-----	M	1817	525	Place-3
SMITH	Paulo	46	-----	M	1817	754	Place-23
SMITH	Sheila	48	-----	F	1817	1850	Place-9
SMITH	Suzanne	56	-----	F	1817	1814	Place-24
SMITH	Suzanne	34	-----	F	1817	981	Place-26
SMITH	Joseph	56	-----	M	1817	547	Place-15
SMITH	James	11	-----	M	1817	1693	Place-20
SMITH	James	42	-----	M	1817	822	Place-1
SMITH	Sarah	55	-----	F	1817	1300	Place-9
SMITH	Sharon	22	-----	F	1817	1336	Place-10
SMITH	Bob	18	-----	M	1817	1470	Place-15
SMITH	Sheila	17	-----	F	1817	1503	Place-21
SMITH	Jim	13	-----	M	1817	1618	Place-24
SMITH	Jenkins	10	-----	M	1817	1712	Place-24
SMITH	James	10	-----	M	1817	1734	Place-26
SMITH	Joseph	9	-----	M	1817	1758	Place-22
SMITH	Susan	7	-----	F	1817	1846	Place-20
SMITH	Sheila	5	-----	F	1817	1940	Place-24
SMITH	Shawn	4	-----	M	1817	1951	Place-9
SMITH	Jim	1	-----	M	1817	2085	Place-16
SMITH	James	1	-----	M	1817	2088	Place-11
SMITH	Seonaid	1	-----	F	1817	2092	Place-9
SMITH	Jim	1	-----	M	1817	2093	Place-29
SMITH	Sarah	1	-----	F	1817	2098	Place-27
SMITH	Jenkins	1	-----	M	1817	2104	Place-4
SMITH	Bob	1	-----	M	1817	2105	Place-26
SMITH	Sarah	1	-----	F	1817	2121	Place-20
SMITH	Jim	1	-----	M	1817	2122	Place-8
SMITH	Paulo	0	-----	M	1817	2130	Place-13
SMITH	Suzanne	0	-----	F	1817	2137	Place-9
SMITH	Sarah	0	-----	F	1817	2138	Place-28
SMITH	Bob	0	-----	M	1817	2141	Place-29
SMITH	Briony	0	-----	F	1817	2146	Place-0
SMITH	Susan	0	-----	F	1817	2147	Place-5
SMITH	Sharon	0	-----	F	1817	2150	Place-18
SMITH	Suzanne	0	-----	F	1817	2151	Place-0
SMITH	Seonaid	0	-----	F	1817	2154	Place-11
SMITH	Susan	0	-----	F	1817	2156	Place-22
SMITH	Suzanne	0	-----	F	1817	2158	Place-13
SMITH	Joseph	0	-----	M	1817	2160	Place-20
SMITH	Briony	0	-----	F	1817	2167	Place-19
SMITH	Jim	21	-----	M	1818	1415	Place-11
SMITH	Sharon	22	-----	F	1818	1380	Place-16
SMITH	Sarah	39	-----	F	1818	1740	Place-10
SMITH	Sharon	24	-----	F	1818	1304	Place-14
SMITH	Suzanne	56	-----	F	1818	1942	Place-11
SMITH	Sheila	56	-----	F	1818	1898	Place-27
SMITH	Jenkins	26	-----	M	1818	1240	Place-20
SMITH	Paulo	60	-----	M	1818	472	Place-17
SMITH	Bob	41	-----	M	1818	864	Place-13
SMITH	Sarah	35	-----	F	1818	988	Place-20
SMITH	Shawn	56	-----	M	1818	565	Place-13
SMITH	James	55	-----	M	1818	589	Place-24
SMITH	James	55	-----	M	1818	611	Place-27
SMITH	Jenkins	27	-----	M	1818	1222	Place-8
SMITH	Selina	23	-----	F	1818	1351	Place-22
SMITH	Susan	16	-----	F	1818	1566	Place-22
SMITH	Shawn	10	-----	M	1818	1754	Place-7
SMITH	Susan	8	-----	F	1818	1819	Place-18
SMITH	Joseph	2	-----	M	1818	2119	Place-22
SMITH	Joseph	1	-----	M	1818	2140	Place-12
SMITH	Bob	1	-----	M	1818	2144	Place-19
SMITH	Shawn	1	-----	M	1818	2153	Place-19
SMITH	Sarah	1	-----	F	1818	2170	Place-27
SMITH	Selina	0	-----	F	1818	2181	Place-11
SMITH	Jim	0	-----	M	1818	2186	Place-24
SMITH	Susan	0	-----	F	1818	2210	Place-16
SMITH	Jacob	0	-----	M	1818	2211	Place-5
SMITH	Jacob	22	-----	M	1819	1423	Place-20
SMITH	Joseph	57	-----	M	1819	559	Place-22
SMITH	Seonaid	55	-----	F	1819	2076	Place-13
SMITH	Joseph	48	-----	M	1819	750	Place-13
SMITH	Suzanne	34	-----	F	1819	1038	Place-22
SMITH	Sarah	23	-----	F	1819	1391	Place-13
SMITH	Bob	57	-----	M	1819	583	Place-13
SMITH	Briony	57	-----	F	1819	564	Place-18
SMITH	Sarah	57	-----	F	1819	1602	Place-20
SMITH	Sharon	49	-----	F	1819	734	Place-22
SMITH	Shawn	30	-----	M	1819	1162	Place-9
SMITH	Shawn	55	-----	M	1819	642	Place-13
SMITH	Bob	57	-----	M	1819	578	Place-18
SMITH	Jacob	27	-----	M	1819	1259	Place-7
SMITH	Sharon	26	-----	F	1819	1279	Place-19
SMITH	Sheila	8	-----	F	1819	1887	Place-23
SMITH	Jim	6	-----	M	1819	1950	Place-12
SMITH	Bob	4	-----	M	1819	2055	Place-25
SMITH	Selina	1	-----	F	1819	2180	Place-10
SMITH	Shawn	1	-----	M	1819	2193	Place-1
SMITH	Jim	1	-----	M	1819	2194	Place-4
SMITH	Paulo	1	-----	M	1819	2196	Place-11
SMITH	Sheila	1	-----	F	1819	2199	Place-10
SMITH	Jacob	1	-----	M	1819	2205	Place-24
SMITH	Shawn	1	-----	M	1819	2206	Place-14
SMITH	Briony	0	-----	F	1819	2223	Place-25
SMITH	Paulo	0	-----	M	1819	2225	Place-7
SMITH	Sharon	0	-----	F	1819	2227	Place-22
SMITH	Shawn	0	-----	M	1819	2229	Place-1
SMITH	Seonaid	0	-----	F	1819	2234	Place-9
SMITH	Sheila	0	-----	F	1819	2235	Place-20
SMITH	Joseph	0	-----	M	1819	2241	Place-14
SMITH	Paulo	0	-----	M	1819	2248	Place-17
SMITH	Seonaid	0	-----	F	1819	2249	Place-20
SMITH	Paulo	19	-----	M	1820	1531	Place-7
SMITH	Suzanne	44	-----	F	1820	833	Place-7
SMITH	Jim	48	-----	M	1820	765	Place-26
SMITH	Shawn	56	-----	M	1820	630	Place-29
SMITH	Susan	32	-----	F	1820	1812	Place-21
SMITH	Paulo	56	-----	M	1820	639	Place-0
SMITH	Sharon	39	-----	F	1820	1604	Place-3
SMITH	Susan	43	-----	F	1820	1661	Place-19
SMITH	Susan	19	-----	F	1820	1517	Place-7
SMITH	James	17	-----	M	1820	1582	Place-13
SMITH	Seonaid	17	-----	F	1820	1585	Place-13
SMITH	Seonaid	12	-----	F	1820	1767	Place-25
SMITH	Susan	8	-----	F	1820	1939	Place-4
SMITH	Jim	7	-----	M	1820	1943	Place-9
SMITH	Susan	7	-----	F	1820	1964	Place-14
SMITH	Susan	3	-----	F	1820	2155	Place-2
SMITH	Paulo	1	-----	M	1820	2220	Place-23
SMITH	Shawn	1	-----	M	1820	2221	Place-26
SMITH	Sharon	1	-----	F	1820	2238	Place-29
SMITH	Seonaid	1	-----	F	1820	2239	Place-13
SMITH	Briony	0	-----	F	1820	2263	Place-6
SMITH	Suzanne	0	-----	F	1820	2265	Place-10
SMITH	Suzanne	0	-----	F	1820	2271	Place-27
SMITH	James	0	-----	M	1820	2278	Place-7
SMITH	Bob	0	-----	M	1820	2288	Place-21
SMITH	Suzanne	0	-----	F	1820	2292	Place-26
SMITH	Jenkins	0	-----	M	1820	2294	Place-18
SMITH	Bob	22	-----	M	1821	1479	Place-27
SMITH	Susan	29	-----	F	1821	1244	Place-6
SMITH	Sheila	59	-----	F	1821	2172	Place-22
SMITH	Suzanne	57	-----	F	1821	2124	Place-13
SMITH	Jacob	38	-----	M	1821	979	Place-4
SMITH	Briony	37	-----	F	1821	2080	Place-1
SMITH	Jacob	39	-----	M	1821	968	Place-6
SMITH	Jenkins	56	-----	M	1821	655	Place-2
SMITH	Seonaid	25	-----	F	1821	1362	Place-6
SMITH	Jim	60	-----	M	1821	555	Place-5
SMITH	Joseph	57	-----	M	1821	629	Place-2
SMITH	James	57	-----	M	1821	621	Place-10
SMITH	Shawn	10	-----	M	1821	1858	Place-11
SMITH	Susan	9	-----	F	1821	1906	Place-24
SMITH	Susan	7	-----	F	1821	1986	Place-16
SMITH	James	6	-----	M	1821	2073	Place-28
SMITH	James	2	-----	M	1821	2242	Place-0
SMITH	James	1	-----	M	1821	2261	Place-21
SMITH	Shawn	1	-----	M	1821	2277	Place-11
SMITH	Jim	1	-----	M	1821	2282	Place-11
SMITH	James	1	-----	M	1821	2287	Place-24
SMITH	Bob	1	-----	M	1821	2290	Place-17
SMITH	Briony	0	-----	F	1821	2301	Place-27
SMITH	Seonaid	0	-----	F	1821	2302	Place-14
SMITH	Sharon	0	-----	F	1821	2308	Place-14
SMITH	Selina	0	-----	F	1821	2310	Place-24
SMITH	Sheila	0	-----	F	1821	2313	Place-14
SMITH	Jacob	0	-----	M	1821	2317	Place-13
SMITH	Joseph	0	-----	M	1821	2319	Place-18
SMITH	Suzanne	61	-----	F	1822	2216	Place-9
SMITH	Seonaid	50	-----	F	1822	2253	Place-27
SMITH	James	36	-----	M	1822	1074	Place-28
SMITH	Seonaid	58	-----	F	1822	632	Place-17
SMITH	Seonaid	29	-----	F	1822	1290	Place-24
SMITH	Joseph	18	-----	M	1822	1606	Place-15
SMITH	Sheila	43	-----	F	1822	906	Place-14
SMITH	Susan	55	-----	F	1822	1299	Place-1
SMITH	Selina	55	-----	F	1822	687	Place-3
SMITH	Joseph	17	-----	M	1822	1658	Place-26
SMITH	Briony	11	-----	F	1822	1882	Place-13
SMITH	Jenkins	9	-----	M	1822	1959	Place-4
SMITH	Sarah	6	-----	F	1822	2084	Place-21
SMITH	Selina	2	-----	F	1822	2279	Place-14
SMITH	James	1	-----	M	1822	2321	Place-12
SMITH	Suzanne	1	-----	F	1822	2324	Place-11
SMITH	Suzanne	1	-----	F	1822	2325	Place-24
SMITH	Selina	0	-----	F	1822	2339	Place-29
SMITH	Sharon	0	-----	F	1822	2342	Place-28
SMITH	Sharon	0	-----	F	1822	2348	Place-9
SMITH	Jacob	47	-----	M	1823	838	Place-11
SMITH	Seonaid	12	-----	F	1823	1864	Place-2
SMITH	Joseph	59	-----	M	1823	626	Place-3
SMITH	Sheila	40	-----	F	1823	992	Place-16
SMITH	Jenkins	26	-----	M	1823	1410	Place-25
SMITH	Bob	49	-----	M	1823	803	Place-14
SMITH	James	56	-----	M	1823	698	Place-8
SMITH	Sheila	57	-----	F	1823	666	Place-6
SMITH	Shawn	56	-----	M	1823	695	Place-10
SMITH	Sharon	29	-----	F	1823	1307	Place-7
SMITH	Briony	15	-----	F	1823	1755	Place-12
SMITH	Sarah	12	-----	F	1823	1881	Place-13
SMITH	Bob	11	-----	M	1823	1929	Place-23
SMITH	Suzanne	10	-----	F	1823	1953	Place-24
SMITH	James	9	-----	M	1823	2007	Place-14
SMITH	Sarah	8	-----	F	1823	2064	Place-5
SMITH	Susan	5	-----	F	1823	2184	Place-1
SMITH	Sharon	3	-----	F	1823	2276	Place-11
SMITH	Briony	1	-----	F	1823	2335	Place-1
SMITH	Shawn	1	-----	M	1823	2343	Place-21
SMITH	Bob	1	-----	M	1823	2347	Place-27
SMITH	Briony	1	-----	F	1823	2349	Place-20
SMITH	Jim	1	-----	M	1823	2354	Place-5
SMITH	Joseph	1	-----	M	1823	2357	Place-28
SMITH	Jenkins	0	-----	M	1823	2375	Place-5
SMITH	James	0	-----	M	1823	2377	Place-25
SMITH	Joseph	0	-----	M	1823	2383	Place-28
SMITH	Bob	0	-----	M	1823	2387	Place-5
SMITH	Jim	0	-----	M	1823	2390	Place-1
SMITH	Selina	0	-----	F	1823	2392	Place-26
SMITH	Jacob	0	-----	M	1823	2399	Place-24
SMITH	Sarah	55	-----	F	1824	2364	Place-9
SMITH	Suzanne	39	-----	F	1824	2127	Place-3
SMITH	Bob	57	-----	M	1824	694	Place-24
SMITH	James	46	-----	M	1824	884	Place-26
SMITH	Sarah	55	-----	F	1824	1144	Place-28
SMITH	Bob	13	-----	M	1824	1870	Place-11
SMITH	Briony	61	-----	F	1824	1327	Place-23
SMITH	Shawn	55	-----	M	1824	724	Place-19
SMITH	Seonaid	55	-----	F	1824	1811	Place-5
SMITH	Suzanne	31	-----	F	1824	1270	Place-18
SMITH	Sharon	19	-----	F	1824	1638	Place-22
SMITH	Paulo	15	-----	M	1824	1770	Place-21
SMITH	James	14	-----	M	1824	1831	Place-11
SMITH	Jenkins	10	-----	M	1824	2025	Place-5
SMITH	Bob	6	-----	M	1824	2198	Place-22
SMITH	Bob	2	-----	M	1824	2338	Place-3
SMITH	Sheila	1	-----	F	1824	2385	Place-29
SMITH	Jenkins	1	-----	M	1824	2386	Place-19
SMITH	Paulo	1	-----	M	1824	2400	Place-12
SMITH	Selina	1	-----	F	1824	2401	Place-12
SMITH	Shawn	0	-----	M	1824	2408	Place-26
SMITH	Seonaid	0	-----	F	1824	2412	Place-2
SMITH	Jacob	0	-----	M	1824	2417	Place-14
SMITH	James	0	-----	M	1824	2424	Place-15
SMITH	Selina	0	-----	F	1824	2425	Place-28
SMITH	Sheila	0	-----	F	1824	2431	Place-0
SMITH	Bob	0	-----	M	1824	2432	Place-22
SMITH	Paulo	0	-----	M	1824	2435	Place-5
SMITH	Sheila	0	-----	F	1824	2441	Place-18
SMITH	Jenkins	0	-----	M	1824	2446	Place-3
SMITH	Briony	0	-----	F	1824	2448	Place-27
SMITH	Susan	19	-----	F	1825	1682	Place-18
SMITH	Sheila	29	-----	F	1825	2328	Place-15
SMITH	Selina	39	-----	F	1825	2331	Place-28
SMITH	Seonaid	57	-----	F	1825	709	Place-26
SMITH	Jenkins	56	-----	M	1825	715	Place-14
SMITH	Shawn	35	-----	M	1825	1192	Place-29
SMITH	Sheila	22	-----	F	1825	1581	Place-24
SMITH	Briony	19	-----	F	1825	1671	Place-24
SMITH	Sarah	19	-----	F	1825	1684	Place-13
SMITH	Bob	17	-----	M	1825	1765	Place-26
SMITH	Selina	16	-----	F	1825	1796	Place-21
SMITH	Sheila	10	-----	F	1825	2075	Place-18
SMITH	Sarah	9	-----	F	1825	2107	Place-25
SMITH	Jacob	7	-----	M	1825	2188	Place-13
SMITH	Sharon	5	-----	F	1825	2269	Place-9
SMITH	Jacob	4	-----	M	1825	2300	Place-27
SMITH	Suzanne	1	-----	F	1825	2406	Place-2
SMITH	Selina	1	-----	F	1825	2410	Place-24
SMITH	Joseph	1	-----	M	1825	2422	Place-2
SMITH	James	1	-----	M	1825	2428	Place-6
SMITH	Joseph	1	-----	M	1825	2439	Place-26
SMITH	Seonaid	0	-----	F	1825	2466	Place-28
SMITH	Susan	0	-----	F	1825	2475	Place-17
SMITH	James	0	-----	M	1825	2481	Place-17
SMITH	Sarah	0	-----	F	1825	2482	Place-5
SMITH	Seonaid	0	-----	F	1825	2487	Place-16
SMITH	Jenkins	0	-----	M	1825	2489	Place-28
SMITH	Jacob	0	-----	M	1825	2493	Place-13
SMITH	Briony	0	-----	F	1825	2495	Place-22
SMITH	Sheila	0	-----	F	1825	2504	Place-10
SMITH	Sheila	59	-----	F	1826	1055	Place-12
SMITH	Jenkins	21	-----	M	1826	1640	Place-18
SMITH	Susan	55	-----	F	1826	1628	Place-14
SMITH	Sheila	8	-----	F	1826	2200	Place-9
SMITH	James	57	-----	M	1826	718	Place-16
SMITH	Shawn	29	-----	M	1826	1409	Place-19
SMITH	Sheila	21	-----	F	1826	1642	Place-18
SMITH	Jenkins	10	-----	M	1826	2089	Place-13
SMITH	Seonaid	8	-----	F	1826	2192	Place-17
SMITH	Jim	6	-----	M	1826	2286	Place-7
SMITH	Bob	5	-----	M	1826	2316	Place-1
SMITH	Briony	2	-----	F	1826	2423	Place-7
SMITH	Jacob	1	-----	M	1826	2467	Place-9
SMITH	Joseph	1	-----	M	1826	2474	Place-12
SMITH	Sharon	1	-----	F	1826	2479	Place-13
SMITH	Shawn	1	-----	M	1826	2486	Place-28
SMITH	James	0	-----	M	1826	2515	Place-21
SMITH	Jim	0	-----	M	1826	2519	Place-10
SMITH	Seonaid	0	-----	F	1826	2520	Place-29
SMITH	Bob	0	-----	M	1826	2525	Place-26
SMITH	Joseph	0	-----	M	1826	2558	Place-24
SMITH	Jenkins	55	-----	M	1827	768	Place-17
SMITH	Sarah	56	-----	F	1827	1667	Place-0
SMITH	Bob	41	-----	M	1827	1062	Place-17
SMITH	Joseph	55	-----	M	1827	774	Place-24
SMITH	Paulo	36	-----	M	1827	1219	Place-13
SMITH	Jenkins	35	-----	M	1827	1236	Place-6
SMITH	Jim	57	-----	M	1827	738	Place-27
SMITH	Joseph	17	-----	M	1827	1848	Place-26
SMITH	Jacob	15	-----	M	1827	1917	Place-11
SMITH	Jim	10	-----	M	1827	2134	Place-17
SMITH	Briony	4	-----	F	1827	2378	Place-11
SMITH	Jenkins	3	-----	M	1827	2418	Place-19
SMITH	Joseph	1	-----	M	1827	2534	Place-2
SMITH	James	1	-----	M	1827	2537	Place-10
SMITH	Shawn	1	-----	M	1827	2538	Place-27
SMITH	Paulo	1	-----	M	1827	2539	Place-0
SMITH	Joseph	1	-----	M	1827	2541	Place-28
SMITH	Jim	1	-----	M	1827	2543	Place-10
SMITH	Seonaid	1	-----	F	1827	2553	Place-25
SMITH	Selina	1	-----	F	1827	2562	Place-23
SMITH	James	0	-----	M	1827	2571	Place-8
SMITH	Seonaid	0	-----	F	1827	2582	Place-4
SMITH	Jenkins	0	-----	M	1827	2599	Place-14
SMITH	Jim	0	-----	M	1827	2600	Place-7
SMITH	James	0	-----	M	1827	2602	Place-21
SMITH	Seonaid	0	-----	F	1827	2608	Place-0
SMITH	Suzanne	23	-----	F	1828	1633	Place-5
SMITH	Seonaid	56	-----	F	1828	2457	Place-11
SMITH	Jenkins	23	-----	M	1828	1660	Place-0
SMITH	Suzanne	58	-----	F	1828	1228	Place-19
SMITH	Joseph	59	-----	M	1828	717	Place-15
SMITH	Shawn	12	-----	M	1828	2103	Place-27
SMITH	Sharon	56	-----	F	1828	2126	Place-15
SMITH	Shawn	14	-----	M	1828	2002	Place-24
SMITH	Jim	33	-----	M	1828	1332	Place-18
SMITH	James	55	-----	M	1828	786	Place-28
SMITH	Jenkins	55	-----	M	1828	784	Place-8
SMITH	Jim	17	-----	M	1828	1868	Place-4
SMITH	Sarah	17	-----	F	1828	1889	Place-26
SMITH	Sarah	7	-----	F	1828	2311	Place-2
SMITH	James	5	-----	M	1828	2381	Place-22
SMITH	Jim	4	-----	M	1828	2420	Place-12
SMITH	Sarah	4	-----	F	1828	2437	Place-20
SMITH	Jenkins	1	-----	M	1828	2573	Place-4
SMITH	Suzanne	1	-----	F	1828	2579	Place-3
SMITH	Sharon	1	-----	F	1828	2580	Place-2
SMITH	Jim	1	-----	M	1828	2585	Place-5
SMITH	Jenkins	1	-----	M	1828	2586	Place-11
SMITH	Sharon	1	-----	F	1828	2590	Place-1
SMITH	Suzanne	1	-----	F	1828	2592	Place-27
SMITH	Suzanne	1	-----	F	1828	2596	Place-23
SMITH	Seonaid	1	-----	F	1828	2597	Place-26
SMITH	Sharon	1	-----	F	1828	2609	Place-3
SMITH	Jacob	0	-----	M	1828	2615	Place-11
SMITH	Suzanne	0	-----	F	1828	2617	Place-14
SMITH	Briony	0	-----	F	1828	2620	Place-24
SMITH	Selina	0	-----	F	1828	2628	Place-24
SMITH	Sharon	0	-----	F	1828	2629	Place-28
SMITH	Susan	0	-----	F	1828	2632	Place-2
SMITH	Suzanne	0	-----	F	1828	2635	Place-25
SMITH	Briony	0	-----	F	1828	2643	Place-2
SMITH	Shawn	0	-----	M	1828	2645	Place-5
SMITH	Jacob	37	-----	M	1829	1242	Place-16
SMITH	Susan	18	-----	F	1829	1856	Place-19
SMITH	Jim	55	-----	M	1829	802	Place-14
SMITH	Selina	57	-----	F	1829	1813	Place-18
SMITH	Bob	23	-----	M	1829	1672	Place-11
SMITH	Suzanne	56	-----	F	1829	2570	Place-8
SMITH	Susan	33	-----	F	1829	1366	Place-0
SMITH	Jacob	40	-----	M	1829	1148	Place-18
SMITH	Suzanne	59	-----	F	1829	735	Place-15
SMITH	Selina	57	-----	F	1829	2175	Place-26
SMITH	Jacob	30	-----	M	1829	1462	Place-3
SMITH	Selina	23	-----	F	1829	1669	Place-22
SMITH	Jacob	20	-----	M	1829	1786	Place-27
SMITH	Sarah	17	-----	F	1829	1910	Place-13
SMITH	Seonaid	16	-----	F	1829	1947	Place-19
SMITH	Joseph	16	-----	M	1829	1974	Place-10
SMITH	Shawn	14	-----	M	1829	2044	Place-9
SMITH	Seonaid	12	-----	F	1829	2159	Place-11
SMITH	Briony	3	-----	F	1829	2536	Place-3
SMITH	Briony	1	-----	F	1829	2618	Place-11
SMITH	Sarah	1	-----	F	1829	2621	Place-21
SMITH	Sarah	1	-----	F	1829	2624	Place-0
SMITH	Paulo	1	-----	M	1829	2625	Place-27
SMITH	Paulo	1	-----	M	1829	2633	Place-6
SMITH	Sheila	1	-----	F	1829	2634	Place-23
SMITH	Seonaid	1	-----	F	1829	2646	Place-26
SMITH	Joseph	0	-----	M	1829	2652	Place-14
SMITH	Sheila	0	-----	F	1829	2666	Place-27
SMITH	Bob	0	-----	M	1829	2670	Place-17
SMITH	Sheila	0	-----	F	1829	2678	Place-9
SMITH	James	0	-----	M	1829	2679	Place-12
SMITH	Paulo	0	-----	M	1829	2681	Place-28
SMITH	Suzanne	0	-----	F	1829	2684	Place-26
SMITH	Jenkins	0	-----	M	1829	2685	Place-11
SMITH	Jim	0	-----	M	1829	2688	Place-0
SMITH	Seonaid	0	-----	F	1829	2695	Place-24
SMITH	Shawn	31	-----	M	1830	1466	Place-25
SMITH	Shawn	33	-----	M	1830	1405	Place-19
SMITH	Jim	35	-----	M	1830	1343	Place-13
SMITH	Selina	59	-----	F	1830	749	Place-12
SMITH	Selina	55	-----	F	1830	827	Place-24
SMITH	Sharon	58	-----	F	1830	762	Place-24
SMITH	Susan	40	-----	F	1830	2123	Place-15
SMITH	Sarah	11	-----	F	1830	2233	Place-19
SMITH	Sarah	67	-----	F	1830	1224	Place-13
SMITH	Sheila	20	-----	F	1830	1845	Place-24
SMITH	James	10	-----	M	1830	2291	Place-21
SMITH	Sheila	9	-----	F	1830	2312	Place-24
SMITH	Briony	5	-----	F	1830	2500	Place-28
SMITH	Jacob	3	-----	M	1830	2591	Place-24
SMITH	Susan	1	-----	F	1830	2658	Place-19
SMITH	Jenkins	1	-----	M	1830	2660	Place-24
SMITH	Briony	1	-----	F	1830	2662	Place-29
SMITH	Selina	1	-----	F	1830	2664	Place-10
SMITH	Susan	1	-----	F	1830	2680	Place-13
SMITH	Briony	1	-----	F	1830	2683	Place-26
SMITH	Selina	1	-----	F	1830	2692	Place-12
SMITH	Joseph	1	-----	M	1830	2693	Place-20
SMITH	Bob	0	-----	M	1830	2713	Place-9
SMITH	Jenkins	0	-----	M	1830	2727	Place-16
SMITH	Suzanne	0	-----	F	1830	2729	Place-24
SMITH	Selina	0	-----	F	1830	2742	Place-27
SMITH	Susan	0	-----	F	1830	2743	Place-16
SMITH	Briony	0	-----	F	1830	2747	Place-22
SMITH	Susan	46	-----	F	1831	1663	Place-29
SMITH	Jacob	3	-----	M	1831	2614	Place-29
SMITH	Joseph	41	-----	M	1831	1184	Place-5
SMITH	Briony	33	-----	F	1831	2612	Place-17
SMITH	Seonaid	60	-----	F	1831	1897	Place-13
SMITH	Jenkins	8	-----	M	1831	2397	Place-5
SMITH	Briony	33	-----	F	1831	1455	Place-8
SMITH	Seonaid	20	-----	F	1831	1893	Place-20
SMITH	Briony	24	-----	F	1831	1728	Place-18
SMITH	Susan	8	-----	F	1831	2389	Place-10
SMITH	Joseph	27	-----	M	1831	1617	Place-19
SMITH	Paulo	55	-----	M	1831	845	Place-28
SMITH	Paulo	25	-----	M	1831	1699	Place-19
SMITH	Joseph	52	-----	M	1831	912	Place-9
SMITH	Jim	53	-----	M	1831	877	Place-17
SMITH	Briony	54	-----	F	1831	861	Place-22
SMITH	Susan	50	-----	F	1831	951	Place-22
SMITH	Briony	15	-----	F	1831	2113	Place-25
SMITH	Shawn	14	-----	M	1831	2135	Place-21
SMITH	Jacob	3	-----	M	1831	2627	Place-18
SMITH	Joseph	3	-----	M	1831	2630	Place-16
SMITH	Shawn	2	-----	M	1831	2686	Place-25
SMITH	Bob	1	-----	M	1831	2708	Place-16
SMITH	Briony	1	-----	F	1831	2712	Place-2
SMITH	Jim	1	-----	M	1831	2715	Place-4
SMITH	Sarah	1	-----	F	1831	2723	Place-5
SMITH	Jacob	1	-----	M	1831	2724	Place-5
SMITH	Briony	1	-----	F	1831	2735	Place-5
SMITH	Selina	1	-----	F	1831	2737	Place-21
SMITH	Sheila	1	-----	F	1831	2746	Place-14
SMITH	Bob	1	-----	M	1831	2749	Place-23
SMITH	Jenkins	1	-----	M	1831	2750	Place-21
SMITH	Joseph	0	-----	M	1831	2765	Place-9
SMITH	Paulo	0	-----	M	1831	2777	Place-24
SMITH	Paulo	0	-----	M	1831	2779	Place-24
SMITH	Briony	0	-----	F	1831	2780	Place-24
SMITH	Seonaid	0	-----	F	1831	2782	Place-12
SMITH	Jim	0	-----	M	1831	2784	Place-13
SMITH	Suzanne	0	-----	F	1831	2785	Place-29
SMITH	Shawn	0	-----	M	1831	2796	Place-21
SMITH	Joseph	0	-----	M	1831	2798	Place-4
SMITH	Selina	44	-----	F	1832	1139	Place-0
SMITH	Suzanne	35	-----	F	1832	1406	Place-13
SMITH	Selina	40	-----	F	1832	2565	Place-2
SMITH	Bob	66	-----	M	1832	679	Place-8
SMITH	Seonaid	28	-----	F	1832	1615	Place-9
SMITH	Sharon	41	-----	F	1832	1815	Place-27
SMITH	Sarah	12	-----	F	1832	2275	Place-2
SMITH	Bob	61	-----	M	1832	745	Place-16
SMITH	Selina	30	-----	F	1832	1557	Place-7
SMITH	Jim	60	-----	M	1832	777	Place-7
SMITH	Suzanne	55	-----	F	1832	1739	Place-24
SMITH	Jenkins	30	-----	M	1832	1570	Place-29
SMITH	Jenkins	25	-----	M	1832	1731	Place-26
SMITH	Susan	20	-----	F	1832	1905	Place-21
SMITH	Bob	12	-----	M	1832	2285	Place-1
SMITH	Jim	6	-----	M	1832	2527	Place-14
SMITH	Bob	5	-----	M	1832	2598	Place-27
SMITH	Sheila	3	-----	F	1832	2694	Place-22
SMITH	Selina	1	-----	F	1832	2761	Place-11
SMITH	Jim	1	-----	M	1832	2771	Place-8
SMITH	James	1	-----	M	1832	2781	Place-10
SMITH	Paulo	1	-----	M	1832	2786	Place-10
SMITH	Shawn	1	-----	M	1832	2800	Place-12
SMITH	Briony	0	-----	F	1832	2815	Place-12
SMITH	Shawn	0	-----	M	1832	2819	Place-23
SMITH	Briony	0	-----	F	1832	2823	Place-27
SMITH	Susan	0	-----	F	1832	2825	Place-8
SMITH	Sarah	0	-----	F	1832	2828	Place-28
SMITH	Paulo	0	-----	M	1832	2840	Place-14
SMITH	Jim	0	-----	M	1832	2841	Place-23
SMITH	Seonaid	59	-----	F	1833	2032	Place-29
SMITH	Briony	61	-----	F	1833	761	Place-13
SMITH	Bob	31	-----	M	1833	1569	Place-14
SMITH	Briony	24	-----	F	1833	1773	Place-21
SMITH	Joseph	55	-----	M	1833	882	Place-0
SMITH	Seonaid	58	-----	F	1833	1629	Place-14
SMITH	Sharon	54	-----	F	1833	1429	Place-2
SMITH	Seonaid	56	-----	F	1833	858	Place-12
SMITH	Jenkins	25	-----	M	1833	1753	Place-15
SMITH	Jim	25	-----	M	1833	1763	Place-7
SMITH	Susan	16	-----	F	1833	2139	Place-8
SMITH	Sheila	16	-----	F	1833	2157	Place-7
SMITH	Selina	15	-----	F	1833	2191	Place-13
SMITH	Jenkins	13	-----	M	1833	2260	Place-26
SMITH	Jenkins	11	-----	M	1833	2340	Place-4
SMITH	Suzanne	7	-----	F	1833	2540	Place-22
SMITH	Jacob	3	-----	M	1833	2739	Place-22
SMITH	Shawn	2	-----	M	1833	2776	Place-22
SMITH	Joseph	2	-----	M	1833	2791	Place-7
SMITH	James	2	-----	M	1833	2795	Place-18
SMITH	Sarah	1	-----	F	1833	2811	Place-4
SMITH	Sarah	1	-----	F	1833	2812	Place-13
SMITH	Sarah	1	-----	F	1833	2814	Place-27
SMITH	Jenkins	1	-----	M	1833	2818	Place-10
SMITH	Bob	1	-----	M	1833	2822	Place-13
SMITH	Sarah	1	-----	F	1833	2824	Place-25
SMITH	James	1	-----	M	1833	2829	Place-7
SMITH	Sheila	1	-----	F	1833	2833	Place-3
SMITH	Sharon	1	-----	F	1833	2835	Place-18
SMITH	Briony	1	-----	F	1833	2838	Place-6
SMITH	Suzanne	1	-----	F	1833	2842	Place-23
SMITH	Joseph	1	-----	M	1833	2845	Place-26
SMITH	Sharon	0	-----	F	1833	2859	Place-2
SMITH	Shawn	0	-----	M	1833	2860	Place-7
SMITH	Jacob	0	-----	M	1833	2863	Place-20
SMITH	Selina	0	-----	F	1833	2865	Place-26
SMITH	James	0	-----	M	1833	2868	Place-21
SMITH	Suzanne	0	-----	F	1833	2881	Place-10
SMITH	Sarah	0	-----	F	1833	2883	Place-17
SMITH	James	0	-----	M	1833	2884	Place-4
SMITH	Sheila	0	-----	F	1833	2887	Place-15
SMITH	Selina	0	-----	F	1833	2890	Place-27
SMITH	Jenkins	0	-----	M	1833	2891	Place-5
SMITH	Suzanne	0	-----	F	1833	2894	Place-10
SMITH	Suzanne	0	-----	F	1833	2899	Place-10
SMITH	Jenkins	0	-----	M	1833	2903	Place-22
SMITH	Paulo	0	-----	M	1833	2906	Place-1
SMITH	Selina	38	-----	F	1834	1392	Place-8
SMITH	Joseph	32	-----	M	1834	1541	Place-14
SMITH	Selina	45	-----	F	1834	1158	Place-20
SMITH	Paulo	57	-----	M	1834	862	Place-10
SMITH	Selina	16	-----	F	1834	2190	Place-29
SMITH	James	32	-----	M	1834	1562	Place-8
SMITH	Sharon	5	-----	F	1834	2672	Place-13
SMITH	Shawn	4	-----	M	1834	2721	Place-7
SMITH	Suzanne	1	-----	F	1834	2857	Place-17
SMITH	Sarah	1	-----	F	1834	2877	Place-17
SMITH	Suzanne	1	-----	F	1834	2882	Place-0
SMITH	Sheila	0	-----	F	1834	2917	Place-3
SMITH	Jacob	0	-----	M	1834	2928	Place-20
SMITH	Sharon	0	-----	F	1834	2930	Place-28
SMITH	Seonaid	0	-----	F	1834	2938	Place-12
SMITH	Selina	0	-----	F	1834	2948	Place-4
SMITH	Shawn	0	-----	M	1834	2959	Place-25
SMITH	Sarah	0	-----	F	1834	2963	Place-0
SMITH	Sarah	58	-----	F	1835	1577	Place-26
SMITH	Jim	38	-----	M	1835	1417	Place-4
SMITH	James	34	-----	M	1835	1528	Place-13
SMITH	Seonaid	32	-----	F	1835	1588	Place-21
SMITH	Selina	40	-----	F	1835	1341	Place-4
SMITH	Bob	55	-----	M	1835	927	Place-25
SMITH	Seonaid	10	-----	F	1835	2491	Place-20
SMITH	Jim	55	-----	M	1835	928	Place-8
SMITH	Sarah	17	-----	F	1835	2187	Place-24
SMITH	Suzanne	34	-----	F	1835	1530	Place-13
SMITH	Jim	55	-----	M	1835	937	Place-26
SMITH	Jacob	20	-----	M	1835	2060	Place-13
SMITH	Jenkins	13	-----	M	1835	2350	Place-27
SMITH	Jenkins	12	-----	M	1835	2384	Place-13
SMITH	Jacob	11	-----	M	1835	2433	Place-28
SMITH	Susan	8	-----	F	1835	2576	Place-15
SMITH	Seonaid	4	-----	F	1835	2763	Place-5
SMITH	Sharon	4	-----	F	1835	2802	Place-22
SMITH	Briony	3	-----	F	1835	2831	Place-11
SMITH	Briony	2	-----	F	1835	2874	Place-4
SMITH	Seonaid	1	-----	F	1835	2918	Place-18
SMITH	Briony	1	-----	F	1835	2920	Place-28
SMITH	Jenkins	1	-----	M	1835	2932	Place-24
SMITH	Jacob	1	-----	M	1835	2937	Place-4
SMITH	Briony	1	-----	F	1835	2943	Place-5
SMITH	Selina	1	-----	F	1835	2954	Place-10
SMITH	Bob	0	-----	M	1835	2982	Place-11
SMITH	Paulo	0	-----	M	1835	3014	Place-11
SMITH	Seonaid	0	-----	F	1835	3023	Place-7
SMITH	Paulo	0	-----	M	1835	3029	Place-18
SMITH	Shawn	0	-----	M	1835	3032	Place-14
SMITH	Sheila	56	-----	F	1836	2702	Place-8
SMITH	Suzanne	57	-----	F	1836	2077	Place-2
SMITH	Shawn	27	-----	M	1836	1784	Place-29
SMITH	Jacob	49	-----	M	1836	1104	Place-23
SMITH	Suzanne	26	-----	F	1836	1844	Place-17
SMITH	Jim	22	-----	M	1836	2010	Place-15
SMITH	Jim	57	-----	M	1836	907	Place-18
SMITH	Seonaid	19	-----	F	1836	2136	Place-13
SMITH	Sheila	57	-----	F	1836	2757	Place-28
SMITH	Jacob	33	-----	M	1836	1578	Place-10
SMITH	Seonaid	57	-----	F	1836	2507	Place-23
SMITH	Jenkins	36	-----	M	1836	1489	Place-27
SMITH	Seonaid	22	-----	F	1836	2028	Place-11
SMITH	Sheila	75	-----	F	1836	549	Place-12
SMITH	Selina	23	-----	F	1836	1958	Place-24
SMITH	Seonaid	18	-----	F	1836	2197	Place-7
SMITH	Paulo	15	-----	M	1836	2307	Place-5
SMITH	Sharon	14	-----	F	1836	2341	Place-13
SMITH	Jenkins	12	-----	M	1836	2409	Place-28
SMITH	Sharon	10	-----	F	1836	2517	Place-28
SMITH	James	10	-----	M	1836	2529	Place-0
SMITH	Briony	6	-----	F	1836	2725	Place-7
SMITH	Sharon	6	-----	F	1836	2745	Place-18
SMITH	Suzanne	5	-----	F	1836	2789	Place-3
SMITH	Paulo	3	-----	M	1836	2886	Place-25
SMITH	Shawn	3	-----	M	1836	2896	Place-1
SMITH	Jenkins	2	-----	M	1836	2922	Place-26
SMITH	Sheila	2	-----	F	1836	2965	Place-22
SMITH	Jenkins	1	-----	M	1836	2988	Place-20
SMITH	Seonaid	1	-----	F	1836	2999	Place-13
SMITH	Seonaid	1	-----	F	1836	3002	Place-9
SMITH	Sharon	1	-----	F	1836	3005	Place-4
SMITH	Jenkins	1	-----	M	1836	3010	Place-15
SMITH	Sheila	1	-----	F	1836	3018	Place-18
SMITH	Jenkins	1	-----	M	1836	3020	Place-23
SMITH	Jim	1	-----	M	1836	3025	Place-12
SMITH	Bob	1	-----	M	1836	3026	Place-21
SMITH	Seonaid	1	-----	F	1836	3028	Place-5
SMITH	Shawn	0	-----	M	1836	3042	Place-22
SMITH	Joseph	0	-----	M	1836	3046	Place-29
SMITH	Sarah	0	-----	F	1836	3050	Place-22
SMITH	Jenkins	0	-----	M	1836	3051	Place-23
SMITH	Sharon	0	-----	F	1836	3057	Place-15
SMITH	Jacob	0	-----	M	1836	3059	Place-26
SMITH	Jim	0	-----	M	1836	3060	Place-8
SMITH	Jenkins	0	-----	M	1836	3082	Place-0
SMITH	Shawn	0	-----	M	1836	3091	Place-9
SMITH	Jenkins	42	-----	M	1837	1348	Place-22
SMITH	Joseph	17	-----	M	1837	2255	Place-6
SMITH	Susan	55	-----	F	1837	2909	Place-19
SMITH	Jim	57	-----	M	1837	932	Place-10
SMITH	Sharon	39	-----	F	1837	2404	Place-11
SMITH	Suzanne	56	-----	F	1837	954	Place-12
SMITH	Bob	28	-----	M	1837	1789	Place-19
SMITH	Sheila	18	-----	F	1837	2224	Place-6
SMITH	Suzanne	19	-----	F	1837	2209	Place-14
SMITH	Susan	19	-----	F	1837	2185	Place-2
SMITH	Susan	16	-----	F	1837	2318	Place-7
SMITH	Sheila	12	-----	F	1837	2462	Place-3
SMITH	Jenkins	6	-----	M	1837	2794	Place-29
SMITH	Paulo	1	-----	M	1837	3043	Place-16
SMITH	Jenkins	1	-----	M	1837	3056	Place-23
SMITH	Shawn	1	-----	M	1837	3077	Place-28
SMITH	Seonaid	1	-----	F	1837	3085	Place-7
SMITH	Paulo	1	-----	M	1837	3096	Place-24
SMITH	Sarah	0	-----	F	1837	3140	Place-14
SMITH	Jim	0	-----	M	1837	3145	Place-15
SMITH	Sheila	0	-----	F	1837	3146	Place-24
SMITH	Suzanne	0	-----	F	1837	3153	Place-23
SMITH	Selina	0	-----	F	1837	3156	Place-10
SMITH	Selina	0	-----	F	1837	3166	Place-26
SMITH	Sheila	21	-----	F	1838	3176	Place-22
SMITH	Suzanne	25	-----	F	1838	1972	Place-27
SMITH	Suzanne	35	-----	F	1838	1590	Place-25
SMITH	Shawn	56	-----	M	1838	964	Place-12
SMITH	Suzanne	48	-----	F	1838	2978	Place-23
SMITH	Jacob	29	-----	M	1838	1808	Place-16
SMITH	Bob	51	-----	M	1838	1106	Place-4
SMITH	Sarah	56	-----	F	1838	1896	Place-23
SMITH	Briony	59	-----	F	1838	1981	Place-27
SMITH	Sarah	59	-----	F	1838	2852	Place-7
SMITH	Sheila	22	-----	F	1838	2082	Place-26
SMITH	Jim	46	-----	M	1838	1232	Place-12
SMITH	Briony	58	-----	F	1838	1737	Place-28
SMITH	Seonaid	40	-----	F	1838	1433	Place-29
SMITH	James	56	-----	M	1838	965	Place-14
SMITH	Selina	56	-----	F	1838	963	Place-0
SMITH	Joseph	34	-----	M	1838	1625	Place-8
SMITH	Sheila	19	-----	F	1838	2226	Place-2
SMITH	Seonaid	19	-----	F	1838	2230	Place-5
SMITH	Shawn	15	-----	M	1838	2382	Place-10
SMITH	Susan	14	-----	F	1838	2447	Place-28
SMITH	Suzanne	12	-----	F	1838	2555	Place-7
SMITH	Selina	10	-----	F	1838	2642	Place-11
SMITH	Sarah	7	-----	F	1838	2762	Place-29
SMITH	Suzanne	6	-----	F	1838	2813	Place-14
SMITH	Seonaid	3	-----	F	1838	2998	Place-21
SMITH	Sharon	3	-----	F	1838	3008	Place-16
SMITH	James	2	-----	M	1838	3044	Place-2
SMITH	Paulo	2	-----	M	1838	3089	Place-12
SMITH	Susan	1	-----	F	1838	3119	Place-14
SMITH	Jenkins	1	-----	M	1838	3121	Place-23
SMITH	Bob	1	-----	M	1838	3126	Place-19
SMITH	Sharon	1	-----	F	1838	3137	Place-9
SMITH	Sheila	1	-----	F	1838	3142	Place-22
SMITH	Jacob	1	-----	M	1838	3148	Place-25
SMITH	Joseph	0	-----	M	1838	3188	Place-24
SMITH	James	0	-----	M	1838	3191	Place-21
SMITH	Suzanne	0	-----	F	1838	3192	Place-7
SMITH	Jacob	0	-----	M	1838	3201	Place-13
SMITH	Sheila	0	-----	F	1838	3203	Place-12
SMITH	Jenkins	0	-----	M	1838	3204	Place-10
SMITH	Sheila	0	-----	F	1838	3205	Place-29
SMITH	Selina	0	-----	F	1838	3212	Place-23
SMITH	Sheila	0	-----	F	1838	3217	Place-24
SMITH	Jim	0	-----	M	1838	3224	Place-22
SMITH	Bob	0	-----	M	1838	3226	Place-22
SMITH	Selina	36	-----	F	1839	1599	Place-19
SMITH	Sharon	43	-----	F	1839	3174	Place-24
SMITH	Sarah	41	-----	F	1839	1451	Place-20
SMITH	Joseph	35	-----	M	1839	1608	Place-28
SMITH	Suzanne	19	-----	F	1839	2266	Place-16
SMITH	Bob	8	-----	M	1839	2797	Place-1
SMITH	Susan	54	-----	F	1839	1039	Place-27
SMITH	Briony	19	-----	F	1839	2268	Place-24
SMITH	Selina	19	-----	F	1839	2272	Place-26
SMITH	Briony	13	-----	F	1839	2551	Place-17
SMITH	Jenkins	12	-----	M	1839	2604	Place-13
SMITH	Seonaid	11	-----	F	1839	2638	Place-27
SMITH	Paulo	8	-----	M	1839	2778	Place-16
SMITH	Suzanne	5	-----	F	1839	2925	Place-6
SMITH	Jenkins	5	-----	M	1839	2935	Place-17
SMITH	Joseph	3	-----	M	1839	3069	Place-22
SMITH	Briony	2	-----	F	1839	3110	Place-25
SMITH	Shawn	2	-----	M	1839	3160	Place-1
SMITH	Joseph	1	-----	M	1839	3177	Place-8
SMITH	Jim	1	-----	M	1839	3178	Place-19
SMITH	Jacob	1	-----	M	1839	3179	Place-11
SMITH	Bob	1	-----	M	1839	3180	Place-5
SMITH	Seonaid	1	-----	F	1839	3189	Place-2
SMITH	Paulo	1	-----	M	1839	3193	Place-2
SMITH	Shawn	1	-----	M	1839	3198	Place-17
SMITH	Joseph	1	-----	M	1839	3200	Place-26
SMITH	Selina	1	-----	F	1839	3202	Place-27
SMITH	Shawn	0	-----	M	1839	3233	Place-20
SMITH	Selina	0	-----	F	1839	3244	Place-20
SMITH	Susan	0	-----	F	1839	3246	Place-5
SMITH	Shawn	0	-----	M	1839	3247	Place-25
SMITH	Seonaid	0	-----	F	1839	3248	Place-16
SMITH	Sheila	0	-----	F	1839	3262	Place-20
SMITH	Susan	0	-----	F	1839	3266	Place-14
SMITH	Bob	0	-----	M	1839	3269	Place-25
SMITH	Susan	0	-----	F	1839	3273	Place-13
SMITH	Sarah	0	-----	F	1839	3278	Place-9
SMITH	Shawn	0	-----	M	1839	3279	Place-9
SMITH	Susan	55	-----	F	1840	3289	Place-14
SMITH	Briony	32	-----	F	1840	1742	Place-17
SMITH	Bob	48	-----	M	1840	1253	Place-19
SMITH	Shawn	24	-----	M	1840	2097	Place-9
SMITH	Suzanne	48	-----	F	1840	2911	Place-5
SMITH	Shawn	34	-----	M	1840	1675	Place-8
SMITH	Jacob	48	-----	M	1840	1255	Place-24
SMITH	Jim	20	-----	M	1840	2262	Place-26
SMITH	Shawn	15	-----	M	1840	2501	Place-7
SMITH	James	11	-----	M	1840	2690	Place-25
SMITH	Seonaid	8	-----	F	1840	2834	Place-13
SMITH	Paulo	6	-----	M	1840	2961	Place-10
SMITH	Joseph	6	-----	M	1840	2962	Place-18
SMITH	Selina	5	-----	F	1840	3006	Place-12
SMITH	Shawn	5	-----	M	1840	3031	Place-13
SMITH	James	3	-----	M	1840	3125	Place-12
SMITH	Jacob	2	-----	M	1840	3209	Place-18
SMITH	Bob	1	-----	M	1840	3245	Place-18
SMITH	Paulo	1	-----	M	1840	3251	Place-29
SMITH	Sarah	1	-----	F	1840	3252	Place-8
SMITH	Bob	1	-----	M	1840	3253	Place-4
SMITH	Sheila	1	-----	F	1840	3255	Place-27
SMITH	Sheila	1	-----	F	1840	3257	Place-13
SMITH	Paulo	1	-----	M	1840	3263	Place-27
SMITH	Sheila	1	-----	F	1840	3264	Place-29
SMITH	Selina	1	-----	F	1840	3268	Place-18
SMITH	Briony	1	-----	F	1840	3274	Place-5
SMITH	Jim	1	-----	M	1840	3275	Place-16
SMITH	Susan	1	-----	F	1840	3282	Place-21
SMITH	James	0	-----	M	1840	3296	Place-12
SMITH	Paulo	0	-----	M	1840	3297	Place-19
SMITH	Shawn	0	-----	M	1840	3298	Place-4
SMITH	Seonaid	0	-----	F	1840	3301	Place-29
SMITH	Selina	0	-----	F	1840	3306	Place-26
SMITH	Sheila	0	-----	F	1840	3310	Place-4
SMITH	Sarah	0	-----	F	1840	3315	Place-17
SMITH	Suzanne	0	-----	F	1840	3320	Place-2
SMITH	Shawn	0	-----	M	1840	3323	Place-22
SMITH	Suzanne	0	-----	F	1840	3336	Place-28
SMITH	Suzanne	0	-----	F	1840	3340	Place-19
SMITH	Paulo	55	-----	M	1841	1061	Place-27
SMITH	Jenkins	33	-----	M	1841	1756	Place-12
SMITH	James	30	-----	M	1841	1871	Place-9
SMITH	Suzanne	54	-----	F	1841	3098	Place-16
SMITH	Briony	34	-----	F	1841	1713	Place-18
SMITH	Bob	62	-----	M	1841	900	Place-12
SMITH	Jenkins	56	-----	M	1841	1025	Place-27
SMITH	Seonaid	18	-----	F	1841	2380	Place-4
SMITH	Suzanne	43	-----	F	1841	2910	Place-4
SMITH	Sheila	19	-----	F	1841	2352	Place-22
SMITH	Sheila	55	-----	F	1841	2854	Place-17
SMITH	Joseph	51	-----	M	1841	1182	Place-29
SMITH	Bob	43	-----	M	1841	1445	Place-4
SMITH	Bob	56	-----	M	1841	1024	Place-14
SMITH	Sharon	17	-----	F	1841	2415	Place-8
SMITH	Jenkins	17	-----	M	1841	2440	Place-14
SMITH	Paulo	14	-----	M	1841	2583	Place-19
SMITH	Jenkins	10	-----	M	1841	2767	Place-5
SMITH	Briony	8	-----	F	1841	2892	Place-13
SMITH	Suzanne	1	-----	F	1841	3299	Place-17
SMITH	Susan	1	-----	F	1841	3300	Place-4
SMITH	Sarah	1	-----	F	1841	3307	Place-12
SMITH	Sharon	1	-----	F	1841	3318	Place-17
SMITH	Joseph	1	-----	M	1841	3322	Place-2
SMITH	Jenkins	1	-----	M	1841	3328	Place-20
SMITH	Selina	1	-----	F	1841	3331	Place-24
SMITH	Bob	0	-----	M	1841	3354	Place-23
SMITH	Suzanne	0	-----	F	1841	3361	Place-4
SMITH	Briony	0	-----	F	1841	3362	Place-9
SMITH	Susan	0	-----	F	1841	3363	Place-0
SMITH	Seonaid	0	-----	F	1841	3371	Place-10
SMITH	Joseph	0	-----	M	1841	3374	Place-4
SMITH	Suzanne	0	-----	F	1841	3381	Place-3
SMITH	Seonaid	0	-----	F	1841	3382	Place-22
SMITH	Jacob	0	-----	M	1841	3383	Place-21
SMITH	Briony	0	-----	F	1841	3386	Place-11
SMITH	Shawn	0	-----	M	1841	3390	Place-10
SMITH	Paulo	0	-----	M	1841	3402	Place-6
SMITH	Jenkins	0	-----	M	1841	3403	Place-3
SMITH	Jenkins	56	-----	M	1842	1068	Place-6
SMITH	Seonaid	32	-----	F	1842	1818	Place-9
SMITH	Paulo	18	-----	M	1842	2450	Place-8
SMITH	Sarah	1	-----	F	1842	3392	Place-21
SMITH	Jenkins	51	-----	M	1842	1212	Place-14
SMITH	Bob	7	-----	M	1842	2981	Place-5
SMITH	Paulo	55	-----	M	1842	1099	Place-0
SMITH	Suzanne	35	-----	F	1842	2514	Place-23
SMITH	Susan	57	-----	F	1842	1052	Place-13
SMITH	Seonaid	47	-----	F	1842	3038	Place-12
SMITH	Sharon	19	-----	F	1842	2395	Place-0
SMITH	Selina	56	-----	F	1842	2176	Place-10
SMITH	Briony	22	-----	F	1842	2257	Place-4
SMITH	Briony	21	-----	F	1842	2323	Place-3
SMITH	Shawn	17	-----	M	1842	2498	Place-20
SMITH	Jenkins	16	-----	M	1842	2526	Place-3
SMITH	Sheila	16	-----	F	1842	2547	Place-24
SMITH	Sharon	16	-----	F	1842	2554	Place-22
SMITH	Sarah	14	-----	F	1842	2622	Place-11
SMITH	Bob	13	-----	M	1842	2653	Place-27
SMITH	Jenkins	10	-----	M	1842	2826	Place-13
SMITH	Sharon	10	-----	F	1842	2847	Place-23
SMITH	Paulo	7	-----	M	1842	3024	Place-28
SMITH	Joseph	6	-----	M	1842	3045	Place-4
SMITH	Shawn	6	-----	M	1842	3073	Place-0
SMITH	Jenkins	6	-----	M	1842	3094	Place-14
SMITH	Jacob	6	-----	M	1842	3095	Place-13
SMITH	Jacob	1	-----	M	1842	3368	Place-23
SMITH	Sarah	1	-----	F	1842	3370	Place-5
SMITH	Selina	1	-----	F	1842	3373	Place-17
SMITH	Suzanne	1	-----	F	1842	3375	Place-24
SMITH	Jenkins	1	-----	M	1842	3385	Place-10
SMITH	Suzanne	1	-----	F	1842	3387	Place-26
SMITH	Briony	1	-----	F	1842	3391	Place-10
SMITH	Jim	1	-----	M	1842	3394	Place-11
SMITH	Sharon	1	-----	F	1842	3401	Place-16
SMITH	Suzanne	0	-----	F	1842	3408	Place-26
SMITH	Shawn	0	-----	M	1842	3409	Place-20
SMITH	Seonaid	0	-----	F	1842	3411	Place-4
SMITH	Susan	0	-----	F	1842	3423	Place-19
SMITH	Paulo	0	-----	M	1842	3425	Place-27
SMITH	Jacob	0	-----	M	1842	3432	Place-9
SMITH	James	0	-----	M	1842	3434	Place-1
SMITH	Jenkins	0	-----	M	1842	3440	Place-17
SMITH	Seonaid	0	-----	F	1842	3442	Place-21
SMITH	Jim	0	-----	M	1842	3446	Place-20
SMITH	Sarah	0	-----	F	1842	3448	Place-4
SMITH	Susan	0	-----	F	1842	3458	Place-9
SMITH	Sarah	45	-----	F	1843	1432	Place-22
SMITH	James	35	-----	M	1843	1743	Place-7
SMITH	Paulo	29	-----	M	1843	2004	Place-15
SMITH	Suzanne	5	-----	F	1843	3185	Place-26
SMITH	Susan	29	-----	F	1843	2011	Place-3
SMITH	Joseph	57	-----	M	1843	1060	Place-14
SMITH	Sheila	37	-----	F	1843	3173	Place-16
SMITH	Jenkins	47	-----	M	1843	1374	Place-1
SMITH	Jacob	14	-----	M	1843	2671	Place-22
SMITH	Bob	8	-----	M	1843	2987	Place-11
SMITH	Sarah	56	-----	F	1843	2360	Place-22
SMITH	Jenkins	56	-----	M	1843	1100	Place-26
SMITH	Bob	21	-----	M	1843	2346	Place-25
SMITH	Sarah	59	-----	F	1843	2756	Place-25
SMITH	Paulo	55	-----	M	1843	1117	Place-28
SMITH	Shawn	19	-----	M	1843	2426	Place-17
SMITH	Jenkins	18	-----	M	1843	2477	Place-2
SMITH	Joseph	12	-----	M	1843	2783	Place-1
SMITH	Sharon	11	-----	F	1843	2827	Place-14
SMITH	Jenkins	8	-----	M	1843	2991	Place-12
SMITH	Sarah	3	-----	F	1843	3334	Place-4
SMITH	Susan	1	-----	F	1843	3418	Place-14
SMITH	Susan	1	-----	F	1843	3421	Place-26
SMITH	James	1	-----	M	1843	3422	Place-10
SMITH	Shawn	1	-----	M	1843	3424	Place-19
SMITH	Jim	1	-----	M	1843	3430	Place-26
SMITH	Suzanne	1	-----	F	1843	3431	Place-16
SMITH	Briony	1	-----	F	1843	3435	Place-4
SMITH	Jenkins	1	-----	M	1843	3437	Place-26
SMITH	Sarah	1	-----	F	1843	3438	Place-9
SMITH	Paulo	1	-----	M	1843	3441	Place-13
SMITH	Bob	1	-----	M	1843	3455	Place-7
SMITH	Susan	1	-----	F	1843	3457	Place-21
SMITH	Briony	0	-----	F	1843	3469	Place-28
SMITH	Shawn	0	-----	M	1843	3476	Place-9
SMITH	Seonaid	0	-----	F	1843	3478	Place-18
SMITH	Selina	0	-----	F	1843	3480	Place-28
SMITH	Bob	0	-----	M	1843	3482	Place-26
SMITH	Joseph	0	-----	M	1843	3484	Place-19
SMITH	Joseph	0	-----	M	1843	3487	Place-14
SMITH	Jenkins	0	-----	M	1843	3493	Place-10
SMITH	Briony	0	-----	F	1843	3499	Place-14
SMITH	Jenkins	0	-----	M	1843	3500	Place-20
SMITH	Susan	0	-----	F	1843	3501	Place-27
SMITH	Briony	0	-----	F	1843	3512	Place-9
SMITH	Susan	58	-----	F	1844	3522	Place-27
SMITH	Jim	56	-----	M	1844	1127	Place-22
SMITH	Briony	60	-----	F	1844	1768	Place-18
SMITH	Sarah	55	-----	F	1844	2079	Place-5
SMITH	Sharon	25	-----	F	1844	3461	Place-4
SMITH	James	60	-----	M	1844	1006	Place-10
SMITH	Bob	40	-----	M	1844	1611	Place-8
SMITH	Suzanne	34	-----	F	1844	3286	Place-12
SMITH	Sheila	39	-----	F	1844	2513	Place-19
SMITH	Jenkins	46	-----	M	1844	1438	Place-4
SMITH	Seonaid	61	-----	F	1844	984	Place-0
SMITH	Susan	39	-----	F	1844	1632	Place-16
SMITH	Jenkins	59	-----	M	1844	1032	Place-22
SMITH	Briony	54	-----	F	1844	2912	Place-23
SMITH	Paulo	48	-----	M	1844	1386	Place-9
SMITH	Susan	12	-----	F	1844	2839	Place-26
SMITH	Jim	57	-----	M	1844	1110	Place-13
SMITH	Shawn	47	-----	M	1844	1414	Place-12
SMITH	Bob	58	-----	M	1844	1072	Place-27
SMITH	Jenkins	21	-----	M	1844	2374	Place-12
SMITH	Sheila	20	-----	F	1844	2444	Place-10
SMITH	Briony	19	-----	F	1844	2502	Place-21
SMITH	Briony	19	-----	F	1844	2503	Place-28
SMITH	Paulo	14	-----	M	1844	2726	Place-8
SMITH	Jenkins	14	-----	M	1844	2740	Place-29
SMITH	Bob	7	-----	M	1844	3118	Place-22
SMITH	Jacob	7	-----	M	1844	3128	Place-20
SMITH	Bob	7	-----	M	1844	3158	Place-21
SMITH	Sharon	5	-----	F	1844	3267	Place-22
SMITH	Jim	5	-----	M	1844	3280	Place-4
SMITH	Jenkins	4	-----	M	1844	3321	Place-12
SMITH	Susan	4	-----	F	1844	3324	Place-2
SMITH	Joseph	1	-----	M	1844	3496	Place-24
SMITH	James	0	-----	M	1844	3524	Place-4
SMITH	Selina	0	-----	F	1844	3526	Place-3
SMITH	Bob	0	-----	M	1844	3533	Place-27
SMITH	James	0	-----	M	1844	3543	Place-9
SMITH	Briony	0	-----	F	1844	3547	Place-29
SMITH	Shawn	0	-----	M	1844	3551	Place-6
SMITH	Jenkins	0	-----	M	1844	3553	Place-28
SMITH	Jenkins	0	-----	M	1844	3557	Place-13
SMITH	Sheila	0	-----	F	1844	3558	Place-0
SMITH	Sharon	0	-----	F	1844	3582	Place-17
SMITH	Seonaid	65	-----	F	1845	2611	Place-23
SMITH	Joseph	59	-----	M	1845	1079	Place-10
SMITH	Sharon	57	-----	F	1845	1132	Place-1
SMITH	Sharon	56	-----	F	1845	1769	Place-20
SMITH	Selina	38	-----	F	1845	2704	Place-13
SMITH	Jenkins	32	-----	M	1845	1957	Place-14
SMITH	Sharon	55	-----	F	1845	1180	Place-11
SMITH	Jenkins	55	-----	M	1845	1175	Place-2
SMITH	Sharon	30	-----	F	1845	2062	Place-10
SMITH	Bob	56	-----	M	1845	1163	Place-23
SMITH	Sheila	57	-----	F	1845	1128	Place-6
SMITH	Seonaid	53	-----	F	1845	1237	Place-19
SMITH	Jim	41	-----	M	1845	1609	Place-19
SMITH	Sarah	16	-----	F	1845	2677	Place-27
SMITH	Bob	15	-----	M	1845	2707	Place-12
SMITH	Sarah	15	-----	F	1845	2744	Place-21
SMITH	Seonaid	14	-----	F	1845	2772	Place-15
SMITH	Susan	14	-----	F	1845	2774	Place-2
SMITH	Bob	10	-----	M	1845	2984	Place-9
SMITH	Shawn	9	-----	M	1845	3093	Place-1
SMITH	Jacob	8	-----	M	1845	3106	Place-5
SMITH	James	8	-----	M	1845	3122	Place-23
SMITH	Bob	7	-----	M	1845	3216	Place-27
SMITH	Bob	6	-----	M	1845	3242	Place-29
SMITH	James	5	-----	M	1845	3337	Place-18
SMITH	Seonaid	3	-----	F	1845	3426	Place-2
SMITH	James	1	-----	M	1845	3532	Place-28
SMITH	Seonaid	1	-----	F	1845	3534	Place-28
SMITH	Joseph	1	-----	M	1845	3535	Place-29
SMITH	Sharon	1	-----	F	1845	3536	Place-19
SMITH	Suzanne	1	-----	F	1845	3540	Place-21
SMITH	James	1	-----	M	1845	3549	Place-23
SMITH	Susan	1	-----	F	1845	3559	Place-13
SMITH	Suzanne	1	-----	F	1845	3562	Place-16
SMITH	Jim	1	-----	M	1845	3565	Place-9
SMITH	Jim	1	-----	M	1845	3576	Place-22
SMITH	Selina	1	-----	F	1845	3584	Place-22
SMITH	Sharon	0	-----	F	1845	3596	Place-3
SMITH	Sheila	0	-----	F	1845	3600	Place-13
SMITH	Joseph	0	-----	M	1845	3601	Place-26
SMITH	Paulo	0	-----	M	1845	3606	Place-29
SMITH	Sarah	0	-----	F	1845	3607	Place-18
SMITH	Jim	0	-----	M	1845	3613	Place-6
SMITH	Sarah	0	-----	F	1845	3614	Place-5
SMITH	Sheila	0	-----	F	1845	3617	Place-7
SMITH	Selina	0	-----	F	1845	3618	Place-1
SMITH	Paulo	0	-----	M	1845	3619	Place-6
SMITH	James	0	-----	M	1845	3620	Place-7
SMITH	Sharon	0	-----	F	1845	3623	Place-13
SMITH	Jenkins	0	-----	M	1845	3627	Place-11
SMITH	Sharon	0	-----	F	1845	3629	Place-18
SMITH	James	0	-----	M	1845	3639	Place-9
SMITH	Jenkins	0	-----	M	1845	3640	Place-24
SMITH	Paulo	0	-----	M	1845	3642	Place-23
SMITH	Seonaid	55	-----	F	1846	3651	Place-6
SMITH	Sarah	50	-----	F	1846	3346	Place-12
SMITH	Selina	41	-----	F	1846	3287	Place-18
SMITH	Susan	48	-----	F	1846	3588	Place-23
SMITH	Susan	59	-----	F	1846	3591	Place-13
SMITH	Jenkins	56	-----	M	1846	1190	Place-19
SMITH	Bob	22	-----	M	1846	2411	Place-16
SMITH	James	23	-----	M	1846	2391	Place-19
SMITH	Suzanne	55	-----	F	1846	2173	Place-28
SMITH	Briony	48	-----	F	1846	3462	Place-23
SMITH	Selina	33	-----	F	1846	1948	Place-29
SMITH	Briony	56	-----	F	1846	3102	Place-25
SMITH	Jacob	33	-----	M	1846	1955	Place-4
SMITH	Briony	42	-----	F	1846	2751	Place-13
SMITH	Suzanne	59	-----	F	1846	1091	Place-2
SMITH	Shawn	31	-----	M	1846	2046	Place-13
SMITH	Bob	18	-----	M	1846	2616	Place-14
SMITH	Sarah	17	-----	F	1846	2667	Place-10
SMITH	Susan	15	-----	F	1846	2790	Place-12
SMITH	Seonaid	12	-----	F	1846	2923	Place-26
SMITH	Selina	11	-----	F	1846	2994	Place-23
SMITH	Sarah	11	-----	F	1846	3011	Place-23
SMITH	Jim	10	-----	M	1846	3072	Place-6
SMITH	Jim	6	-----	M	1846	3316	Place-23
SMITH	Jenkins	6	-----	M	1846	3326	Place-27
SMITH	Sharon	4	-----	F	1846	3419	Place-17
SMITH	Sheila	3	-----	F	1846	3502	Place-10
SMITH	Sheila	3	-----	F	1846	3504	Place-5
SMITH	Jim	1	-----	M	1846	3598	Place-28
SMITH	Jim	1	-----	M	1846	3605	Place-24
SMITH	Paulo	1	-----	M	1846	3616	Place-23
SMITH	Joseph	1	-----	M	1846	3621	Place-14
SMITH	Sarah	1	-----	F	1846	3630	Place-15
SMITH	Briony	1	-----	F	1846	3637	Place-0
SMITH	Briony	1	-----	F	1846	3641	Place-21
SMITH	Sharon	1	-----	F	1846	3643	Place-1
SMITH	Jim	0	-----	M	1846	3654	Place-25
SMITH	James	0	-----	M	1846	3655	Place-15
SMITH	Paulo	0	-----	M	1846	3656	Place-22
SMITH	James	0	-----	M	1846	3663	Place-0
SMITH	Jenkins	0	-----	M	1846	3671	Place-16
SMITH	Sheila	0	-----	F	1846	3673	Place-6
SMITH	Sheila	0	-----	F	1846	3681	Place-14
SMITH	Jim	0	-----	M	1846	3682	Place-18
SMITH	Susan	0	-----	F	1846	3685	Place-20
SMITH	Briony	0	-----	F	1846	3694	Place-22
SMITH	Susan	0	-----	F	1846	3695	Place-25
SMITH	Paulo	0	-----	M	1846	3703	Place-4
SMITH	Sharon	0	-----	F	1846	3704	Place-7
SMITH	Briony	0	-----	F	1846	3708	Place-8
SMITH	James	0	-----	M	1846	3711	Place-21
SMITH	James	41	-----	M	1847	1670	Place-27
SMITH	James	26	-----	M	1847	2309	Place-7
SMITH	Seonaid	36	-----	F	1847	3291	Place-9
SMITH	Jenkins	13	-----	M	1847	2941	Place-26
SMITH	Suzanne	23	-----	F	1847	3648	Place-27
SMITH	Joseph	55	-----	M	1847	1231	Place-15
SMITH	Bob	23	-----	M	1847	2429	Place-2
SMITH	James	55	-----	M	1847	1233	Place-24
SMITH	Suzanne	50	-----	F	1847	2752	Place-0
SMITH	Paulo	30	-----	M	1847	2162	Place-0
SMITH	Jenkins	57	-----	M	1847	1183	Place-11
SMITH	Sarah	55	-----	F	1847	2458	Place-17
SMITH	Shawn	51	-----	M	1847	1376	Place-5
SMITH	Paulo	56	-----	M	1847	1214	Place-6
SMITH	Sarah	33	-----	F	1847	1998	Place-11
SMITH	Sharon	30	-----	F	1847	2133	Place-5
SMITH	Joseph	19	-----	M	1847	2649	Place-26
SMITH	Selina	18	-----	F	1847	2682	Place-24
SMITH	Joseph	18	-----	M	1847	2698	Place-9
SMITH	Sheila	15	-----	F	1847	2830	Place-4
SMITH	Paulo	14	-----	M	1847	2861	Place-19
SMITH	Bob	14	-----	M	1847	2901	Place-26
SMITH	Selina	13	-----	F	1847	2967	Place-0
SMITH	Sharon	7	-----	F	1847	3308	Place-29
SMITH	Bob	5	-----	M	1847	3447	Place-6
SMITH	Shawn	1	-----	M	1847	3658	Place-6
SMITH	Joseph	1	-----	M	1847	3665	Place-21
SMITH	Jenkins	1	-----	M	1847	3674	Place-0
SMITH	Seonaid	1	-----	F	1847	3684	Place-15
SMITH	Suzanne	1	-----	F	1847	3696	Place-7
SMITH	Sarah	1	-----	F	1847	3700	Place-18
SMITH	Jacob	1	-----	M	1847	3706	Place-16
SMITH	Sheila	1	-----	F	1847	3707	Place-20
SMITH	Paulo	1	-----	M	1847	3710	Place-18
SMITH	Susan	0	-----	F	1847	3728	Place-20
SMITH	Briony	0	-----	F	1847	3730	Place-27
SMITH	Shawn	0	-----	M	1847	3737	Place-7
SMITH	Susan	0	-----	F	1847	3738	Place-27
SMITH	Suzanne	0	-----	F	1847	3749	Place-28
SMITH	Seonaid	0	-----	F	1847	3754	Place-29
SMITH	Bob	0	-----	M	1847	3756	Place-27
SMITH	Sheila	0	-----	F	1847	3758	Place-27
SMITH	Jim	0	-----	M	1847	3761	Place-17
SMITH	Bob	0	-----	M	1847	3762	Place-15
SMITH	Jenkins	0	-----	M	1847	3764	Place-12
SMITH	Suzanne	0	-----	F	1847	3771	Place-13
SMITH	Shawn	0	-----	M	1847	3784	Place-10
SMITH	Sarah	55	-----	F	1848	3790	Place-1
SMITH	Sheila	19	-----	F	1848	2657	Place-0
SMITH	James	59	-----	M	1848	1157	Place-29
SMITH	Seonaid	25	-----	F	1848	2402	Place-26
SMITH	Paulo	22	-----	M	1848	2559	Place-21
SMITH	Jenkins	20	-----	M	1848	2613	Place-13
SMITH	Suzanne	23	-----	F	1848	2460	Place-10
SMITH	Susan	55	-----	F	1848	2975	Place-25
SMITH	Selina	4	-----	F	1848	3569	Place-9
SMITH	Susan	55	-----	F	1848	2332	Place-6
SMITH	James	55	-----	M	1848	1276	Place-1
SMITH	Susan	52	-----	F	1848	2976	Place-6
SMITH	Selina	61	-----	F	1848	2972	Place-12
SMITH	Jim	51	-----	M	1848	1424	Place-13
SMITH	Paulo	57	-----	M	1848	1213	Place-3
SMITH	Briony	31	-----	F	1848	2171	Place-7
SMITH	Jacob	55	-----	M	1848	1274	Place-10
SMITH	Paulo	64	-----	M	1848	1008	Place-25
SMITH	Seonaid	24	-----	F	1848	2452	Place-28
SMITH	James	23	-----	M	1848	2470	Place-8
SMITH	Jacob	20	-----	M	1848	2647	Place-26
SMITH	James	17	-----	M	1848	2775	Place-0
SMITH	James	9	-----	M	1848	3259	Place-19
SMITH	James	8	-----	M	1848	3305	Place-18
SMITH	Joseph	7	-----	M	1848	3356	Place-13
SMITH	Jim	5	-----	M	1848	3471	Place-7
SMITH	Jim	4	-----	M	1848	3556	Place-18
SMITH	Seonaid	2	-----	F	1848	3664	Place-21
SMITH	Suzanne	1	-----	F	1848	3727	Place-25
SMITH	Briony	1	-----	F	1848	3735	Place-0
SMITH	Selina	1	-----	F	1848	3736	Place-4
SMITH	Sarah	1	-----	F	1848	3748	Place-5
SMITH	Suzanne	1	-----	F	1848	3755	Place-5
SMITH	Briony	1	-----	F	1848	3757	Place-24
SMITH	Jim	1	-----	M	1848	3763	Place-24
SMITH	James	1	-----	M	1848	3776	Place-9
SMITH	Sharon	1	-----	F	1848	3777	Place-0
SMITH	Susan	1	-----	F	1848	3782	Place-7
SMITH	Jacob	0	-----	M	1848	3798	Place-21
SMITH	James	0	-----	M	1848	3800	Place-19
SMITH	Suzanne	0	-----	F	1848	3801	Place-6
SMITH	Bob	0	-----	M	1848	3803	Place-14
SMITH	James	0	-----	M	1848	3811	Place-27
SMITH	Seonaid	0	-----	F	1848	3819	Place-26
SMITH	Suzanne	0	-----	F	1848	3824	Place-9
SMITH	Joseph	0	-----	M	1848	3826	Place-12
SMITH	Briony	0	-----	F	1848	3828	Place-8
SMITH	Sheila	0	-----	F	1848	3830	Place-15
SMITH	Seonaid	0	-----	F	1848	3833	Place-6
SMITH	Bob	0	-----	M	1848	3838	Place-24
SMITH	Seonaid	0	-----	F	1848	3841	Place-23
SMITH	Sarah	0	-----	F	1848	3845	Place-28
SMITH	Seonaid	22	-----	F	1849	3850	Place-10
SMITH	Sarah	24	-----	F	1849	2492	Place-29
SMITH	Jenkins	38	-----	M	1849	1877	Place-20
SMITH	Seonaid	55	-----	F	1849	3101	Place-19
SMITH	Susan	13	-----	F	1849	3076	Place-13
SMITH	Selina	55	-----	F	1849	3719	Place-2
SMITH	Shawn	55	-----	M	1849	1305	Place-2
SMITH	James	29	-----	M	1849	2259	Place-26
SMITH	James	15	-----	M	1849	2931	Place-22
SMITH	Briony	32	-----	F	1849	3519	Place-0
SMITH	Joseph	59	-----	M	1849	1188	Place-11
SMITH	Bob	57	-----	M	1849	1249	Place-26
SMITH	Jenkins	55	-----	M	1849	1318	Place-18
SMITH	Suzanne	55	-----	F	1849	3344	Place-7
SMITH	Suzanne	33	-----	F	1849	2100	Place-9
SMITH	Sheila	55	-----	F	1849	3036	Place-0
SMITH	Susan	16	-----	F	1849	2864	Place-15
SMITH	Joseph	19	-----	M	1849	2718	Place-25
SMITH	Joseph	19	-----	M	1849	2748	Place-20
SMITH	Briony	15	-----	F	1849	2955	Place-20
SMITH	Sheila	10	-----	F	1849	3256	Place-22
SMITH	Sarah	8	-----	F	1849	3365	Place-28
SMITH	Briony	7	-----	F	1849	3410	Place-7
SMITH	Jacob	6	-----	M	1849	3473	Place-28
SMITH	Bob	6	-----	M	1849	3516	Place-12
SMITH	Sarah	1	-----	F	1849	3818	Place-21
SMITH	James	1	-----	M	1849	3829	Place-0
SMITH	Sharon	1	-----	F	1849	3835	Place-0
SMITH	James	1	-----	M	1849	3840	Place-24
SMITH	Suzanne	0	-----	F	1849	3870	Place-20
SMITH	Jenkins	0	-----	M	1849	3872	Place-29
SMITH	Sheila	0	-----	F	1849	3873	Place-28
SMITH	Selina	0	-----	F	1849	3877	Place-17
SMITH	Selina	0	-----	F	1849	3879	Place-24
SMITH	Susan	0	-----	F	1849	3880	Place-20
SMITH	Briony	0	-----	F	1849	3881	Place-26
SMITH	Paulo	0	-----	M	1849	3882	Place-0
SMITH	Jenkins	0	-----	M	1849	3886	Place-9
SMITH	Shawn	0	-----	M	1849	3887	Place-28
SMITH	Briony	0	-----	F	1849	3893	Place-17
SMITH	Paulo	0	-----	M	1849	3895	Place-15
SMITH	Jim	0	-----	M	1849	3897	Place-6
SMITH	Selina	0	-----	F	1849	3902	Place-24
SMITH	Selina	0	-----	F	1849	3903	Place-5
SMITH	Sheila	0	-----	F	1849	3908	Place-18
SMITH	Sheila	22	-----	F	1850	3726	Place-9
SMITH	Sharon	36	-----	F	1850	1988	Place-3
SMITH	Susan	25	-----	F	1850	2478	Place-27
SMITH	Briony	56	-----	F	1850	3465	Place-5
SMITH	Seonaid	55	-----	F	1850	3350	Place-12
SMITH	Jacob	56	-----	M	1850	1317	Place-11
SMITH	Jim	55	-----	M	1850	1346	Place-22
SMITH	Paulo	55	-----	M	1850	1340	Place-9
SMITH	Jenkins	46	-----	M	1850	1613	Place-26
SMITH	Sharon	26	-----	F	1850	2438	Place-16
SMITH	Shawn	20	-----	M	1850	2717	Place-9
SMITH	Selina	18	-----	F	1850	2848	Place-5
SMITH	Briony	12	-----	F	1850	3186	Place-15
SMITH	Suzanne	10	-----	F	1850	3295	Place-27
SMITH	Bob	10	-----	M	1850	3304	Place-16
SMITH	Selina	6	-----	F	1850	3550	Place-13
SMITH	Sarah	1	-----	F	1850	3861	Place-14
SMITH	Susan	1	-----	F	1850	3868	Place-8
SMITH	Shawn	1	-----	M	1850	3869	Place-7
SMITH	Briony	1	-----	F	1850	3883	Place-15
SMITH	Sheila	1	-----	F	1850	3889	Place-12
SMITH	Sharon	1	-----	F	1850	3900	Place-22
SMITH	Sharon	1	-----	F	1850	3905	Place-5
SMITH	Briony	1	-----	F	1850	3906	Place-15
SMITH	Jenkins	1	-----	M	1850	3910	Place-4
SMITH	Sharon	0	-----	F	1850	3928	Place-15
SMITH	Susan	0	-----	F	1850	3931	Place-16
SMITH	Paulo	0	-----	M	1850	3945	Place-1
SMITH	Shawn	0	-----	M	1850	3952	Place-28
SMITH	Jacob	0	-----	M	1850	3957	Place-5
SMITH	Selina	0	-----	F	1850	3961	Place-23
SMITH	Seonaid	0	-----	F	1850	3966	Place-5
SMITH	Susan	0	-----	F	1850	3967	Place-17
SMITH	Sharon	0	-----	F	1850	3973	Place-9
SMITH	Selina	0	-----	F	1850	3974	Place-16
SMITH	Susan	20	-----	F	1851	3983	Place-6
SMITH	Sarah	1	-----	F	1851	3938	Place-20
SMITH	Selina	55	-----	F	1851	3912	Place-2
SMITH	Bob	55	-----	M	1851	1388	Place-12
SMITH	Sharon	61	-----	F	1851	2506	Place-28
SMITH	Jacob	55	-----	M	1851	1360	Place-2
SMITH	Joseph	58	-----	M	1851	1286	Place-16
SMITH	Sheila	55	-----	F	1851	3037	Place-9
SMITH	Jacob	38	-----	M	1851	1944	Place-28
SMITH	Sharon	57	-----	F	1851	2329	Place-20
SMITH	Shawn	20	-----	M	1851	2804	Place-12
SMITH	Sheila	15	-----	F	1851	3049	Place-5
SMITH	Bob	14	-----	M	1851	3123	Place-15
SMITH	Jim	14	-----	M	1851	3138	Place-14
SMITH	Susan	14	-----	F	1851	3159	Place-20
SMITH	Joseph	14	-----	M	1851	3164	Place-8
SMITH	Bob	11	-----	M	1851	3294	Place-26
SMITH	Suzanne	10	-----	F	1851	3388	Place-27
SMITH	Suzanne	8	-----	F	1851	3485	Place-19
SMITH	Shawn	7	-----	M	1851	3555	Place-20
SMITH	Jenkins	5	-----	M	1851	3717	Place-3
SMITH	Selina	4	-----	F	1851	3731	Place-15
SMITH	Sarah	4	-----	F	1851	3734	Place-2
SMITH	Briony	3	-----	F	1851	3844	Place-4
SMITH	Sarah	1	-----	F	1851	3920	Place-6
SMITH	Jim	1	-----	M	1851	3922	Place-28
SMITH	Susan	1	-----	F	1851	3927	Place-4
SMITH	Suzanne	1	-----	F	1851	3932	Place-9
SMITH	Jenkins	1	-----	M	1851	3946	Place-12
SMITH	Suzanne	1	-----	F	1851	3958	Place-28
SMITH	Sheila	1	-----	F	1851	3975	Place-10
SMITH	Seonaid	1	-----	F	1851	3979	Place-19
SMITH	Suzanne	0	-----	F	1851	3996	Place-17
SMITH	Selina	0	-----	F	1851	4002	Place-17
SMITH	Seonaid	0	-----	F	1851	4004	Place-3
SMITH	Bob	0	-----	M	1851	4007	Place-5
SMITH	Jim	0	-----	M	1851	4011	Place-7
SMITH	Sharon	0	-----	F	1851	4015	Place-12
SMITH	Sheila	0	-----	F	1851	4017	Place-2
SMITH	Sheila	0	-----	F	1851	4025	Place-15
SMITH	Bob	0	-----	M	1851	4034	Place-6
SMITH	Suzanne	0	-----	F	1851	4040	Place-4
SMITH	Seonaid	29	-----	F	1852	3795	Place-11
SMITH	Susan	55	-----	F	1852	3587	Place-25
SMITH	Jacob	65	-----	M	1852	1090	Place-5
SMITH	Sarah	2	-----	F	1852	3964	Place-9
SMITH	Sharon	26	-----	F	1852	3913	Place-23
SMITH	Paulo	55	-----	M	1852	1419	Place-15
SMITH	Sarah	56	-----	F	1852	3847	Place-12
SMITH	Jacob	33	-----	M	1852	2250	Place-9
SMITH	Sharon	50	-----	F	1852	3791	Place-13
SMITH	Paulo	57	-----	M	1852	1355	Place-4
SMITH	Sheila	25	-----	F	1852	2589	Place-14
SMITH	Sharon	34	-----	F	1852	2204	Place-26
SMITH	Jim	55	-----	M	1852	1421	Place-20
SMITH	Jim	55	-----	M	1852	1413	Place-1
SMITH	James	32	-----	M	1852	2256	Place-12
SMITH	Jacob	27	-----	M	1852	2480	Place-10
SMITH	Seonaid	23	-----	F	1852	2676	Place-0
SMITH	Shawn	16	-----	M	1852	3065	Place-13
SMITH	Joseph	15	-----	M	1852	3104	Place-23
SMITH	Suzanne	12	-----	F	1852	3339	Place-16
SMITH	Sharon	7	-----	F	1852	3608	Place-7
SMITH	Joseph	7	-----	M	1852	3645	Place-6
SMITH	Sharon	6	-----	F	1852	3680	Place-15
SMITH	Sharon	3	-----	F	1852	3890	Place-22
SMITH	Sarah	1	-----	F	1852	3990	Place-10
SMITH	Seonaid	1	-----	F	1852	4003	Place-28
SMITH	Paulo	1	-----	M	1852	4008	Place-20
SMITH	Bob	1	-----	M	1852	4010	Place-10
SMITH	Jim	1	-----	M	1852	4023	Place-23
SMITH	Joseph	1	-----	M	1852	4024	Place-1
SMITH	Jenkins	1	-----	M	1852	4031	Place-25
SMITH	Paulo	1	-----	M	1852	4036	Place-15
SMITH	Sarah	0	-----	F	1852	4059	Place-20
SMITH	James	0	-----	M	1852	4071	Place-10
SMITH	Suzanne	0	-----	F	1852	4077	Place-8
SMITH	Paulo	0	-----	M	1852	4078	Place-15
SMITH	Sheila	0	-----	F	1852	4081	Place-16
SMITH	Susan	0	-----	F	1852	4082	Place-10
SMITH	Sharon	0	-----	F	1852	4090	Place-27
SMITH	Joseph	0	-----	M	1852	4106	Place-5
SMITH	Paulo	0	-----	M	1852	4114	Place-16
SMITH	Susan	42	-----	F	1853	4117	Place-17
SMITH	Suzanne	54	-----	F	1853	3464	Place-24
SMITH	Seonaid	53	-----	F	1853	2914	Place-27
SMITH	Sharon	59	-----	F	1853	1309	Place-1
SMITH	Jenkins	55	-----	M	1853	1441	Place-25
SMITH	Sarah	30	-----	F	1853	2370	Place-1
SMITH	Bob	48	-----	M	1853	1656	Place-17
SMITH	Bob	54	-----	M	1853	1468	Place-21
SMITH	Seonaid	55	-----	F	1853	1450	Place-27
SMITH	Selina	37	-----	F	1853	3345	Place-15
SMITH	Paulo	63	-----	M	1853	1191	Place-4
SMITH	James	59	-----	M	1853	1303	Place-4
SMITH	Selina	38	-----	F	1853	2071	Place-10
SMITH	Selina	27	-----	F	1853	2528	Place-6
SMITH	Shawn	26	-----	M	1853	2595	Place-3
SMITH	Paulo	19	-----	M	1853	2949	Place-27
SMITH	Jenkins	17	-----	M	1853	3053	Place-18
SMITH	Suzanne	17	-----	F	1853	3079	Place-13
SMITH	James	16	-----	M	1853	3163	Place-19
SMITH	Paulo	14	-----	M	1853	3234	Place-28
SMITH	Briony	12	-----	F	1853	3357	Place-14
SMITH	Suzanne	12	-----	F	1853	3366	Place-9
SMITH	Jenkins	11	-----	M	1853	3428	Place-0
SMITH	Briony	8	-----	F	1853	3625	Place-15
SMITH	Sarah	8	-----	F	1853	3644	Place-10
SMITH	Paulo	6	-----	M	1853	3760	Place-17
SMITH	Bob	6	-----	M	1853	3786	Place-28
SMITH	Jacob	5	-----	M	1853	3846	Place-17
SMITH	Briony	3	-----	F	1853	3969	Place-23
SMITH	Sheila	2	-----	F	1853	3994	Place-29
SMITH	Jenkins	1	-----	M	1853	4048	Place-25
SMITH	Joseph	1	-----	M	1853	4050	Place-24
SMITH	Briony	1	-----	F	1853	4052	Place-2
SMITH	Joseph	1	-----	M	1853	4053	Place-18
SMITH	Bob	1	-----	M	1853	4067	Place-29
SMITH	Selina	1	-----	F	1853	4073	Place-1
SMITH	Bob	1	-----	M	1853	4085	Place-26
SMITH	James	1	-----	M	1853	4086	Place-13
SMITH	Susan	1	-----	F	1853	4091	Place-7
SMITH	Briony	1	-----	F	1853	4092	Place-23
SMITH	Susan	1	-----	F	1853	4096	Place-4
SMITH	Jim	1	-----	M	1853	4098	Place-2
SMITH	Selina	1	-----	F	1853	4101	Place-25
SMITH	Shawn	1	-----	M	1853	4104	Place-24
SMITH	Susan	1	-----	F	1853	4105	Place-6
SMITH	Seonaid	1	-----	F	1853	4113	Place-5
SMITH	Sharon	0	-----	F	1853	4124	Place-29
SMITH	Suzanne	0	-----	F	1853	4135	Place-2
SMITH	Shawn	0	-----	M	1853	4146	Place-20
SMITH	Briony	0	-----	F	1853	4153	Place-15
SMITH	Briony	0	-----	F	1853	4154	Place-24
SMITH	Jenkins	0	-----	M	1853	4156	Place-19
SMITH	Joseph	0	-----	M	1853	4160	Place-23
SMITH	Sheila	0	-----	F	1853	4162	Place-9
SMITH	James	0	-----	M	1853	4167	Place-9
SMITH	Susan	0	-----	F	1853	4170	Place-29
SMITH	Sharon	0	-----	F	1853	4171	Place-12
SMITH	Joseph	0	-----	M	1853	4173	Place-26
SMITH	Sarah	0	-----	F	1853	4174	Place-15
SMITH	Joseph	0	-----	M	1853	4176	Place-25
SMITH	Briony	0	-----	F	1853	4178	Place-20
SMITH	Jim	0	-----	M	1853	4179	Place-22
SMITH	Selina	0	-----	F	1853	4182	Place-10
SMITH	Suzanne	0	-----	F	1853	4185	Place-17
SMITH	Jacob	0	-----	M	1853	4188	Place-1
SMITH	Briony	22	-----	F	1854	2821	Place-1
SMITH	Shawn	56	-----	M	1854	1448	Place-0
SMITH	Shawn	19	-----	M	1854	3004	Place-4
SMITH	Seonaid	19	-----	F	1854	3012	Place-22
SMITH	James	38	-----	M	1854	2120	Place-8
SMITH	James	56	-----	M	1854	1434	Place-20
SMITH	Suzanne	46	-----	F	1854	1760	Place-11
SMITH	Sheila	37	-----	F	1854	2145	Place-8
SMITH	Paulo	21	-----	M	1854	2888	Place-29
SMITH	Briony	34	-----	F	1854	3918	Place-5
SMITH	Shawn	29	-----	M	1854	2471	Place-23
SMITH	Paulo	26	-----	M	1854	2637	Place-8
SMITH	Sarah	55	-----	F	1854	1481	Place-6
SMITH	Seonaid	32	-----	F	1854	2353	Place-3
SMITH	Jenkins	14	-----	M	1854	3302	Place-3
SMITH	Shawn	10	-----	M	1854	3525	Place-26
SMITH	James	8	-----	M	1854	3701	Place-5
SMITH	Sharon	7	-----	F	1854	3743	Place-25
SMITH	Sharon	5	-----	F	1854	3894	Place-18
SMITH	Paulo	4	-----	M	1854	3933	Place-4
SMITH	Joseph	4	-----	M	1854	3944	Place-0
SMITH	Joseph	3	-----	M	1854	4026	Place-12
SMITH	Sharon	3	-----	F	1854	4030	Place-18
SMITH	Susan	1	-----	F	1854	4134	Place-18
SMITH	Joseph	1	-----	M	1854	4141	Place-6
SMITH	Sharon	1	-----	F	1854	4145	Place-28
SMITH	Jim	1	-----	M	1854	4149	Place-22
SMITH	Susan	1	-----	F	1854	4151	Place-9
SMITH	Bob	1	-----	M	1854	4155	Place-28
SMITH	Seonaid	1	-----	F	1854	4159	Place-20
SMITH	Joseph	1	-----	M	1854	4164	Place-17
SMITH	Sharon	1	-----	F	1854	4165	Place-15
SMITH	Seonaid	1	-----	F	1854	4168	Place-15
SMITH	Joseph	1	-----	M	1854	4169	Place-17
SMITH	Bob	1	-----	M	1854	4175	Place-16
SMITH	Seonaid	1	-----	F	1854	4180	Place-0
SMITH	Sharon	1	-----	F	1854	4187	Place-24
SMITH	James	1	-----	M	1854	4195	Place-21
SMITH	Jacob	0	-----	M	1854	4199	Place-29
SMITH	Jenkins	0	-----	M	1854	4202	Place-19
SMITH	Susan	0	-----	F	1854	4203	Place-23
SMITH	Sarah	0	-----	F	1854	4213	Place-2
SMITH	Suzanne	0	-----	F	1854	4228	Place-7
SMITH	Shawn	0	-----	M	1854	4234	Place-21
SMITH	Sheila	0	-----	F	1854	4244	Place-0
SMITH	Selina	0	-----	F	1854	4253	Place-2
SMITH	Jenkins	0	-----	M	1854	4255	Place-24
SMITH	Shawn	0	-----	M	1854	4257	Place-13
SMITH	Selina	29	-----	F	1855	2533	Place-24
SMITH	Joseph	23	-----	M	1855	2808	Place-14
SMITH	James	22	-----	M	1855	2866	Place-12
SMITH	Sarah	43	-----	F	1855	3342	Place-21
SMITH	Seonaid	55	-----	F	1855	4043	Place-19
SMITH	Shawn	53	-----	M	1855	1571	Place-24
SMITH	Bob	42	-----	M	1855	1945	Place-8
SMITH	Jacob	29	-----	M	1855	2545	Place-20
SMITH	Jacob	28	-----	M	1855	2588	Place-18
SMITH	Shawn	25	-----	M	1855	2711	Place-14
SMITH	Sharon	30	-----	F	1855	2494	Place-1
SMITH	Selina	62	-----	F	1855	3460	Place-9
SMITH	Suzanne	29	-----	F	1855	2535	Place-29
SMITH	Bob	56	-----	M	1855	1471	Place-13
SMITH	Sarah	37	-----	F	1855	2179	Place-4
SMITH	Suzanne	32	-----	F	1855	2367	Place-15
SMITH	Jenkins	56	-----	M	1855	1463	Place-6
SMITH	Sharon	21	-----	F	1855	2939	Place-16
SMITH	Jenkins	17	-----	M	1855	3221	Place-26
SMITH	Susan	13	-----	F	1855	3436	Place-10
SMITH	Shawn	12	-----	M	1855	3498	Place-23
SMITH	Sarah	12	-----	F	1855	3506	Place-28
SMITH	Jacob	11	-----	M	1855	3541	Place-25
SMITH	Briony	9	-----	F	1855	3714	Place-19
SMITH	James	6	-----	M	1855	3888	Place-4
SMITH	Suzanne	3	-----	F	1855	4055	Place-16
SMITH	Jim	3	-----	M	1855	4097	Place-25
SMITH	Susan	2	-----	F	1855	4138	Place-11
SMITH	Paulo	2	-----	M	1855	4172	Place-4
SMITH	Joseph	1	-----	M	1855	4218	Place-20
SMITH	Joseph	1	-----	M	1855	4219	Place-18
SMITH	Selina	1	-----	F	1855	4221	Place-24
SMITH	Sharon	1	-----	F	1855	4225	Place-18
SMITH	Susan	1	-----	F	1855	4237	Place-1
SMITH	Susan	1	-----	F	1855	4240	Place-13
SMITH	Selina	1	-----	F	1855	4245	Place-9
SMITH	Briony	1	-----	F	1855	4254	Place-8
SMITH	Bob	0	-----	M	1855	4287	Place-3
SMITH	Susan	0	-----	F	1855	4299	Place-9
SMITH	Bob	0	-----	M	1855	4300	Place-8
SMITH	Shawn	0	-----	M	1855	4306	Place-21
SMITH	Bob	0	-----	M	1855	4310	Place-2
SMITH	Jim	0	-----	M	1855	4313	Place-17
SMITH	Bob	0	-----	M	1855	4318	Place-2
SMITH	Joseph	0	-----	M	1855	4323	Place-26
SMITH	Jenkins	0	-----	M	1855	4325	Place-20
SMITH	Joseph	0	-----	M	1855	4328	Place-21
SMITH	Sarah	0	-----	F	1855	4329	Place-28
SMITH	Selina	0	-----	F	1855	4335	Place-24
SMITH	Jim	63	-----	M	1856	1292	Place-12
SMITH	Susan	18	-----	F	1856	3184	Place-19
SMITH	Suzanne	1	-----	F	1856	4319	Place-11
SMITH	Jacob	31	-----	M	1856	2497	Place-28
SMITH	Joseph	18	-----	M	1856	3222	Place-16
SMITH	Jim	56	-----	M	1856	1501	Place-20
SMITH	Jim	56	-----	M	1856	1491	Place-27
SMITH	Bob	58	-----	M	1856	1454	Place-17
SMITH	James	54	-----	M	1856	1549	Place-10
SMITH	Jim	41	-----	M	1856	2061	Place-19
SMITH	Seonaid	11	-----	F	1856	3633	Place-9
SMITH	Joseph	44	-----	M	1856	1922	Place-8
SMITH	James	56	-----	M	1856	1490	Place-16
SMITH	Sharon	55	-----	F	1856	1521	Place-0
SMITH	Paulo	14	-----	M	1856	3456	Place-7
SMITH	Sharon	19	-----	F	1856	3139	Place-25
SMITH	Sheila	58	-----	F	1856	2405	Place-2
SMITH	Briony	26	-----	F	1856	2733	Place-5
SMITH	Jenkins	22	-----	M	1856	2957	Place-26
SMITH	Briony	15	-----	F	1856	3352	Place-15
SMITH	Briony	15	-----	F	1856	3378	Place-5
SMITH	Jacob	14	-----	M	1856	3417	Place-23
SMITH	Briony	12	-----	F	1856	3566	Place-10
SMITH	Paulo	12	-----	M	1856	3571	Place-12
SMITH	Jacob	10	-----	M	1856	3672	Place-24
SMITH	James	8	-----	M	1856	3810	Place-1
SMITH	Jim	7	-----	M	1856	3875	Place-10
SMITH	Bob	6	-----	M	1856	3930	Place-24
SMITH	Seonaid	4	-----	F	1856	4065	Place-23
SMITH	Jacob	3	-----	M	1856	4123	Place-26
SMITH	Seonaid	3	-----	F	1856	4192	Place-21
SMITH	Jenkins	2	-----	M	1856	4215	Place-14
SMITH	Shawn	2	-----	M	1856	4233	Place-29
SMITH	Suzanne	2	-----	F	1856	4261	Place-21
SMITH	Briony	1	-----	F	1856	4271	Place-8
SMITH	Jacob	1	-----	M	1856	4274	Place-13
SMITH	Bob	1	-----	M	1856	4275	Place-20
SMITH	James	1	-----	M	1856	4279	Place-26
SMITH	Shawn	1	-----	M	1856	4280	Place-8
SMITH	Briony	1	-----	F	1856	4281	Place-26
SMITH	Sharon	1	-----	F	1856	4282	Place-7
SMITH	Jim	1	-----	M	1856	4283	Place-2
SMITH	Jim	1	-----	M	1856	4286	Place-27
SMITH	Jacob	1	-----	M	1856	4296	Place-28
SMITH	Briony	1	-----	F	1856	4297	Place-20
SMITH	Briony	1	-----	F	1856	4298	Place-21
SMITH	Jim	1	-----	M	1856	4311	Place-9
SMITH	Briony	1	-----	F	1856	4315	Place-12
SMITH	James	1	-----	M	1856	4317	Place-25
SMITH	Susan	1	-----	F	1856	4327	Place-5
SMITH	Joseph	1	-----	M	1856	4330	Place-16
SMITH	Seonaid	1	-----	F	1856	4332	Place-21
SMITH	James	0	-----	M	1856	4358	Place-8
SMITH	Susan	0	-----	F	1856	4367	Place-1
SMITH	Jenkins	0	-----	M	1856	4372	Place-1
SMITH	Selina	0	-----	F	1856	4378	Place-1
SMITH	Sarah	0	-----	F	1856	4382	Place-29
SMITH	Seonaid	0	-----	F	1856	4396	Place-26
SMITH	Shawn	0	-----	M	1856	4399	Place-27
SMITH	Sheila	25	-----	F	1857	4404	Place-15
SMITH	Selina	57	-----	F	1857	4405	Place-13
SMITH	Selina	59	-----	F	1857	4406	Place-14
SMITH	Seonaid	57	-----	F	1857	2755	Place-19
SMITH	Sheila	55	-----	F	1857	3518	Place-17
SMITH	Bob	55	-----	M	1857	1544	Place-11
SMITH	Jim	56	-----	M	1857	1527	Place-1
SMITH	Susan	60	-----	F	1857	2508	Place-14
SMITH	Sharon	57	-----	F	1857	3589	Place-7
SMITH	Shawn	34	-----	M	1857	2388	Place-21
SMITH	Suzanne	44	-----	F	1857	1975	Place-23
SMITH	Joseph	55	-----	M	1857	1539	Place-13
SMITH	Paulo	52	-----	M	1857	1648	Place-0
SMITH	Jenkins	33	-----	M	1857	2427	Place-24
SMITH	Susan	31	-----	F	1857	2531	Place-6
SMITH	Suzanne	21	-----	F	1857	3071	Place-14
SMITH	Jim	17	-----	M	1857	3338	Place-9
SMITH	Joseph	11	-----	M	1857	3670	Place-25
SMITH	Sheila	6	-----	F	1857	4020	Place-6
SMITH	Selina	6	-----	F	1857	4027	Place-1
SMITH	Sheila	5	-----	F	1857	4056	Place-28
SMITH	James	5	-----	M	1857	4058	Place-2
SMITH	Suzanne	4	-----	F	1857	4161	Place-29
SMITH	Suzanne	4	-----	F	1857	4177	Place-13
SMITH	Sharon	4	-----	F	1857	4190	Place-28
SMITH	James	1	-----	M	1857	4344	Place-12
SMITH	Susan	1	-----	F	1857	4351	Place-21
SMITH	Seonaid	1	-----	F	1857	4362	Place-2
SMITH	Bob	1	-----	M	1857	4365	Place-5
SMITH	Jacob	1	-----	M	1857	4374	Place-6
SMITH	Sheila	1	-----	F	1857	4385	Place-9
SMITH	Briony	1	-----	F	1857	4394	Place-28
SMITH	Sarah	1	-----	F	1857	4397	Place-22
SMITH	Jenkins	0	-----	M	1857	4411	Place-16
SMITH	James	0	-----	M	1857	4412	Place-6
SMITH	Briony	0	-----	F	1857	4415	Place-17
SMITH	Seonaid	0	-----	F	1857	4424	Place-1
SMITH	Susan	0	-----	F	1857	4437	Place-13
SMITH	Susan	0	-----	F	1857	4455	Place-15
SMITH	Jenkins	0	-----	M	1857	4456	Place-16
SMITH	Bob	0	-----	M	1857	4465	Place-1
SMITH	Briony	0	-----	F	1857	4469	Place-6
SMITH	Jim	0	-----	M	1857	4470	Place-28
SMITH	Bob	0	-----	M	1857	4477	Place-21
SMITH	Selina	0	-----	F	1857	4481	Place-27
SMITH	Bob	32	-----	M	1858	2546	Place-29
SMITH	Bob	49	-----	M	1858	1805	Place-29
SMITH	Shawn	23	-----	M	1858	3019	Place-5
SMITH	Briony	17	-----	F	1858	3397	Place-27
SMITH	James	56	-----	M	1858	1543	Place-29
SMITH	Bob	24	-----	M	1858	2953	Place-25
SMITH	Sarah	20	-----	F	1858	3219	Place-24
SMITH	Briony	22	-----	F	1858	3041	Place-16
SMITH	Seonaid	58	-----	F	1858	3848	Place-23
SMITH	Suzanne	26	-----	F	1858	2817	Place-19
SMITH	Shawn	28	-----	M	1858	2714	Place-19
SMITH	Sarah	48	-----	F	1858	4045	Place-25
SMITH	Paulo	61	-----	M	1858	1411	Place-28
SMITH	Jacob	28	-----	M	1858	2710	Place-19
SMITH	Bob	55	-----	M	1858	1583	Place-29
SMITH	Susan	39	-----	F	1858	2251	Place-4
SMITH	James	55	-----	M	1858	1579	Place-29
SMITH	Jenkins	31	-----	M	1858	2584	Place-15
SMITH	Paulo	14	-----	M	1858	3583	Place-5
SMITH	Bob	13	-----	M	1858	3628	Place-23
SMITH	Bob	10	-----	M	1858	3802	Place-21
SMITH	Briony	8	-----	F	1858	3950	Place-23
SMITH	Selina	7	-----	F	1858	3988	Place-29
SMITH	Sharon	5	-----	F	1858	4142	Place-28
SMITH	Shawn	3	-----	M	1858	4293	Place-4
SMITH	Bob	1	-----	M	1858	4427	Place-2
SMITH	Jacob	1	-----	M	1858	4428	Place-14
SMITH	Briony	1	-----	F	1858	4435	Place-3
SMITH	Selina	1	-----	F	1858	4438	Place-2
SMITH	Sharon	1	-----	F	1858	4447	Place-2
SMITH	Susan	1	-----	F	1858	4449	Place-15
SMITH	Bob	1	-----	M	1858	4452	Place-6
SMITH	Suzanne	1	-----	F	1858	4458	Place-14
SMITH	Paulo	1	-----	M	1858	4471	Place-0
SMITH	Jacob	1	-----	M	1858	4474	Place-28
SMITH	Bob	1	-----	M	1858	4482	Place-11
SMITH	Jacob	1	-----	M	1858	4485	Place-9
SMITH	Sarah	1	-----	F	1858	4486	Place-0
SMITH	Selina	0	-----	F	1858	4507	Place-24
SMITH	Jacob	0	-----	M	1858	4511	Place-9
SMITH	Shawn	0	-----	M	1858	4514	Place-1
SMITH	Suzanne	0	-----	F	1858	4533	Place-24
SMITH	Selina	0	-----	F	1858	4534	Place-29
SMITH	Sheila	0	-----	F	1858	4535	Place-21
SMITH	Jacob	0	-----	M	1858	4541	Place-21
SMITH	Jacob	0	-----	M	1858	4552	Place-15
SMITH	Jim	0	-----	M	1858	4555	Place-14
SMITH	Susan	0	-----	F	1858	4557	Place-26
SMITH	Susan	22	-----	F	1859	3112	Place-27
SMITH	Seonaid	62	-----	F	1859	3586	Place-22
SMITH	Paulo	35	-----	M	1859	2416	Place-21
SMITH	Bob	28	-----	M	1859	2799	Place-29
SMITH	Susan	19	-----	F	1859	3311	Place-5
SMITH	Briony	2	-----	F	1859	4426	Place-15
SMITH	Seonaid	48	-----	F	1859	4400	Place-13
SMITH	Seonaid	33	-----	F	1859	2561	Place-23
SMITH	Selina	40	-----	F	1859	4340	Place-1
SMITH	Selina	60	-----	F	1859	3915	Place-8
SMITH	Joseph	48	-----	M	1859	1860	Place-27
SMITH	Susan	55	-----	F	1859	3520	Place-27
SMITH	Selina	50	-----	F	1859	1810	Place-23
SMITH	Sarah	34	-----	F	1859	2464	Place-20
SMITH	Sarah	56	-----	F	1859	2753	Place-24
SMITH	Shawn	30	-----	M	1859	2696	Place-28
SMITH	Sarah	9	-----	F	1859	3971	Place-22
SMITH	Briony	57	-----	F	1859	3466	Place-19
SMITH	Paulo	59	-----	M	1859	1497	Place-13
SMITH	Jacob	61	-----	M	1859	1436	Place-14
SMITH	Sheila	55	-----	F	1859	2701	Place-18
SMITH	Briony	57	-----	F	1859	1548	Place-9
SMITH	Sarah	55	-----	F	1859	1605	Place-23
SMITH	Jenkins	49	-----	M	1859	1838	Place-26
SMITH	James	34	-----	M	1859	2473	Place-20
SMITH	James	34	-----	M	1859	2496	Place-17
SMITH	Paulo	32	-----	M	1859	2578	Place-8
SMITH	Sarah	21	-----	F	1859	3223	Place-0
SMITH	Jim	18	-----	M	1859	3372	Place-10
SMITH	Bob	15	-----	M	1859	3574	Place-27
SMITH	Paulo	13	-----	M	1859	3652	Place-19
SMITH	Paulo	13	-----	M	1859	3686	Place-9
SMITH	Bob	13	-----	M	1859	3699	Place-11
SMITH	Sharon	12	-----	F	1859	3733	Place-24
SMITH	Seonaid	10	-----	F	1859	3858	Place-1
SMITH	Jacob	10	-----	M	1859	3892	Place-25
SMITH	Jim	9	-----	M	1859	3962	Place-1
SMITH	Joseph	8	-----	M	1859	4033	Place-22
SMITH	James	7	-----	M	1859	4084	Place-25
SMITH	Joseph	5	-----	M	1859	4236	Place-15
SMITH	Joseph	4	-----	M	1859	4294	Place-11
SMITH	Susan	4	-----	F	1859	4333	Place-15
SMITH	Sarah	3	-----	F	1859	4346	Place-23
SMITH	Sharon	3	-----	F	1859	4355	Place-5
SMITH	James	1	-----	M	1859	4499	Place-1
SMITH	Sharon	1	-----	F	1859	4500	Place-17
SMITH	Seonaid	1	-----	F	1859	4508	Place-0
SMITH	Susan	1	-----	F	1859	4516	Place-15
SMITH	James	1	-----	M	1859	4520	Place-9
SMITH	Shawn	1	-----	M	1859	4544	Place-9
SMITH	Seonaid	1	-----	F	1859	4558	Place-16
SMITH	Seonaid	1	-----	F	1859	4560	Place-3
SMITH	Sarah	1	-----	F	1859	4561	Place-28
SMITH	Joseph	1	-----	M	1859	4562	Place-22
SMITH	Sharon	0	-----	F	1859	4576	Place-21
SMITH	Susan	0	-----	F	1859	4577	Place-21
SMITH	Sarah	0	-----	F	1859	4583	Place-18
SMITH	Joseph	0	-----	M	1859	4589	Place-19
SMITH	Sarah	0	-----	F	1859	4590	Place-4
SMITH	Jim	0	-----	M	1859	4595	Place-16
SMITH	Sheila	0	-----	F	1859	4597	Place-13
SMITH	Paulo	0	-----	M	1859	4600	Place-26
SMITH	Suzanne	0	-----	F	1859	4613	Place-2
SMITH	Bob	0	-----	M	1859	4614	Place-9
SMITH	Paulo	0	-----	M	1859	4617	Place-23
SMITH	Susan	0	-----	F	1859	4618	Place-4
SMITH	Jenkins	0	-----	M	1859	4625	Place-24
SMITH	Sarah	56	-----	F	1860	3288	Place-11
SMITH	Jacob	23	-----	M	1860	3124	Place-20
SMITH	Sharon	60	-----	F	1860	3035	Place-10
SMITH	Paulo	23	-----	M	1860	3127	Place-12
SMITH	Briony	31	-----	F	1860	4269	Place-6
SMITH	Seonaid	51	-----	F	1860	1807	Place-26
SMITH	Joseph	55	-----	M	1860	1647	Place-17
SMITH	Bob	40	-----	M	1860	2258	Place-13
SMITH	Susan	49	-----	F	1860	2974	Place-8
SMITH	Paulo	23	-----	M	1860	3129	Place-26
SMITH	Selina	22	-----	F	1860	3195	Place-16
SMITH	Suzanne	18	-----	F	1860	3451	Place-13
SMITH	Sharon	17	-----	F	1860	3490	Place-18
SMITH	Sarah	15	-----	F	1860	3599	Place-22
SMITH	Sarah	13	-----	F	1860	3741	Place-12
SMITH	Selina	10	-----	F	1860	3923	Place-29
SMITH	James	6	-----	M	1860	4201	Place-18
SMITH	Selina	6	-----	F	1860	4211	Place-16
SMITH	Selina	6	-----	F	1860	4220	Place-22
SMITH	Jenkins	3	-----	M	1860	4422	Place-7
SMITH	Jim	3	-----	M	1860	4433	Place-20
SMITH	Jim	3	-----	M	1860	4467	Place-7
SMITH	Briony	3	-----	F	1860	4472	Place-10
SMITH	Jenkins	2	-----	M	1860	4545	Place-1
SMITH	Paulo	1	-----	M	1860	4585	Place-0
SMITH	Susan	1	-----	F	1860	4586	Place-8
SMITH	Seonaid	1	-----	F	1860	4591	Place-18
SMITH	Sarah	1	-----	F	1860	4603	Place-16
SMITH	Paulo	1	-----	M	1860	4607	Place-29
SMITH	Bob	1	-----	M	1860	4611	Place-7
SMITH	Paulo	1	-----	M	1860	4619	Place-26
SMITH	Susan	1	-----	F	1860	4621	Place-2
SMITH	James	0	-----	M	1860	4641	Place-23
SMITH	Seonaid	0	-----	F	1860	4648	Place-19
SMITH	James	0	-----	M	1860	4661	Place-4
SMITH	Susan	0	-----	F	1860	4668	Place-18
SMITH	Jenkins	0	-----	M	1860	4672	Place-5
SMITH	Paulo	0	-----	M	1860	4673	Place-19
SMITH	Briony	0	-----	F	1860	4677	Place-4
SMITH	Jenkins	0	-----	M	1860	4682	Place-23
SMITH	Selina	0	-----	F	1860	4683	Place-26
SMITH	Susan	0	-----	F	1860	4688	Place-20
SMITH	Jacob	0	-----	M	1860	4689	Place-6
SMITH	Joseph	0	-----	M	1860	4712	Place-0
SMITH	Sharon	36	-----	F	1861	2472	Place-7
SMITH	Briony	7	-----	F	1861	4208	Place-6
SMITH	Sheila	26	-----	F	1861	4637	Place-19
SMITH	Shawn	61	-----	M	1861	1508	Place-9
SMITH	Sheila	22	-----	F	1861	3284	Place-9
SMITH	James	40	-----	M	1861	2315	Place-4
SMITH	Sharon	55	-----	F	1861	1694	Place-22
SMITH	Suzanne	8	-----	F	1861	4194	Place-8
SMITH	Susan	59	-----	F	1861	4196	Place-29
SMITH	Sheila	56	-----	F	1861	4197	Place-1
SMITH	Suzanne	10	-----	F	1861	4019	Place-14
SMITH	Susan	31	-----	F	1861	3855	Place-20
SMITH	Bob	60	-----	M	1861	1514	Place-5
SMITH	Seonaid	41	-----	F	1861	2281	Place-23
SMITH	Shawn	59	-----	M	1861	1560	Place-11
SMITH	Bob	34	-----	M	1861	2603	Place-24
SMITH	Sheila	24	-----	F	1861	3154	Place-10
SMITH	Shawn	18	-----	M	1861	3507	Place-21
SMITH	Bob	17	-----	M	1861	3563	Place-25
SMITH	Jacob	14	-----	M	1861	3767	Place-15
SMITH	Jacob	7	-----	M	1861	4223	Place-11
SMITH	Joseph	7	-----	M	1861	4231	Place-28
SMITH	Briony	6	-----	F	1861	4272	Place-25
SMITH	Bob	5	-----	M	1861	4381	Place-27
SMITH	Seonaid	2	-----	F	1861	4630	Place-26
SMITH	Suzanne	1	-----	F	1861	4644	Place-18
SMITH	Jacob	1	-----	M	1861	4649	Place-15
SMITH	Jim	1	-----	M	1861	4656	Place-16
SMITH	Sarah	1	-----	F	1861	4659	Place-10
SMITH	James	1	-----	M	1861	4660	Place-17
SMITH	Jacob	1	-----	M	1861	4680	Place-24
SMITH	Paulo	1	-----	M	1861	4693	Place-11
SMITH	Suzanne	1	-----	F	1861	4696	Place-7
SMITH	Sarah	1	-----	F	1861	4701	Place-22
SMITH	Bob	1	-----	M	1861	4705	Place-26
SMITH	Shawn	1	-----	M	1861	4707	Place-21
SMITH	James	0	-----	M	1861	4730	Place-16
SMITH	Jim	0	-----	M	1861	4731	Place-25
SMITH	Susan	0	-----	F	1861	4733	Place-12
SMITH	Susan	0	-----	F	1861	4739	Place-17
SMITH	Sharon	0	-----	F	1861	4753	Place-14
SMITH	Susan	0	-----	F	1861	4765	Place-10
SMITH	Sarah	0	-----	F	1861	4767	Place-7
SMITH	Shawn	0	-----	M	1861	4771	Place-29
SMITH	Briony	20	-----	F	1862	4790	Place-1
SMITH	Shawn	62	-----	M	1862	1498	Place-21
SMITH	Paulo	23	-----	M	1862	3240	Place-1
SMITH	Joseph	52	-----	M	1862	1829	Place-19
SMITH	Selina	47	-----	F	1862	2057	Place-27
SMITH	Jenkins	20	-----	M	1862	3450	Place-11
SMITH	Jenkins	24	-----	M	1862	3215	Place-6
SMITH	Jacob	56	-----	M	1862	1677	Place-24
SMITH	Shawn	50	-----	M	1862	1936	Place-27
SMITH	Shawn	55	-----	M	1862	1708	Place-25
SMITH	Paulo	52	-----	M	1862	1828	Place-6
SMITH	Jim	26	-----	M	1862	3088	Place-26
SMITH	Seonaid	45	-----	F	1862	3100	Place-2
SMITH	Joseph	60	-----	M	1862	1552	Place-16
SMITH	Sheila	21	-----	F	1862	3355	Place-6
SMITH	Jacob	18	-----	M	1862	3580	Place-20
SMITH	Joseph	17	-----	M	1862	3609	Place-1
SMITH	Suzanne	10	-----	F	1862	4076	Place-7
SMITH	Sheila	6	-----	F	1862	4352	Place-19
SMITH	Bob	6	-----	M	1862	4369	Place-16
SMITH	Briony	4	-----	F	1862	4524	Place-0
SMITH	Seonaid	2	-----	F	1862	4655	Place-8
SMITH	Shawn	2	-----	M	1862	4709	Place-18
SMITH	Jacob	1	-----	M	1862	4721	Place-16
SMITH	Jim	1	-----	M	1862	4722	Place-18
SMITH	Sarah	1	-----	F	1862	4736	Place-22
SMITH	Sheila	1	-----	F	1862	4741	Place-4
SMITH	Shawn	1	-----	M	1862	4743	Place-23
SMITH	Sharon	1	-----	F	1862	4747	Place-29
SMITH	Sharon	1	-----	F	1862	4748	Place-23
SMITH	Susan	1	-----	F	1862	4757	Place-1
SMITH	Bob	1	-----	M	1862	4768	Place-10
SMITH	Briony	1	-----	F	1862	4772	Place-17
SMITH	Joseph	1	-----	M	1862	4773	Place-24
SMITH	Briony	1	-----	F	1862	4776	Place-0
SMITH	Suzanne	1	-----	F	1862	4778	Place-21
SMITH	Shawn	0	-----	M	1862	4796	Place-8
SMITH	Jacob	0	-----	M	1862	4800	Place-8
SMITH	Sarah	0	-----	F	1862	4801	Place-27
SMITH	Briony	0	-----	F	1862	4810	Place-18
SMITH	Briony	0	-----	F	1862	4811	Place-17
SMITH	Susan	0	-----	F	1862	4812	Place-17
SMITH	Jim	0	-----	M	1862	4813	Place-10
SMITH	James	0	-----	M	1862	4818	Place-24
SMITH	Seonaid	0	-----	F	1862	4823	Place-6
SMITH	Selina	0	-----	F	1862	4824	Place-14
SMITH	Susan	0	-----	F	1862	4832	Place-7
SMITH	Jacob	0	-----	M	1862	4837	Place-7
SMITH	Sharon	0	-----	F	1862	4839	Place-6
SMITH	Paulo	0	-----	M	1862	4853	Place-4
SMITH	Shawn	54	-----	M	1863	1783	Place-29
SMITH	Susan	35	-----	F	1863	2631	Place-0
SMITH	Briony	40	-----	F	1863	4787	Place-23
SMITH	Jacob	22	-----	M	1863	3377	Place-16
SMITH	Selina	20	-----	F	1863	3503	Place-25
SMITH	Sarah	60	-----	F	1863	3984	Place-18
SMITH	Briony	61	-----	F	1863	1540	Place-22
SMITH	Jenkins	56	-----	M	1863	1717	Place-6
SMITH	Jim	46	-----	M	1863	2163	Place-11
SMITH	Joseph	56	-----	M	1863	1723	Place-23
SMITH	Sarah	34	-----	F	1863	3797	Place-14
SMITH	Briony	55	-----	F	1863	2851	Place-25
SMITH	Seonaid	55	-----	F	1863	2705	Place-6
SMITH	Bob	50	-----	M	1863	1969	Place-0
SMITH	James	52	-----	M	1863	1865	Place-4
SMITH	Briony	29	-----	F	1863	2936	Place-21
SMITH	Briony	27	-----	F	1863	3052	Place-12
SMITH	Jim	24	-----	M	1863	3281	Place-25
SMITH	James	22	-----	M	1863	3369	Place-23
SMITH	Sheila	17	-----	F	1863	3657	Place-20
SMITH	Briony	17	-----	F	1863	3718	Place-18
SMITH	Shawn	14	-----	M	1863	3857	Place-17
SMITH	Seonaid	13	-----	F	1863	3941	Place-23
SMITH	Paulo	11	-----	M	1863	4064	Place-6
SMITH	Jacob	10	-----	M	1863	4163	Place-15
SMITH	Susan	8	-----	F	1863	4324	Place-22
SMITH	Shawn	7	-----	M	1863	4357	Place-24
SMITH	Bob	4	-----	M	1863	4579	Place-16
SMITH	Briony	1	-----	F	1863	4797	Place-6
SMITH	Sheila	1	-----	F	1863	4821	Place-14
SMITH	Susan	1	-----	F	1863	4833	Place-21
SMITH	Jacob	1	-----	M	1863	4838	Place-6
SMITH	Sheila	1	-----	F	1863	4844	Place-21
SMITH	Sarah	1	-----	F	1863	4848	Place-28
SMITH	Joseph	1	-----	M	1863	4850	Place-29
SMITH	Suzanne	0	-----	F	1863	4864	Place-21
SMITH	Susan	0	-----	F	1863	4871	Place-11
SMITH	Sheila	0	-----	F	1863	4872	Place-2
SMITH	Seonaid	0	-----	F	1863	4877	Place-29
SMITH	Bob	0	-----	M	1863	4878	Place-27
SMITH	Paulo	0	-----	M	1863	4884	Place-28
SMITH	Sarah	0	-----	F	1863	4889	Place-18
SMITH	Sheila	0	-----	F	1863	4890	Place-17
SMITH	Jenkins	0	-----	M	1863	4892	Place-28
SMITH	James	0	-----	M	1863	4896	Place-29
SMITH	Susan	0	-----	F	1863	4905	Place-13
SMITH	Suzanne	0	-----	F	1863	4912	Place-29
SMITH	Sarah	0	-----	F	1863	4914	Place-20
SMITH	Seonaid	0	-----	F	1863	4917	Place-9
SMITH	Susan	0	-----	F	1863	4918	Place-12
SMITH	James	0	-----	M	1863	4919	Place-17
SMITH	Selina	0	-----	F	1863	4932	Place-23
SMITH	Seonaid	0	-----	F	1863	4933	Place-14
SMITH	Jacob	0	-----	M	1863	4944	Place-5
SMITH	Suzanne	59	-----	F	1864	4949	Place-1
SMITH	Joseph	31	-----	M	1864	2880	Place-16
SMITH	Briony	45	-----	F	1864	2240	Place-23
SMITH	Paulo	43	-----	M	1864	2305	Place-25
SMITH	James	34	-----	M	1864	2731	Place-12
SMITH	Jacob	56	-----	M	1864	1764	Place-11
SMITH	Suzanne	35	-----	F	1864	4401	Place-11
SMITH	Seonaid	27	-----	F	1864	4496	Place-6
SMITH	Sharon	34	-----	F	1864	4492	Place-15
SMITH	Sharon	56	-----	F	1864	2908	Place-23
SMITH	Shawn	52	-----	M	1864	1930	Place-17
SMITH	Sarah	55	-----	F	1864	1804	Place-27
SMITH	Sarah	56	-----	F	1864	1751	Place-1
SMITH	James	55	-----	M	1864	1792	Place-7
SMITH	Bob	61	-----	M	1864	1593	Place-13
SMITH	Jim	57	-----	M	1864	1724	Place-7
SMITH	James	27	-----	M	1864	3155	Place-9
SMITH	Jacob	25	-----	M	1864	3283	Place-0
SMITH	Selina	23	-----	F	1864	3400	Place-2
SMITH	Bob	13	-----	M	1864	4039	Place-17
SMITH	James	12	-----	M	1864	4063	Place-26
SMITH	Shawn	10	-----	M	1864	4204	Place-8
SMITH	Sheila	9	-----	F	1864	4312	Place-5
SMITH	James	7	-----	M	1864	4414	Place-10
SMITH	Bob	7	-----	M	1864	4442	Place-26
SMITH	Seonaid	7	-----	F	1864	4457	Place-14
SMITH	Selina	6	-----	F	1864	4513	Place-27
SMITH	Paulo	6	-----	M	1864	4546	Place-14
SMITH	Jacob	3	-----	M	1864	4724	Place-14
SMITH	Susan	2	-----	F	1864	4827	Place-15
SMITH	James	1	-----	M	1864	4876	Place-21
SMITH	Selina	1	-----	F	1864	4879	Place-1
SMITH	Sheila	1	-----	F	1864	4885	Place-6
SMITH	Seonaid	1	-----	F	1864	4886	Place-6
SMITH	James	1	-----	M	1864	4887	Place-21
SMITH	Briony	1	-----	F	1864	4893	Place-14
SMITH	Joseph	1	-----	M	1864	4899	Place-19
SMITH	Jim	1	-----	M	1864	4900	Place-22
SMITH	Jenkins	1	-----	M	1864	4902	Place-7
SMITH	Jenkins	1	-----	M	1864	4903	Place-18
SMITH	Briony	1	-----	F	1864	4911	Place-10
SMITH	Sarah	1	-----	F	1864	4916	Place-4
SMITH	Suzanne	1	-----	F	1864	4926	Place-25
SMITH	Sheila	1	-----	F	1864	4937	Place-7
SMITH	Sheila	0	-----	F	1864	4956	Place-24
SMITH	Selina	0	-----	F	1864	4963	Place-0
SMITH	Seonaid	0	-----	F	1864	4966	Place-16
SMITH	James	0	-----	M	1864	4970	Place-2
SMITH	Susan	0	-----	F	1864	4972	Place-21
SMITH	Shawn	0	-----	M	1864	4975	Place-26
SMITH	Sarah	0	-----	F	1864	4989	Place-23
SMITH	Joseph	0	-----	M	1864	4991	Place-18
SMITH	Seonaid	0	-----	F	1864	4992	Place-21
SMITH	Joseph	0	-----	M	1864	5000	Place-22
SMITH	Briony	0	-----	F	1864	5007	Place-1
SMITH	Seonaid	0	-----	F	1864	5008	Place-1
SMITH	Paulo	0	-----	M	1864	5010	Place-10
SMITH	Jim	0	-----	M	1864	5015	Place-28
SMITH	Seonaid	51	-----	F	1865	5028	Place-18
SMITH	Sheila	31	-----	F	1865	5033	Place-6
SMITH	Selina	29	-----	F	1865	3070	Place-21
SMITH	Selina	54	-----	F	1865	3722	Place-17
SMITH	Susan	58	-----	F	1865	3720	Place-29
SMITH	Joseph	41	-----	M	1865	2443	Place-13
SMITH	Jacob	55	-----	M	1865	1841	Place-16
SMITH	Suzanne	55	-----	F	1865	2700	Place-28
SMITH	Shawn	51	-----	M	1865	2003	Place-9
SMITH	Bob	56	-----	M	1865	1774	Place-20
SMITH	Selina	25	-----	F	1865	3309	Place-12
SMITH	Seonaid	56	-----	F	1865	2651	Place-27
SMITH	James	22	-----	M	1865	3508	Place-28
SMITH	Sarah	40	-----	F	1865	4566	Place-15
SMITH	Briony	28	-----	F	1865	3105	Place-1
SMITH	Jenkins	25	-----	M	1865	3327	Place-8
SMITH	Suzanne	39	-----	F	1865	3789	Place-7
SMITH	Shawn	55	-----	M	1865	1817	Place-25
SMITH	Sheila	45	-----	F	1865	2284	Place-15
SMITH	Jenkins	58	-----	M	1865	1721	Place-25
SMITH	Jenkins	20	-----	M	1865	3622	Place-6
SMITH	Briony	17	-----	F	1865	3843	Place-18
SMITH	Paulo	11	-----	M	1865	4232	Place-4
SMITH	Jacob	11	-----	M	1865	4242	Place-14
SMITH	Sarah	11	-----	F	1865	4260	Place-28
SMITH	Paulo	10	-----	M	1865	4320	Place-20
SMITH	Jim	6	-----	M	1865	4612	Place-4
SMITH	Jacob	5	-----	M	1865	4643	Place-29
SMITH	Jim	5	-----	M	1865	4667	Place-7
SMITH	Selina	5	-----	F	1865	4714	Place-12
SMITH	Jacob	4	-----	M	1865	4726	Place-27
SMITH	Jenkins	4	-----	M	1865	4752	Place-26
SMITH	Bob	4	-----	M	1865	4770	Place-20
SMITH	James	2	-----	M	1865	4934	Place-4
SMITH	Paulo	2	-----	M	1865	4936	Place-9
SMITH	Selina	1	-----	F	1865	4977	Place-20
SMITH	Briony	1	-----	F	1865	4983	Place-0
SMITH	Briony	1	-----	F	1865	4988	Place-13
SMITH	Jenkins	1	-----	M	1865	4996	Place-18
SMITH	Shawn	1	-----	M	1865	5018	Place-27
SMITH	Selina	1	-----	F	1865	5021	Place-0
SMITH	Sheila	0	-----	F	1865	5041	Place-8
SMITH	Sarah	0	-----	F	1865	5047	Place-14
SMITH	Seonaid	0	-----	F	1865	5048	Place-21
SMITH	Selina	0	-----	F	1865	5049	Place-0
SMITH	Shawn	0	-----	M	1865	5055	Place-2
SMITH	Sheila	0	-----	F	1865	5062	Place-20
SMITH	Bob	0	-----	M	1865	5064	Place-29
SMITH	Sheila	0	-----	F	1865	5073	Place-18
SMITH	Briony	0	-----	F	1865	5077	Place-27
SMITH	Sharon	0	-----	F	1865	5084	Place-25
SMITH	Jacob	0	-----	M	1865	5090	Place-19
SMITH	Sheila	55	-----	F	1866	5110	Place-24
SMITH	Paulo	57	-----	M	1866	1781	Place-25
SMITH	Jenkins	34	-----	M	1866	2837	Place-9
SMITH	Bob	41	-----	M	1866	2485	Place-1
SMITH	Paulo	56	-----	M	1866	1824	Place-28
SMITH	Joseph	55	-----	M	1866	1862	Place-26
SMITH	Susan	26	-----	F	1866	5037	Place-26
SMITH	Jim	59	-----	M	1866	1720	Place-25
SMITH	Susan	28	-----	F	1866	3199	Place-0
SMITH	Joseph	55	-----	M	1866	1866	Place-23
SMITH	Jacob	55	-----	M	1866	1852	Place-0
SMITH	Sarah	25	-----	F	1866	3398	Place-12
SMITH	Bob	33	-----	M	1866	2879	Place-28
SMITH	Paulo	55	-----	M	1866	1895	Place-6
SMITH	Jim	52	-----	M	1866	2019	Place-22
SMITH	Susan	14	-----	F	1866	4070	Place-24
SMITH	Jacob	36	-----	M	1866	2719	Place-17
SMITH	Jim	44	-----	M	1866	2359	Place-29
SMITH	Jenkins	31	-----	M	1866	3015	Place-22
SMITH	Sheila	50	-----	F	1866	2116	Place-10
SMITH	Jenkins	38	-----	M	1866	2619	Place-27
SMITH	Jim	30	-----	M	1866	3047	Place-23
SMITH	Paulo	55	-----	M	1866	1853	Place-10
SMITH	Jim	39	-----	M	1866	2574	Place-18
SMITH	Paulo	61	-----	M	1866	1652	Place-1
SMITH	Bob	22	-----	M	1866	3531	Place-27
SMITH	Jacob	18	-----	M	1866	3815	Place-15
SMITH	Selina	15	-----	F	1866	3995	Place-29
SMITH	Joseph	9	-----	M	1866	4450	Place-23
SMITH	Sarah	7	-----	F	1866	4582	Place-11
SMITH	Sheila	7	-----	F	1866	4601	Place-17
SMITH	Suzanne	5	-----	F	1866	4732	Place-29
SMITH	Jacob	3	-----	M	1866	4910	Place-20
SMITH	Bob	2	-----	M	1866	4965	Place-24
SMITH	Seonaid	1	-----	F	1866	5046	Place-24
SMITH	Sarah	1	-----	F	1866	5053	Place-27
SMITH	Selina	1	-----	F	1866	5061	Place-6
SMITH	Briony	1	-----	F	1866	5069	Place-29
SMITH	Susan	1	-----	F	1866	5071	Place-22
SMITH	Shawn	1	-----	M	1866	5081	Place-24
SMITH	Paulo	1	-----	M	1866	5092	Place-10
SMITH	Jenkins	1	-----	M	1866	5094	Place-7
SMITH	Sarah	1	-----	F	1866	5101	Place-14
SMITH	Sarah	1	-----	F	1866	5104	Place-23
SMITH	Shawn	0	-----	M	1866	5119	Place-7
SMITH	Shawn	0	-----	M	1866	5121	Place-6
SMITH	Joseph	0	-----	M	1866	5122	Place-5
SMITH	Jim	0	-----	M	1866	5129	Place-7
SMITH	Sharon	0	-----	F	1866	5136	Place-7
SMITH	Sheila	0	-----	F	1866	5137	Place-21
SMITH	Shawn	0	-----	M	1866	5139	Place-11
SMITH	Joseph	0	-----	M	1866	5144	Place-10
SMITH	Briony	0	-----	F	1866	5147	Place-6
SMITH	Jacob	0	-----	M	1866	5155	Place-17
SMITH	Jim	0	-----	M	1866	5162	Place-12
SMITH	Suzanne	0	-----	F	1866	5164	Place-0
SMITH	Joseph	0	-----	M	1866	5175	Place-11
SMITH	Briony	0	-----	F	1866	5180	Place-23
SMITH	Jacob	0	-----	M	1866	5185	Place-2
SMITH	Jacob	55	-----	M	1867	1918	Place-20
SMITH	Sharon	13	-----	F	1867	4239	Place-24
SMITH	Briony	63	-----	F	1867	2806	Place-25
SMITH	Seonaid	21	-----	F	1867	3716	Place-18
SMITH	Jacob	21	-----	M	1867	3693	Place-11
SMITH	Sharon	60	-----	F	1867	3723	Place-19
SMITH	Jim	48	-----	M	1867	2244	Place-7
SMITH	Seonaid	56	-----	F	1867	3593	Place-4
SMITH	Susan	48	-----	F	1867	3916	Place-19
SMITH	Jim	56	-----	M	1867	1869	Place-17
SMITH	Sharon	13	-----	F	1867	4226	Place-5
SMITH	Susan	65	-----	F	1867	4636	Place-16
SMITH	Paulo	30	-----	M	1867	3109	Place-22
SMITH	James	50	-----	M	1867	2166	Place-6
SMITH	Joseph	32	-----	M	1867	2997	Place-26
SMITH	Briony	31	-----	F	1867	3054	Place-11
SMITH	Joseph	27	-----	M	1867	3330	Place-14
SMITH	Sharon	16	-----	F	1867	4005	Place-29
SMITH	Selina	16	-----	F	1867	4038	Place-22
SMITH	Shawn	12	-----	M	1867	4307	Place-15
SMITH	Suzanne	10	-----	F	1867	4429	Place-8
SMITH	Joseph	10	-----	M	1867	4436	Place-22
SMITH	Sarah	10	-----	F	1867	4448	Place-6
SMITH	Susan	9	-----	F	1867	4518	Place-12
SMITH	Joseph	8	-----	M	1867	4609	Place-14
SMITH	Shawn	6	-----	M	1867	4729	Place-13
SMITH	Shawn	5	-----	M	1867	4806	Place-14
SMITH	Briony	5	-----	F	1867	4849	Place-14
SMITH	Sarah	4	-----	F	1867	4875	Place-25
SMITH	Jim	4	-----	M	1867	4895	Place-16
SMITH	Shawn	2	-----	M	1867	5045	Place-13
SMITH	Sheila	2	-----	F	1867	5052	Place-21
SMITH	Paulo	2	-----	M	1867	5076	Place-7
SMITH	Selina	2	-----	F	1867	5098	Place-22
SMITH	Bob	1	-----	M	1867	5120	Place-23
SMITH	Susan	1	-----	F	1867	5124	Place-27
SMITH	Susan	1	-----	F	1867	5126	Place-26
SMITH	Selina	1	-----	F	1867	5128	Place-5
SMITH	Susan	1	-----	F	1867	5131	Place-14
SMITH	Sarah	1	-----	F	1867	5133	Place-4
SMITH	Selina	1	-----	F	1867	5141	Place-11
SMITH	Suzanne	1	-----	F	1867	5146	Place-27
SMITH	Jenkins	1	-----	M	1867	5152	Place-9
SMITH	Briony	1	-----	F	1867	5157	Place-8
SMITH	Jacob	1	-----	M	1867	5166	Place-21
SMITH	Sarah	1	-----	F	1867	5172	Place-6
SMITH	Paulo	1	-----	M	1867	5173	Place-7
SMITH	Jenkins	1	-----	M	1867	5176	Place-27
SMITH	Shawn	1	-----	M	1867	5179	Place-4
SMITH	Jacob	1	-----	M	1867	5183	Place-27
SMITH	Sarah	1	-----	F	1867	5186	Place-1
SMITH	Bob	0	-----	M	1867	5210	Place-19
SMITH	Sheila	0	-----	F	1867	5216	Place-28
SMITH	Jenkins	0	-----	M	1867	5223	Place-13
SMITH	Sharon	0	-----	F	1867	5224	Place-21
SMITH	Bob	0	-----	M	1867	5237	Place-17
SMITH	Sarah	0	-----	F	1867	5241	Place-9
SMITH	Jacob	0	-----	M	1867	5254	Place-28
SMITH	Paulo	0	-----	M	1867	5259	Place-7
SMITH	Sarah	0	-----	F	1867	5263	Place-27
SMITH	Briony	0	-----	F	1867	5275	Place-13
SMITH	Jacob	0	-----	M	1867	5277	Place-5
SMITH	Bob	37	-----	M	1868	2766	Place-9
SMITH	Sharon	52	-----	F	1868	2083	Place-4
SMITH	Paulo	27	-----	M	1868	3359	Place-12
SMITH	Suzanne	57	-----	F	1868	5117	Place-10
SMITH	Jacob	13	-----	M	1868	4305	Place-16
SMITH	Jim	38	-----	M	1868	2730	Place-20
SMITH	Sarah	28	-----	F	1868	4952	Place-14
SMITH	Shawn	61	-----	M	1868	1726	Place-28
SMITH	Selina	57	-----	F	1868	1884	Place-8
SMITH	Paulo	31	-----	M	1868	3141	Place-9
SMITH	Susan	55	-----	F	1868	4403	Place-16
SMITH	Jenkins	51	-----	M	1868	2143	Place-9
SMITH	Jim	29	-----	M	1868	3236	Place-23
SMITH	Paulo	35	-----	M	1868	2905	Place-12
SMITH	Jenkins	36	-----	M	1868	2843	Place-15
SMITH	Sheila	43	-----	F	1868	2461	Place-3
SMITH	Jim	23	-----	M	1868	3615	Place-27
SMITH	Susan	55	-----	F	1868	1949	Place-12
SMITH	James	56	-----	M	1868	1908	Place-6
SMITH	Selina	12	-----	F	1868	4391	Place-19
SMITH	Jacob	11	-----	M	1868	4410	Place-18
SMITH	Seonaid	8	-----	F	1868	4699	Place-23
SMITH	Jim	1	-----	M	1868	5201	Place-9
SMITH	Sarah	1	-----	F	1868	5205	Place-1
SMITH	Suzanne	1	-----	F	1868	5208	Place-28
SMITH	Jenkins	1	-----	M	1868	5219	Place-22
SMITH	Joseph	1	-----	M	1868	5220	Place-12
SMITH	Briony	1	-----	F	1868	5225	Place-2
SMITH	Suzanne	1	-----	F	1868	5230	Place-21
SMITH	Paulo	1	-----	M	1868	5231	Place-11
SMITH	Jim	1	-----	M	1868	5238	Place-2
SMITH	Sarah	1	-----	F	1868	5239	Place-2
SMITH	Shawn	1	-----	M	1868	5244	Place-11
SMITH	Jacob	1	-----	M	1868	5246	Place-19
SMITH	Suzanne	1	-----	F	1868	5253	Place-1
SMITH	Jacob	1	-----	M	1868	5257	Place-21
SMITH	Joseph	1	-----	M	1868	5262	Place-13
SMITH	Jenkins	1	-----	M	1868	5264	Place-22
SMITH	Sheila	1	-----	F	1868	5272	Place-17
SMITH	Paulo	1	-----	M	1868	5276	Place-27
SMITH	Joseph	0	-----	M	1868	5293	Place-2
SMITH	Susan	0	-----	F	1868	5295	Place-12
SMITH	Joseph	0	-----	M	1868	5310	Place-24
SMITH	Bob	0	-----	M	1868	5321	Place-17
SMITH	Joseph	0	-----	M	1868	5322	Place-12
SMITH	Seonaid	0	-----	F	1868	5337	Place-5
SMITH	Paulo	0	-----	M	1868	5341	Place-9
SMITH	Sarah	0	-----	F	1868	5345	Place-7
SMITH	Selina	0	-----	F	1868	5346	Place-12
SMITH	Sarah	0	-----	F	1868	5347	Place-14
SMITH	Jenkins	0	-----	M	1868	5353	Place-6
SMITH	Sarah	0	-----	F	1868	5354	Place-3
SMITH	James	0	-----	M	1868	5363	Place-21
SMITH	Suzanne	35	-----	F	1869	4565	Place-29
SMITH	Bob	56	-----	M	1869	1954	Place-2
SMITH	Briony	32	-----	F	1869	3136	Place-15
SMITH	Shawn	53	-----	M	1869	2090	Place-9
SMITH	Joseph	58	-----	M	1869	1857	Place-29
SMITH	Paulo	33	-----	M	1869	3075	Place-24
SMITH	Sheila	43	-----	F	1869	5035	Place-14
SMITH	Sarah	22	-----	F	1869	3773	Place-21
SMITH	Sarah	65	-----	F	1869	1614	Place-14
SMITH	Jacob	55	-----	M	1869	2026	Place-2
SMITH	Briony	13	-----	F	1869	4363	Place-8
SMITH	James	8	-----	M	1869	4783	Place-14
SMITH	Jenkins	55	-----	M	1869	2015	Place-18
SMITH	Joseph	38	-----	M	1869	2793	Place-17
SMITH	Joseph	35	-----	M	1869	2940	Place-6
SMITH	Suzanne	55	-----	F	1869	2013	Place-8
SMITH	Jim	23	-----	M	1869	3698	Place-27
SMITH	Seonaid	65	-----	F	1869	3039	Place-2
SMITH	Seonaid	25	-----	F	1869	3546	Place-7
SMITH	Selina	21	-----	F	1869	3805	Place-2
SMITH	Selina	20	-----	F	1869	3874	Place-26
SMITH	Susan	16	-----	F	1869	4157	Place-16
SMITH	Selina	15	-----	F	1869	4243	Place-17
SMITH	Jim	11	-----	M	1869	4548	Place-29
SMITH	Sarah	9	-----	F	1869	4674	Place-23
SMITH	Susan	9	-----	F	1869	4681	Place-25
SMITH	Sheila	8	-----	F	1869	4738	Place-15
SMITH	Jacob	8	-----	M	1869	4774	Place-15
SMITH	Seonaid	7	-----	F	1869	4803	Place-0
SMITH	Bob	6	-----	M	1869	4901	Place-8
SMITH	Sarah	6	-----	F	1869	4941	Place-7
SMITH	Briony	6	-----	F	1869	4942	Place-28
SMITH	Sharon	5	-----	F	1869	5004	Place-20
SMITH	Joseph	4	-----	M	1869	5088	Place-14
SMITH	Suzanne	1	-----	F	1869	5298	Place-2
SMITH	Sharon	1	-----	F	1869	5311	Place-24
SMITH	Jenkins	1	-----	M	1869	5312	Place-19
SMITH	Jim	1	-----	M	1869	5315	Place-23
SMITH	Briony	1	-----	F	1869	5316	Place-7
SMITH	Susan	1	-----	F	1869	5320	Place-8
SMITH	Paulo	1	-----	M	1869	5326	Place-17
SMITH	Shawn	1	-----	M	1869	5332	Place-0
SMITH	Selina	1	-----	F	1869	5333	Place-23
SMITH	Joseph	1	-----	M	1869	5340	Place-19
SMITH	Jacob	1	-----	M	1869	5344	Place-0
SMITH	Briony	1	-----	F	1869	5350	Place-21
SMITH	Susan	0	-----	F	1869	5384	Place-4
SMITH	Seonaid	0	-----	F	1869	5386	Place-3
SMITH	Sharon	0	-----	F	1869	5427	Place-4
SMITH	Briony	0	-----	F	1869	5448	Place-8
SMITH	Susan	0	-----	F	1869	5451	Place-29
SMITH	Selina	0	-----	F	1869	5455	Place-13
SMITH	Susan	0	-----	F	1869	5461	Place-22
SMITH	Seonaid	0	-----	F	1869	5464	Place-23
SMITH	Briony	34	-----	F	1870	3080	Place-14
SMITH	Briony	37	-----	F	1870	5034	Place-4
SMITH	Jacob	41	-----	M	1870	2655	Place-23
SMITH	Paulo	44	-----	M	1870	2556	Place-15
SMITH	Sharon	29	-----	F	1870	5199	Place-22
SMITH	Sharon	54	-----	F	1870	4786	Place-24
SMITH	Susan	57	-----	F	1870	3592	Place-2
SMITH	Sarah	58	-----	F	1870	1903	Place-28
SMITH	James	59	-----	M	1870	1894	Place-24
SMITH	Sarah	38	-----	F	1870	2816	Place-18
SMITH	Bob	60	-----	M	1870	1842	Place-14
SMITH	Sheila	34	-----	F	1870	4638	Place-22
SMITH	Paulo	36	-----	M	1870	2970	Place-0
SMITH	Shawn	56	-----	M	1870	2008	Place-11
SMITH	Jenkins	23	-----	M	1870	3759	Place-15
SMITH	Bob	21	-----	M	1870	3904	Place-23
SMITH	Briony	19	-----	F	1870	4014	Place-1
SMITH	Seonaid	16	-----	F	1870	4205	Place-6
SMITH	Sharon	15	-----	F	1870	4301	Place-23
SMITH	Briony	12	-----	F	1870	4551	Place-15
SMITH	Joseph	9	-----	M	1870	4737	Place-16
SMITH	Shawn	7	-----	M	1870	4888	Place-16
SMITH	Sheila	2	-----	F	1870	5294	Place-11
SMITH	Jacob	2	-----	M	1870	5297	Place-28
SMITH	Susan	1	-----	F	1870	5400	Place-8
SMITH	Jenkins	1	-----	M	1870	5404	Place-22
SMITH	Sheila	1	-----	F	1870	5409	Place-17
SMITH	Jim	1	-----	M	1870	5410	Place-2
SMITH	Suzanne	1	-----	F	1870	5412	Place-26
SMITH	Suzanne	1	-----	F	1870	5415	Place-17
SMITH	Sharon	1	-----	F	1870	5423	Place-13
SMITH	Joseph	1	-----	M	1870	5426	Place-21
SMITH	Selina	1	-----	F	1870	5445	Place-18
SMITH	Shawn	1	-----	M	1870	5460	Place-11
SMITH	Briony	1	-----	F	1870	5462	Place-4
SMITH	Sheila	1	-----	F	1870	5470	Place-5
SMITH	Sharon	0	-----	F	1870	5486	Place-27
SMITH	Suzanne	0	-----	F	1870	5494	Place-3
SMITH	Sharon	0	-----	F	1870	5496	Place-0
SMITH	Jacob	0	-----	M	1870	5497	Place-13
SMITH	Seonaid	0	-----	F	1870	5500	Place-7
SMITH	Seonaid	0	-----	F	1870	5515	Place-7
SMITH	Paulo	0	-----	M	1870	5517	Place-14
SMITH	Jacob	0	-----	M	1870	5518	Place-20
SMITH	Suzanne	0	-----	F	1870	5519	Place-6
SMITH	Susan	0	-----	F	1870	5522	Place-22
SMITH	Suzanne	0	-----	F	1870	5531	Place-18
SMITH	Sharon	0	-----	F	1870	5541	Place-18
SMITH	Sarah	0	-----	F	1870	5545	Place-8
SMITH	Selina	0	-----	F	1870	5548	Place-10
SMITH	Sarah	0	-----	F	1870	5551	Place-6
SMITH	Shawn	0	-----	M	1870	5555	Place-7
SMITH	Sarah	0	-----	F	1870	5560	Place-20
SMITH	Jacob	0	-----	M	1870	5561	Place-4
SMITH	Shawn	55	-----	M	1871	2109	Place-28
SMITH	Jim	34	-----	M	1871	3107	Place-1
SMITH	Shawn	51	-----	M	1871	2267	Place-4
SMITH	Sheila	55	-----	F	1871	3590	Place-26
SMITH	Sarah	33	-----	F	1871	4409	Place-2
SMITH	Sarah	58	-----	F	1871	1966	Place-29
SMITH	Jacob	4	-----	M	1871	5265	Place-26
SMITH	Suzanne	55	-----	F	1871	2108	Place-28
SMITH	Susan	37	-----	F	1871	4494	Place-24
SMITH	Jacob	45	-----	M	1871	2524	Place-17
SMITH	Joseph	48	-----	M	1871	2372	Place-13
SMITH	Jenkins	56	-----	M	1871	2052	Place-9
SMITH	Jenkins	55	-----	M	1871	2095	Place-9
SMITH	Seonaid	56	-----	F	1871	3405	Place-26
SMITH	Jim	55	-----	M	1871	2087	Place-0
SMITH	Jim	56	-----	M	1871	2050	Place-11
SMITH	Bob	25	-----	M	1871	3702	Place-21
SMITH	Shawn	56	-----	M	1871	2040	Place-26
SMITH	Suzanne	55	-----	F	1871	3097	Place-9
SMITH	Jim	45	-----	M	1871	2542	Place-21
SMITH	Jim	33	-----	M	1871	3208	Place-22
SMITH	Sheila	21	-----	F	1871	3972	Place-7
SMITH	Briony	20	-----	F	1871	3989	Place-5
SMITH	Paulo	20	-----	M	1871	4021	Place-9
SMITH	Paulo	18	-----	M	1871	4152	Place-23
SMITH	Jacob	17	-----	M	1871	4262	Place-19
SMITH	Selina	12	-----	F	1871	4592	Place-12
SMITH	Jacob	9	-----	M	1871	4795	Place-15
SMITH	Jacob	8	-----	M	1871	4870	Place-1
SMITH	Selina	7	-----	F	1871	4978	Place-0
SMITH	James	5	-----	M	1871	5134	Place-26
SMITH	James	4	-----	M	1871	5249	Place-1
SMITH	Sharon	3	-----	F	1871	5330	Place-2
SMITH	Sheila	3	-----	F	1871	5349	Place-16
SMITH	Susan	2	-----	F	1871	5407	Place-10
SMITH	Bob	2	-----	M	1871	5431	Place-8
SMITH	Sharon	2	-----	F	1871	5468	Place-20
SMITH	Seonaid	1	-----	F	1871	5489	Place-2
SMITH	Bob	1	-----	M	1871	5504	Place-9
SMITH	Selina	1	-----	F	1871	5508	Place-2
SMITH	Sarah	1	-----	F	1871	5510	Place-26
SMITH	Seonaid	1	-----	F	1871	5512	Place-2
SMITH	James	1	-----	M	1871	5525	Place-27
SMITH	Jacob	1	-----	M	1871	5534	Place-3
SMITH	Paulo	1	-----	M	1871	5535	Place-7
SMITH	Jacob	1	-----	M	1871	5543	Place-8
SMITH	Shawn	1	-----	M	1871	5547	Place-16
SMITH	Selina	1	-----	F	1871	5550	Place-21
SMITH	Seonaid	1	-----	F	1871	5554	Place-23
SMITH	Seonaid	1	-----	F	1871	5563	Place-23
SMITH	Selina	0	-----	F	1871	5573	Place-23
SMITH	Susan	0	-----	F	1871	5576	Place-13
SMITH	Seonaid	0	-----	F	1871	5585	Place-2
SMITH	Selina	0	-----	F	1871	5588	Place-26
SMITH	Shawn	0	-----	M	1871	5589	Place-17
SMITH	Susan	0	-----	F	1871	5600	Place-8
SMITH	Jim	0	-----	M	1871	5608	Place-2
SMITH	Suzanne	0	-----	F	1871	5614	Place-28
SMITH	Suzanne	0	-----	F	1871	5617	Place-25
SMITH	Sharon	0	-----	F	1871	5628	Place-1
SMITH	Bob	0	-----	M	1871	5631	Place-5
SMITH	Susan	0	-----	F	1871	5643	Place-11
SMITH	Jacob	0	-----	M	1871	5647	Place-23
SMITH	Jim	0	-----	M	1871	5648	Place-1
SMITH	Sharon	0	-----	F	1871	5656	Place-25
SMITH	Sarah	48	-----	F	1872	5288	Place-8
SMITH	Jacob	55	-----	M	1872	2149	Place-13
SMITH	Sarah	29	-----	F	1872	5200	Place-9
SMITH	James	47	-----	M	1872	2476	Place-2
SMITH	Jim	56	-----	M	1872	2117	Place-11
SMITH	Sheila	56	-----	F	1872	2094	Place-25
SMITH	Bob	25	-----	M	1872	3740	Place-15
SMITH	Jim	55	-----	M	1872	2131	Place-15
SMITH	Seonaid	45	-----	F	1872	2594	Place-9
SMITH	Briony	10	-----	F	1872	4835	Place-6
SMITH	Sheila	45	-----	F	1872	5198	Place-29
SMITH	Briony	56	-----	F	1872	3406	Place-21
SMITH	Sarah	55	-----	F	1872	3649	Place-29
SMITH	Sarah	40	-----	F	1872	4567	Place-20
SMITH	Joseph	48	-----	M	1872	2407	Place-14
SMITH	Susan	30	-----	F	1872	4854	Place-21
SMITH	Paulo	44	-----	M	1872	2644	Place-20
SMITH	Selina	31	-----	F	1872	4863	Place-12
SMITH	Bob	30	-----	M	1872	3413	Place-23
SMITH	Susan	35	-----	F	1872	3108	Place-26
SMITH	Shawn	36	-----	M	1872	3092	Place-8
SMITH	Jim	55	-----	M	1872	2161	Place-0
SMITH	Jacob	56	-----	M	1872	2112	Place-7
SMITH	Sharon	23	-----	F	1872	3860	Place-20
SMITH	Jenkins	15	-----	M	1872	4473	Place-24
SMITH	Bob	14	-----	M	1872	4503	Place-4
SMITH	Shawn	11	-----	M	1872	4744	Place-19
SMITH	Shawn	8	-----	M	1872	5014	Place-21
SMITH	Seonaid	6	-----	F	1872	5150	Place-16
SMITH	Shawn	4	-----	M	1872	5358	Place-8
SMITH	Sharon	3	-----	F	1872	5458	Place-5
SMITH	Sharon	2	-----	F	1872	5529	Place-3
SMITH	Seonaid	2	-----	F	1872	5565	Place-4
SMITH	Bob	1	-----	M	1872	5584	Place-15
SMITH	Seonaid	1	-----	F	1872	5586	Place-27
SMITH	Sheila	1	-----	F	1872	5592	Place-28
SMITH	Briony	1	-----	F	1872	5593	Place-13
SMITH	Sarah	1	-----	F	1872	5607	Place-11
SMITH	Jenkins	1	-----	M	1872	5612	Place-9
SMITH	Briony	1	-----	F	1872	5623	Place-11
SMITH	Bob	1	-----	M	1872	5633	Place-28
SMITH	Bob	1	-----	M	1872	5644	Place-13
SMITH	Jenkins	1	-----	M	1872	5646	Place-17
SMITH	Briony	0	-----	F	1872	5667	Place-27
SMITH	James	0	-----	M	1872	5668	Place-11
SMITH	Sheila	0	-----	F	1872	5679	Place-0
SMITH	Sarah	0	-----	F	1872	5682	Place-28
SMITH	Suzanne	0	-----	F	1872	5701	Place-14
SMITH	Jenkins	0	-----	M	1872	5706	Place-19
SMITH	Shawn	0	-----	M	1872	5707	Place-9
SMITH	Jim	0	-----	M	1872	5716	Place-12
SMITH	Joseph	0	-----	M	1872	5725	Place-5
SMITH	Jenkins	0	-----	M	1872	5730	Place-28
SMITH	Susan	0	-----	F	1872	5733	Place-12
SMITH	Susan	0	-----	F	1872	5739	Place-6
SMITH	Selina	0	-----	F	1872	5742	Place-0
SMITH	Selina	0	-----	F	1872	5745	Place-7
SMITH	Sharon	0	-----	F	1872	5746	Place-27
SMITH	Jim	0	-----	M	1872	5750	Place-10
SMITH	Jenkins	0	-----	M	1872	5753	Place-9
SMITH	Susan	0	-----	F	1872	5754	Place-3
SMITH	Susan	0	-----	F	1872	5755	Place-0
SMITH	Seonaid	62	-----	F	1873	2977	Place-19
SMITH	Sarah	49	-----	F	1873	2436	Place-12
SMITH	Selina	56	-----	F	1873	2169	Place-24
SMITH	Briony	30	-----	F	1873	3510	Place-27
SMITH	Bob	28	-----	M	1873	3624	Place-10
SMITH	Sarah	36	-----	F	1873	4633	Place-4
SMITH	Selina	51	-----	F	1873	2345	Place-16
SMITH	Selina	32	-----	F	1873	3395	Place-16
SMITH	Briony	27	-----	F	1873	3690	Place-17
SMITH	Sheila	50	-----	F	1873	2368	Place-15
SMITH	Bob	29	-----	M	1873	3568	Place-23
SMITH	Selina	56	-----	F	1873	4042	Place-21
SMITH	Jim	44	-----	M	1873	2663	Place-8
SMITH	Jacob	20	-----	M	1873	4193	Place-21
SMITH	Selina	19	-----	F	1873	4209	Place-20
SMITH	Paulo	18	-----	M	1873	4291	Place-26
SMITH	Joseph	14	-----	M	1873	4587	Place-5
SMITH	Jenkins	13	-----	M	1873	4669	Place-21
SMITH	James	12	-----	M	1873	4782	Place-6
SMITH	Sharon	8	-----	F	1873	5043	Place-15
SMITH	Susan	8	-----	F	1873	5079	Place-2
SMITH	Sarah	8	-----	F	1873	5085	Place-7
SMITH	Sarah	6	-----	F	1873	5222	Place-16
SMITH	Suzanne	6	-----	F	1873	5242	Place-12
SMITH	Jacob	6	-----	M	1873	5250	Place-29
SMITH	Suzanne	6	-----	F	1873	5278	Place-7
SMITH	Seonaid	4	-----	F	1873	5391	Place-3
SMITH	Sarah	4	-----	F	1873	5395	Place-15
SMITH	Susan	4	-----	F	1873	5434	Place-0
SMITH	Jenkins	4	-----	M	1873	5459	Place-9
SMITH	Shawn	3	-----	M	1873	5514	Place-22
SMITH	Sarah	3	-----	F	1873	5516	Place-17
SMITH	Jacob	3	-----	M	1873	5526	Place-13
SMITH	Jacob	1	-----	M	1873	5662	Place-12
SMITH	Joseph	1	-----	M	1873	5664	Place-14
SMITH	James	1	-----	M	1873	5687	Place-6
SMITH	Seonaid	1	-----	F	1873	5688	Place-25
SMITH	Paulo	1	-----	M	1873	5690	Place-28
SMITH	Suzanne	1	-----	F	1873	5695	Place-25
SMITH	Seonaid	1	-----	F	1873	5710	Place-22
SMITH	Paulo	1	-----	M	1873	5712	Place-12
SMITH	Sarah	1	-----	F	1873	5713	Place-19
SMITH	Paulo	1	-----	M	1873	5719	Place-16
SMITH	Shawn	1	-----	M	1873	5720	Place-23
SMITH	Susan	1	-----	F	1873	5722	Place-13
SMITH	Jenkins	1	-----	M	1873	5729	Place-18
SMITH	Joseph	1	-----	M	1873	5734	Place-13
SMITH	Jim	1	-----	M	1873	5737	Place-10
SMITH	Jenkins	1	-----	M	1873	5740	Place-6
SMITH	Jacob	1	-----	M	1873	5756	Place-28
SMITH	Bob	0	-----	M	1873	5776	Place-14
SMITH	Sharon	0	-----	F	1873	5778	Place-18
SMITH	Suzanne	0	-----	F	1873	5782	Place-14
SMITH	Jenkins	0	-----	M	1873	5785	Place-18
SMITH	Shawn	0	-----	M	1873	5792	Place-10
SMITH	Jenkins	0	-----	M	1873	5793	Place-7
SMITH	Sharon	0	-----	F	1873	5799	Place-17
SMITH	Seonaid	0	-----	F	1873	5810	Place-29
SMITH	Jenkins	0	-----	M	1873	5812	Place-7
SMITH	James	0	-----	M	1873	5818	Place-9
SMITH	Joseph	0	-----	M	1873	5823	Place-7
SMITH	Paulo	0	-----	M	1873	5828	Place-29
SMITH	Jacob	0	-----	M	1873	5832	Place-6
SMITH	James	0	-----	M	1873	5833	Place-22
SMITH	Sheila	0	-----	F	1873	5834	Place-7
SMITH	Jenkins	0	-----	M	1873	5839	Place-16
SMITH	Sharon	0	-----	F	1873	5841	Place-5
SMITH	Suzanne	0	-----	F	1873	5844	Place-26
SMITH	Joseph	0	-----	M	1873	5846	Place-24
SMITH	Seonaid	0	-----	F	1873	5847	Place-0
SMITH	James	0	-----	M	1873	5848	Place-4
SMITH	Sarah	0	-----	F	1873	5857	Place-21
SMITH	Sharon	0	-----	F	1873	5858	Place-5
SMITH	Sheila	58	-----	F	1874	5863	Place-9
SMITH	Bob	40	-----	M	1874	2956	Place-19
SMITH	Jenkins	20	-----	M	1874	4222	Place-18
SMITH	Shawn	1	-----	M	1874	5805	Place-7
SMITH	Susan	59	-----	F	1874	2973	Place-15
SMITH	Jacob	52	-----	M	1874	2358	Place-26
SMITH	Sarah	28	-----	F	1874	5568	Place-23
SMITH	James	58	-----	M	1874	2099	Place-28
SMITH	Jim	55	-----	M	1874	2247	Place-28
SMITH	Jenkins	9	-----	M	1874	5078	Place-4
SMITH	Sharon	56	-----	F	1874	2182	Place-21
SMITH	Jacob	19	-----	M	1874	4270	Place-11
SMITH	Jim	40	-----	M	1874	2947	Place-28
SMITH	Jacob	45	-----	M	1874	2675	Place-12
SMITH	Selina	58	-----	F	1874	5287	Place-0
SMITH	Suzanne	58	-----	F	1874	5193	Place-2
SMITH	Susan	56	-----	F	1874	3794	Place-11
SMITH	Jenkins	26	-----	M	1874	3799	Place-24
SMITH	Bob	25	-----	M	1874	3871	Place-24
SMITH	Joseph	14	-----	M	1874	4703	Place-4
SMITH	Shawn	55	-----	M	1874	2218	Place-27
SMITH	Jacob	58	-----	M	1874	2111	Place-0
SMITH	Shawn	57	-----	M	1874	2168	Place-10
SMITH	Sarah	49	-----	F	1874	2484	Place-20
SMITH	Shawn	62	-----	M	1874	1913	Place-19
SMITH	Sheila	30	-----	F	1874	3561	Place-3
SMITH	Selina	16	-----	F	1874	4505	Place-12
SMITH	Briony	16	-----	F	1874	4538	Place-20
SMITH	Briony	15	-----	F	1874	4572	Place-25
SMITH	James	12	-----	M	1874	4805	Place-7
SMITH	James	11	-----	M	1874	4867	Place-3
SMITH	Shawn	11	-----	M	1874	4923	Place-24
SMITH	Susan	9	-----	F	1874	5063	Place-13
SMITH	Paulo	9	-----	M	1874	5103	Place-2
SMITH	Sarah	8	-----	F	1874	5138	Place-16
SMITH	Sharon	7	-----	F	1874	5234	Place-29
SMITH	Joseph	5	-----	M	1874	5403	Place-0
SMITH	Paulo	4	-----	M	1874	5539	Place-11
SMITH	Jacob	3	-----	M	1874	5611	Place-17
SMITH	Sheila	3	-----	F	1874	5651	Place-12
SMITH	Sheila	2	-----	F	1874	5663	Place-3
SMITH	Selina	2	-----	F	1874	5702	Place-14
SMITH	Sarah	2	-----	F	1874	5703	Place-7
SMITH	Sheila	1	-----	F	1874	5775	Place-29
SMITH	Seonaid	1	-----	F	1874	5777	Place-20
SMITH	Sharon	1	-----	F	1874	5780	Place-26
SMITH	Joseph	1	-----	M	1874	5789	Place-29
SMITH	Jacob	1	-----	M	1874	5796	Place-23
SMITH	Sharon	1	-----	F	1874	5798	Place-28
SMITH	Sheila	1	-----	F	1874	5801	Place-25
SMITH	Jacob	1	-----	M	1874	5813	Place-23
SMITH	Shawn	1	-----	M	1874	5825	Place-24
SMITH	Jacob	1	-----	M	1874	5835	Place-15
SMITH	James	1	-----	M	1874	5836	Place-5
SMITH	Paulo	1	-----	M	1874	5842	Place-13
SMITH	Seonaid	1	-----	F	1874	5850	Place-3
SMITH	Suzanne	0	-----	F	1874	5879	Place-22
SMITH	Shawn	0	-----	M	1874	5881	Place-0
SMITH	Sheila	0	-----	F	1874	5883	Place-17
SMITH	Suzanne	0	-----	F	1874	5889	Place-16
SMITH	Bob	0	-----	M	1874	5895	Place-1
SMITH	James	0	-----	M	1874	5896	Place-29
SMITH	Jenkins	0	-----	M	1874	5897	Place-19
SMITH	Shawn	0	-----	M	1874	5899	Place-8
SMITH	Shawn	0	-----	M	1874	5900	Place-13
SMITH	Paulo	0	-----	M	1874	5904	Place-27
SMITH	Jenkins	0	-----	M	1874	5905	Place-12
SMITH	Bob	0	-----	M	1874	5909	Place-11
SMITH	Paulo	0	-----	M	1874	5913	Place-4
SMITH	Shawn	0	-----	M	1874	5920	Place-16
SMITH	Paulo	0	-----	M	1874	5926	Place-27
SMITH	James	0	-----	M	1874	5931	Place-16
SMITH	Susan	0	-----	F	1874	5935	Place-7
SMITH	Paulo	0	-----	M	1874	5943	Place-26
SMITH	Paulo	0	-----	M	1874	5947	Place-27
SMITH	Jacob	55	-----	M	1875	2295	Place-4
SMITH	Briony	59	-----	F	1875	4946	Place-24
SMITH	Bob	26	-----	M	1875	3891	Place-14
SMITH	Susan	32	-----	F	1875	3477	Place-4
SMITH	Sarah	55	-----	F	1875	5871	Place-24
SMITH	Susan	35	-----	F	1875	5764	Place-25
SMITH	Susan	56	-----	F	1875	4116	Place-2
SMITH	Joseph	30	-----	M	1875	3635	Place-14
SMITH	Susan	55	-----	F	1875	2274	Place-0
SMITH	Jenkins	22	-----	M	1875	4131	Place-3
SMITH	Seonaid	64	-----	F	1875	4948	Place-8
SMITH	Shawn	49	-----	M	1875	2516	Place-2
SMITH	Jim	35	-----	M	1875	3341	Place-25
SMITH	Bob	60	-----	M	1875	2072	Place-0
SMITH	James	56	-----	M	1875	2228	Place-0
SMITH	Briony	61	-----	F	1875	4336	Place-0
SMITH	Jim	56	-----	M	1875	2243	Place-8
SMITH	Jim	59	-----	M	1875	2102	Place-6
SMITH	James	43	-----	M	1875	2850	Place-11
SMITH	Sheila	61	-----	F	1875	1992	Place-15
SMITH	Shawn	32	-----	M	1875	3467	Place-16
SMITH	Jim	25	-----	M	1875	3963	Place-6
SMITH	Joseph	23	-----	M	1875	4061	Place-10
SMITH	James	22	-----	M	1875	4121	Place-18
SMITH	Paulo	16	-----	M	1875	4624	Place-11
SMITH	Jenkins	15	-----	M	1875	4653	Place-13
SMITH	Joseph	11	-----	M	1875	4987	Place-25
SMITH	Jenkins	9	-----	M	1875	5165	Place-13
SMITH	Joseph	8	-----	M	1875	5245	Place-14
SMITH	Joseph	6	-----	M	1875	5413	Place-5
SMITH	Shawn	5	-----	M	1875	5553	Place-13
SMITH	Briony	4	-----	F	1875	5626	Place-26
SMITH	Susan	1	-----	F	1875	5885	Place-17
SMITH	James	1	-----	M	1875	5891	Place-6
SMITH	Selina	1	-----	F	1875	5893	Place-22
SMITH	Sheila	1	-----	F	1875	5894	Place-11
SMITH	Suzanne	1	-----	F	1875	5902	Place-26
SMITH	Briony	1	-----	F	1875	5903	Place-10
SMITH	Selina	1	-----	F	1875	5914	Place-19
SMITH	Paulo	1	-----	M	1875	5921	Place-11
SMITH	Selina	1	-----	F	1875	5922	Place-2
SMITH	Jacob	1	-----	M	1875	5924	Place-19
SMITH	Sheila	1	-----	F	1875	5929	Place-9
SMITH	Susan	1	-----	F	1875	5934	Place-29
SMITH	Suzanne	1	-----	F	1875	5937	Place-21
SMITH	Sheila	1	-----	F	1875	5940	Place-8
SMITH	Seonaid	0	-----	F	1875	5970	Place-18
SMITH	Shawn	0	-----	M	1875	5975	Place-17
SMITH	Jim	0	-----	M	1875	5980	Place-13
SMITH	Paulo	0	-----	M	1875	5983	Place-21
SMITH	Jenkins	0	-----	M	1875	5987	Place-18
SMITH	Sharon	0	-----	F	1875	5992	Place-7
SMITH	Selina	0	-----	F	1875	5996	Place-19
SMITH	Bob	0	-----	M	1875	6006	Place-7
SMITH	Seonaid	0	-----	F	1875	6008	Place-21
SMITH	Jenkins	0	-----	M	1875	6009	Place-25
SMITH	Sarah	0	-----	F	1875	6010	Place-13
SMITH	Bob	0	-----	M	1875	6015	Place-1
SMITH	Paulo	0	-----	M	1875	6022	Place-27
SMITH	Sarah	0	-----	F	1875	6023	Place-6
SMITH	Suzanne	0	-----	F	1875	6024	Place-21
SMITH	James	0	-----	M	1875	6030	Place-8
SMITH	Sarah	0	-----	F	1875	6034	Place-26
SMITH	Jacob	0	-----	M	1875	6036	Place-11
SMITH	Shawn	0	-----	M	1875	6041	Place-6
SMITH	Sharon	0	-----	F	1875	6049	Place-10
SMITH	Joseph	0	-----	M	1875	6050	Place-13
SMITH	Paulo	0	-----	M	1875	6053	Place-10
SMITH	Susan	0	-----	F	1875	6054	Place-19
SMITH	Selina	34	-----	F	1876	6061	Place-7
SMITH	Sheila	57	-----	F	1876	6070	Place-27
SMITH	Bob	29	-----	M	1876	3787	Place-16
SMITH	James	45	-----	M	1876	2801	Place-19
SMITH	Briony	17	-----	F	1876	4578	Place-2
SMITH	Paulo	1	-----	M	1876	6003	Place-2
SMITH	Bob	1	-----	M	1876	6032	Place-15
SMITH	Sharon	26	-----	F	1876	3947	Place-9
SMITH	Suzanne	32	-----	F	1876	5862	Place-16
SMITH	Suzanne	36	-----	F	1876	5867	Place-6
SMITH	Suzanne	29	-----	F	1876	5768	Place-27
SMITH	Sarah	39	-----	F	1876	4495	Place-14
SMITH	Jim	32	-----	M	1876	3577	Place-16
SMITH	Briony	47	-----	F	1876	5657	Place-12
SMITH	Joseph	57	-----	M	1876	2219	Place-20
SMITH	Bob	26	-----	M	1876	3960	Place-7
SMITH	Shawn	60	-----	M	1876	2106	Place-9
SMITH	Briony	7	-----	F	1876	5466	Place-3
SMITH	Jenkins	65	-----	M	1876	1880	Place-22
SMITH	Seonaid	37	-----	F	1876	5031	Place-23
SMITH	Susan	48	-----	F	1876	4858	Place-27
SMITH	Seonaid	56	-----	F	1876	3914	Place-25
SMITH	Shawn	39	-----	M	1876	3116	Place-17
SMITH	Paulo	58	-----	M	1876	2207	Place-25
SMITH	Paulo	57	-----	M	1876	2246	Place-27
SMITH	Jim	57	-----	M	1876	2232	Place-12
SMITH	Jenkins	61	-----	M	1876	2043	Place-7
SMITH	Sheila	46	-----	F	1876	2722	Place-0
SMITH	Briony	26	-----	F	1876	3953	Place-23
SMITH	Jacob	26	-----	M	1876	3968	Place-23
SMITH	Seonaid	24	-----	F	1876	4054	Place-9
SMITH	Sharon	24	-----	F	1876	4066	Place-20
SMITH	Sharon	19	-----	F	1876	4440	Place-6
SMITH	Sharon	16	-----	F	1876	4646	Place-12
SMITH	Susan	14	-----	F	1876	4851	Place-23
SMITH	Sheila	11	-----	F	1876	5044	Place-15
SMITH	Bob	7	-----	M	1876	5396	Place-13
SMITH	Paulo	7	-----	M	1876	5457	Place-6
SMITH	Bob	5	-----	M	1876	5605	Place-1
SMITH	James	5	-----	M	1876	5613	Place-15
SMITH	Jenkins	5	-----	M	1876	5629	Place-4
SMITH	Sheila	4	-----	F	1876	5676	Place-19
SMITH	Sarah	3	-----	F	1876	5804	Place-6
SMITH	Bob	3	-----	M	1876	5820	Place-8
SMITH	James	3	-----	M	1876	5849	Place-23
SMITH	Briony	2	-----	F	1876	5916	Place-12
SMITH	Jim	2	-----	M	1876	5939	Place-3
SMITH	Shawn	1	-----	M	1876	5979	Place-3
SMITH	Jenkins	1	-----	M	1876	5984	Place-13
SMITH	Briony	1	-----	F	1876	5986	Place-14
SMITH	Jim	1	-----	M	1876	5990	Place-20
SMITH	Jenkins	1	-----	M	1876	5993	Place-2
SMITH	Sarah	1	-----	F	1876	5998	Place-26
SMITH	Shawn	1	-----	M	1876	6001	Place-12
SMITH	Susan	1	-----	F	1876	6012	Place-23
SMITH	Selina	1	-----	F	1876	6014	Place-18
SMITH	Sarah	1	-----	F	1876	6028	Place-16
SMITH	Susan	1	-----	F	1876	6042	Place-7
SMITH	Bob	1	-----	M	1876	6045	Place-23
SMITH	Susan	1	-----	F	1876	6047	Place-20
SMITH	Selina	0	-----	F	1876	6081	Place-5
SMITH	Jacob	0	-----	M	1876	6094	Place-8
SMITH	Selina	0	-----	F	1876	6098	Place-20
SMITH	Joseph	0	-----	M	1876	6103	Place-10
SMITH	Shawn	0	-----	M	1876	6110	Place-0
SMITH	James	0	-----	M	1876	6124	Place-29
SMITH	Sarah	0	-----	F	1876	6138	Place-8
SMITH	Sharon	0	-----	F	1876	6147	Place-29
SMITH	Joseph	0	-----	M	1876	6148	Place-7
SMITH	Briony	0	-----	F	1876	6153	Place-26
SMITH	Jim	50	-----	M	1877	2610	Place-27
SMITH	Sarah	33	-----	F	1877	3529	Place-12
SMITH	Jenkins	23	-----	M	1877	4251	Place-6
SMITH	Suzanne	33	-----	F	1877	6069	Place-10
SMITH	Paulo	29	-----	M	1877	3808	Place-24
SMITH	Joseph	28	-----	M	1877	3863	Place-15
SMITH	Briony	2	-----	F	1877	5967	Place-2
SMITH	Sarah	49	-----	F	1877	5570	Place-8
SMITH	James	25	-----	M	1877	4110	Place-8
SMITH	Jim	22	-----	M	1877	4326	Place-27
SMITH	Sheila	62	-----	F	1877	3230	Place-4
SMITH	Sarah	28	-----	F	1877	3885	Place-7
SMITH	Suzanne	55	-----	F	1877	2344	Place-1
SMITH	Susan	11	-----	F	1877	5177	Place-28
SMITH	Jim	57	-----	M	1877	2283	Place-0
SMITH	Seonaid	42	-----	F	1877	3007	Place-24
SMITH	Shawn	21	-----	M	1877	4366	Place-21
SMITH	James	60	-----	M	1877	2142	Place-7
SMITH	Bob	24	-----	M	1877	4186	Place-15
SMITH	Shawn	21	-----	M	1877	4347	Place-9
SMITH	Sheila	21	-----	F	1877	4398	Place-24
SMITH	Susan	20	-----	F	1877	4434	Place-2
SMITH	Sharon	20	-----	F	1877	4441	Place-18
SMITH	Sheila	19	-----	F	1877	4510	Place-24
SMITH	Jacob	17	-----	M	1877	4640	Place-13
SMITH	Sharon	15	-----	F	1877	4845	Place-23
SMITH	Seonaid	14	-----	F	1877	4913	Place-18
SMITH	Joseph	8	-----	M	1877	5430	Place-11
SMITH	Bob	8	-----	M	1877	5432	Place-26
SMITH	Shawn	7	-----	M	1877	5544	Place-24
SMITH	Jim	4	-----	M	1877	5811	Place-11
SMITH	Susan	4	-----	F	1877	5830	Place-21
SMITH	Bob	2	-----	M	1877	6007	Place-20
SMITH	Joseph	1	-----	M	1877	6079	Place-19
SMITH	Sheila	1	-----	F	1877	6082	Place-6
SMITH	Jenkins	1	-----	M	1877	6096	Place-22
SMITH	Briony	1	-----	F	1877	6097	Place-6
SMITH	Jenkins	1	-----	M	1877	6100	Place-7
SMITH	Sarah	1	-----	F	1877	6106	Place-27
SMITH	Suzanne	1	-----	F	1877	6107	Place-15
SMITH	Suzanne	1	-----	F	1877	6112	Place-9
SMITH	Jim	1	-----	M	1877	6115	Place-8
SMITH	Jacob	1	-----	M	1877	6135	Place-7
SMITH	Sarah	1	-----	F	1877	6141	Place-27
SMITH	Bob	1	-----	M	1877	6143	Place-6
SMITH	Joseph	1	-----	M	1877	6156	Place-4
SMITH	Bob	0	-----	M	1877	6169	Place-5
SMITH	Suzanne	0	-----	F	1877	6172	Place-20
SMITH	Sharon	0	-----	F	1877	6177	Place-16
SMITH	Shawn	0	-----	M	1877	6182	Place-1
SMITH	Jim	0	-----	M	1877	6184	Place-26
SMITH	Selina	0	-----	F	1877	6195	Place-25
SMITH	Suzanne	0	-----	F	1877	6206	Place-12
SMITH	Paulo	0	-----	M	1877	6207	Place-15
SMITH	Bob	0	-----	M	1877	6217	Place-20
SMITH	Selina	0	-----	F	1877	6219	Place-29
SMITH	Jenkins	0	-----	M	1877	6226	Place-3
SMITH	Seonaid	0	-----	F	1877	6233	Place-25
SMITH	Briony	0	-----	F	1877	6239	Place-12
SMITH	Sheila	0	-----	F	1877	6240	Place-11
SMITH	Jenkins	0	-----	M	1877	6242	Place-19
SMITH	Bob	0	-----	M	1877	6243	Place-14
SMITH	Sarah	0	-----	F	1877	6247	Place-4
SMITH	James	41	-----	M	1878	3111	Place-8
SMITH	Jim	42	-----	M	1878	3081	Place-24
SMITH	Jacob	43	-----	M	1878	3000	Place-21
SMITH	Jacob	18	-----	M	1878	4664	Place-4
SMITH	Bob	38	-----	M	1878	3303	Place-2
SMITH	Jacob	58	-----	M	1878	2289	Place-8
SMITH	Joseph	35	-----	M	1878	3494	Place-24
SMITH	Seonaid	24	-----	F	1878	4235	Place-28
SMITH	Sharon	37	-----	F	1878	5865	Place-9
SMITH	Briony	36	-----	F	1878	3439	Place-22
SMITH	Seonaid	45	-----	F	1878	5280	Place-22
SMITH	Briony	55	-----	F	1878	2393	Place-1
SMITH	Joseph	49	-----	M	1878	2668	Place-29
SMITH	Bob	40	-----	M	1878	3211	Place-5
SMITH	Suzanne	59	-----	F	1878	5113	Place-8
SMITH	Paulo	41	-----	M	1878	3144	Place-27
SMITH	Joseph	60	-----	M	1878	2189	Place-5
SMITH	Suzanne	21	-----	F	1878	4413	Place-20
SMITH	Jenkins	14	-----	M	1878	4959	Place-16
SMITH	Shawn	9	-----	M	1878	5398	Place-16
SMITH	Sharon	7	-----	F	1878	5577	Place-12
SMITH	Jacob	7	-----	M	1878	5650	Place-23
SMITH	Jacob	7	-----	M	1878	5653	Place-7
SMITH	Jenkins	6	-----	M	1878	5680	Place-23
SMITH	Jenkins	6	-----	M	1878	5732	Place-18
SMITH	Sheila	2	-----	F	1878	6121	Place-20
SMITH	Sharon	1	-----	F	1878	6174	Place-21
SMITH	Seonaid	1	-----	F	1878	6181	Place-12
SMITH	Jacob	1	-----	M	1878	6183	Place-16
SMITH	Seonaid	1	-----	F	1878	6187	Place-15
SMITH	Jacob	1	-----	M	1878	6231	Place-20
SMITH	Briony	1	-----	F	1878	6232	Place-25
SMITH	Shawn	1	-----	M	1878	6250	Place-13
SMITH	Paulo	1	-----	M	1878	6251	Place-5
SMITH	Sheila	1	-----	F	1878	6256	Place-16
SMITH	Sarah	1	-----	F	1878	6260	Place-21
SMITH	Shawn	0	-----	M	1878	6276	Place-6
SMITH	Sharon	0	-----	F	1878	6277	Place-11
SMITH	Shawn	0	-----	M	1878	6281	Place-17
SMITH	Paulo	0	-----	M	1878	6284	Place-17
SMITH	Sheila	0	-----	F	1878	6287	Place-29
SMITH	Bob	0	-----	M	1878	6293	Place-4
SMITH	Sarah	0	-----	F	1878	6299	Place-2
SMITH	Jenkins	0	-----	M	1878	6300	Place-8
SMITH	Sharon	0	-----	F	1878	6307	Place-13
SMITH	Sharon	0	-----	F	1878	6308	Place-16
SMITH	Briony	0	-----	F	1878	6310	Place-18
SMITH	Sheila	0	-----	F	1878	6312	Place-10
SMITH	Jim	0	-----	M	1878	6314	Place-23
SMITH	Jacob	0	-----	M	1878	6315	Place-5
SMITH	Shawn	0	-----	M	1878	6319	Place-17
SMITH	Sheila	0	-----	F	1878	6324	Place-6
SMITH	Sheila	0	-----	F	1878	6326	Place-29
SMITH	Bob	0	-----	M	1878	6333	Place-17
SMITH	Selina	0	-----	F	1878	6335	Place-0
SMITH	Selina	0	-----	F	1878	6338	Place-27
SMITH	Jim	0	-----	M	1878	6345	Place-12
SMITH	Paulo	0	-----	M	1878	6354	Place-29
SMITH	Paulo	0	-----	M	1878	6365	Place-10
SMITH	Selina	0	-----	F	1878	6367	Place-27
SMITH	Jacob	0	-----	M	1878	6369	Place-13
SMITH	Sheila	0	-----	F	1878	6372	Place-28
SMITH	Briony	0	-----	F	1878	6376	Place-23
SMITH	Selina	0	-----	F	1878	6383	Place-17
SMITH	Bob	28	-----	M	1879	4035	Place-7
SMITH	Jim	38	-----	M	1879	3360	Place-7
SMITH	Suzanne	49	-----	F	1879	2706	Place-25
SMITH	Briony	3	-----	F	1879	6126	Place-18
SMITH	Bob	4	-----	M	1879	6055	Place-29
SMITH	Jacob	58	-----	M	1879	2306	Place-14
SMITH	Sarah	60	-----	F	1879	4268	Place-2
SMITH	Paulo	27	-----	M	1879	4072	Place-26
SMITH	James	44	-----	M	1879	2992	Place-25
SMITH	Joseph	37	-----	M	1879	3443	Place-27
SMITH	Selina	60	-----	F	1879	3647	Place-23
SMITH	Sheila	45	-----	F	1879	5758	Place-15
SMITH	Susan	35	-----	F	1879	5761	Place-18
SMITH	Sharon	55	-----	F	1879	4341	Place-18
SMITH	Sharon	67	-----	F	1879	5572	Place-19
SMITH	Susan	55	-----	F	1879	2434	Place-4
SMITH	Jim	27	-----	M	1879	4049	Place-6
SMITH	Jenkins	55	-----	M	1879	2421	Place-19
SMITH	Shawn	35	-----	M	1879	3567	Place-9
SMITH	Susan	16	-----	F	1879	4897	Place-9
SMITH	Shawn	60	-----	M	1879	2245	Place-28
SMITH	Jenkins	16	-----	M	1879	4882	Place-9
SMITH	Jim	14	-----	M	1879	5087	Place-20
SMITH	Joseph	11	-----	M	1879	5317	Place-14
SMITH	Selina	10	-----	F	1879	5440	Place-17
SMITH	Jenkins	10	-----	M	1879	5471	Place-20
SMITH	Joseph	9	-----	M	1879	5487	Place-14
SMITH	James	8	-----	M	1879	5590	Place-19
SMITH	Briony	7	-----	F	1879	5714	Place-24
SMITH	Suzanne	6	-----	F	1879	5807	Place-2
SMITH	Paulo	6	-----	M	1879	5855	Place-24
SMITH	Briony	5	-----	F	1879	5892	Place-27
SMITH	Bob	5	-----	M	1879	5915	Place-5
SMITH	Jim	4	-----	M	1879	6038	Place-7
SMITH	Paulo	3	-----	M	1879	6104	Place-26
SMITH	James	3	-----	M	1879	6108	Place-3
SMITH	Shawn	3	-----	M	1879	6136	Place-14
SMITH	Bob	3	-----	M	1879	6137	Place-18
SMITH	Jim	2	-----	M	1879	6176	Place-2
SMITH	Jim	2	-----	M	1879	6190	Place-15
SMITH	Bob	1	-----	M	1879	6275	Place-6
SMITH	Selina	1	-----	F	1879	6280	Place-20
SMITH	Sharon	1	-----	F	1879	6285	Place-17
SMITH	Bob	1	-----	M	1879	6292	Place-5
SMITH	Selina	1	-----	F	1879	6296	Place-1
SMITH	Joseph	1	-----	M	1879	6301	Place-24
SMITH	James	1	-----	M	1879	6309	Place-23
SMITH	Briony	1	-----	F	1879	6330	Place-15
SMITH	Sarah	1	-----	F	1879	6346	Place-9
SMITH	Paulo	1	-----	M	1879	6349	Place-13
SMITH	Susan	1	-----	F	1879	6353	Place-28
SMITH	Jim	1	-----	M	1879	6361	Place-21
SMITH	Sheila	1	-----	F	1879	6377	Place-25
SMITH	Seonaid	1	-----	F	1879	6384	Place-1
SMITH	Susan	0	-----	F	1879	6405	Place-17
SMITH	Jim	0	-----	M	1879	6406	Place-26
SMITH	Suzanne	0	-----	F	1879	6408	Place-22
SMITH	Bob	0	-----	M	1879	6409	Place-25
SMITH	Sheila	0	-----	F	1879	6420	Place-11
SMITH	Briony	0	-----	F	1879	6423	Place-7
SMITH	Sharon	0	-----	F	1879	6432	Place-10
SMITH	Jacob	0	-----	M	1879	6434	Place-23
SMITH	Jenkins	0	-----	M	1879	6447	Place-24
SMITH	Paulo	0	-----	M	1879	6448	Place-27
SMITH	Joseph	0	-----	M	1879	6452	Place-23
SMITH	Briony	0	-----	F	1879	6459	Place-7
SMITH	Selina	0	-----	F	1879	6467	Place-19
SMITH	Seonaid	0	-----	F	1879	6470	Place-29
SMITH	James	0	-----	M	1879	6471	Place-21
SMITH	Jacob	0	-----	M	1879	6478	Place-23
SMITH	Susan	0	-----	F	1879	6479	Place-19
SMITH	Paulo	0	-----	M	1879	6482	Place-21
SMITH	Sarah	0	-----	F	1879	6483	Place-7
SMITH	Joseph	0	-----	M	1879	6493	Place-1
SMITH	Bob	0	-----	M	1879	6499	Place-22
SMITH	Susan	57	-----	F	1880	6393	Place-16
SMITH	Jenkins	39	-----	M	1880	3396	Place-14
SMITH	Shawn	51	-----	M	1880	2687	Place-25
SMITH	Jacob	25	-----	M	1880	4273	Place-28
SMITH	Shawn	59	-----	M	1880	2299	Place-0
SMITH	Sheila	61	-----	F	1880	4632	Place-6
SMITH	Paulo	34	-----	M	1880	3678	Place-26
SMITH	Jenkins	31	-----	M	1880	3867	Place-23
SMITH	Briony	57	-----	F	1880	5960	Place-9
SMITH	Shawn	56	-----	M	1880	2449	Place-14
SMITH	Seonaid	55	-----	F	1880	3849	Place-6
SMITH	Sharon	41	-----	F	1880	3249	Place-23
SMITH	Paulo	9	-----	M	1880	5636	Place-12
SMITH	Selina	27	-----	F	1880	5771	Place-21
SMITH	Jim	55	-----	M	1880	2469	Place-17
SMITH	Jim	57	-----	M	1880	2394	Place-12
SMITH	Jacob	36	-----	M	1880	3581	Place-18
SMITH	Briony	30	-----	F	1880	3949	Place-1
SMITH	James	30	-----	M	1880	3948	Place-7
SMITH	Shawn	29	-----	M	1880	4012	Place-5
SMITH	Shawn	15	-----	M	1880	5066	Place-25
SMITH	Paulo	15	-----	M	1880	5107	Place-2
SMITH	Shawn	11	-----	M	1880	5402	Place-2
SMITH	Bob	11	-----	M	1880	5453	Place-21
SMITH	Jacob	10	-----	M	1880	5501	Place-16
SMITH	Sheila	9	-----	F	1880	5609	Place-8
SMITH	Shawn	9	-----	M	1880	5616	Place-19
SMITH	Jim	8	-----	M	1880	5698	Place-0
SMITH	Jenkins	7	-----	M	1880	5797	Place-4
SMITH	Bob	7	-----	M	1880	5802	Place-19
SMITH	Shawn	6	-----	M	1880	5901	Place-28
SMITH	Jenkins	5	-----	M	1880	5976	Place-12
SMITH	Selina	5	-----	F	1880	5989	Place-8
SMITH	Sarah	4	-----	F	1880	6093	Place-6
SMITH	Seonaid	4	-----	F	1880	6099	Place-6
SMITH	Sharon	4	-----	F	1880	6116	Place-9
SMITH	Seonaid	4	-----	F	1880	6128	Place-1
SMITH	James	2	-----	M	1880	6339	Place-11
SMITH	Sheila	2	-----	F	1880	6360	Place-23
SMITH	Jacob	1	-----	M	1880	6407	Place-4
SMITH	James	1	-----	M	1880	6410	Place-11
SMITH	Briony	1	-----	F	1880	6412	Place-21
SMITH	Sharon	1	-----	F	1880	6415	Place-8
SMITH	Jenkins	1	-----	M	1880	6426	Place-0
SMITH	Sharon	1	-----	F	1880	6428	Place-28
SMITH	Sarah	1	-----	F	1880	6435	Place-13
SMITH	James	1	-----	M	1880	6440	Place-29
SMITH	Suzanne	1	-----	F	1880	6442	Place-16
SMITH	Jacob	1	-----	M	1880	6451	Place-8
SMITH	Sarah	1	-----	F	1880	6458	Place-5
SMITH	Briony	1	-----	F	1880	6460	Place-12
SMITH	Jenkins	1	-----	M	1880	6462	Place-23
SMITH	Suzanne	1	-----	F	1880	6469	Place-5
SMITH	Jacob	1	-----	M	1880	6472	Place-21
SMITH	Jacob	1	-----	M	1880	6474	Place-18
SMITH	Sheila	1	-----	F	1880	6476	Place-10
SMITH	Jim	1	-----	M	1880	6481	Place-10
SMITH	James	1	-----	M	1880	6494	Place-12
SMITH	Susan	1	-----	F	1880	6496	Place-20
SMITH	Susan	0	-----	F	1880	6510	Place-15
SMITH	Sarah	0	-----	F	1880	6511	Place-20
SMITH	Suzanne	0	-----	F	1880	6514	Place-16
SMITH	Shawn	0	-----	M	1880	6528	Place-23
SMITH	Seonaid	0	-----	F	1880	6529	Place-17
SMITH	Selina	0	-----	F	1880	6530	Place-21
SMITH	Shawn	0	-----	M	1880	6532	Place-5
SMITH	James	0	-----	M	1880	6535	Place-10
SMITH	Suzanne	0	-----	F	1880	6537	Place-26
SMITH	Jacob	0	-----	M	1880	6543	Place-10
SMITH	James	0	-----	M	1880	6546	Place-12
SMITH	Jim	0	-----	M	1880	6548	Place-24
SMITH	Seonaid	0	-----	F	1880	6552	Place-17
SMITH	Shawn	0	-----	M	1880	6556	Place-27
SMITH	Joseph	0	-----	M	1880	6558	Place-22
SMITH	Sheila	0	-----	F	1880	6561	Place-11
SMITH	Selina	0	-----	F	1880	6571	Place-11
SMITH	Jim	0	-----	M	1880	6572	Place-15
SMITH	Seonaid	0	-----	F	1880	6575	Place-7
SMITH	Sarah	0	-----	F	1880	6576	Place-6
SMITH	Jacob	4	-----	M	1881	6197	Place-8
SMITH	Seonaid	20	-----	F	1881	6502	Place-19
SMITH	Selina	44	-----	F	1881	5282	Place-14
SMITH	Selina	22	-----	F	1881	4580	Place-25
SMITH	Sarah	32	-----	F	1881	6271	Place-18
SMITH	Jim	24	-----	M	1881	4430	Place-23
SMITH	Shawn	28	-----	M	1881	4132	Place-12
SMITH	Jenkins	50	-----	M	1881	2788	Place-21
SMITH	Jacob	55	-----	M	1881	2530	Place-7
SMITH	Briony	32	-----	F	1881	3862	Place-16
SMITH	Jim	27	-----	M	1881	4216	Place-24
SMITH	Briony	56	-----	F	1881	5377	Place-12
SMITH	Jacob	47	-----	M	1881	2944	Place-13
SMITH	James	58	-----	M	1881	2373	Place-9
SMITH	Briony	57	-----	F	1881	2445	Place-27
SMITH	Bob	34	-----	M	1881	3732	Place-21
SMITH	Briony	56	-----	F	1881	2490	Place-9
SMITH	Shawn	21	-----	M	1881	4698	Place-1
SMITH	Bob	23	-----	M	1881	4529	Place-2
SMITH	Jenkins	19	-----	M	1881	4804	Place-1
SMITH	Seonaid	19	-----	F	1881	4807	Place-20
SMITH	Shawn	16	-----	M	1881	5042	Place-17
SMITH	Joseph	14	-----	M	1881	5271	Place-5
SMITH	Sheila	12	-----	F	1881	5435	Place-14
SMITH	Shawn	12	-----	M	1881	5444	Place-21
SMITH	Suzanne	9	-----	F	1881	5683	Place-3
SMITH	Seonaid	6	-----	F	1881	5968	Place-6
SMITH	Jenkins	6	-----	M	1881	5982	Place-3
SMITH	Seonaid	6	-----	F	1881	6052	Place-15
SMITH	Suzanne	4	-----	F	1881	6244	Place-11
SMITH	Joseph	3	-----	M	1881	6294	Place-11
SMITH	Jim	3	-----	M	1881	6341	Place-17
SMITH	Jenkins	2	-----	M	1881	6400	Place-9
SMITH	Briony	2	-----	F	1881	6404	Place-11
SMITH	Paulo	1	-----	M	1881	6512	Place-23
SMITH	Sarah	1	-----	F	1881	6513	Place-27
SMITH	Suzanne	1	-----	F	1881	6517	Place-27
SMITH	Briony	1	-----	F	1881	6521	Place-11
SMITH	Jim	1	-----	M	1881	6527	Place-14
SMITH	Sheila	1	-----	F	1881	6531	Place-16
SMITH	Jacob	1	-----	M	1881	6533	Place-22
SMITH	Jenkins	1	-----	M	1881	6536	Place-28
SMITH	Jacob	1	-----	M	1881	6547	Place-25
SMITH	Joseph	1	-----	M	1881	6564	Place-18
SMITH	Selina	1	-----	F	1881	6568	Place-3
SMITH	Suzanne	1	-----	F	1881	6578	Place-6
SMITH	Joseph	1	-----	M	1881	6579	Place-27
SMITH	Briony	1	-----	F	1881	6587	Place-10
SMITH	Bob	1	-----	M	1881	6589	Place-20
SMITH	Jim	1	-----	M	1881	6590	Place-29
SMITH	Jacob	1	-----	M	1881	6591	Place-11
SMITH	Bob	0	-----	M	1881	6611	Place-21
SMITH	Sharon	0	-----	F	1881	6613	Place-9
SMITH	James	0	-----	M	1881	6615	Place-24
SMITH	Jim	0	-----	M	1881	6616	Place-1
SMITH	Jacob	0	-----	M	1881	6622	Place-12
SMITH	Suzanne	0	-----	F	1881	6631	Place-20
SMITH	Bob	0	-----	M	1881	6635	Place-5
SMITH	Shawn	0	-----	M	1881	6637	Place-12
SMITH	Jacob	0	-----	M	1881	6646	Place-13
SMITH	Bob	0	-----	M	1881	6668	Place-10
SMITH	Bob	0	-----	M	1881	6686	Place-21
SMITH	Suzanne	0	-----	F	1881	6693	Place-9
SMITH	Sarah	0	-----	F	1881	6697	Place-17
SMITH	Selina	0	-----	F	1881	6701	Place-22
SMITH	Seonaid	0	-----	F	1881	6702	Place-10
SMITH	Selina	0	-----	F	1881	6703	Place-25
SMITH	Joseph	0	-----	M	1881	6705	Place-28
SMITH	Joseph	0	-----	M	1881	6709	Place-7
SMITH	Sarah	0	-----	F	1881	6722	Place-25
SMITH	Sarah	29	-----	F	1882	4127	Place-15
SMITH	Jenkins	1	-----	M	1882	6683	Place-11
SMITH	Selina	32	-----	F	1882	6600	Place-7
SMITH	Selina	20	-----	F	1882	6607	Place-19
SMITH	Bob	25	-----	M	1882	4425	Place-4
SMITH	Susan	55	-----	F	1882	4950	Place-15
SMITH	Suzanne	4	-----	F	1882	6289	Place-10
SMITH	Jacob	45	-----	M	1882	3133	Place-17
SMITH	Bob	56	-----	M	1882	2552	Place-18
SMITH	Joseph	38	-----	M	1882	3538	Place-13
SMITH	Jim	47	-----	M	1882	3027	Place-8
SMITH	Paulo	56	-----	M	1882	2557	Place-19
SMITH	Joseph	57	-----	M	1882	2483	Place-10
SMITH	Sarah	57	-----	F	1882	5479	Place-16
SMITH	Briony	56	-----	F	1882	3796	Place-21
SMITH	Paulo	29	-----	M	1882	4126	Place-25
SMITH	Sharon	21	-----	F	1882	4740	Place-28
SMITH	Joseph	20	-----	M	1882	4843	Place-7
SMITH	Sheila	17	-----	F	1882	5057	Place-7
SMITH	Selina	17	-----	F	1882	5065	Place-0
SMITH	Sarah	16	-----	F	1882	5170	Place-3
SMITH	Seonaid	14	-----	F	1882	5352	Place-0
SMITH	Shawn	13	-----	M	1882	5399	Place-2
SMITH	Sheila	13	-----	F	1882	5417	Place-20
SMITH	Suzanne	12	-----	F	1882	5511	Place-15
SMITH	James	11	-----	M	1882	5595	Place-9
SMITH	Selina	10	-----	F	1882	5743	Place-29
SMITH	Seonaid	7	-----	F	1882	5981	Place-24
SMITH	Jim	6	-----	M	1882	6145	Place-6
SMITH	James	5	-----	M	1882	6237	Place-5
SMITH	Selina	3	-----	F	1882	6457	Place-12
SMITH	Seonaid	2	-----	F	1882	6580	Place-22
SMITH	Sarah	1	-----	F	1882	6608	Place-2
SMITH	James	1	-----	M	1882	6626	Place-25
SMITH	Paulo	1	-----	M	1882	6627	Place-8
SMITH	Jenkins	1	-----	M	1882	6643	Place-14
SMITH	Sheila	1	-----	F	1882	6648	Place-13
SMITH	Bob	1	-----	M	1882	6653	Place-5
SMITH	Selina	1	-----	F	1882	6661	Place-2
SMITH	Seonaid	1	-----	F	1882	6662	Place-18
SMITH	Paulo	1	-----	M	1882	6667	Place-1
SMITH	Bob	1	-----	M	1882	6671	Place-11
SMITH	Paulo	1	-----	M	1882	6673	Place-29
SMITH	Suzanne	1	-----	F	1882	6674	Place-24
SMITH	Shawn	1	-----	M	1882	6676	Place-22
SMITH	Jacob	1	-----	M	1882	6682	Place-3
SMITH	Briony	1	-----	F	1882	6688	Place-10
SMITH	James	1	-----	M	1882	6689	Place-18
SMITH	Suzanne	1	-----	F	1882	6691	Place-25
SMITH	Sharon	1	-----	F	1882	6700	Place-21
SMITH	Joseph	1	-----	M	1882	6707	Place-2
SMITH	James	1	-----	M	1882	6711	Place-25
SMITH	Joseph	1	-----	M	1882	6712	Place-14
SMITH	Jenkins	1	-----	M	1882	6718	Place-10
SMITH	Paulo	1	-----	M	1882	6721	Place-26
SMITH	Suzanne	0	-----	F	1882	6740	Place-3
SMITH	Seonaid	0	-----	F	1882	6743	Place-14
SMITH	Sarah	0	-----	F	1882	6746	Place-20
SMITH	Seonaid	0	-----	F	1882	6749	Place-29
SMITH	Shawn	0	-----	M	1882	6751	Place-12
SMITH	James	0	-----	M	1882	6754	Place-5
SMITH	Sarah	0	-----	F	1882	6757	Place-6
SMITH	James	0	-----	M	1882	6758	Place-16
SMITH	Jenkins	0	-----	M	1882	6771	Place-17
SMITH	Sharon	0	-----	F	1882	6777	Place-14
SMITH	Shawn	0	-----	M	1882	6786	Place-15
SMITH	Seonaid	0	-----	F	1882	6787	Place-7
SMITH	Briony	0	-----	F	1882	6800	Place-12
SMITH	Sharon	0	-----	F	1882	6801	Place-4
SMITH	Jacob	0	-----	M	1882	6803	Place-0
SMITH	Joseph	0	-----	M	1882	6811	Place-16
SMITH	Shawn	0	-----	M	1882	6813	Place-10
SMITH	Shawn	0	-----	M	1882	6814	Place-25
SMITH	Jacob	0	-----	M	1882	6816	Place-26
SMITH	Sarah	54	-----	F	1883	5197	Place-19
SMITH	Selina	37	-----	F	1883	5378	Place-0
SMITH	Sharon	38	-----	F	1883	6160	Place-17
SMITH	Sheila	56	-----	F	1883	2607	Place-19
SMITH	Seonaid	62	-----	F	1883	5032	Place-19
SMITH	Briony	28	-----	F	1883	6507	Place-24
SMITH	Briony	64	-----	F	1883	5870	Place-17
SMITH	James	56	-----	M	1883	2601	Place-14
SMITH	Sheila	37	-----	F	1883	3666	Place-29
SMITH	Sheila	30	-----	F	1883	6263	Place-12
SMITH	Suzanne	26	-----	F	1883	4487	Place-29
SMITH	Shawn	37	-----	M	1883	3683	Place-10
SMITH	Briony	56	-----	F	1883	4266	Place-27
SMITH	Jacob	56	-----	M	1883	2577	Place-7
SMITH	Paulo	34	-----	M	1883	3866	Place-27
SMITH	Sarah	30	-----	F	1883	4143	Place-28
SMITH	Shawn	19	-----	M	1883	5020	Place-14
SMITH	Jenkins	18	-----	M	1883	5080	Place-29
SMITH	Suzanne	17	-----	F	1883	5159	Place-28
SMITH	Suzanne	17	-----	F	1883	5161	Place-14
SMITH	Joseph	15	-----	M	1883	5371	Place-10
SMITH	Sarah	14	-----	F	1883	5452	Place-29
SMITH	Briony	12	-----	F	1883	5655	Place-6
SMITH	Selina	11	-----	F	1883	5672	Place-0
SMITH	Bob	11	-----	M	1883	5684	Place-14
SMITH	Shawn	9	-----	M	1883	5942	Place-5
SMITH	Shawn	7	-----	M	1883	6078	Place-10
SMITH	James	3	-----	M	1883	6577	Place-21
SMITH	Joseph	2	-----	M	1883	6672	Place-19
SMITH	Paulo	1	-----	M	1883	6739	Place-12
SMITH	Paulo	1	-----	M	1883	6741	Place-20
SMITH	Briony	1	-----	F	1883	6742	Place-24
SMITH	Bob	1	-----	M	1883	6756	Place-8
SMITH	Selina	1	-----	F	1883	6765	Place-7
SMITH	Susan	1	-----	F	1883	6776	Place-21
SMITH	Susan	1	-----	F	1883	6790	Place-17
SMITH	Bob	1	-----	M	1883	6795	Place-11
SMITH	Selina	1	-----	F	1883	6796	Place-28
SMITH	Shawn	1	-----	M	1883	6799	Place-17
SMITH	Selina	1	-----	F	1883	6802	Place-21
SMITH	Susan	1	-----	F	1883	6808	Place-25
SMITH	Sarah	1	-----	F	1883	6818	Place-27
SMITH	James	0	-----	M	1883	6836	Place-26
SMITH	Jenkins	0	-----	M	1883	6842	Place-11
SMITH	Bob	0	-----	M	1883	6844	Place-3
SMITH	Susan	0	-----	F	1883	6851	Place-5
SMITH	Jacob	0	-----	M	1883	6861	Place-13
SMITH	Seonaid	0	-----	F	1883	6871	Place-26
SMITH	Bob	0	-----	M	1883	6873	Place-1
SMITH	Seonaid	0	-----	F	1883	6877	Place-28
SMITH	Suzanne	0	-----	F	1883	6882	Place-24
SMITH	Briony	0	-----	F	1883	6885	Place-1
SMITH	Seonaid	0	-----	F	1883	6893	Place-22
SMITH	Sharon	0	-----	F	1883	6895	Place-10
SMITH	Jacob	0	-----	M	1883	6898	Place-9
SMITH	Seonaid	0	-----	F	1883	6905	Place-17
SMITH	Joseph	0	-----	M	1883	6908	Place-22
SMITH	Suzanne	0	-----	F	1883	6917	Place-4
SMITH	Susan	0	-----	F	1883	6918	Place-20
SMITH	Suzanne	0	-----	F	1883	6920	Place-13
SMITH	Paulo	0	-----	M	1883	6922	Place-11
SMITH	Sheila	0	-----	F	1883	6923	Place-4
SMITH	Briony	0	-----	F	1883	6927	Place-20
SMITH	Suzanne	40	-----	F	1884	6941	Place-5
SMITH	Selina	51	-----	F	1884	2856	Place-14
SMITH	Shawn	18	-----	M	1884	5135	Place-17
SMITH	Sheila	40	-----	F	1884	6724	Place-18
SMITH	Bob	58	-----	M	1884	2523	Place-20
SMITH	Sarah	55	-----	F	1884	5869	Place-24
SMITH	Sarah	31	-----	F	1884	6726	Place-7
SMITH	Briony	29	-----	F	1884	4288	Place-7
SMITH	Jenkins	4	-----	M	1884	6565	Place-4
SMITH	Sharon	22	-----	F	1884	6606	Place-11
SMITH	Sharon	33	-----	F	1884	4029	Place-6
SMITH	Selina	55	-----	F	1884	2691	Place-23
SMITH	Sheila	15	-----	F	1884	5390	Place-25
SMITH	Jim	22	-----	M	1884	4819	Place-27
SMITH	Susan	55	-----	F	1884	4402	Place-29
SMITH	James	46	-----	M	1884	3207	Place-15
SMITH	Sharon	61	-----	F	1884	2379	Place-12
SMITH	Sarah	20	-----	F	1884	5024	Place-12
SMITH	Sheila	44	-----	F	1884	5961	Place-25
SMITH	Sharon	55	-----	F	1884	3854	Place-16
SMITH	James	27	-----	M	1884	4475	Place-29
SMITH	Sharon	14	-----	F	1884	5492	Place-21
SMITH	Seonaid	59	-----	F	1884	2488	Place-4
SMITH	James	53	-----	M	1884	2760	Place-20
SMITH	Sarah	37	-----	F	1884	3775	Place-23
SMITH	Briony	29	-----	F	1884	4334	Place-29
SMITH	Suzanne	41	-----	F	1884	4791	Place-11
SMITH	Jacob	23	-----	M	1884	4727	Place-9
SMITH	Jenkins	17	-----	M	1884	5218	Place-9
SMITH	Paulo	16	-----	M	1884	5372	Place-13
SMITH	Seonaid	15	-----	F	1884	5436	Place-17
SMITH	Joseph	13	-----	M	1884	5587	Place-6
SMITH	Susan	10	-----	F	1884	5907	Place-3
SMITH	Sheila	9	-----	F	1884	6018	Place-12
SMITH	Briony	9	-----	F	1884	6019	Place-2
SMITH	Jim	6	-----	M	1884	6337	Place-15
SMITH	Paulo	5	-----	M	1884	6402	Place-2
SMITH	Sarah	4	-----	F	1884	6588	Place-20
SMITH	Briony	3	-----	F	1884	6655	Place-12
SMITH	Jacob	3	-----	M	1884	6666	Place-13
SMITH	Sarah	3	-----	F	1884	6675	Place-15
SMITH	Shawn	1	-----	M	1884	6839	Place-6
SMITH	Jenkins	1	-----	M	1884	6847	Place-15
SMITH	Selina	1	-----	F	1884	6852	Place-17
SMITH	Suzanne	1	-----	F	1884	6859	Place-9
SMITH	Jacob	1	-----	M	1884	6875	Place-12
SMITH	Shawn	1	-----	M	1884	6880	Place-25
SMITH	Suzanne	1	-----	F	1884	6890	Place-13
SMITH	Joseph	1	-----	M	1884	6900	Place-18
SMITH	Jim	1	-----	M	1884	6901	Place-26
SMITH	James	1	-----	M	1884	6902	Place-7
SMITH	Jacob	1	-----	M	1884	6903	Place-5
SMITH	Seonaid	1	-----	F	1884	6906	Place-13
SMITH	Joseph	1	-----	M	1884	6907	Place-22
SMITH	Seonaid	1	-----	F	1884	6909	Place-25
SMITH	Sheila	1	-----	F	1884	6911	Place-5
SMITH	Susan	1	-----	F	1884	6914	Place-29
SMITH	Seonaid	1	-----	F	1884	6925	Place-4
SMITH	Suzanne	0	-----	F	1884	6948	Place-3
SMITH	Paulo	0	-----	M	1884	6957	Place-28
SMITH	Shawn	0	-----	M	1884	6973	Place-22
SMITH	James	0	-----	M	1884	6974	Place-6
SMITH	Sharon	0	-----	F	1884	6977	Place-7
SMITH	Paulo	0	-----	M	1884	6989	Place-19
SMITH	Sarah	0	-----	F	1884	6998	Place-21
SMITH	Paulo	0	-----	M	1884	7002	Place-26
SMITH	Selina	0	-----	F	1884	7011	Place-3
SMITH	Susan	0	-----	F	1884	7016	Place-23
SMITH	Shawn	0	-----	M	1884	7022	Place-17
SMITH	Sharon	0	-----	F	1884	7026	Place-22
SMITH	Jacob	0	-----	M	1884	7030	Place-17
SMITH	Paulo	0	-----	M	1884	7031	Place-0
SMITH	Bob	0	-----	M	1884	7037	Place-11
SMITH	Suzanne	0	-----	F	1884	7038	Place-20
SMITH	Paulo	0	-----	M	1884	7049	Place-17
SMITH	Sarah	32	-----	F	1885	4120	Place-5
SMITH	Joseph	56	-----	M	1885	2654	Place-9
SMITH	Bob	21	-----	M	1885	4997	Place-12
SMITH	Seonaid	55	-----	F	1885	2734	Place-27
SMITH	Sarah	58	-----	F	1885	2605	Place-8
SMITH	Seonaid	59	-----	F	1885	6503	Place-23
SMITH	Susan	7	-----	F	1885	6351	Place-26
SMITH	Jim	56	-----	M	1885	2661	Place-21
SMITH	Sarah	32	-----	F	1885	6168	Place-28
SMITH	Joseph	57	-----	M	1885	2639	Place-20
SMITH	Paulo	57	-----	M	1885	2623	Place-14
SMITH	James	16	-----	M	1885	5414	Place-17
SMITH	Selina	51	-----	F	1885	5964	Place-20
SMITH	Joseph	48	-----	M	1885	3151	Place-29
SMITH	Jacob	28	-----	M	1885	4476	Place-13
SMITH	Jacob	18	-----	M	1885	5204	Place-16
SMITH	Bob	60	-----	M	1885	2463	Place-21
SMITH	Bob	25	-----	M	1885	4658	Place-4
SMITH	Joseph	20	-----	M	1885	5051	Place-21
SMITH	Susan	18	-----	F	1885	5252	Place-11
SMITH	Jenkins	17	-----	M	1885	5307	Place-2
SMITH	Sarah	15	-----	F	1885	5557	Place-26
SMITH	Briony	14	-----	F	1885	5578	Place-1
SMITH	Jenkins	14	-----	M	1885	5620	Place-9
SMITH	Susan	13	-----	F	1885	5711	Place-16
SMITH	Seonaid	11	-----	F	1885	5945	Place-7
SMITH	Briony	9	-----	F	1885	6125	Place-19
SMITH	Jenkins	7	-----	M	1885	6288	Place-27
SMITH	Jacob	7	-----	M	1885	6320	Place-1
SMITH	Susan	7	-----	F	1885	6382	Place-21
SMITH	Sarah	6	-----	F	1885	6425	Place-10
SMITH	Joseph	6	-----	M	1885	6441	Place-6
SMITH	Seonaid	6	-----	F	1885	6477	Place-11
SMITH	Susan	4	-----	F	1885	6623	Place-20
SMITH	Briony	4	-----	F	1885	6710	Place-13
SMITH	Bob	3	-----	M	1885	6735	Place-6
SMITH	Joseph	2	-----	M	1885	6867	Place-14
SMITH	Seonaid	1	-----	F	1885	6947	Place-7
SMITH	Jenkins	1	-----	M	1885	6965	Place-22
SMITH	Sharon	1	-----	F	1885	6970	Place-13
SMITH	Suzanne	1	-----	F	1885	6975	Place-23
SMITH	Paulo	1	-----	M	1885	6980	Place-18
SMITH	Selina	1	-----	F	1885	6993	Place-20
SMITH	Briony	1	-----	F	1885	6994	Place-1
SMITH	Joseph	1	-----	M	1885	6996	Place-6
SMITH	Susan	1	-----	F	1885	6997	Place-26
SMITH	Joseph	1	-----	M	1885	6999	Place-6
SMITH	Sarah	1	-----	F	1885	7006	Place-27
SMITH	James	1	-----	M	1885	7007	Place-23
SMITH	Jacob	1	-----	M	1885	7008	Place-28
SMITH	Joseph	1	-----	M	1885	7015	Place-8
SMITH	Briony	1	-----	F	1885	7018	Place-0
SMITH	Paulo	1	-----	M	1885	7019	Place-25
SMITH	Sheila	1	-----	F	1885	7028	Place-6
SMITH	Susan	1	-----	F	1885	7032	Place-6
SMITH	Seonaid	1	-----	F	1885	7040	Place-10
SMITH	Selina	0	-----	F	1885	7073	Place-13
SMITH	Sarah	0	-----	F	1885	7079	Place-21
SMITH	Jim	0	-----	M	1885	7080	Place-7
SMITH	Susan	0	-----	F	1885	7088	Place-8
SMITH	Jacob	0	-----	M	1885	7090	Place-13
SMITH	Susan	0	-----	F	1885	7095	Place-9
SMITH	Sharon	0	-----	F	1885	7104	Place-20
SMITH	Suzanne	0	-----	F	1885	7114	Place-2
SMITH	Briony	0	-----	F	1885	7118	Place-27
SMITH	Bob	0	-----	M	1885	7127	Place-6
SMITH	Jim	0	-----	M	1885	7136	Place-5
SMITH	Sharon	0	-----	F	1885	7140	Place-11
SMITH	Suzanne	0	-----	F	1885	7150	Place-3
SMITH	Joseph	0	-----	M	1885	7152	Place-29
SMITH	Jenkins	0	-----	M	1885	7156	Place-6
SMITH	Jim	0	-----	M	1885	7160	Place-9
SMITH	Sharon	0	-----	F	1885	7171	Place-8
SMITH	Briony	0	-----	F	1885	7172	Place-21
SMITH	Shawn	0	-----	M	1885	7175	Place-21
SMITH	Sharon	55	-----	F	1886	5029	Place-27
SMITH	Jim	55	-----	M	1886	2787	Place-17
SMITH	Paulo	57	-----	M	1886	2674	Place-6
SMITH	Joseph	32	-----	M	1886	4224	Place-21
SMITH	Sharon	55	-----	F	1886	6728	Place-3
SMITH	Briony	60	-----	F	1886	5192	Place-16
SMITH	Bob	51	-----	M	1886	3030	Place-3
SMITH	Sharon	27	-----	F	1886	6274	Place-20
SMITH	Bob	33	-----	M	1886	4128	Place-4
SMITH	Susan	22	-----	F	1886	4967	Place-22
SMITH	Briony	44	-----	F	1886	6161	Place-2
SMITH	Suzanne	28	-----	F	1886	4532	Place-23
SMITH	Briony	13	-----	F	1886	5837	Place-27
SMITH	Suzanne	55	-----	F	1886	6059	Place-13
SMITH	Sheila	60	-----	F	1886	5111	Place-8
SMITH	Joseph	37	-----	M	1886	3865	Place-11
SMITH	Selina	34	-----	F	1886	4087	Place-0
SMITH	Sarah	32	-----	F	1886	4241	Place-12
SMITH	Jim	57	-----	M	1886	2659	Place-3
SMITH	Susan	27	-----	F	1886	4602	Place-8
SMITH	Sharon	40	-----	F	1886	3668	Place-11
SMITH	Shawn	49	-----	M	1886	3113	Place-28
SMITH	Bob	57	-----	M	1886	2689	Place-5
SMITH	Joseph	42	-----	M	1886	3554	Place-10
SMITH	Jenkins	31	-----	M	1886	4308	Place-24
SMITH	Suzanne	23	-----	F	1886	4880	Place-8
SMITH	Selina	19	-----	F	1886	5217	Place-5
SMITH	Sarah	18	-----	F	1886	5309	Place-28
SMITH	James	16	-----	M	1886	5499	Place-3
SMITH	Sharon	15	-----	F	1886	5606	Place-3
SMITH	Selina	10	-----	F	1886	6091	Place-22
SMITH	Bob	10	-----	M	1886	6117	Place-27
SMITH	Shawn	10	-----	M	1886	6120	Place-3
SMITH	Jenkins	10	-----	M	1886	6132	Place-27
SMITH	Seonaid	9	-----	F	1886	6200	Place-13
SMITH	Jacob	7	-----	M	1886	6429	Place-3
SMITH	Sharon	5	-----	F	1886	6642	Place-27
SMITH	Jacob	4	-----	M	1886	6761	Place-17
SMITH	Paulo	4	-----	M	1886	6762	Place-22
SMITH	Bob	4	-----	M	1886	6785	Place-21
SMITH	Jenkins	3	-----	M	1886	6858	Place-24
SMITH	Jacob	3	-----	M	1886	6863	Place-7
SMITH	Seonaid	3	-----	F	1886	6891	Place-11
SMITH	Susan	3	-----	F	1886	6892	Place-0
SMITH	Seonaid	3	-----	F	1886	6904	Place-4
SMITH	Seonaid	3	-----	F	1886	6912	Place-4
SMITH	Bob	2	-----	M	1886	6949	Place-14
SMITH	James	2	-----	M	1886	6986	Place-27
SMITH	Joseph	1	-----	M	1886	7075	Place-3
SMITH	Seonaid	1	-----	F	1886	7092	Place-5
SMITH	Suzanne	1	-----	F	1886	7097	Place-6
SMITH	Jacob	1	-----	M	1886	7113	Place-13
SMITH	Jacob	1	-----	M	1886	7117	Place-3
SMITH	Jenkins	1	-----	M	1886	7123	Place-21
SMITH	James	1	-----	M	1886	7153	Place-26
SMITH	Briony	1	-----	F	1886	7154	Place-5
SMITH	Paulo	1	-----	M	1886	7157	Place-26
SMITH	Joseph	1	-----	M	1886	7170	Place-3
SMITH	Jim	0	-----	M	1886	7199	Place-25
SMITH	Selina	0	-----	F	1886	7201	Place-9
SMITH	Jenkins	0	-----	M	1886	7204	Place-4
SMITH	Susan	0	-----	F	1886	7205	Place-15
SMITH	Selina	0	-----	F	1886	7206	Place-29
SMITH	Sharon	0	-----	F	1886	7210	Place-26
SMITH	Briony	0	-----	F	1886	7214	Place-21
SMITH	James	0	-----	M	1886	7223	Place-25
SMITH	Sharon	0	-----	F	1886	7224	Place-18
SMITH	Jim	0	-----	M	1886	7231	Place-10
SMITH	Joseph	0	-----	M	1886	7232	Place-22
SMITH	Bob	0	-----	M	1886	7246	Place-21
SMITH	Jim	0	-----	M	1886	7247	Place-9
SMITH	Susan	0	-----	F	1886	7250	Place-15
SMITH	Selina	0	-----	F	1886	7257	Place-27
SMITH	Sharon	0	-----	F	1886	7266	Place-11
SMITH	Paulo	0	-----	M	1886	7271	Place-8
SMITH	Shawn	0	-----	M	1886	7277	Place-19
SMITH	Jacob	0	-----	M	1886	7282	Place-13
SMITH	Joseph	0	-----	M	1886	7283	Place-27
SMITH	Bob	0	-----	M	1886	7284	Place-0
SMITH	Sheila	0	-----	F	1886	7287	Place-13
SMITH	Joseph	0	-----	M	1886	7289	Place-8
SMITH	Joseph	0	-----	M	1886	7290	Place-24
SMITH	Briony	0	-----	F	1886	7293	Place-21
SMITH	Sharon	0	-----	F	1886	7302	Place-4
SMITH	Jacob	0	-----	M	1886	7305	Place-20
SMITH	James	0	-----	M	1886	7309	Place-13
SMITH	Sharon	26	-----	F	1887	4742	Place-25
SMITH	Jim	58	-----	M	1887	2699	Place-21
SMITH	Bob	49	-----	M	1887	3227	Place-10
SMITH	Sharon	52	-----	F	1887	6936	Place-29
SMITH	Seonaid	29	-----	F	1887	4540	Place-14
SMITH	Jim	27	-----	M	1887	4704	Place-5
SMITH	Seonaid	30	-----	F	1887	4480	Place-22
SMITH	Jim	41	-----	M	1887	3662	Place-13
SMITH	Sharon	43	-----	F	1887	5660	Place-6
SMITH	Suzanne	55	-----	F	1887	2820	Place-24
SMITH	Selina	56	-----	F	1887	5379	Place-0
SMITH	Shawn	11	-----	M	1887	6109	Place-8
SMITH	Joseph	20	-----	M	1887	5203	Place-10
SMITH	James	37	-----	M	1887	3976	Place-20
SMITH	Jim	36	-----	M	1887	4009	Place-21
SMITH	Bob	24	-----	M	1887	4929	Place-8
SMITH	Jenkins	23	-----	M	1887	4968	Place-20
SMITH	Selina	21	-----	F	1887	5163	Place-3
SMITH	Bob	18	-----	M	1887	5450	Place-12
SMITH	Shawn	16	-----	M	1887	5582	Place-27
SMITH	Suzanne	15	-----	F	1887	5678	Place-25
SMITH	Jim	15	-----	M	1887	5741	Place-0
SMITH	Bob	12	-----	M	1887	6013	Place-2
SMITH	Shawn	12	-----	M	1887	6046	Place-9
SMITH	Sheila	11	-----	F	1887	6075	Place-29
SMITH	Sarah	11	-----	F	1887	6114	Place-11
SMITH	Jacob	9	-----	M	1887	6356	Place-11
SMITH	James	9	-----	M	1887	6358	Place-9
SMITH	Sharon	9	-----	F	1887	6375	Place-9
SMITH	Paulo	8	-----	M	1887	6430	Place-29
SMITH	Suzanne	8	-----	F	1887	6473	Place-21
SMITH	Joseph	6	-----	M	1887	6617	Place-22
SMITH	James	6	-----	M	1887	6620	Place-2
SMITH	Bob	6	-----	M	1887	6665	Place-8
SMITH	Selina	5	-----	F	1887	6792	Place-10
SMITH	Jim	5	-----	M	1887	6797	Place-2
SMITH	Suzanne	4	-----	F	1887	6868	Place-26
SMITH	Suzanne	2	-----	F	1887	7137	Place-17
SMITH	Sheila	1	-----	F	1887	7207	Place-17
SMITH	Sheila	1	-----	F	1887	7211	Place-13
SMITH	Briony	1	-----	F	1887	7215	Place-13
SMITH	Sheila	1	-----	F	1887	7225	Place-13
SMITH	Seonaid	1	-----	F	1887	7233	Place-12
SMITH	Jim	1	-----	M	1887	7235	Place-10
SMITH	Sheila	1	-----	F	1887	7238	Place-13
SMITH	Briony	1	-----	F	1887	7243	Place-29
SMITH	Paulo	1	-----	M	1887	7245	Place-3
SMITH	James	1	-----	M	1887	7252	Place-6
SMITH	Paulo	1	-----	M	1887	7253	Place-20
SMITH	Jenkins	1	-----	M	1887	7268	Place-21
SMITH	Seonaid	1	-----	F	1887	7288	Place-4
SMITH	Bob	1	-----	M	1887	7292	Place-28
SMITH	Bob	1	-----	M	1887	7298	Place-16
SMITH	Sheila	1	-----	F	1887	7307	Place-1
SMITH	Jacob	1	-----	M	1887	7308	Place-20
SMITH	Jim	1	-----	M	1887	7313	Place-17
SMITH	Bob	0	-----	M	1887	7337	Place-1
SMITH	Jim	0	-----	M	1887	7351	Place-15
SMITH	James	0	-----	M	1887	7356	Place-17
SMITH	Jacob	0	-----	M	1887	7357	Place-3
SMITH	Paulo	0	-----	M	1887	7364	Place-8
SMITH	Jenkins	0	-----	M	1887	7369	Place-16
SMITH	Paulo	0	-----	M	1887	7384	Place-18
SMITH	Sharon	0	-----	F	1887	7387	Place-12
SMITH	Sarah	0	-----	F	1887	7394	Place-27
SMITH	Sheila	0	-----	F	1887	7398	Place-16
SMITH	Bob	0	-----	M	1887	7401	Place-0
SMITH	Jim	0	-----	M	1887	7405	Place-13
SMITH	Seonaid	0	-----	F	1887	7406	Place-26
SMITH	Briony	0	-----	F	1887	7407	Place-12
SMITH	Suzanne	0	-----	F	1887	7417	Place-5
SMITH	Paulo	0	-----	M	1887	7420	Place-4
SMITH	Sharon	0	-----	F	1887	7430	Place-23
SMITH	Jacob	0	-----	M	1887	7432	Place-10
SMITH	Shawn	0	-----	M	1887	7433	Place-23
SMITH	Sheila	23	-----	F	1888	5100	Place-6
SMITH	Selina	33	-----	F	1888	6933	Place-11
SMITH	Seonaid	40	-----	F	1888	3836	Place-17
SMITH	Shawn	22	-----	M	1888	5168	Place-25
SMITH	Jacob	19	-----	M	1888	5447	Place-2
SMITH	Joseph	1	-----	M	1888	7366	Place-11
SMITH	Jim	1	-----	M	1888	7392	Place-5
SMITH	Susan	57	-----	F	1888	5952	Place-14
SMITH	Sharon	19	-----	F	1888	5463	Place-21
SMITH	Shawn	55	-----	M	1888	2871	Place-2
SMITH	Selina	24	-----	F	1888	4981	Place-0
SMITH	Seonaid	47	-----	F	1888	6828	Place-5
SMITH	Susan	15	-----	F	1888	5819	Place-2
SMITH	Sharon	50	-----	F	1888	6387	Place-20
SMITH	Sheila	45	-----	F	1888	3472	Place-13
SMITH	Paulo	55	-----	M	1888	2898	Place-9
SMITH	Sharon	55	-----	F	1888	2867	Place-25
SMITH	Selina	42	-----	F	1888	3669	Place-3
SMITH	Paulo	60	-----	M	1888	2636	Place-8
SMITH	Sheila	57	-----	F	1888	6267	Place-20
SMITH	Sheila	41	-----	F	1888	3739	Place-18
SMITH	Sarah	58	-----	F	1888	2738	Place-22
SMITH	Jenkins	29	-----	M	1888	4584	Place-8
SMITH	Sarah	59	-----	F	1888	6065	Place-29
SMITH	Joseph	46	-----	M	1888	3420	Place-12
SMITH	Jenkins	18	-----	M	1888	5482	Place-3
SMITH	James	25	-----	M	1888	4874	Place-1
SMITH	Shawn	59	-----	M	1888	2656	Place-7
SMITH	Susan	21	-----	F	1888	5274	Place-26
SMITH	Seonaid	19	-----	F	1888	5446	Place-14
SMITH	Joseph	18	-----	M	1888	5564	Place-5
SMITH	Suzanne	16	-----	F	1888	5669	Place-6
SMITH	Shawn	16	-----	M	1888	5692	Place-15
SMITH	Sarah	15	-----	F	1888	5838	Place-20
SMITH	Seonaid	15	-----	F	1888	5845	Place-29
SMITH	James	14	-----	M	1888	5880	Place-7
SMITH	Jim	13	-----	M	1888	6005	Place-4
SMITH	Susan	12	-----	F	1888	6090	Place-25
SMITH	James	9	-----	M	1888	6438	Place-22
SMITH	Shawn	7	-----	M	1888	6652	Place-8
SMITH	Suzanne	7	-----	F	1888	6699	Place-19
SMITH	Suzanne	6	-----	F	1888	6759	Place-14
SMITH	Susan	4	-----	F	1888	7050	Place-21
SMITH	James	2	-----	M	1888	7264	Place-20
SMITH	Shawn	1	-----	M	1888	7334	Place-12
SMITH	Jenkins	1	-----	M	1888	7338	Place-8
SMITH	Jim	1	-----	M	1888	7348	Place-9
SMITH	Shawn	1	-----	M	1888	7350	Place-25
SMITH	Jenkins	1	-----	M	1888	7354	Place-17
SMITH	Paulo	1	-----	M	1888	7360	Place-17
SMITH	Briony	1	-----	F	1888	7361	Place-12
SMITH	Briony	1	-----	F	1888	7367	Place-16
SMITH	Briony	1	-----	F	1888	7371	Place-14
SMITH	Sarah	1	-----	F	1888	7373	Place-29
SMITH	Jim	1	-----	M	1888	7376	Place-21
SMITH	Selina	1	-----	F	1888	7380	Place-25
SMITH	Selina	1	-----	F	1888	7410	Place-4
SMITH	Selina	1	-----	F	1888	7415	Place-11
SMITH	Joseph	1	-----	M	1888	7426	Place-16
SMITH	Jim	0	-----	M	1888	7447	Place-8
SMITH	Jacob	0	-----	M	1888	7452	Place-21
SMITH	Suzanne	0	-----	F	1888	7453	Place-18
SMITH	Sarah	0	-----	F	1888	7459	Place-19
SMITH	Sharon	0	-----	F	1888	7460	Place-25
SMITH	Paulo	0	-----	M	1888	7462	Place-8
SMITH	James	0	-----	M	1888	7463	Place-8
SMITH	Briony	0	-----	F	1888	7469	Place-24
SMITH	Susan	0	-----	F	1888	7473	Place-13
SMITH	Sheila	0	-----	F	1888	7486	Place-1
SMITH	Selina	0	-----	F	1888	7493	Place-7
SMITH	Shawn	0	-----	M	1888	7495	Place-6
SMITH	Sarah	0	-----	F	1888	7501	Place-26
SMITH	Seonaid	0	-----	F	1888	7508	Place-22
SMITH	Suzanne	0	-----	F	1888	7510	Place-16
SMITH	James	0	-----	M	1888	7513	Place-0
SMITH	Briony	0	-----	F	1888	7515	Place-28
SMITH	Shawn	0	-----	M	1888	7517	Place-20
SMITH	Jim	0	-----	M	1888	7525	Place-21
SMITH	Joseph	0	-----	M	1888	7529	Place-26
SMITH	Jenkins	0	-----	M	1888	7532	Place-26
SMITH	Shawn	0	-----	M	1888	7535	Place-9
SMITH	Jacob	0	-----	M	1888	7546	Place-6
SMITH	Bob	0	-----	M	1888	7555	Place-12
SMITH	Suzanne	55	-----	F	1889	7561	Place-1
SMITH	Seonaid	33	-----	F	1889	7571	Place-3
SMITH	Briony	21	-----	F	1889	7572	Place-14
SMITH	Sharon	23	-----	F	1889	5149	Place-1
SMITH	Seonaid	23	-----	F	1889	7436	Place-17
SMITH	Suzanne	55	-----	F	1889	7063	Place-20
SMITH	Sheila	56	-----	F	1889	5959	Place-21
SMITH	Seonaid	25	-----	F	1889	5005	Place-24
SMITH	Jacob	55	-----	M	1889	2924	Place-23
SMITH	Briony	2	-----	F	1889	7409	Place-2
SMITH	Sheila	42	-----	F	1889	7318	Place-24
SMITH	James	52	-----	M	1889	3117	Place-7
SMITH	Sheila	20	-----	F	1889	5467	Place-14
SMITH	Suzanne	55	-----	F	1889	5866	Place-27
SMITH	Jim	67	-----	M	1889	2355	Place-15
SMITH	Joseph	46	-----	M	1889	3486	Place-25
SMITH	Sharon	31	-----	F	1889	4554	Place-21
SMITH	Seonaid	36	-----	F	1889	6388	Place-12
SMITH	Seonaid	57	-----	F	1889	2836	Place-20
SMITH	Jenkins	55	-----	M	1889	2926	Place-29
SMITH	Shawn	56	-----	M	1889	2900	Place-18
SMITH	James	40	-----	M	1889	3884	Place-11
SMITH	Jim	55	-----	M	1889	2964	Place-27
SMITH	James	59	-----	M	1889	2709	Place-28
SMITH	Sarah	55	-----	F	1889	5286	Place-20
SMITH	Bob	50	-----	M	1889	3250	Place-13
SMITH	Suzanne	55	-----	F	1889	5109	Place-7
SMITH	Sarah	23	-----	F	1889	5160	Place-13
SMITH	Joseph	19	-----	M	1889	5493	Place-21
SMITH	Sharon	19	-----	F	1889	5509	Place-2
SMITH	Susan	18	-----	F	1889	5575	Place-3
SMITH	Jenkins	18	-----	M	1889	5597	Place-3
SMITH	Jacob	18	-----	M	1889	5615	Place-22
SMITH	Suzanne	17	-----	F	1889	5697	Place-25
SMITH	Selina	16	-----	F	1889	5814	Place-1
SMITH	Jenkins	16	-----	M	1889	5852	Place-6
SMITH	Suzanne	15	-----	F	1889	5884	Place-24
SMITH	Sharon	13	-----	F	1889	6122	Place-13
SMITH	Shawn	12	-----	M	1889	6222	Place-18
SMITH	Jacob	10	-----	M	1889	6401	Place-29
SMITH	James	10	-----	M	1889	6484	Place-22
SMITH	Sheila	9	-----	F	1889	6541	Place-0
SMITH	Bob	9	-----	M	1889	6586	Place-1
SMITH	Jenkins	8	-----	M	1889	6669	Place-16
SMITH	Selina	7	-----	F	1889	6769	Place-27
SMITH	Sheila	5	-----	F	1889	6992	Place-9
SMITH	Paulo	5	-----	M	1889	7029	Place-8
SMITH	Sarah	5	-----	F	1889	7052	Place-24
SMITH	Jim	4	-----	M	1889	7115	Place-5
SMITH	Sheila	4	-----	F	1889	7134	Place-6
SMITH	Briony	4	-----	F	1889	7161	Place-25
SMITH	Selina	4	-----	F	1889	7174	Place-20
SMITH	Briony	3	-----	F	1889	7227	Place-24
SMITH	James	2	-----	M	1889	7359	Place-29
SMITH	Selina	2	-----	F	1889	7413	Place-23
SMITH	Seonaid	1	-----	F	1889	7450	Place-27
SMITH	Suzanne	1	-----	F	1889	7464	Place-14
SMITH	Bob	1	-----	M	1889	7480	Place-14
SMITH	Bob	1	-----	M	1889	7484	Place-22
SMITH	Sarah	1	-----	F	1889	7487	Place-26
SMITH	Shawn	1	-----	M	1889	7503	Place-22
SMITH	Bob	1	-----	M	1889	7512	Place-27
SMITH	Sarah	1	-----	F	1889	7514	Place-5
SMITH	Bob	1	-----	M	1889	7524	Place-27
SMITH	Bob	1	-----	M	1889	7527	Place-1
SMITH	Sarah	1	-----	F	1889	7537	Place-6
SMITH	Sheila	1	-----	F	1889	7541	Place-9
SMITH	Paulo	1	-----	M	1889	7545	Place-5
SMITH	Seonaid	1	-----	F	1889	7556	Place-2
SMITH	Suzanne	0	-----	F	1889	7577	Place-4
SMITH	Susan	0	-----	F	1889	7583	Place-11
SMITH	Paulo	0	-----	M	1889	7606	Place-5
SMITH	Jenkins	0	-----	M	1889	7608	Place-29
SMITH	Bob	0	-----	M	1889	7617	Place-25
SMITH	Jenkins	0	-----	M	1889	7622	Place-17
SMITH	Sarah	0	-----	F	1889	7627	Place-20
SMITH	Suzanne	0	-----	F	1889	7637	Place-12
SMITH	Jim	0	-----	M	1889	7641	Place-2
SMITH	Paulo	0	-----	M	1889	7648	Place-14
SMITH	James	0	-----	M	1889	7654	Place-20
SMITH	Sharon	0	-----	F	1889	7666	Place-23
SMITH	Susan	0	-----	F	1889	7682	Place-15
SMITH	Briony	0	-----	F	1889	7683	Place-7
SMITH	James	0	-----	M	1889	7689	Place-2
SMITH	Briony	56	-----	F	1890	7700	Place-23
SMITH	Joseph	34	-----	M	1890	4371	Place-29
SMITH	Susan	55	-----	F	1890	4569	Place-21
SMITH	Jim	36	-----	M	1890	4230	Place-23
SMITH	Susan	55	-----	F	1890	5860	Place-24
SMITH	Briony	58	-----	F	1890	2810	Place-5
SMITH	Bob	26	-----	M	1890	5013	Place-21
SMITH	Selina	55	-----	F	1890	5285	Place-15
SMITH	Briony	41	-----	F	1890	6831	Place-14
SMITH	Shawn	47	-----	M	1890	3497	Place-27
SMITH	Sarah	56	-----	F	1890	5954	Place-20
SMITH	Sheila	56	-----	F	1890	4265	Place-4
SMITH	Sarah	33	-----	F	1890	7317	Place-15
SMITH	Paulo	25	-----	M	1890	5074	Place-3
SMITH	Suzanne	21	-----	F	1890	5469	Place-14
SMITH	Paulo	57	-----	M	1890	2875	Place-24
SMITH	Jacob	56	-----	M	1890	2952	Place-23
SMITH	Susan	55	-----	F	1890	2993	Place-23
SMITH	Paulo	59	-----	M	1890	2769	Place-7
SMITH	Jim	55	-----	M	1890	2995	Place-23
SMITH	Jim	30	-----	M	1890	4684	Place-8
SMITH	Bob	56	-----	M	1890	2929	Place-26
SMITH	Jenkins	36	-----	M	1890	4210	Place-15
SMITH	Bob	57	-----	M	1890	2893	Place-27
SMITH	Jim	50	-----	M	1890	3335	Place-0
SMITH	Seonaid	55	-----	F	1890	6058	Place-20
SMITH	Shawn	44	-----	M	1890	3688	Place-7
SMITH	Bob	54	-----	M	1890	3068	Place-2
SMITH	Jenkins	56	-----	M	1890	2951	Place-23
SMITH	Briony	23	-----	F	1890	5232	Place-0
SMITH	Shawn	21	-----	M	1890	5405	Place-7
SMITH	Briony	20	-----	F	1890	5558	Place-23
SMITH	Seonaid	18	-----	F	1890	5681	Place-5
SMITH	Briony	16	-----	F	1890	5918	Place-6
SMITH	Selina	15	-----	F	1890	5988	Place-18
SMITH	Joseph	11	-----	M	1890	6486	Place-28
SMITH	Sharon	11	-----	F	1890	6498	Place-29
SMITH	Seonaid	10	-----	F	1890	6538	Place-3
SMITH	Sarah	8	-----	F	1890	6788	Place-12
SMITH	Jacob	7	-----	M	1890	6845	Place-16
SMITH	Susan	5	-----	F	1890	7112	Place-9
SMITH	Sharon	5	-----	F	1890	7167	Place-13
SMITH	Suzanne	4	-----	F	1890	7255	Place-29
SMITH	Selina	4	-----	F	1890	7278	Place-11
SMITH	Sharon	3	-----	F	1890	7341	Place-14
SMITH	Jim	3	-----	M	1890	7343	Place-24
SMITH	James	3	-----	M	1890	7388	Place-27
SMITH	Seonaid	3	-----	F	1890	7404	Place-10
SMITH	Suzanne	1	-----	F	1890	7587	Place-3
SMITH	Seonaid	1	-----	F	1890	7591	Place-17
SMITH	Bob	1	-----	M	1890	7597	Place-15
SMITH	Jenkins	1	-----	M	1890	7598	Place-25
SMITH	Suzanne	1	-----	F	1890	7600	Place-24
SMITH	Bob	1	-----	M	1890	7602	Place-17
SMITH	Jenkins	1	-----	M	1890	7605	Place-28
SMITH	James	1	-----	M	1890	7612	Place-22
SMITH	Sharon	1	-----	F	1890	7613	Place-21
SMITH	Sheila	1	-----	F	1890	7615	Place-26
SMITH	Briony	1	-----	F	1890	7623	Place-7
SMITH	Suzanne	1	-----	F	1890	7626	Place-15
SMITH	Susan	1	-----	F	1890	7629	Place-7
SMITH	James	1	-----	M	1890	7636	Place-24
SMITH	Jacob	1	-----	M	1890	7639	Place-8
SMITH	Jenkins	1	-----	M	1890	7640	Place-6
SMITH	Jenkins	1	-----	M	1890	7645	Place-3
SMITH	Selina	1	-----	F	1890	7650	Place-27
SMITH	Joseph	1	-----	M	1890	7651	Place-12
SMITH	Susan	1	-----	F	1890	7655	Place-1
SMITH	Sharon	1	-----	F	1890	7661	Place-24
SMITH	James	1	-----	M	1890	7662	Place-14
SMITH	Susan	1	-----	F	1890	7673	Place-3
SMITH	Briony	1	-----	F	1890	7678	Place-7
SMITH	Sharon	0	-----	F	1890	7704	Place-18
SMITH	James	0	-----	M	1890	7708	Place-3
SMITH	Selina	0	-----	F	1890	7715	Place-19
SMITH	James	0	-----	M	1890	7719	Place-15
SMITH	Bob	0	-----	M	1890	7728	Place-27
SMITH	Briony	0	-----	F	1890	7738	Place-2
SMITH	Sharon	0	-----	F	1890	7741	Place-3
SMITH	Shawn	0	-----	M	1890	7743	Place-0
SMITH	Paulo	0	-----	M	1890	7746	Place-14
SMITH	Suzanne	0	-----	F	1890	7747	Place-4
SMITH	Briony	0	-----	F	1890	7749	Place-3
SMITH	Seonaid	0	-----	F	1890	7750	Place-21
SMITH	Sharon	0	-----	F	1890	7753	Place-15
SMITH	Briony	0	-----	F	1890	7756	Place-28
SMITH	Selina	0	-----	F	1890	7763	Place-27
SMITH	Jim	0	-----	M	1890	7765	Place-1
SMITH	Bob	0	-----	M	1890	7768	Place-7
SMITH	Sheila	0	-----	F	1890	7769	Place-2
SMITH	Jacob	0	-----	M	1890	7775	Place-21
SMITH	Joseph	0	-----	M	1890	7777	Place-8
SMITH	Joseph	0	-----	M	1890	7778	Place-0
SMITH	Selina	0	-----	F	1890	7780	Place-10
SMITH	Bob	0	-----	M	1890	7789	Place-20
SMITH	Bob	0	-----	M	1890	7790	Place-13
SMITH	Sarah	0	-----	F	1890	7793	Place-20
SMITH	Joseph	0	-----	M	1890	7797	Place-0
SMITH	Jenkins	27	-----	M	1891	4960	Place-18
SMITH	Selina	67	-----	F	1891	2430	Place-17
SMITH	Suzanne	56	-----	F	1891	2996	Place-5
SMITH	Joseph	34	-----	M	1891	4461	Place-24
SMITH	Susan	55	-----	F	1891	7566	Place-12
SMITH	Seonaid	52	-----	F	1891	7570	Place-13
SMITH	Jacob	26	-----	M	1891	5068	Place-24
SMITH	Jacob	56	-----	M	1891	3009	Place-29
SMITH	Jenkins	19	-----	M	1891	5747	Place-11
SMITH	Seonaid	20	-----	F	1891	5603	Place-27
SMITH	Paulo	52	-----	M	1891	3271	Place-29
SMITH	Suzanne	38	-----	F	1891	4183	Place-10
SMITH	Seonaid	48	-----	F	1891	6725	Place-25
SMITH	Susan	55	-----	F	1891	4718	Place-27
SMITH	Jacob	49	-----	M	1891	3416	Place-20
SMITH	James	56	-----	M	1891	2986	Place-18
SMITH	Suzanne	17	-----	F	1891	5912	Place-23
SMITH	James	47	-----	M	1891	3544	Place-26
SMITH	Jenkins	56	-----	M	1891	2983	Place-25
SMITH	Jenkins	34	-----	M	1891	4418	Place-24
SMITH	Paulo	31	-----	M	1891	4697	Place-28
SMITH	James	24	-----	M	1891	5214	Place-4
SMITH	Bob	21	-----	M	1891	5530	Place-9
SMITH	Shawn	20	-----	M	1891	5618	Place-8
SMITH	Sheila	19	-----	F	1891	5751	Place-15
SMITH	Seonaid	17	-----	F	1891	5919	Place-18
SMITH	Sheila	13	-----	F	1891	6318	Place-19
SMITH	Seonaid	10	-----	F	1891	6632	Place-2
SMITH	Bob	10	-----	M	1891	6715	Place-20
SMITH	Seonaid	9	-----	F	1891	6768	Place-2
SMITH	James	8	-----	M	1891	6864	Place-0
SMITH	James	8	-----	M	1891	6894	Place-13
SMITH	James	7	-----	M	1891	7047	Place-3
SMITH	Selina	6	-----	F	1891	7108	Place-29
SMITH	Jim	6	-----	M	1891	7126	Place-11
SMITH	Jenkins	4	-----	M	1891	7402	Place-22
SMITH	James	4	-----	M	1891	7431	Place-21
SMITH	Jacob	2	-----	M	1891	7592	Place-28
SMITH	Sarah	2	-----	F	1891	7611	Place-23
SMITH	Susan	1	-----	F	1891	7709	Place-28
SMITH	Shawn	1	-----	M	1891	7712	Place-21
SMITH	Selina	1	-----	F	1891	7716	Place-1
SMITH	Sarah	1	-----	F	1891	7718	Place-1
SMITH	Briony	1	-----	F	1891	7729	Place-16
SMITH	Joseph	1	-----	M	1891	7733	Place-2
SMITH	Sarah	1	-----	F	1891	7744	Place-26
SMITH	Suzanne	1	-----	F	1891	7758	Place-23
SMITH	Joseph	1	-----	M	1891	7762	Place-0
SMITH	Susan	1	-----	F	1891	7773	Place-26
SMITH	Briony	1	-----	F	1891	7776	Place-21
SMITH	Bob	1	-----	M	1891	7786	Place-8
SMITH	Susan	1	-----	F	1891	7791	Place-13
SMITH	Sharon	1	-----	F	1891	7795	Place-6
SMITH	Jacob	0	-----	M	1891	7828	Place-3
SMITH	Susan	0	-----	F	1891	7830	Place-28
SMITH	Jacob	0	-----	M	1891	7831	Place-5
SMITH	Briony	0	-----	F	1891	7843	Place-18
SMITH	Jim	0	-----	M	1891	7844	Place-0
SMITH	Joseph	0	-----	M	1891	7846	Place-21
SMITH	Sharon	0	-----	F	1891	7854	Place-11
SMITH	Seonaid	0	-----	F	1891	7858	Place-16
SMITH	Sharon	0	-----	F	1891	7862	Place-15
SMITH	Sharon	0	-----	F	1891	7868	Place-28
SMITH	Paulo	0	-----	M	1891	7870	Place-26
SMITH	Sarah	0	-----	F	1891	7876	Place-27
SMITH	Jenkins	0	-----	M	1891	7885	Place-20
SMITH	Bob	0	-----	M	1891	7888	Place-29
SMITH	Suzanne	0	-----	F	1891	7889	Place-9
SMITH	Suzanne	0	-----	F	1891	7890	Place-14
SMITH	James	0	-----	M	1891	7892	Place-16
SMITH	Selina	0	-----	F	1891	7893	Place-0
SMITH	Bob	0	-----	M	1891	7896	Place-19
SMITH	Sarah	0	-----	F	1891	7902	Place-9
SMITH	Jenkins	0	-----	M	1891	7910	Place-9
SMITH	Joseph	0	-----	M	1891	7915	Place-4
SMITH	Seonaid	0	-----	F	1891	7918	Place-22
SMITH	James	0	-----	M	1891	7925	Place-28
SMITH	Suzanne	0	-----	F	1891	7929	Place-6
SMITH	Joseph	25	-----	M	1892	5227	Place-19
SMITH	Jenkins	30	-----	M	1892	4841	Place-13
SMITH	Suzanne	55	-----	F	1892	6394	Place-3
SMITH	Bob	58	-----	M	1892	2968	Place-25
SMITH	Sheila	49	-----	F	1892	7697	Place-3
SMITH	Briony	58	-----	F	1892	5763	Place-22
SMITH	Jim	38	-----	M	1892	4229	Place-29
SMITH	Susan	23	-----	F	1892	5393	Place-10
SMITH	Selina	55	-----	F	1892	3120	Place-8
SMITH	Briony	55	-----	F	1892	5189	Place-2
SMITH	Seonaid	55	-----	F	1892	7441	Place-27
SMITH	Sharon	22	-----	F	1892	5503	Place-26
SMITH	Susan	48	-----	F	1892	3560	Place-7
SMITH	Susan	30	-----	F	1892	4826	Place-21
SMITH	Selina	22	-----	F	1892	5537	Place-15
SMITH	Bob	58	-----	M	1892	2916	Place-15
SMITH	Sarah	28	-----	F	1892	4976	Place-6
SMITH	Jenkins	37	-----	M	1892	4321	Place-24
SMITH	Bob	55	-----	M	1892	3150	Place-3
SMITH	Sarah	38	-----	F	1892	4238	Place-4
SMITH	Joseph	28	-----	M	1892	4994	Place-21
SMITH	Briony	16	-----	F	1892	6118	Place-24
SMITH	Suzanne	56	-----	F	1892	3078	Place-20
SMITH	James	58	-----	M	1892	2945	Place-11
SMITH	Shawn	34	-----	M	1892	4517	Place-22
SMITH	Sharon	56	-----	F	1892	3058	Place-23
SMITH	Jim	22	-----	M	1892	5520	Place-7
SMITH	Susan	22	-----	F	1892	5546	Place-13
SMITH	Paulo	20	-----	M	1892	5700	Place-11
SMITH	Suzanne	15	-----	F	1892	6249	Place-6
SMITH	Jenkins	14	-----	M	1892	6342	Place-28
SMITH	Briony	14	-----	F	1892	6373	Place-28
SMITH	Jacob	13	-----	M	1892	6416	Place-16
SMITH	Joseph	13	-----	M	1892	6437	Place-9
SMITH	Selina	12	-----	F	1892	6525	Place-27
SMITH	Sharon	11	-----	F	1892	6651	Place-19
SMITH	Briony	10	-----	F	1892	6784	Place-16
SMITH	Sharon	7	-----	F	1892	7093	Place-27
SMITH	James	7	-----	M	1892	7131	Place-18
SMITH	Sheila	4	-----	F	1892	7466	Place-18
SMITH	Joseph	4	-----	M	1892	7492	Place-7
SMITH	Sharon	4	-----	F	1892	7506	Place-9
SMITH	Sheila	4	-----	F	1892	7550	Place-4
SMITH	Jenkins	3	-----	M	1892	7628	Place-26
SMITH	Jacob	3	-----	M	1892	7686	Place-17
SMITH	Suzanne	2	-----	F	1892	7736	Place-7
SMITH	Jim	2	-----	M	1892	7779	Place-10
SMITH	Sarah	1	-----	F	1892	7827	Place-23
SMITH	Selina	1	-----	F	1892	7847	Place-8
SMITH	Seonaid	1	-----	F	1892	7866	Place-14
SMITH	Selina	1	-----	F	1892	7869	Place-26
SMITH	James	1	-----	M	1892	7872	Place-28
SMITH	Shawn	1	-----	M	1892	7877	Place-24
SMITH	Bob	1	-----	M	1892	7878	Place-2
SMITH	Selina	1	-----	F	1892	7882	Place-23
SMITH	James	1	-----	M	1892	7887	Place-7
SMITH	Paulo	1	-----	M	1892	7894	Place-0
SMITH	Sharon	1	-----	F	1892	7900	Place-25
SMITH	Jenkins	1	-----	M	1892	7907	Place-0
SMITH	Seonaid	1	-----	F	1892	7914	Place-21
SMITH	Selina	1	-----	F	1892	7922	Place-28
SMITH	Joseph	1	-----	M	1892	7927	Place-6
SMITH	Sharon	1	-----	F	1892	7933	Place-15
SMITH	Jim	0	-----	M	1892	7955	Place-27
SMITH	Paulo	0	-----	M	1892	7956	Place-0
SMITH	Seonaid	0	-----	F	1892	7960	Place-17
SMITH	Sarah	0	-----	F	1892	7962	Place-22
SMITH	Briony	0	-----	F	1892	7966	Place-16
SMITH	Jenkins	0	-----	M	1892	7977	Place-4
SMITH	Briony	0	-----	F	1892	7985	Place-21
SMITH	Jenkins	0	-----	M	1892	7996	Place-13
SMITH	Seonaid	0	-----	F	1892	8000	Place-12
SMITH	Suzanne	0	-----	F	1892	8011	Place-15
SMITH	Bob	0	-----	M	1892	8012	Place-26
SMITH	Sarah	0	-----	F	1892	8013	Place-29
SMITH	Seonaid	0	-----	F	1892	8035	Place-13
SMITH	Jacob	0	-----	M	1892	8037	Place-23
SMITH	Shawn	0	-----	M	1892	8038	Place-17
SMITH	Jacob	0	-----	M	1892	8041	Place-25
SMITH	Susan	0	-----	F	1892	8044	Place-4
SMITH	Jacob	0	-----	M	1892	8049	Place-23
SMITH	Suzanne	0	-----	F	1892	8055	Place-12
SMITH	Selina	0	-----	F	1892	8056	Place-21
SMITH	Selina	0	-----	F	1892	8057	Place-25
SMITH	Sheila	0	-----	F	1892	8059	Place-22
SMITH	Jim	0	-----	M	1892	8066	Place-1
SMITH	Suzanne	0	-----	F	1892	8080	Place-25
SMITH	Joseph	0	-----	M	1892	8084	Place-29
SMITH	Briony	0	-----	F	1892	8085	Place-28
SMITH	Sharon	0	-----	F	1892	8089	Place-24
SMITH	Selina	0	-----	F	1892	8096	Place-22
SMITH	James	0	-----	M	1892	8099	Place-16
SMITH	Jenkins	0	-----	M	1892	8101	Place-14
SMITH	Joseph	0	-----	M	1892	8103	Place-14
SMITH	Paulo	0	-----	M	1892	8104	Place-12
SMITH	Jacob	0	-----	M	1892	8106	Place-10
SMITH	Jim	57	-----	M	1893	3087	Place-2
SMITH	Suzanne	59	-----	F	1893	7320	Place-24
SMITH	Sarah	22	-----	F	1893	5574	Place-13
SMITH	Sarah	19	-----	F	1893	5927	Place-12
SMITH	Sharon	52	-----	F	1893	5481	Place-26
SMITH	James	58	-----	M	1893	2989	Place-5
SMITH	James	20	-----	M	1893	5824	Place-20
SMITH	Jenkins	36	-----	M	1893	4417	Place-16
SMITH	Sarah	38	-----	F	1893	4284	Place-4
SMITH	Jacob	59	-----	M	1893	2960	Place-5
SMITH	Sarah	38	-----	F	1893	6158	Place-22
SMITH	Jacob	56	-----	M	1893	3149	Place-23
SMITH	Selina	24	-----	F	1893	7446	Place-2
SMITH	Suzanne	43	-----	F	1893	3955	Place-11
SMITH	Shawn	56	-----	M	1893	3115	Place-14
SMITH	Sharon	59	-----	F	1893	2969	Place-0
SMITH	Selina	29	-----	F	1893	4973	Place-1
SMITH	Sharon	12	-----	F	1893	6706	Place-28
SMITH	Sarah	31	-----	F	1893	4828	Place-22
SMITH	Joseph	31	-----	M	1893	4820	Place-14
SMITH	James	40	-----	M	1893	4130	Place-4
SMITH	Briony	26	-----	F	1893	5251	Place-7
SMITH	Sharon	26	-----	F	1893	5260	Place-10
SMITH	Selina	40	-----	F	1893	6730	Place-6
SMITH	Selina	25	-----	F	1893	5319	Place-20
SMITH	Jacob	55	-----	M	1893	3220	Place-11
SMITH	Shawn	59	-----	M	1893	2934	Place-5
SMITH	Shawn	61	-----	M	1893	2832	Place-17
SMITH	Shawn	56	-----	M	1893	3103	Place-4
SMITH	Jim	56	-----	M	1893	3157	Place-0
SMITH	Paulo	24	-----	M	1893	5385	Place-15
SMITH	Joseph	23	-----	M	1893	5513	Place-20
SMITH	Suzanne	20	-----	F	1893	5795	Place-12
SMITH	Jacob	19	-----	M	1893	5932	Place-25
SMITH	Sharon	18	-----	F	1893	5977	Place-29
SMITH	Joseph	16	-----	M	1893	6196	Place-19
SMITH	Seonaid	16	-----	F	1893	6254	Place-23
SMITH	Jacob	15	-----	M	1893	6328	Place-24
SMITH	Jenkins	12	-----	M	1893	6614	Place-11
SMITH	Paulo	12	-----	M	1893	6717	Place-3
SMITH	Paulo	11	-----	M	1893	6745	Place-7
SMITH	Sharon	8	-----	F	1893	7072	Place-10
SMITH	Jacob	8	-----	M	1893	7119	Place-6
SMITH	Jenkins	8	-----	M	1893	7144	Place-7
SMITH	Jim	7	-----	M	1893	7208	Place-17
SMITH	Sheila	7	-----	F	1893	7220	Place-2
SMITH	Seonaid	7	-----	F	1893	7261	Place-27
SMITH	Briony	7	-----	F	1893	7280	Place-15
SMITH	Sharon	6	-----	F	1893	7393	Place-8
SMITH	Paulo	6	-----	M	1893	7421	Place-25
SMITH	Seonaid	5	-----	F	1893	7540	Place-22
SMITH	Seonaid	4	-----	F	1893	7616	Place-22
SMITH	Joseph	3	-----	M	1893	7703	Place-13
SMITH	Paulo	3	-----	M	1893	7800	Place-28
SMITH	Shawn	2	-----	M	1893	7857	Place-23
SMITH	Sheila	2	-----	F	1893	7931	Place-2
SMITH	James	1	-----	M	1893	7959	Place-23
SMITH	Jim	1	-----	M	1893	7980	Place-23
SMITH	Selina	1	-----	F	1893	7993	Place-11
SMITH	Jim	1	-----	M	1893	7995	Place-6
SMITH	Paulo	1	-----	M	1893	8001	Place-19
SMITH	Selina	1	-----	F	1893	8004	Place-22
SMITH	James	1	-----	M	1893	8014	Place-5
SMITH	Paulo	1	-----	M	1893	8022	Place-3
SMITH	Bob	1	-----	M	1893	8023	Place-28
SMITH	Sharon	1	-----	F	1893	8024	Place-5
SMITH	James	1	-----	M	1893	8027	Place-2
SMITH	Susan	1	-----	F	1893	8047	Place-16
SMITH	Jacob	1	-----	M	1893	8053	Place-5
SMITH	Jim	1	-----	M	1893	8064	Place-25
SMITH	Selina	1	-----	F	1893	8067	Place-9
SMITH	Selina	1	-----	F	1893	8077	Place-2
SMITH	Bob	1	-----	M	1893	8088	Place-1
SMITH	Briony	1	-----	F	1893	8105	Place-7
SMITH	Paulo	1	-----	M	1893	8107	Place-11
SMITH	Jim	0	-----	M	1893	8122	Place-25
SMITH	Bob	0	-----	M	1893	8124	Place-21
SMITH	Seonaid	0	-----	F	1893	8127	Place-13
SMITH	Shawn	0	-----	M	1893	8130	Place-8
SMITH	Shawn	0	-----	M	1893	8132	Place-7
SMITH	Selina	0	-----	F	1893	8133	Place-27
SMITH	Bob	0	-----	M	1893	8141	Place-8
SMITH	Sharon	0	-----	F	1893	8143	Place-26
SMITH	Bob	0	-----	M	1893	8144	Place-27
SMITH	Sharon	0	-----	F	1893	8145	Place-5
SMITH	Briony	0	-----	F	1893	8151	Place-3
SMITH	Susan	0	-----	F	1893	8156	Place-19
SMITH	Bob	0	-----	M	1893	8168	Place-23
SMITH	Joseph	0	-----	M	1893	8177	Place-18
SMITH	Seonaid	0	-----	F	1893	8180	Place-13
SMITH	Sarah	0	-----	F	1893	8181	Place-16
SMITH	Jenkins	0	-----	M	1893	8187	Place-25
SMITH	Susan	0	-----	F	1893	8188	Place-9
SMITH	Jacob	0	-----	M	1893	8189	Place-8
SMITH	Seonaid	0	-----	F	1893	8190	Place-21
SMITH	James	0	-----	M	1893	8192	Place-26
SMITH	James	0	-----	M	1893	8195	Place-4
SMITH	Sarah	0	-----	F	1893	8198	Place-2
SMITH	Paulo	0	-----	M	1893	8199	Place-14
SMITH	Sheila	0	-----	F	1893	8203	Place-8
SMITH	Paulo	0	-----	M	1893	8208	Place-10
SMITH	Bob	0	-----	M	1893	8210	Place-15
SMITH	Jenkins	0	-----	M	1893	8218	Place-4
SMITH	Briony	0	-----	F	1893	8222	Place-8
SMITH	Bob	0	-----	M	1893	8227	Place-24
SMITH	Jim	0	-----	M	1893	8229	Place-3
SMITH	Sarah	0	-----	F	1893	8234	Place-25
SMITH	Sheila	0	-----	F	1893	8242	Place-7
SMITH	Paulo	0	-----	M	1893	8246	Place-13
SMITH	Seonaid	23	-----	F	1894	8258	Place-6
SMITH	James	56	-----	M	1894	3181	Place-1
SMITH	Shawn	27	-----	M	1894	5240	Place-19
SMITH	Seonaid	55	-----	F	1894	4634	Place-13
SMITH	Sheila	55	-----	F	1894	4951	Place-6
SMITH	Bob	56	-----	M	1894	3210	Place-16
SMITH	Joseph	17	-----	M	1894	6211	Place-9
SMITH	Sharon	1	-----	F	1894	8219	Place-8
SMITH	Sarah	22	-----	F	1894	5731	Place-29
SMITH	Paulo	57	-----	M	1894	3165	Place-27
SMITH	Shawn	60	-----	M	1894	2921	Place-1
SMITH	Jenkins	50	-----	M	1894	3545	Place-27
SMITH	Suzanne	27	-----	F	1894	5247	Place-24
SMITH	Joseph	25	-----	M	1894	5437	Place-14
SMITH	Sheila	32	-----	F	1894	7943	Place-14
SMITH	Selina	37	-----	F	1894	7438	Place-4
SMITH	Paulo	31	-----	M	1894	4930	Place-28
SMITH	Susan	55	-----	F	1894	6066	Place-11
SMITH	Joseph	57	-----	M	1894	3131	Place-8
SMITH	Seonaid	57	-----	F	1894	7696	Place-3
SMITH	Suzanne	54	-----	F	1894	3317	Place-1
SMITH	Jim	25	-----	M	1894	5406	Place-18
SMITH	Jacob	23	-----	M	1894	5604	Place-29
SMITH	Sheila	60	-----	F	1894	2966	Place-12
SMITH	Bob	26	-----	M	1894	5364	Place-17
SMITH	Sarah	24	-----	F	1894	7575	Place-21
SMITH	Susan	28	-----	F	1894	5188	Place-27
SMITH	Jacob	56	-----	M	1894	3190	Place-1
SMITH	Jacob	60	-----	M	1894	2919	Place-1
SMITH	Briony	28	-----	F	1894	5127	Place-5
SMITH	James	13	-----	M	1894	6696	Place-16
SMITH	Jenkins	61	-----	M	1894	2872	Place-6
SMITH	Sarah	59	-----	F	1894	3003	Place-29
SMITH	Jim	55	-----	M	1894	3270	Place-0
SMITH	Selina	58	-----	F	1894	7056	Place-12
SMITH	Bob	31	-----	M	1894	4938	Place-13
SMITH	Sheila	57	-----	F	1894	4857	Place-10
SMITH	Shawn	55	-----	M	1894	3237	Place-24
SMITH	James	58	-----	M	1894	3066	Place-4
SMITH	Joseph	23	-----	M	1894	5581	Place-4
SMITH	Joseph	48	-----	M	1894	3713	Place-14
SMITH	Joseph	48	-----	M	1894	3689	Place-10
SMITH	Sarah	58	-----	F	1894	3086	Place-27
SMITH	Selina	31	-----	F	1894	4869	Place-13
SMITH	Selina	23	-----	F	1894	5635	Place-8
SMITH	Briony	22	-----	F	1894	5705	Place-7
SMITH	Paulo	21	-----	M	1894	5772	Place-6
SMITH	Shawn	19	-----	M	1894	6035	Place-1
SMITH	Sarah	19	-----	F	1894	6051	Place-25
SMITH	Paulo	18	-----	M	1894	6076	Place-13
SMITH	Sharon	18	-----	F	1894	6092	Place-16
SMITH	Briony	18	-----	F	1894	6127	Place-2
SMITH	Seonaid	18	-----	F	1894	6154	Place-26
SMITH	Seonaid	12	-----	F	1894	6794	Place-27
SMITH	Bob	9	-----	M	1894	7148	Place-0
SMITH	Seonaid	8	-----	F	1894	7304	Place-18
SMITH	James	7	-----	M	1894	7372	Place-2
SMITH	Bob	7	-----	M	1894	7408	Place-1
SMITH	Seonaid	6	-----	F	1894	7475	Place-26
SMITH	James	5	-----	M	1894	7581	Place-4
SMITH	Joseph	3	-----	M	1894	7865	Place-8
SMITH	Seonaid	2	-----	F	1894	7965	Place-18
SMITH	Susan	2	-----	F	1894	8025	Place-11
SMITH	Selina	2	-----	F	1894	8052	Place-15
SMITH	Jim	2	-----	M	1894	8071	Place-13
SMITH	Joseph	1	-----	M	1894	8136	Place-22
SMITH	Bob	1	-----	M	1894	8137	Place-29
SMITH	Suzanne	1	-----	F	1894	8148	Place-28
SMITH	Sharon	1	-----	F	1894	8163	Place-23
SMITH	Briony	1	-----	F	1894	8164	Place-3
SMITH	Jenkins	1	-----	M	1894	8166	Place-16
SMITH	Paulo	1	-----	M	1894	8170	Place-20
SMITH	Susan	1	-----	F	1894	8176	Place-24
SMITH	Sharon	1	-----	F	1894	8179	Place-25
SMITH	Seonaid	1	-----	F	1894	8183	Place-7
SMITH	Selina	1	-----	F	1894	8184	Place-16
SMITH	Briony	1	-----	F	1894	8194	Place-28
SMITH	Bob	1	-----	M	1894	8197	Place-17
SMITH	Seonaid	1	-----	F	1894	8202	Place-21
SMITH	Jacob	1	-----	M	1894	8209	Place-9
SMITH	Briony	1	-----	F	1894	8220	Place-26
SMITH	Susan	1	-----	F	1894	8231	Place-19
SMITH	Shawn	1	-----	M	1894	8238	Place-29
SMITH	Selina	1	-----	F	1894	8240	Place-6
SMITH	Selina	1	-----	F	1894	8245	Place-11
SMITH	Paulo	0	-----	M	1894	8266	Place-17
SMITH	Jacob	0	-----	M	1894	8275	Place-2
SMITH	Jacob	0	-----	M	1894	8281	Place-26
SMITH	Bob	0	-----	M	1894	8289	Place-17
SMITH	Bob	0	-----	M	1894	8290	Place-26
SMITH	Jacob	0	-----	M	1894	8295	Place-23
SMITH	Briony	0	-----	F	1894	8296	Place-18
SMITH	James	0	-----	M	1894	8308	Place-3
SMITH	Sharon	0	-----	F	1894	8311	Place-21
SMITH	Shawn	0	-----	M	1894	8321	Place-19
SMITH	Suzanne	0	-----	F	1894	8322	Place-24
SMITH	Selina	0	-----	F	1894	8324	Place-13
SMITH	Jim	0	-----	M	1894	8328	Place-0
SMITH	Briony	0	-----	F	1894	8331	Place-14
SMITH	Briony	0	-----	F	1894	8333	Place-10
SMITH	James	0	-----	M	1894	8335	Place-10
SMITH	Jim	0	-----	M	1894	8337	Place-17
SMITH	Sharon	0	-----	F	1894	8338	Place-11
SMITH	Shawn	0	-----	M	1894	8343	Place-11
SMITH	Selina	0	-----	F	1894	8351	Place-5
SMITH	Jacob	0	-----	M	1894	8353	Place-13
SMITH	Sharon	0	-----	F	1894	8354	Place-26
SMITH	Jim	0	-----	M	1894	8355	Place-27
SMITH	Suzanne	0	-----	F	1894	8358	Place-0
SMITH	Sharon	0	-----	F	1894	8360	Place-23
SMITH	Jim	0	-----	M	1894	8362	Place-3
SMITH	Sarah	0	-----	F	1894	8363	Place-27
SMITH	Suzanne	0	-----	F	1894	8366	Place-25
SMITH	Briony	0	-----	F	1894	8374	Place-7
SMITH	Sarah	0	-----	F	1894	8381	Place-12
SMITH	Jacob	0	-----	M	1894	8382	Place-22
SMITH	Shawn	27	-----	M	1895	5299	Place-13
SMITH	Paulo	18	-----	M	1895	6257	Place-6
SMITH	Briony	61	-----	F	1895	8253	Place-1
SMITH	James	56	-----	M	1895	3235	Place-22
SMITH	Bob	23	-----	M	1895	5723	Place-19
SMITH	Selina	26	-----	F	1895	5401	Place-6
SMITH	Sarah	29	-----	F	1895	5187	Place-8
SMITH	Selina	38	-----	F	1895	4479	Place-5
SMITH	Susan	43	-----	F	1895	6943	Place-21
SMITH	Jacob	11	-----	M	1895	7013	Place-23
SMITH	Suzanne	7	-----	F	1895	7448	Place-6
SMITH	Susan	26	-----	F	1895	7573	Place-10
SMITH	Paulo	55	-----	M	1895	3312	Place-29
SMITH	James	40	-----	M	1895	4303	Place-16
SMITH	Jenkins	55	-----	M	1895	3292	Place-6
SMITH	Sharon	8	-----	F	1895	7345	Place-10
SMITH	Joseph	21	-----	M	1895	5930	Place-23
SMITH	Briony	61	-----	F	1895	6823	Place-0
SMITH	Jim	59	-----	M	1895	3084	Place-12
SMITH	Seonaid	50	-----	F	1895	5955	Place-7
SMITH	James	55	-----	M	1895	3319	Place-9
SMITH	Jim	34	-----	M	1895	4719	Place-15
SMITH	Sheila	37	-----	F	1895	4521	Place-2
SMITH	Suzanne	17	-----	F	1895	6374	Place-26
SMITH	Briony	58	-----	F	1895	5196	Place-9
SMITH	Briony	60	-----	F	1895	5962	Place-5
SMITH	Sarah	45	-----	F	1895	3926	Place-26
SMITH	Joseph	29	-----	M	1895	5182	Place-23
SMITH	Jenkins	19	-----	M	1895	6084	Place-9
SMITH	Suzanne	19	-----	F	1895	6131	Place-18
SMITH	Susan	16	-----	F	1895	6464	Place-5
SMITH	Susan	14	-----	F	1895	6670	Place-11
SMITH	Joseph	11	-----	M	1895	7039	Place-22
SMITH	Jenkins	9	-----	M	1895	7241	Place-2
SMITH	Suzanne	9	-----	F	1895	7276	Place-9
SMITH	Paulo	8	-----	M	1895	7333	Place-15
SMITH	Paulo	7	-----	M	1895	7470	Place-8
SMITH	Sarah	7	-----	F	1895	7478	Place-25
SMITH	Selina	7	-----	F	1895	7534	Place-16
SMITH	Selina	6	-----	F	1895	7584	Place-7
SMITH	Jim	5	-----	M	1895	7740	Place-25
SMITH	Jacob	5	-----	M	1895	7767	Place-9
SMITH	Jenkins	4	-----	M	1895	7909	Place-11
SMITH	Briony	3	-----	F	1895	8005	Place-24
SMITH	Sheila	3	-----	F	1895	8031	Place-10
SMITH	Jenkins	3	-----	M	1895	8086	Place-5
SMITH	Bob	2	-----	M	1895	8125	Place-19
SMITH	Seonaid	2	-----	F	1895	8175	Place-19
SMITH	Jacob	2	-----	M	1895	8193	Place-15
SMITH	Selina	2	-----	F	1895	8230	Place-11
SMITH	Selina	1	-----	F	1895	8276	Place-22
SMITH	Jim	1	-----	M	1895	8277	Place-1
SMITH	Jenkins	1	-----	M	1895	8278	Place-16
SMITH	Sharon	1	-----	F	1895	8283	Place-27
SMITH	Jenkins	1	-----	M	1895	8315	Place-2
SMITH	Sharon	1	-----	F	1895	8317	Place-1
SMITH	Jim	1	-----	M	1895	8318	Place-11
SMITH	Susan	1	-----	F	1895	8320	Place-18
SMITH	Susan	1	-----	F	1895	8327	Place-7
SMITH	Selina	1	-----	F	1895	8330	Place-14
SMITH	Seonaid	1	-----	F	1895	8339	Place-14
SMITH	Suzanne	1	-----	F	1895	8344	Place-14
SMITH	Bob	1	-----	M	1895	8352	Place-20
SMITH	Joseph	1	-----	M	1895	8369	Place-0
SMITH	Shawn	1	-----	M	1895	8373	Place-17
SMITH	Jacob	1	-----	M	1895	8383	Place-21
SMITH	Jim	0	-----	M	1895	8405	Place-20
SMITH	Paulo	0	-----	M	1895	8412	Place-5
SMITH	Briony	0	-----	F	1895	8420	Place-11
SMITH	Bob	0	-----	M	1895	8422	Place-7
SMITH	Jim	0	-----	M	1895	8432	Place-2
SMITH	Briony	0	-----	F	1895	8434	Place-6
SMITH	James	0	-----	M	1895	8441	Place-22
SMITH	Sarah	0	-----	F	1895	8443	Place-8
SMITH	Sarah	0	-----	F	1895	8445	Place-21
SMITH	Joseph	0	-----	M	1895	8447	Place-6
SMITH	Sharon	0	-----	F	1895	8448	Place-21
SMITH	Sarah	0	-----	F	1895	8455	Place-15
SMITH	Joseph	0	-----	M	1895	8460	Place-2
SMITH	Bob	0	-----	M	1895	8461	Place-23
SMITH	Sheila	0	-----	F	1895	8464	Place-26
SMITH	Paulo	0	-----	M	1895	8475	Place-2
SMITH	Sheila	0	-----	F	1895	8476	Place-16
SMITH	Sharon	0	-----	F	1895	8477	Place-8
SMITH	Jim	0	-----	M	1895	8484	Place-3
SMITH	Selina	0	-----	F	1895	8489	Place-21
SMITH	Briony	0	-----	F	1895	8490	Place-0
SMITH	James	0	-----	M	1895	8492	Place-3
SMITH	Sarah	0	-----	F	1895	8493	Place-4
SMITH	Bob	0	-----	M	1895	8499	Place-18
SMITH	Susan	0	-----	F	1895	8502	Place-3
SMITH	Joseph	0	-----	M	1895	8508	Place-12
SMITH	Briony	0	-----	F	1895	8510	Place-23
SMITH	Shawn	0	-----	M	1895	8513	Place-7
SMITH	Suzanne	34	-----	F	1896	8520	Place-19
SMITH	Selina	22	-----	F	1896	5944	Place-0
SMITH	Jacob	58	-----	M	1896	3218	Place-11
SMITH	Jacob	17	-----	M	1896	6414	Place-20
SMITH	Jenkins	51	-----	M	1896	3603	Place-18
SMITH	Shawn	55	-----	M	1896	3353	Place-19
SMITH	Sarah	51	-----	F	1896	6390	Place-28
SMITH	James	57	-----	M	1896	3243	Place-16
SMITH	Joseph	50	-----	M	1896	3697	Place-3
SMITH	Jim	28	-----	M	1896	5365	Place-12
SMITH	Joseph	12	-----	M	1896	6964	Place-8
SMITH	Briony	55	-----	F	1896	8263	Place-26
SMITH	Sheila	19	-----	F	1896	6234	Place-11
SMITH	Jacob	55	-----	M	1896	3393	Place-1
SMITH	Suzanne	55	-----	F	1896	7945	Place-22
SMITH	Suzanne	57	-----	F	1896	6934	Place-28
SMITH	Paulo	12	-----	M	1896	6978	Place-15
SMITH	James	34	-----	M	1896	4802	Place-19
SMITH	Bob	31	-----	M	1896	5058	Place-29
SMITH	James	57	-----	M	1896	3260	Place-28
SMITH	Joseph	44	-----	M	1896	4074	Place-23
SMITH	Sarah	42	-----	F	1896	7444	Place-5
SMITH	Suzanne	56	-----	F	1896	6395	Place-10
SMITH	Shawn	17	-----	M	1896	6403	Place-23
SMITH	Jacob	15	-----	M	1896	6720	Place-21
SMITH	Bob	58	-----	M	1896	3182	Place-10
SMITH	Jenkins	46	-----	M	1896	3925	Place-16
SMITH	Jenkins	17	-----	M	1896	6433	Place-1
SMITH	Seonaid	37	-----	F	1896	6501	Place-2
SMITH	Paulo	55	-----	M	1896	3351	Place-13
SMITH	Selina	53	-----	F	1896	3513	Place-4
SMITH	Jacob	55	-----	M	1896	3379	Place-22
SMITH	Briony	26	-----	F	1896	5484	Place-6
SMITH	Suzanne	26	-----	F	1896	5542	Place-17
SMITH	Susan	24	-----	F	1896	5691	Place-16
SMITH	Paulo	23	-----	M	1896	5822	Place-23
SMITH	Jim	17	-----	M	1896	6419	Place-2
SMITH	James	17	-----	M	1896	6492	Place-20
SMITH	James	16	-----	M	1896	6560	Place-14
SMITH	Sheila	16	-----	F	1896	6567	Place-23
SMITH	Sarah	13	-----	F	1896	6872	Place-19
SMITH	Bob	13	-----	M	1896	6915	Place-24
SMITH	Sheila	11	-----	F	1896	7145	Place-8
SMITH	Joseph	9	-----	M	1896	7340	Place-17
SMITH	Bob	7	-----	M	1896	7621	Place-16
SMITH	Sarah	6	-----	F	1896	7730	Place-8
SMITH	Sarah	6	-----	F	1896	7757	Place-10
SMITH	Shawn	5	-----	M	1896	7855	Place-28
SMITH	Joseph	5	-----	M	1896	7923	Place-23
SMITH	Jacob	3	-----	M	1896	8142	Place-2
SMITH	Sharon	3	-----	F	1896	8159	Place-27
SMITH	Suzanne	3	-----	F	1896	8161	Place-13
SMITH	James	3	-----	M	1896	8201	Place-17
SMITH	Paulo	2	-----	M	1896	8269	Place-7
SMITH	Briony	2	-----	F	1896	8377	Place-8
SMITH	Seonaid	1	-----	F	1896	8396	Place-16
SMITH	Selina	1	-----	F	1896	8403	Place-3
SMITH	Briony	1	-----	F	1896	8411	Place-27
SMITH	Sharon	1	-----	F	1896	8414	Place-22
SMITH	Susan	1	-----	F	1896	8424	Place-12
SMITH	Joseph	1	-----	M	1896	8431	Place-24
SMITH	Paulo	1	-----	M	1896	8437	Place-22
SMITH	Susan	1	-----	F	1896	8438	Place-26
SMITH	James	1	-----	M	1896	8452	Place-18
SMITH	Shawn	1	-----	M	1896	8457	Place-19
SMITH	Suzanne	1	-----	F	1896	8466	Place-15
SMITH	Paulo	1	-----	M	1896	8478	Place-12
SMITH	Jenkins	1	-----	M	1896	8491	Place-1
SMITH	Shawn	1	-----	M	1896	8497	Place-27
SMITH	Paulo	1	-----	M	1896	8506	Place-17
SMITH	Jim	0	-----	M	1896	8532	Place-10
SMITH	James	0	-----	M	1896	8534	Place-28
SMITH	Susan	0	-----	F	1896	8545	Place-25
SMITH	Joseph	0	-----	M	1896	8547	Place-1
SMITH	Sarah	0	-----	F	1896	8550	Place-2
SMITH	James	0	-----	M	1896	8557	Place-20
SMITH	Bob	0	-----	M	1896	8558	Place-22
SMITH	Jim	0	-----	M	1896	8559	Place-13
SMITH	Paulo	0	-----	M	1896	8565	Place-29
SMITH	Paulo	0	-----	M	1896	8570	Place-27
SMITH	Joseph	0	-----	M	1896	8571	Place-15
SMITH	Sheila	0	-----	F	1896	8580	Place-3
SMITH	Suzanne	0	-----	F	1896	8600	Place-29
SMITH	James	0	-----	M	1896	8604	Place-2
SMITH	Sharon	0	-----	F	1896	8605	Place-25
SMITH	Briony	0	-----	F	1896	8609	Place-16
SMITH	Jim	0	-----	M	1896	8612	Place-14
SMITH	Selina	0	-----	F	1896	8615	Place-19
SMITH	Bob	0	-----	M	1896	8628	Place-7
SMITH	Jim	0	-----	M	1896	8634	Place-15
SMITH	Briony	0	-----	F	1896	8637	Place-2
SMITH	Selina	0	-----	F	1896	8644	Place-27
SMITH	Jenkins	0	-----	M	1896	8645	Place-22
SMITH	Paulo	0	-----	M	1896	8649	Place-29
SMITH	Sheila	22	-----	F	1897	8658	Place-13
SMITH	Sheila	28	-----	F	1897	8662	Place-17
SMITH	Bob	55	-----	M	1897	3459	Place-0
SMITH	Paulo	39	-----	M	1897	4556	Place-23
SMITH	Seonaid	60	-----	F	1897	5025	Place-12
SMITH	Shawn	21	-----	M	1897	6151	Place-8
SMITH	Bob	23	-----	M	1897	5938	Place-16
SMITH	Bob	39	-----	M	1897	4497	Place-7
SMITH	Shawn	58	-----	M	1897	3272	Place-13
SMITH	Suzanne	59	-----	F	1897	5030	Place-24
SMITH	Sarah	33	-----	F	1897	6834	Place-0
SMITH	Jacob	29	-----	M	1897	5305	Place-2
SMITH	James	57	-----	M	1897	3332	Place-12
SMITH	Susan	55	-----	F	1897	8109	Place-22
SMITH	Sarah	29	-----	F	1897	8111	Place-7
SMITH	Sarah	63	-----	F	1897	2933	Place-5
SMITH	James	24	-----	M	1897	5794	Place-11
SMITH	Sharon	12	-----	F	1897	7087	Place-6
SMITH	Jenkins	34	-----	M	1897	4939	Place-28
SMITH	Briony	55	-----	F	1897	3433	Place-6
SMITH	Susan	55	-----	F	1897	7440	Place-3
SMITH	Jacob	53	-----	M	1897	3542	Place-19
SMITH	Paulo	20	-----	M	1897	6185	Place-2
SMITH	Bob	18	-----	M	1897	6424	Place-6
SMITH	Jacob	32	-----	M	1897	5040	Place-11
SMITH	Shawn	21	-----	M	1897	6074	Place-7
SMITH	Briony	54	-----	F	1897	3481	Place-5
SMITH	Jacob	29	-----	M	1897	5359	Place-22
SMITH	Sarah	60	-----	F	1897	3162	Place-14
SMITH	James	56	-----	M	1897	3399	Place-22
SMITH	Jim	55	-----	M	1897	3407	Place-8
SMITH	Seonaid	59	-----	F	1897	4564	Place-29
SMITH	Selina	55	-----	F	1897	6597	Place-6
SMITH	Sharon	64	-----	F	1897	2858	Place-22
SMITH	Jenkins	24	-----	M	1897	5829	Place-17
SMITH	Shawn	17	-----	M	1897	6544	Place-23
SMITH	Sheila	16	-----	F	1897	6704	Place-26
SMITH	Paulo	14	-----	M	1897	6854	Place-26
SMITH	Sarah	14	-----	F	1897	6897	Place-3
SMITH	Paulo	13	-----	M	1897	7024	Place-0
SMITH	Seonaid	12	-----	F	1897	7106	Place-22
SMITH	Paulo	12	-----	M	1897	7129	Place-0
SMITH	Briony	11	-----	F	1897	7251	Place-17
SMITH	Paulo	11	-----	M	1897	7272	Place-20
SMITH	Selina	9	-----	F	1897	7511	Place-6
SMITH	Joseph	8	-----	M	1897	7642	Place-17
SMITH	Seonaid	7	-----	F	1897	7731	Place-24
SMITH	Joseph	6	-----	M	1897	7851	Place-6
SMITH	Sarah	4	-----	F	1897	8206	Place-7
SMITH	Susan	3	-----	F	1897	8292	Place-9
SMITH	Joseph	3	-----	M	1897	8367	Place-23
SMITH	Paulo	3	-----	M	1897	8371	Place-0
SMITH	Paulo	2	-----	M	1897	8421	Place-27
SMITH	Seonaid	2	-----	F	1897	8451	Place-15
SMITH	Shawn	1	-----	M	1897	8535	Place-13
SMITH	Jacob	1	-----	M	1897	8536	Place-5
SMITH	Joseph	1	-----	M	1897	8538	Place-27
SMITH	Bob	1	-----	M	1897	8543	Place-6
SMITH	Jacob	1	-----	M	1897	8546	Place-0
SMITH	Shawn	1	-----	M	1897	8554	Place-21
SMITH	Sharon	1	-----	F	1897	8561	Place-20
SMITH	Suzanne	1	-----	F	1897	8568	Place-6
SMITH	Briony	1	-----	F	1897	8577	Place-22
SMITH	Jacob	1	-----	M	1897	8579	Place-23
SMITH	Sheila	1	-----	F	1897	8581	Place-17
SMITH	Sarah	1	-----	F	1897	8582	Place-9
SMITH	Sarah	1	-----	F	1897	8585	Place-13
SMITH	Shawn	1	-----	M	1897	8587	Place-12
SMITH	Susan	1	-----	F	1897	8589	Place-15
SMITH	Susan	1	-----	F	1897	8598	Place-0
SMITH	Sharon	1	-----	F	1897	8602	Place-21
SMITH	Selina	1	-----	F	1897	8607	Place-24
SMITH	Shawn	1	-----	M	1897	8610	Place-6
SMITH	James	1	-----	M	1897	8626	Place-21
SMITH	Bob	1	-----	M	1897	8627	Place-15
SMITH	Paulo	1	-----	M	1897	8629	Place-16
SMITH	Paulo	1	-----	M	1897	8632	Place-24
SMITH	Jenkins	1	-----	M	1897	8633	Place-16
SMITH	Sheila	1	-----	F	1897	8640	Place-27
SMITH	Briony	0	-----	F	1897	8667	Place-29
SMITH	Selina	0	-----	F	1897	8669	Place-21
SMITH	Jacob	0	-----	M	1897	8671	Place-15
SMITH	Jacob	0	-----	M	1897	8673	Place-15
SMITH	Seonaid	0	-----	F	1897	8688	Place-14
SMITH	James	0	-----	M	1897	8706	Place-25
SMITH	Jenkins	0	-----	M	1897	8707	Place-4
SMITH	Seonaid	0	-----	F	1897	8712	Place-18
SMITH	Bob	0	-----	M	1897	8721	Place-16
SMITH	Sheila	0	-----	F	1897	8722	Place-7
SMITH	Suzanne	0	-----	F	1897	8723	Place-1
SMITH	Suzanne	0	-----	F	1897	8725	Place-15
SMITH	Jacob	0	-----	M	1897	8745	Place-6
SMITH	Sarah	0	-----	F	1897	8764	Place-3
SMITH	Sheila	0	-----	F	1897	8778	Place-23
SMITH	Sheila	0	-----	F	1897	8779	Place-24
SMITH	James	0	-----	M	1897	8780	Place-3
SMITH	Sarah	0	-----	F	1897	8781	Place-16
SMITH	Shawn	0	-----	M	1897	8782	Place-18
SMITH	James	0	-----	M	1897	8785	Place-1
SMITH	Sheila	1	-----	F	1898	8765	Place-5
SMITH	Jacob	56	-----	M	1898	3427	Place-20
SMITH	Jenkins	21	-----	M	1898	6218	Place-25
SMITH	Sarah	59	-----	F	1898	7694	Place-28
SMITH	Selina	20	-----	F	1898	6317	Place-6
SMITH	Jacob	22	-----	M	1898	6088	Place-23
SMITH	Susan	42	-----	F	1898	8390	Place-1
SMITH	Sharon	55	-----	F	1898	5872	Place-16
SMITH	James	56	-----	M	1898	3449	Place-4
SMITH	Seonaid	55	-----	F	1898	6827	Place-28
SMITH	Selina	17	-----	F	1898	6612	Place-8
SMITH	Sharon	38	-----	F	1898	7442	Place-5
SMITH	Bob	40	-----	M	1898	4523	Place-0
SMITH	Selina	28	-----	F	1898	5523	Place-4
SMITH	Selina	55	-----	F	1898	3511	Place-14
SMITH	James	21	-----	M	1898	6227	Place-25
SMITH	Sarah	31	-----	F	1898	8114	Place-20
SMITH	Selina	25	-----	F	1898	7952	Place-7
SMITH	Shawn	57	-----	M	1898	3358	Place-22
SMITH	Briony	55	-----	F	1898	3495	Place-1
SMITH	Sharon	55	-----	F	1898	5767	Place-25
SMITH	Selina	56	-----	F	1898	3453	Place-5
SMITH	James	33	-----	M	1898	5039	Place-4
SMITH	Paulo	47	-----	M	1898	4018	Place-6
SMITH	Susan	56	-----	F	1898	5475	Place-12
SMITH	James	55	-----	M	1898	3489	Place-2
SMITH	Jacob	57	-----	M	1898	3367	Place-26
SMITH	Jim	21	-----	M	1898	6175	Place-21
SMITH	Briony	18	-----	F	1898	6569	Place-13
SMITH	Bob	17	-----	M	1898	6624	Place-0
SMITH	Suzanne	16	-----	F	1898	6778	Place-7
SMITH	Briony	15	-----	F	1898	6881	Place-11
SMITH	Joseph	14	-----	M	1898	6979	Place-8
SMITH	Paulo	14	-----	M	1898	7000	Place-17
SMITH	Sarah	13	-----	F	1898	7084	Place-22
SMITH	Paulo	11	-----	M	1898	7353	Place-1
SMITH	Joseph	10	-----	M	1898	7520	Place-25
SMITH	Jim	9	-----	M	1898	7588	Place-9
SMITH	Jim	9	-----	M	1898	7660	Place-0
SMITH	Jenkins	8	-----	M	1898	7787	Place-28
SMITH	Seonaid	7	-----	F	1898	7874	Place-17
SMITH	Sharon	7	-----	F	1898	7932	Place-6
SMITH	Paulo	6	-----	M	1898	8060	Place-16
SMITH	Seonaid	6	-----	F	1898	8074	Place-26
SMITH	Shawn	5	-----	M	1898	8204	Place-8
SMITH	Paulo	5	-----	M	1898	8216	Place-13
SMITH	Suzanne	3	-----	F	1898	8415	Place-10
SMITH	Shawn	2	-----	M	1898	8573	Place-11
SMITH	Jim	1	-----	M	1898	8666	Place-20
SMITH	James	1	-----	M	1898	8672	Place-14
SMITH	Jacob	1	-----	M	1898	8675	Place-29
SMITH	Jacob	1	-----	M	1898	8677	Place-3
SMITH	Jacob	1	-----	M	1898	8683	Place-17
SMITH	Sharon	1	-----	F	1898	8685	Place-5
SMITH	Sharon	1	-----	F	1898	8690	Place-28
SMITH	Briony	1	-----	F	1898	8692	Place-6
SMITH	Paulo	1	-----	M	1898	8694	Place-2
SMITH	Joseph	1	-----	M	1898	8705	Place-13
SMITH	Selina	1	-----	F	1898	8709	Place-3
SMITH	Jenkins	1	-----	M	1898	8724	Place-6
SMITH	Briony	1	-----	F	1898	8726	Place-6
SMITH	Paulo	1	-----	M	1898	8736	Place-21
SMITH	Sheila	1	-----	F	1898	8737	Place-20
SMITH	Shawn	1	-----	M	1898	8738	Place-20
SMITH	Sarah	1	-----	F	1898	8742	Place-22
SMITH	Jacob	1	-----	M	1898	8744	Place-16
SMITH	Seonaid	1	-----	F	1898	8758	Place-1
SMITH	Suzanne	1	-----	F	1898	8763	Place-23
SMITH	Shawn	1	-----	M	1898	8767	Place-2
SMITH	Selina	1	-----	F	1898	8774	Place-8
SMITH	Shawn	1	-----	M	1898	8786	Place-4
SMITH	Sharon	0	-----	F	1898	8813	Place-11
SMITH	Briony	0	-----	F	1898	8819	Place-15
SMITH	Joseph	0	-----	M	1898	8820	Place-21
SMITH	Susan	0	-----	F	1898	8823	Place-29
SMITH	Shawn	0	-----	M	1898	8826	Place-24
SMITH	Jim	0	-----	M	1898	8828	Place-29
SMITH	Sarah	0	-----	F	1898	8832	Place-20
SMITH	Seonaid	0	-----	F	1898	8836	Place-26
SMITH	Suzanne	0	-----	F	1898	8837	Place-12
SMITH	Jacob	0	-----	M	1898	8839	Place-18
SMITH	James	0	-----	M	1898	8851	Place-10
SMITH	Jenkins	0	-----	M	1898	8865	Place-1
SMITH	Shawn	0	-----	M	1898	8878	Place-19
SMITH	Sarah	0	-----	F	1898	8882	Place-21
SMITH	Sarah	0	-----	F	1898	8887	Place-29
SMITH	Jacob	0	-----	M	1898	8889	Place-16
SMITH	Sheila	0	-----	F	1898	8891	Place-0
SMITH	Briony	0	-----	F	1898	8898	Place-7
SMITH	Sheila	0	-----	F	1898	8904	Place-20
SMITH	Jenkins	0	-----	M	1898	8905	Place-18
SMITH	Suzanne	43	-----	F	1899	8928	Place-21
SMITH	Susan	38	-----	F	1899	6944	Place-13
SMITH	Selina	56	-----	F	1899	6067	Place-25
SMITH	Paulo	20	-----	M	1899	6445	Place-5
SMITH	Jenkins	38	-----	M	1899	4725	Place-18
SMITH	Shawn	20	-----	M	1899	6450	Place-26
SMITH	Selina	29	-----	F	1899	8656	Place-3
SMITH	Sharon	47	-----	F	1899	7178	Place-18
SMITH	Sheila	26	-----	F	1899	5791	Place-21
SMITH	Jacob	56	-----	M	1899	3509	Place-15
SMITH	Shawn	55	-----	M	1899	3537	Place-12
SMITH	Paulo	57	-----	M	1899	3415	Place-17
SMITH	Seonaid	27	-----	F	1899	5677	Place-4
SMITH	Selina	7	-----	F	1899	8003	Place-23
SMITH	Shawn	55	-----	M	1899	3575	Place-22
SMITH	Sheila	55	-----	F	1899	5284	Place-28
SMITH	Jim	56	-----	M	1899	3515	Place-5
SMITH	Sarah	58	-----	F	1899	6940	Place-16
SMITH	Joseph	14	-----	M	1899	7169	Place-27
SMITH	Sharon	55	-----	F	1899	3570	Place-25
SMITH	Joseph	54	-----	M	1899	3611	Place-12
SMITH	Bob	18	-----	M	1899	6679	Place-5
SMITH	Jim	25	-----	M	1899	5887	Place-23
SMITH	Suzanne	53	-----	F	1899	6064	Place-18
SMITH	James	35	-----	M	1899	5016	Place-22
SMITH	Shawn	44	-----	M	1899	4322	Place-23
SMITH	Bob	26	-----	M	1899	5781	Place-12
SMITH	Joseph	26	-----	M	1899	5843	Place-11
SMITH	Sarah	25	-----	F	1899	5882	Place-4
SMITH	Susan	24	-----	F	1899	5985	Place-14
SMITH	Sharon	24	-----	F	1899	6026	Place-19
SMITH	Joseph	22	-----	M	1899	6194	Place-10
SMITH	Sheila	19	-----	F	1899	6559	Place-21
SMITH	Joseph	18	-----	M	1899	6708	Place-23
SMITH	Sharon	17	-----	F	1899	6772	Place-17
SMITH	Jenkins	16	-----	M	1899	6838	Place-29
SMITH	Paulo	13	-----	M	1899	7213	Place-21
SMITH	Sharon	13	-----	F	1899	7295	Place-10
SMITH	Jenkins	12	-----	M	1899	7422	Place-22
SMITH	Paulo	12	-----	M	1899	7428	Place-9
SMITH	Selina	12	-----	F	1899	7429	Place-22
SMITH	Susan	11	-----	F	1899	7477	Place-6
SMITH	Selina	10	-----	F	1899	7610	Place-26
SMITH	Susan	9	-----	F	1899	7724	Place-27
SMITH	Bob	8	-----	M	1899	7903	Place-25
SMITH	Jim	8	-----	M	1899	7920	Place-21
SMITH	Jenkins	7	-----	M	1899	7989	Place-9
SMITH	Jenkins	7	-----	M	1899	8007	Place-23
SMITH	Susan	6	-----	F	1899	8226	Place-25
SMITH	Jacob	2	-----	M	1899	8771	Place-0
SMITH	Jenkins	1	-----	M	1899	8822	Place-26
SMITH	Jacob	1	-----	M	1899	8830	Place-8
SMITH	Seonaid	1	-----	F	1899	8838	Place-10
SMITH	Shawn	1	-----	M	1899	8843	Place-7
SMITH	Jim	1	-----	M	1899	8849	Place-16
SMITH	Bob	1	-----	M	1899	8862	Place-22
SMITH	Bob	1	-----	M	1899	8868	Place-15
SMITH	Briony	1	-----	F	1899	8884	Place-29
SMITH	Jim	1	-----	M	1899	8885	Place-24
SMITH	Jim	1	-----	M	1899	8894	Place-27
SMITH	Paulo	1	-----	M	1899	8900	Place-15
SMITH	James	1	-----	M	1899	8909	Place-10
SMITH	Briony	1	-----	F	1899	8915	Place-21
SMITH	Briony	0	-----	F	1899	8942	Place-23
SMITH	Jacob	0	-----	M	1899	8943	Place-27
SMITH	Bob	0	-----	M	1899	8948	Place-7
SMITH	Sarah	0	-----	F	1899	8966	Place-14
SMITH	Sharon	0	-----	F	1899	8968	Place-20
SMITH	Bob	0	-----	M	1899	8969	Place-16
SMITH	Sarah	0	-----	F	1899	8974	Place-15
SMITH	Briony	0	-----	F	1899	8978	Place-17
SMITH	Bob	0	-----	M	1899	8981	Place-9
SMITH	Sheila	0	-----	F	1899	8987	Place-11
SMITH	Shawn	0	-----	M	1899	8989	Place-27
SMITH	Briony	0	-----	F	1899	9009	Place-13
SMITH	Sharon	0	-----	F	1899	9011	Place-25
SMITH	Paulo	0	-----	M	1899	9014	Place-7
SMITH	Sarah	0	-----	F	1899	9016	Place-9
SMITH	Sharon	0	-----	F	1899	9019	Place-6
SMITH	Selina	0	-----	F	1899	9022	Place-15
SMITH	Briony	0	-----	F	1899	9031	Place-19
SMITH	Suzanne	0	-----	F	1899	9032	Place-27
SMITH	Sharon	0	-----	F	1899	9034	Place-10
SMITH	Sharon	0	-----	F	1899	9035	Place-14
SMITH	Shawn	0	-----	M	1899	9045	Place-28
SMITH	Seonaid	0	-----	F	1899	9051	Place-16
SMITH	Briony	0	-----	F	1899	9052	Place-8
SMITH	Bob	0	-----	M	1899	9053	Place-24
SMITH	Briony	0	-----	F	1899	9056	Place-6
SMITH	Seonaid	0	-----	F	1899	9058	Place-8
SMITH	Briony	0	-----	F	1899	9062	Place-16
SMITH	Sarah	0	-----	F	1899	9066	Place-7
SMITH	Joseph	0	-----	M	1899	9070	Place-24
SMITH	Briony	0	-----	F	1899	9072	Place-17
SMITH	Briony	0	-----	F	1899	9074	Place-26
SMITH	Suzanne	22	-----	F	1900	9095	Place-14
SMITH	Bob	59	-----	M	1900	3389	Place-21
SMITH	Selina	56	-----	F	1900	6163	Place-28
SMITH	Sheila	31	-----	F	1900	5416	Place-12
SMITH	Suzanne	39	-----	F	1900	8804	Place-18
SMITH	Sharon	58	-----	F	1900	3445	Place-4
SMITH	Sharon	56	-----	F	1900	3578	Place-7
SMITH	Seonaid	34	-----	F	1900	8117	Place-28
SMITH	Sheila	33	-----	F	1900	7809	Place-16
SMITH	Bob	20	-----	M	1900	6584	Place-11
SMITH	Sharon	58	-----	F	1900	7319	Place-7
SMITH	Sarah	12	-----	F	1900	7553	Place-9
SMITH	Seonaid	55	-----	F	1900	3636	Place-29
SMITH	James	42	-----	M	1900	4527	Place-23
SMITH	Jenkins	33	-----	M	1900	5266	Place-10
SMITH	Sarah	59	-----	F	1900	6833	Place-11
SMITH	Jacob	30	-----	M	1900	5527	Place-7
SMITH	Sarah	37	-----	F	1900	7325	Place-22
SMITH	James	55	-----	M	1900	3638	Place-22
SMITH	Paulo	57	-----	M	1900	3517	Place-22
SMITH	Seonaid	39	-----	F	1900	8515	Place-20
SMITH	Sheila	28	-----	F	1900	7822	Place-28
SMITH	Sarah	32	-----	F	1900	8254	Place-12
SMITH	Jenkins	24	-----	M	1900	6157	Place-21
SMITH	Jacob	29	-----	M	1900	5596	Place-22
SMITH	Seonaid	9	-----	F	1900	7883	Place-25
SMITH	Jenkins	57	-----	M	1900	3514	Place-27
SMITH	Sarah	37	-----	F	1900	4904	Place-16
SMITH	Suzanne	25	-----	F	1900	6017	Place-17
SMITH	Paulo	58	-----	M	1900	3452	Place-22
SMITH	James	16	-----	M	1900	6966	Place-22
SMITH	Shawn	43	-----	M	1900	4478	Place-1
SMITH	Sheila	40	-----	F	1900	4663	Place-23
SMITH	James	63	-----	M	1900	3130	Place-23
SMITH	Jacob	16	-----	M	1900	6969	Place-8
SMITH	Paulo	50	-----	M	1900	3954	Place-5
SMITH	Sharon	57	-----	F	1900	3491	Place-15
SMITH	James	63	-----	M	1900	3143	Place-27
SMITH	Jim	58	-----	M	1900	3412	Place-13
SMITH	Susan	45	-----	F	1900	6072	Place-16
SMITH	Selina	24	-----	F	1900	6142	Place-22
SMITH	Jenkins	22	-----	M	1900	6311	Place-28
SMITH	Suzanne	22	-----	F	1900	6378	Place-24
SMITH	Sharon	20	-----	F	1900	6581	Place-23
SMITH	Joseph	20	-----	M	1900	6592	Place-13
SMITH	Paulo	19	-----	M	1900	6609	Place-25
SMITH	Jenkins	14	-----	M	1900	7275	Place-26
SMITH	Jacob	12	-----	M	1900	7449	Place-2
SMITH	Jim	12	-----	M	1900	7471	Place-4
SMITH	Sheila	10	-----	F	1900	7722	Place-12
SMITH	Seonaid	10	-----	F	1900	7761	Place-18
SMITH	Jenkins	10	-----	M	1900	7794	Place-25
SMITH	Selina	9	-----	F	1900	7861	Place-22
SMITH	Jacob	9	-----	M	1900	7863	Place-5
SMITH	Sarah	9	-----	F	1900	7891	Place-6
SMITH	Selina	8	-----	F	1900	8102	Place-3
SMITH	Briony	7	-----	F	1900	8149	Place-27
SMITH	Bob	6	-----	M	1900	8302	Place-0
SMITH	Susan	5	-----	F	1900	8423	Place-3
SMITH	Jim	5	-----	M	1900	8480	Place-20
SMITH	Sheila	5	-----	F	1900	8501	Place-24
SMITH	Joseph	4	-----	M	1900	8537	Place-27
SMITH	Suzanne	4	-----	F	1900	8593	Place-5
SMITH	Joseph	3	-----	M	1900	8711	Place-23
SMITH	Bob	3	-----	M	1900	8715	Place-15
SMITH	Briony	1	-----	F	1900	8940	Place-18
SMITH	Jenkins	1	-----	M	1900	8941	Place-6
SMITH	Selina	1	-----	F	1900	8951	Place-15
SMITH	Joseph	1	-----	M	1900	8960	Place-22
SMITH	Susan	1	-----	F	1900	8961	Place-13
SMITH	Sheila	1	-----	F	1900	8970	Place-29
SMITH	Sarah	1	-----	F	1900	8977	Place-8
SMITH	Sharon	1	-----	F	1900	8979	Place-20
SMITH	Bob	1	-----	M	1900	8982	Place-22
SMITH	Sharon	1	-----	F	1900	8986	Place-5
SMITH	Jenkins	1	-----	M	1900	8996	Place-7
SMITH	Suzanne	1	-----	F	1900	9000	Place-12
SMITH	Sharon	1	-----	F	1900	9006	Place-17
SMITH	Sharon	1	-----	F	1900	9015	Place-21
SMITH	Sarah	1	-----	F	1900	9027	Place-12
SMITH	Selina	1	-----	F	1900	9029	Place-25
SMITH	Selina	1	-----	F	1900	9033	Place-2
SMITH	Bob	1	-----	M	1900	9037	Place-5
SMITH	Sheila	1	-----	F	1900	9041	Place-12
SMITH	Paulo	1	-----	M	1900	9043	Place-1
SMITH	Suzanne	1	-----	F	1900	9049	Place-7
SMITH	Selina	1	-----	F	1900	9065	Place-24
SMITH	Jim	0	-----	M	1900	9097	Place-27
SMITH	Shawn	0	-----	M	1900	9101	Place-11
SMITH	Paulo	0	-----	M	1900	9114	Place-19
SMITH	Shawn	0	-----	M	1900	9122	Place-23
SMITH	Jenkins	0	-----	M	1900	9127	Place-15
SMITH	Seonaid	0	-----	F	1900	9132	Place-19
SMITH	Briony	0	-----	F	1900	9136	Place-6
SMITH	Sarah	0	-----	F	1900	9142	Place-21
SMITH	Selina	0	-----	F	1900	9143	Place-7
SMITH	Jacob	0	-----	M	1900	9144	Place-1
SMITH	Sheila	0	-----	F	1900	9153	Place-12
SMITH	James	0	-----	M	1900	9160	Place-0
SMITH	Sheila	0	-----	F	1900	9163	Place-14
SMITH	Selina	0	-----	F	1900	9164	Place-6
SMITH	Selina	0	-----	F	1900	9174	Place-17
SMITH	Briony	0	-----	F	1900	9176	Place-18
SMITH	Sharon	0	-----	F	1900	9182	Place-10
SMITH	Seonaid	0	-----	F	1900	9194	Place-27
SMITH	Briony	0	-----	F	1900	9206	Place-15
SMITH	Jim	0	-----	M	1900	9207	Place-19
SMITH	Shawn	0	-----	M	1900	9212	Place-0
SMITH	Joseph	0	-----	M	1900	9218	Place-4
SMITH	Susan	0	-----	F	1900	9220	Place-13
SMITH	Joseph	0	-----	M	1900	9227	Place-8
SMITH	Suzanne	56	-----	F	1901	9243	Place-15
SMITH	Susan	32	-----	F	1901	7560	Place-16
SMITH	Paulo	40	-----	M	1901	4762	Place-7
SMITH	Seonaid	39	-----	F	1901	8260	Place-18
SMITH	Susan	49	-----	F	1901	5875	Place-21
SMITH	Sarah	45	-----	F	1901	4343	Place-9
SMITH	Selina	23	-----	F	1901	8935	Place-14
SMITH	Suzanne	40	-----	F	1901	7558	Place-18
SMITH	Susan	57	-----	F	1901	7062	Place-0
SMITH	Paulo	58	-----	M	1901	3483	Place-14
SMITH	Susan	55	-----	F	1901	7565	Place-21
SMITH	Jenkins	40	-----	M	1901	4754	Place-26
SMITH	Briony	20	-----	F	1901	6719	Place-22
SMITH	Sarah	38	-----	F	1901	8108	Place-21
SMITH	Suzanne	39	-----	F	1901	7939	Place-22
SMITH	Paulo	23	-----	M	1901	6327	Place-28
SMITH	Sarah	51	-----	F	1901	8251	Place-4
SMITH	Shawn	49	-----	M	1901	4062	Place-20
SMITH	Shawn	42	-----	M	1901	4599	Place-25
SMITH	Suzanne	51	-----	F	1901	3956	Place-17
SMITH	Jim	42	-----	M	1901	4606	Place-29
SMITH	Suzanne	59	-----	F	1901	7814	Place-22
SMITH	Jenkins	36	-----	M	1901	5067	Place-0
SMITH	Selina	43	-----	F	1901	4498	Place-19
SMITH	Jim	33	-----	M	1901	5302	Place-12
SMITH	Sarah	55	-----	F	1901	6932	Place-27
SMITH	Paulo	56	-----	M	1901	3632	Place-15
SMITH	Jenkins	37	-----	M	1901	4958	Place-29
SMITH	Susan	46	-----	F	1901	6073	Place-23
SMITH	Jenkins	55	-----	M	1901	3709	Place-9
SMITH	Paulo	57	-----	M	1901	3579	Place-5
SMITH	Paulo	28	-----	M	1901	5826	Place-0
SMITH	Joseph	27	-----	M	1901	5890	Place-7
SMITH	Paulo	24	-----	M	1901	6186	Place-13
SMITH	Bob	19	-----	M	1901	6750	Place-9
SMITH	Bob	18	-----	M	1901	6888	Place-13
SMITH	Susan	17	-----	F	1901	6985	Place-6
SMITH	Sharon	15	-----	F	1901	7240	Place-6
SMITH	Selina	14	-----	F	1901	7335	Place-26
SMITH	Briony	14	-----	F	1901	7389	Place-27
SMITH	Shawn	13	-----	M	1901	7507	Place-13
SMITH	Selina	11	-----	F	1901	7788	Place-7
SMITH	Sharon	11	-----	F	1901	7804	Place-22
SMITH	Briony	8	-----	F	1901	8155	Place-27
SMITH	Sarah	8	-----	F	1901	8217	Place-27
SMITH	Susan	7	-----	F	1901	8279	Place-13
SMITH	Paulo	7	-----	M	1901	8309	Place-1
SMITH	Susan	6	-----	F	1901	8407	Place-14
SMITH	Sharon	5	-----	F	1901	8648	Place-4
SMITH	Jim	3	-----	M	1901	8818	Place-25
SMITH	Sheila	1	-----	F	1901	9106	Place-29
SMITH	Selina	1	-----	F	1901	9111	Place-8
SMITH	Shawn	1	-----	M	1901	9128	Place-11
SMITH	Bob	1	-----	M	1901	9130	Place-0
SMITH	Jim	1	-----	M	1901	9131	Place-10
SMITH	Shawn	1	-----	M	1901	9146	Place-17
SMITH	Selina	1	-----	F	1901	9155	Place-6
SMITH	Joseph	1	-----	M	1901	9159	Place-29
SMITH	Jacob	1	-----	M	1901	9161	Place-12
SMITH	Susan	1	-----	F	1901	9167	Place-28
SMITH	Briony	1	-----	F	1901	9178	Place-27
SMITH	Jacob	1	-----	M	1901	9185	Place-4
SMITH	Briony	1	-----	F	1901	9186	Place-28
SMITH	Seonaid	1	-----	F	1901	9189	Place-6
SMITH	Selina	1	-----	F	1901	9203	Place-0
SMITH	Suzanne	1	-----	F	1901	9205	Place-28
SMITH	Jim	1	-----	M	1901	9210	Place-12
SMITH	Joseph	1	-----	M	1901	9222	Place-25
SMITH	Jenkins	0	-----	M	1901	9249	Place-5
SMITH	Briony	0	-----	F	1901	9251	Place-13
SMITH	James	0	-----	M	1901	9256	Place-14
SMITH	Selina	0	-----	F	1901	9257	Place-9
SMITH	Joseph	0	-----	M	1901	9267	Place-8
SMITH	Sheila	0	-----	F	1901	9270	Place-6
SMITH	James	0	-----	M	1901	9273	Place-14
SMITH	Susan	0	-----	F	1901	9274	Place-19
SMITH	Bob	0	-----	M	1901	9277	Place-6
SMITH	Sarah	0	-----	F	1901	9280	Place-11
SMITH	Seonaid	0	-----	F	1901	9286	Place-12
SMITH	Shawn	0	-----	M	1901	9287	Place-15
SMITH	Sarah	0	-----	F	1901	9290	Place-26
SMITH	James	0	-----	M	1901	9292	Place-15
SMITH	Selina	0	-----	F	1901	9294	Place-25
SMITH	Sheila	0	-----	F	1901	9297	Place-6
SMITH	Jacob	0	-----	M	1901	9307	Place-3
SMITH	Paulo	0	-----	M	1901	9308	Place-3
SMITH	Jenkins	0	-----	M	1901	9310	Place-17
SMITH	Sharon	0	-----	F	1901	9314	Place-8
SMITH	Paulo	0	-----	M	1901	9318	Place-16
SMITH	James	0	-----	M	1901	9322	Place-29
SMITH	Shawn	0	-----	M	1901	9324	Place-12
SMITH	Jacob	0	-----	M	1901	9326	Place-9
SMITH	Jim	0	-----	M	1901	9331	Place-21
SMITH	Joseph	0	-----	M	1901	9334	Place-25
SMITH	Sheila	0	-----	F	1901	9341	Place-15
SMITH	Jenkins	0	-----	M	1901	9349	Place-29
SMITH	Selina	0	-----	F	1901	9350	Place-3
SMITH	Sheila	0	-----	F	1901	9351	Place-19
SMITH	James	0	-----	M	1901	9360	Place-29
SMITH	Susan	0	-----	F	1901	9367	Place-15
SMITH	Sarah	0	-----	F	1901	9370	Place-8
SMITH	Jacob	0	-----	M	1901	9375	Place-21
SMITH	Shawn	0	-----	M	1901	9386	Place-29
SMITH	James	0	-----	M	1901	9390	Place-17
SMITH	Paulo	0	-----	M	1901	9395	Place-21
SMITH	Bob	0	-----	M	1901	9396	Place-15
SMITH	Sarah	18	-----	F	1902	6972	Place-6
SMITH	Susan	37	-----	F	1902	9242	Place-14
SMITH	Sharon	22	-----	F	1902	6539	Place-9
SMITH	Jacob	55	-----	M	1902	3744	Place-11
SMITH	Briony	56	-----	F	1902	8257	Place-6
SMITH	Susan	26	-----	F	1902	9093	Place-24
SMITH	Bob	55	-----	M	1902	3769	Place-24
SMITH	Suzanne	46	-----	F	1902	4377	Place-4
SMITH	Susan	41	-----	F	1902	7195	Place-8
SMITH	Suzanne	55	-----	F	1902	8925	Place-22
SMITH	Bob	56	-----	M	1902	3653	Place-12
SMITH	Sharon	6	-----	F	1902	8576	Place-28
SMITH	Suzanne	55	-----	F	1902	7810	Place-17
SMITH	Seonaid	27	-----	F	1902	6044	Place-11
SMITH	Jenkins	38	-----	M	1902	4995	Place-29
SMITH	Sheila	29	-----	F	1902	5808	Place-6
SMITH	Shawn	42	-----	M	1902	4652	Place-6
SMITH	Sheila	32	-----	F	1902	5536	Place-2
SMITH	Jenkins	55	-----	M	1902	3780	Place-2
SMITH	Seonaid	59	-----	F	1902	7185	Place-6
SMITH	Joseph	36	-----	M	1902	5154	Place-25
SMITH	Seonaid	30	-----	F	1902	5752	Place-23
SMITH	Shawn	61	-----	M	1902	3380	Place-8
SMITH	Jacob	35	-----	M	1902	5228	Place-5
SMITH	Joseph	38	-----	M	1902	4986	Place-22
SMITH	Joseph	56	-----	M	1902	3679	Place-7
SMITH	Briony	30	-----	F	1902	5671	Place-8
SMITH	Bob	55	-----	M	1902	3753	Place-3
SMITH	Susan	55	-----	F	1902	5476	Place-28
SMITH	Paulo	35	-----	M	1902	5211	Place-8
SMITH	Bob	44	-----	M	1902	4519	Place-14
SMITH	Shawn	58	-----	M	1902	3572	Place-14
SMITH	Bob	55	-----	M	1902	3768	Place-22
SMITH	Sheila	33	-----	F	1902	5397	Place-9
SMITH	Jacob	25	-----	M	1902	6191	Place-23
SMITH	Joseph	25	-----	M	1902	6224	Place-23
SMITH	Bob	18	-----	M	1902	6963	Place-7
SMITH	James	18	-----	M	1902	6987	Place-28
SMITH	Joseph	14	-----	M	1902	7494	Place-4
SMITH	Paulo	13	-----	M	1902	7593	Place-28
SMITH	Joseph	13	-----	M	1902	7679	Place-24
SMITH	Joseph	13	-----	M	1902	7688	Place-10
SMITH	Shawn	8	-----	M	1902	8310	Place-0
SMITH	Bob	8	-----	M	1902	8314	Place-18
SMITH	Bob	7	-----	M	1902	8504	Place-6
SMITH	Joseph	7	-----	M	1902	8509	Place-13
SMITH	Paulo	5	-----	M	1902	8679	Place-9
SMITH	Jenkins	5	-----	M	1902	8699	Place-27
SMITH	Paulo	3	-----	M	1902	8993	Place-9
SMITH	Sheila	3	-----	F	1902	9018	Place-6
SMITH	Sharon	1	-----	F	1902	9262	Place-0
SMITH	Seonaid	1	-----	F	1902	9269	Place-27
SMITH	Shawn	1	-----	M	1902	9271	Place-26
SMITH	Sharon	1	-----	F	1902	9272	Place-23
SMITH	Bob	1	-----	M	1902	9282	Place-28
SMITH	Jim	1	-----	M	1902	9283	Place-23
SMITH	Bob	1	-----	M	1902	9298	Place-29
SMITH	Sheila	1	-----	F	1902	9299	Place-22
SMITH	Jim	1	-----	M	1902	9312	Place-21
SMITH	Susan	1	-----	F	1902	9315	Place-6
SMITH	Joseph	1	-----	M	1902	9323	Place-0
SMITH	James	1	-----	M	1902	9332	Place-21
SMITH	Jenkins	1	-----	M	1902	9346	Place-19
SMITH	Selina	1	-----	F	1902	9356	Place-15
SMITH	James	1	-----	M	1902	9357	Place-24
SMITH	Sarah	1	-----	F	1902	9362	Place-8
SMITH	Sarah	1	-----	F	1902	9366	Place-10
SMITH	Paulo	1	-----	M	1902	9371	Place-2
SMITH	Paulo	1	-----	M	1902	9373	Place-7
SMITH	Sarah	1	-----	F	1902	9374	Place-5
SMITH	Shawn	1	-----	M	1902	9389	Place-2
SMITH	Susan	0	-----	F	1902	9413	Place-13
SMITH	Jacob	0	-----	M	1902	9421	Place-8
SMITH	Shawn	0	-----	M	1902	9427	Place-6
SMITH	Jacob	0	-----	M	1902	9433	Place-16
SMITH	Jim	0	-----	M	1902	9434	Place-27
SMITH	Sharon	0	-----	F	1902	9438	Place-24
SMITH	Bob	0	-----	M	1902	9439	Place-23
SMITH	Jenkins	0	-----	M	1902	9452	Place-3
SMITH	Sheila	0	-----	F	1902	9458	Place-25
SMITH	Joseph	0	-----	M	1902	9460	Place-28
SMITH	Briony	0	-----	F	1902	9462	Place-5
SMITH	Briony	0	-----	F	1902	9464	Place-22
SMITH	Suzanne	0	-----	F	1902	9465	Place-14
SMITH	Shawn	0	-----	M	1902	9468	Place-11
SMITH	Jim	0	-----	M	1902	9471	Place-29
SMITH	Seonaid	0	-----	F	1902	9477	Place-11
SMITH	Paulo	0	-----	M	1902	9478	Place-9
SMITH	Briony	0	-----	F	1902	9485	Place-3
SMITH	Susan	0	-----	F	1902	9487	Place-22
SMITH	Suzanne	0	-----	F	1902	9489	Place-21
SMITH	Jacob	0	-----	M	1902	9495	Place-10
SMITH	Paulo	0	-----	M	1902	9499	Place-2
SMITH	Shawn	0	-----	M	1902	9501	Place-17
SMITH	Bob	0	-----	M	1902	9504	Place-6
SMITH	Jim	0	-----	M	1902	9507	Place-26
SMITH	Susan	0	-----	F	1902	9517	Place-9
SMITH	Susan	0	-----	F	1902	9520	Place-21
SMITH	Briony	56	-----	F	1903	9541	Place-22
SMITH	Jenkins	23	-----	M	1903	6593	Place-19
SMITH	Susan	56	-----	F	1903	8803	Place-22
SMITH	Jim	55	-----	M	1903	3809	Place-27
SMITH	Jenkins	22	-----	M	1903	6660	Place-22
SMITH	Suzanne	21	-----	F	1903	6789	Place-27
SMITH	Seonaid	42	-----	F	1903	9405	Place-10
SMITH	Seonaid	56	-----	F	1903	8264	Place-15
SMITH	Selina	59	-----	F	1903	3530	Place-5
SMITH	Sheila	39	-----	F	1903	4980	Place-0
SMITH	Briony	57	-----	F	1903	3715	Place-0
SMITH	Susan	33	-----	F	1903	8921	Place-8
SMITH	Sharon	56	-----	F	1903	8394	Place-17
SMITH	Joseph	18	-----	M	1903	7125	Place-21
SMITH	Suzanne	56	-----	F	1903	3742	Place-18
SMITH	Paulo	55	-----	M	1903	3820	Place-12
SMITH	Seonaid	29	-----	F	1903	5951	Place-15
SMITH	James	32	-----	M	1903	5627	Place-14
SMITH	Paulo	55	-----	M	1903	3831	Place-19
SMITH	James	46	-----	M	1903	4446	Place-6
SMITH	Seonaid	24	-----	F	1903	6495	Place-11
SMITH	Jenkins	56	-----	M	1903	3765	Place-29
SMITH	Selina	55	-----	F	1903	6265	Place-4
SMITH	Sharon	38	-----	F	1903	7808	Place-10
SMITH	Shawn	29	-----	M	1903	5917	Place-17
SMITH	Jim	60	-----	M	1903	3488	Place-6
SMITH	Joseph	24	-----	M	1903	6417	Place-6
SMITH	Sheila	59	-----	F	1903	7329	Place-5
SMITH	James	61	-----	M	1903	3414	Place-3
SMITH	Bob	57	-----	M	1903	3676	Place-14
SMITH	Paulo	56	-----	M	1903	3747	Place-29
SMITH	Seonaid	51	-----	F	1903	4060	Place-6
SMITH	Bob	33	-----	M	1903	5538	Place-3
SMITH	Briony	56	-----	F	1903	5374	Place-22
SMITH	Selina	57	-----	F	1903	3667	Place-0
SMITH	Jacob	56	-----	M	1903	3778	Place-5
SMITH	Paulo	34	-----	M	1903	5420	Place-26
SMITH	Selina	30	-----	F	1903	5856	Place-25
SMITH	Bob	25	-----	M	1903	6336	Place-14
SMITH	Paulo	21	-----	M	1903	6773	Place-7
SMITH	Seonaid	17	-----	F	1903	7258	Place-1
SMITH	Sarah	17	-----	F	1903	7306	Place-29
SMITH	Jim	15	-----	M	1903	7526	Place-9
SMITH	Briony	14	-----	F	1903	7647	Place-2
SMITH	Briony	13	-----	F	1903	7754	Place-22
SMITH	Jenkins	12	-----	M	1903	7881	Place-27
SMITH	James	12	-----	M	1903	7916	Place-0
SMITH	Joseph	11	-----	M	1903	8073	Place-8
SMITH	James	11	-----	M	1903	8079	Place-8
SMITH	Seonaid	8	-----	F	1903	8465	Place-8
SMITH	Bob	8	-----	M	1903	8486	Place-22
SMITH	Jacob	7	-----	M	1903	8608	Place-15
SMITH	James	6	-----	M	1903	8754	Place-26
SMITH	Shawn	6	-----	M	1903	8769	Place-28
SMITH	Jim	5	-----	M	1903	8808	Place-28
SMITH	Sarah	5	-----	F	1903	8834	Place-0
SMITH	Briony	5	-----	F	1903	8850	Place-17
SMITH	Sarah	4	-----	F	1903	8936	Place-8
SMITH	Sarah	4	-----	F	1903	8980	Place-13
SMITH	Bob	4	-----	M	1903	9024	Place-6
SMITH	Selina	3	-----	F	1903	9121	Place-27
SMITH	Sharon	3	-----	F	1903	9154	Place-22
SMITH	Sarah	3	-----	F	1903	9216	Place-6
SMITH	Selina	1	-----	F	1903	9408	Place-9
SMITH	Sheila	1	-----	F	1903	9410	Place-20
SMITH	Paulo	1	-----	M	1903	9429	Place-22
SMITH	Jenkins	1	-----	M	1903	9444	Place-5
SMITH	Paulo	1	-----	M	1903	9447	Place-24
SMITH	Joseph	1	-----	M	1903	9454	Place-5
SMITH	Seonaid	1	-----	F	1903	9455	Place-22
SMITH	Bob	1	-----	M	1903	9456	Place-15
SMITH	Suzanne	1	-----	F	1903	9457	Place-13
SMITH	Joseph	1	-----	M	1903	9467	Place-25
SMITH	Joseph	1	-----	M	1903	9469	Place-18
SMITH	Jacob	1	-----	M	1903	9474	Place-23
SMITH	Jenkins	1	-----	M	1903	9475	Place-6
SMITH	Seonaid	1	-----	F	1903	9491	Place-17
SMITH	Selina	1	-----	F	1903	9494	Place-19
SMITH	Shawn	1	-----	M	1903	9496	Place-20
SMITH	Shawn	1	-----	M	1903	9498	Place-23
SMITH	Selina	1	-----	F	1903	9513	Place-6
SMITH	Bob	1	-----	M	1903	9521	Place-4
SMITH	Seonaid	1	-----	F	1903	9526	Place-21
SMITH	Jacob	0	-----	M	1903	9554	Place-5
SMITH	Selina	0	-----	F	1903	9555	Place-11
SMITH	Bob	0	-----	M	1903	9572	Place-23
SMITH	Jim	0	-----	M	1903	9574	Place-13
SMITH	Sheila	0	-----	F	1903	9577	Place-3
SMITH	Briony	0	-----	F	1903	9579	Place-8
SMITH	Jim	0	-----	M	1903	9587	Place-6
SMITH	Selina	0	-----	F	1903	9589	Place-3
SMITH	Jenkins	0	-----	M	1903	9592	Place-23
SMITH	James	0	-----	M	1903	9593	Place-18
SMITH	Shawn	0	-----	M	1903	9597	Place-24
SMITH	Sarah	0	-----	F	1903	9599	Place-28
SMITH	Jenkins	0	-----	M	1903	9605	Place-17
SMITH	James	0	-----	M	1903	9614	Place-17
SMITH	Sharon	0	-----	F	1903	9621	Place-26
SMITH	Sharon	0	-----	F	1903	9626	Place-28
SMITH	Bob	0	-----	M	1903	9631	Place-2
SMITH	Selina	0	-----	F	1903	9633	Place-17
SMITH	Sheila	0	-----	F	1903	9636	Place-13
SMITH	Jenkins	0	-----	M	1903	9642	Place-21
SMITH	Jim	0	-----	M	1903	9652	Place-10
SMITH	Bob	0	-----	M	1903	9660	Place-26
SMITH	Sharon	0	-----	F	1903	9665	Place-8
SMITH	Susan	0	-----	F	1903	9666	Place-10
SMITH	Sarah	0	-----	F	1903	9667	Place-4
SMITH	Sharon	0	-----	F	1903	9681	Place-6
SMITH	Sharon	20	-----	F	1904	9691	Place-26
SMITH	Shawn	20	-----	M	1904	6952	Place-7
SMITH	Jim	18	-----	M	1904	7242	Place-8
SMITH	Suzanne	48	-----	F	1904	4353	Place-26
SMITH	Jim	26	-----	M	1904	6352	Place-17
SMITH	Bob	27	-----	M	1904	6192	Place-7
SMITH	Sharon	58	-----	F	1904	8787	Place-16
SMITH	Briony	46	-----	F	1904	8788	Place-14
SMITH	Seonaid	26	-----	F	1904	6331	Place-24
SMITH	Sarah	54	-----	F	1904	5873	Place-29
SMITH	Briony	55	-----	F	1904	7189	Place-13
SMITH	James	62	-----	M	1904	3444	Place-7
SMITH	Briony	25	-----	F	1904	6456	Place-25
SMITH	Shawn	20	-----	M	1904	7001	Place-22
SMITH	Joseph	25	-----	M	1904	6444	Place-2
SMITH	Selina	48	-----	F	1904	9077	Place-12
SMITH	Paulo	40	-----	M	1904	5006	Place-5
SMITH	Shawn	37	-----	M	1904	5258	Place-23
SMITH	Selina	57	-----	F	1904	3729	Place-4
SMITH	Paulo	34	-----	M	1904	5488	Place-8
SMITH	James	56	-----	M	1904	3816	Place-14
SMITH	Suzanne	58	-----	F	1904	3675	Place-1
SMITH	Selina	32	-----	F	1904	7951	Place-7
SMITH	Joseph	57	-----	M	1904	3774	Place-22
SMITH	Susan	49	-----	F	1904	7437	Place-15
SMITH	James	46	-----	M	1904	4547	Place-19
SMITH	Selina	42	-----	F	1904	4825	Place-29
SMITH	Seonaid	53	-----	F	1904	6830	Place-23
SMITH	Paulo	26	-----	M	1904	6359	Place-1
SMITH	Selina	22	-----	F	1904	6810	Place-9
SMITH	Sheila	20	-----	F	1904	7009	Place-17
SMITH	Seonaid	18	-----	F	1904	7239	Place-7
SMITH	Jim	18	-----	M	1904	7256	Place-17
SMITH	Joseph	17	-----	M	1904	7347	Place-22
SMITH	Sharon	17	-----	F	1904	7397	Place-8
SMITH	James	16	-----	M	1904	7522	Place-23
SMITH	Jacob	13	-----	M	1904	7884	Place-25
SMITH	Suzanne	12	-----	F	1904	7967	Place-18
SMITH	Sheila	12	-----	F	1904	7970	Place-1
SMITH	Sarah	11	-----	F	1904	8237	Place-8
SMITH	James	10	-----	M	1904	8306	Place-3
SMITH	Selina	8	-----	F	1904	8542	Place-10
SMITH	Paulo	8	-----	M	1904	8569	Place-28
SMITH	Jacob	7	-----	M	1904	8729	Place-10
SMITH	Shawn	7	-----	M	1904	8750	Place-6
SMITH	Jacob	6	-----	M	1904	8869	Place-3
SMITH	Briony	4	-----	F	1904	9183	Place-19
SMITH	Jenkins	3	-----	M	1904	9301	Place-29
SMITH	Seonaid	2	-----	F	1904	9412	Place-4
SMITH	Selina	2	-----	F	1904	9435	Place-7
SMITH	Susan	1	-----	F	1904	9552	Place-18
SMITH	Jim	1	-----	M	1904	9553	Place-22
SMITH	Bob	1	-----	M	1904	9558	Place-9
SMITH	Sharon	1	-----	F	1904	9561	Place-19
SMITH	Bob	1	-----	M	1904	9563	Place-17
SMITH	Sheila	1	-----	F	1904	9564	Place-3
SMITH	Sheila	1	-----	F	1904	9565	Place-21
SMITH	Sarah	1	-----	F	1904	9567	Place-14
SMITH	Sheila	1	-----	F	1904	9582	Place-13
SMITH	Bob	1	-----	M	1904	9584	Place-4
SMITH	Briony	1	-----	F	1904	9594	Place-8
SMITH	Seonaid	1	-----	F	1904	9596	Place-4
SMITH	Sarah	1	-----	F	1904	9602	Place-9
SMITH	Jenkins	1	-----	M	1904	9607	Place-12
SMITH	Sarah	1	-----	F	1904	9613	Place-22
SMITH	Briony	1	-----	F	1904	9623	Place-24
SMITH	James	1	-----	M	1904	9627	Place-22
SMITH	Bob	1	-----	M	1904	9628	Place-9
SMITH	Selina	1	-----	F	1904	9634	Place-0
SMITH	Paulo	1	-----	M	1904	9635	Place-26
SMITH	Seonaid	1	-----	F	1904	9637	Place-28
SMITH	Sharon	1	-----	F	1904	9640	Place-19
SMITH	Suzanne	1	-----	F	1904	9658	Place-23
SMITH	Sarah	1	-----	F	1904	9659	Place-15
SMITH	Sarah	1	-----	F	1904	9662	Place-19
SMITH	Paulo	1	-----	M	1904	9670	Place-17
SMITH	James	1	-----	M	1904	9675	Place-23
SMITH	Bob	1	-----	M	1904	9676	Place-5
SMITH	Briony	1	-----	F	1904	9677	Place-21
SMITH	Jacob	1	-----	M	1904	9680	Place-29
SMITH	Jenkins	1	-----	M	1904	9684	Place-24
SMITH	Jim	0	-----	M	1904	9706	Place-5
SMITH	Jim	0	-----	M	1904	9709	Place-4
SMITH	James	0	-----	M	1904	9717	Place-3
SMITH	Selina	0	-----	F	1904	9718	Place-22
SMITH	Briony	0	-----	F	1904	9724	Place-25
SMITH	James	0	-----	M	1904	9725	Place-19
SMITH	Paulo	0	-----	M	1904	9727	Place-5
SMITH	Paulo	0	-----	M	1904	9738	Place-16
SMITH	Sarah	0	-----	F	1904	9741	Place-13
SMITH	Selina	0	-----	F	1904	9744	Place-14
SMITH	Bob	0	-----	M	1904	9745	Place-29
SMITH	Selina	0	-----	F	1904	9748	Place-29
SMITH	Susan	0	-----	F	1904	9751	Place-4
SMITH	Sharon	0	-----	F	1904	9759	Place-24
SMITH	Joseph	0	-----	M	1904	9764	Place-18
SMITH	Susan	0	-----	F	1904	9768	Place-18
SMITH	Sheila	0	-----	F	1904	9770	Place-16
SMITH	Sheila	0	-----	F	1904	9774	Place-13
SMITH	Sarah	0	-----	F	1904	9777	Place-22
SMITH	Sheila	0	-----	F	1904	9779	Place-25
SMITH	Shawn	0	-----	M	1904	9782	Place-28
SMITH	Suzanne	0	-----	F	1904	9795	Place-9
SMITH	Jim	0	-----	M	1904	9796	Place-28
SMITH	Jacob	0	-----	M	1904	9804	Place-21
SMITH	Suzanne	0	-----	F	1904	9805	Place-6
SMITH	Jim	0	-----	M	1904	9807	Place-23
SMITH	Sheila	0	-----	F	1904	9815	Place-22
SMITH	Paulo	0	-----	M	1904	9816	Place-11
SMITH	James	0	-----	M	1904	9819	Place-7
SMITH	Selina	0	-----	F	1904	9826	Place-14
SMITH	Paulo	0	-----	M	1904	9827	Place-22
SMITH	Briony	0	-----	F	1904	9828	Place-0
SMITH	Sharon	0	-----	F	1904	9831	Place-6
SMITH	Seonaid	0	-----	F	1904	9835	Place-11
SMITH	Sharon	56	-----	F	1905	9689	Place-20
SMITH	Sharon	19	-----	F	1905	7273	Place-6
SMITH	Sheila	20	-----	F	1905	7139	Place-15
SMITH	Briony	19	-----	F	1905	7248	Place-19
SMITH	Suzanne	13	-----	F	1905	8098	Place-22
SMITH	Sarah	27	-----	F	1905	6316	Place-28
SMITH	Paulo	57	-----	M	1905	3842	Place-13
SMITH	Susan	26	-----	F	1905	6468	Place-25
SMITH	Shawn	21	-----	M	1905	6956	Place-12
SMITH	Jim	21	-----	M	1905	7012	Place-29
SMITH	Shawn	21	-----	M	1905	7046	Place-19
SMITH	Shawn	6	-----	M	1905	8944	Place-28
SMITH	Sarah	20	-----	F	1905	7168	Place-26
SMITH	Jacob	45	-----	M	1905	4685	Place-6
SMITH	Seonaid	41	-----	F	1905	4998	Place-16
SMITH	Joseph	29	-----	M	1905	6129	Place-14
SMITH	Paulo	37	-----	M	1905	5369	Place-2
SMITH	Joseph	55	-----	M	1905	3959	Place-14
SMITH	Jenkins	46	-----	M	1905	4594	Place-24
SMITH	Joseph	55	-----	M	1905	3936	Place-13
SMITH	Sharon	56	-----	F	1905	5769	Place-5
SMITH	Selina	25	-----	F	1905	6542	Place-28
SMITH	Seonaid	55	-----	F	1905	6942	Place-0
SMITH	Susan	55	-----	F	1905	3939	Place-7
SMITH	Bob	25	-----	M	1905	6545	Place-21
SMITH	Paulo	23	-----	M	1905	6737	Place-24
SMITH	Jenkins	56	-----	M	1905	3859	Place-20
SMITH	Bob	60	-----	M	1905	3626	Place-7
SMITH	Jacob	35	-----	M	1905	5507	Place-8
SMITH	Jacob	32	-----	M	1905	5790	Place-10
SMITH	Paulo	59	-----	M	1905	3687	Place-20
SMITH	Joseph	18	-----	M	1905	7424	Place-17
SMITH	Jenkins	55	-----	M	1905	3940	Place-2
SMITH	Sarah	49	-----	F	1905	4379	Place-5
SMITH	Selina	35	-----	F	1905	5566	Place-2
SMITH	Jenkins	15	-----	M	1905	7802	Place-5
SMITH	Bob	39	-----	M	1905	5169	Place-28
SMITH	Jenkins	36	-----	M	1905	5429	Place-7
SMITH	Shawn	27	-----	M	1905	6313	Place-10
SMITH	Jim	22	-----	M	1905	6884	Place-1
SMITH	James	20	-----	M	1905	7107	Place-0
SMITH	Briony	19	-----	F	1905	7230	Place-19
SMITH	Suzanne	19	-----	F	1905	7249	Place-29
SMITH	Sharon	17	-----	F	1905	7542	Place-18
SMITH	Sarah	16	-----	F	1905	7652	Place-11
SMITH	Sharon	15	-----	F	1905	7799	Place-17
SMITH	Susan	14	-----	F	1905	7860	Place-24
SMITH	Bob	13	-----	M	1905	7991	Place-0
SMITH	Jacob	13	-----	M	1905	7994	Place-10
SMITH	Selina	13	-----	F	1905	8083	Place-23
SMITH	Briony	11	-----	F	1905	8270	Place-27
SMITH	Sarah	11	-----	F	1905	8316	Place-16
SMITH	Shawn	9	-----	M	1905	8529	Place-6
SMITH	Jenkins	9	-----	M	1905	8624	Place-0
SMITH	Sheila	8	-----	F	1905	8775	Place-18
SMITH	Joseph	7	-----	M	1905	8867	Place-17
SMITH	Paulo	5	-----	M	1905	9102	Place-22
SMITH	Jenkins	5	-----	M	1905	9208	Place-26
SMITH	Bob	5	-----	M	1905	9221	Place-19
SMITH	Suzanne	4	-----	F	1905	9263	Place-11
SMITH	Jenkins	4	-----	M	1905	9344	Place-22
SMITH	Sharon	3	-----	F	1905	9463	Place-4
SMITH	Susan	1	-----	F	1905	9708	Place-28
SMITH	Sheila	1	-----	F	1905	9719	Place-17
SMITH	Shawn	1	-----	M	1905	9723	Place-12
SMITH	Selina	1	-----	F	1905	9729	Place-26
SMITH	Jenkins	1	-----	M	1905	9732	Place-2
SMITH	Jacob	1	-----	M	1905	9736	Place-14
SMITH	Seonaid	1	-----	F	1905	9737	Place-6
SMITH	Suzanne	1	-----	F	1905	9746	Place-18
SMITH	Bob	1	-----	M	1905	9756	Place-2
SMITH	Seonaid	1	-----	F	1905	9760	Place-4
SMITH	Paulo	1	-----	M	1905	9766	Place-20
SMITH	Sheila	1	-----	F	1905	9773	Place-14
SMITH	Sheila	1	-----	F	1905	9775	Place-7
SMITH	Shawn	1	-----	M	1905	9783	Place-29
SMITH	Bob	1	-----	M	1905	9788	Place-25
SMITH	Jenkins	1	-----	M	1905	9799	Place-23
SMITH	Paulo	1	-----	M	1905	9801	Place-2
SMITH	Joseph	1	-----	M	1905	9806	Place-1
SMITH	Jenkins	1	-----	M	1905	9809	Place-9
SMITH	Selina	1	-----	F	1905	9810	Place-24
SMITH	James	1	-----	M	1905	9812	Place-10
SMITH	Paulo	1	-----	M	1905	9813	Place-19
SMITH	Shawn	1	-----	M	1905	9830	Place-7
SMITH	Susan	1	-----	F	1905	9832	Place-9
SMITH	Briony	1	-----	F	1905	9834	Place-14
SMITH	Suzanne	0	-----	F	1905	9855	Place-5
SMITH	Paulo	0	-----	M	1905	9863	Place-17
SMITH	Jenkins	0	-----	M	1905	9872	Place-24
SMITH	Sharon	0	-----	F	1905	9873	Place-3
SMITH	Sarah	0	-----	F	1905	9883	Place-8
SMITH	Jenkins	0	-----	M	1905	9885	Place-28
SMITH	Sharon	0	-----	F	1905	9891	Place-26
SMITH	Sheila	0	-----	F	1905	9895	Place-19
SMITH	Joseph	0	-----	M	1905	9899	Place-22
SMITH	Jenkins	0	-----	M	1905	9901	Place-16
SMITH	Paulo	0	-----	M	1905	9904	Place-13
SMITH	Suzanne	0	-----	F	1905	9915	Place-9
SMITH	Paulo	0	-----	M	1905	9919	Place-28
SMITH	Susan	0	-----	F	1905	9920	Place-25
SMITH	Briony	0	-----	F	1905	9923	Place-21
SMITH	Sheila	0	-----	F	1905	9931	Place-17
SMITH	Sheila	0	-----	F	1905	9932	Place-14
SMITH	Sharon	0	-----	F	1905	9938	Place-12
SMITH	Sheila	0	-----	F	1905	9943	Place-6
SMITH	Seonaid	0	-----	F	1905	9951	Place-14
SMITH	Bob	0	-----	M	1905	9966	Place-15
SMITH	Jim	0	-----	M	1905	9970	Place-25
SMITH	Shawn	0	-----	M	1905	9971	Place-15
SMITH	Susan	0	-----	F	1905	9975	Place-16
SMITH	Bob	0	-----	M	1905	9978	Place-2
SMITH	Shawn	0	-----	M	1905	9979	Place-13
SMITH	Jacob	0	-----	M	1905	9985	Place-26
SMITH	Jim	0	-----	M	1905	9986	Place-2
SMITH	Briony	0	-----	F	1905	9989	Place-10
SMITH	Bob	0	-----	M	1905	9995	Place-24
SMITH	Joseph	0	-----	M	1905	10002	Place-27
SMITH	Sharon	0	-----	F	1905	10013	Place-27
SMITH	Sarah	21	-----	F	1906	10023	Place-2
SMITH	Jim	26	-----	M	1906	6551	Place-23
SMITH	Seonaid	55	-----	F	1906	9537	Place-0
SMITH	Paulo	1	-----	M	1906	10010	Place-20
SMITH	Suzanne	56	-----	F	1906	9838	Place-21
SMITH	Jacob	23	-----	M	1906	6850	Place-2
SMITH	Paulo	18	-----	M	1906	7451	Place-14
SMITH	Selina	56	-----	F	1906	9398	Place-4
SMITH	Sarah	56	-----	F	1906	9402	Place-4
SMITH	Joseph	57	-----	M	1906	3876	Place-4
SMITH	Seonaid	35	-----	F	1906	5642	Place-16
SMITH	James	57	-----	M	1906	3901	Place-4
SMITH	Susan	51	-----	F	1906	9087	Place-18
SMITH	Suzanne	16	-----	F	1906	7759	Place-10
SMITH	Jenkins	54	-----	M	1906	4088	Place-12
SMITH	Susan	55	-----	F	1906	5874	Place-17
SMITH	Sarah	32	-----	F	1906	5923	Place-15
SMITH	Susan	15	-----	F	1906	7823	Place-4
SMITH	Paulo	16	-----	M	1906	7783	Place-14
SMITH	Jim	56	-----	M	1906	3965	Place-4
SMITH	Suzanne	58	-----	F	1906	3821	Place-25
SMITH	Briony	34	-----	F	1906	7950	Place-4
SMITH	Sharon	50	-----	F	1906	7061	Place-8
SMITH	Paulo	55	-----	M	1906	3999	Place-15
SMITH	Bob	55	-----	M	1906	4028	Place-14
SMITH	Briony	17	-----	F	1906	7603	Place-0
SMITH	Sheila	16	-----	F	1906	7702	Place-12
SMITH	Sarah	15	-----	F	1906	7826	Place-13
SMITH	Selina	14	-----	F	1906	8072	Place-0
SMITH	Susan	14	-----	F	1906	8097	Place-28
SMITH	Sarah	12	-----	F	1906	8357	Place-17
SMITH	Jenkins	11	-----	M	1906	8402	Place-15
SMITH	Jim	11	-----	M	1906	8449	Place-0
SMITH	Seonaid	10	-----	F	1906	8544	Place-4
SMITH	Seonaid	10	-----	F	1906	8636	Place-26
SMITH	Joseph	8	-----	M	1906	8875	Place-5
SMITH	Jacob	7	-----	M	1906	8955	Place-24
SMITH	Sheila	7	-----	F	1906	9007	Place-28
SMITH	Jim	7	-----	M	1906	9069	Place-0
SMITH	Sarah	5	-----	F	1906	9252	Place-24
SMITH	James	4	-----	M	1906	9450	Place-17
SMITH	Suzanne	3	-----	F	1906	9618	Place-0
SMITH	Jim	1	-----	M	1906	9853	Place-7
SMITH	Seonaid	1	-----	F	1906	9864	Place-2
SMITH	Jacob	1	-----	M	1906	9866	Place-26
SMITH	Jim	1	-----	M	1906	9868	Place-17
SMITH	Sharon	1	-----	F	1906	9870	Place-21
SMITH	Briony	1	-----	F	1906	9876	Place-4
SMITH	Bob	1	-----	M	1906	9880	Place-13
SMITH	Briony	1	-----	F	1906	9881	Place-25
SMITH	Susan	1	-----	F	1906	9887	Place-22
SMITH	James	1	-----	M	1906	9896	Place-1
SMITH	Sarah	1	-----	F	1906	9898	Place-12
SMITH	Seonaid	1	-----	F	1906	9906	Place-11
SMITH	James	1	-----	M	1906	9909	Place-0
SMITH	Shawn	1	-----	M	1906	9914	Place-9
SMITH	Briony	1	-----	F	1906	9922	Place-22
SMITH	Briony	1	-----	F	1906	9926	Place-12
SMITH	Sarah	1	-----	F	1906	9940	Place-17
SMITH	Joseph	1	-----	M	1906	9942	Place-26
SMITH	Seonaid	1	-----	F	1906	9956	Place-25
SMITH	Susan	1	-----	F	1906	9965	Place-26
SMITH	James	1	-----	M	1906	9968	Place-25
SMITH	Briony	1	-----	F	1906	9972	Place-6
SMITH	Joseph	1	-----	M	1906	9974	Place-11
SMITH	Paulo	1	-----	M	1906	9984	Place-21
SMITH	James	1	-----	M	1906	9994	Place-17
SMITH	Jenkins	1	-----	M	1906	10001	Place-22
SMITH	Sarah	1	-----	F	1906	10006	Place-17
SMITH	Paulo	0	-----	M	1906	10046	Place-16
SMITH	Seonaid	0	-----	F	1906	10051	Place-9
SMITH	Jenkins	0	-----	M	1906	10053	Place-5
SMITH	Sharon	0	-----	F	1906	10054	Place-15
SMITH	Jacob	0	-----	M	1906	10060	Place-3
SMITH	Paulo	0	-----	M	1906	10061	Place-10
SMITH	Joseph	0	-----	M	1906	10064	Place-26
SMITH	Selina	0	-----	F	1906	10065	Place-3
SMITH	James	0	-----	M	1906	10076	Place-0
SMITH	Jacob	0	-----	M	1906	10080	Place-18
SMITH	Sharon	0	-----	F	1906	10081	Place-9
SMITH	Sheila	0	-----	F	1906	10090	Place-26
SMITH	Jim	0	-----	M	1906	10093	Place-26
SMITH	Joseph	0	-----	M	1906	10094	Place-6
SMITH	Bob	0	-----	M	1906	10104	Place-17
SMITH	Paulo	0	-----	M	1906	10120	Place-11
SMITH	Selina	0	-----	F	1906	10132	Place-0
SMITH	Jacob	0	-----	M	1906	10137	Place-26
SMITH	Sarah	0	-----	F	1906	10138	Place-2
SMITH	Susan	0	-----	F	1906	10141	Place-26
SMITH	Shawn	0	-----	M	1906	10143	Place-24
SMITH	Shawn	0	-----	M	1906	10149	Place-22
SMITH	Sheila	0	-----	F	1906	10150	Place-0
SMITH	Bob	0	-----	M	1906	10157	Place-6
SMITH	Joseph	0	-----	M	1906	10158	Place-12
SMITH	Jenkins	0	-----	M	1906	10162	Place-21
SMITH	Shawn	54	-----	M	1907	4129	Place-28
SMITH	Suzanne	55	-----	F	1907	4079	Place-8
SMITH	Seonaid	49	-----	F	1907	8262	Place-2
SMITH	Seonaid	41	-----	F	1907	5142	Place-8
SMITH	Shawn	50	-----	M	1907	4468	Place-13
SMITH	Briony	59	-----	F	1907	9531	Place-16
SMITH	Shawn	57	-----	M	1907	3943	Place-14
SMITH	Jim	55	-----	M	1907	4057	Place-15
SMITH	James	32	-----	M	1907	6033	Place-28
SMITH	Paulo	32	-----	M	1907	5995	Place-10
SMITH	Jim	22	-----	M	1907	7109	Place-26
SMITH	Shawn	55	-----	M	1907	4103	Place-4
SMITH	Sharon	47	-----	F	1907	8930	Place-26
SMITH	Susan	26	-----	F	1907	6645	Place-22
SMITH	Jenkins	46	-----	M	1907	4755	Place-26
SMITH	Susan	57	-----	F	1907	9084	Place-13
SMITH	Jenkins	26	-----	M	1907	6619	Place-3
SMITH	Shawn	14	-----	M	1907	8239	Place-8
SMITH	Seonaid	46	-----	F	1907	9079	Place-26
SMITH	Suzanne	31	-----	F	1907	6150	Place-23
SMITH	Selina	55	-----	F	1907	7066	Place-27
SMITH	Sharon	57	-----	F	1907	8652	Place-16
SMITH	Paulo	57	-----	M	1907	3951	Place-21
SMITH	Seonaid	59	-----	F	1907	3813	Place-27
SMITH	Sharon	39	-----	F	1907	5306	Place-15
SMITH	Sarah	43	-----	F	1907	5003	Place-19
SMITH	Sheila	57	-----	F	1907	7194	Place-20
SMITH	Bob	55	-----	M	1907	4068	Place-17
SMITH	Susan	56	-----	F	1907	6829	Place-14
SMITH	Jacob	55	-----	M	1907	4069	Place-22
SMITH	Jim	18	-----	M	1907	7649	Place-17
SMITH	Bob	17	-----	M	1907	7721	Place-19
SMITH	Briony	16	-----	F	1907	7838	Place-24
SMITH	James	15	-----	M	1907	8075	Place-23
SMITH	Briony	13	-----	F	1907	8370	Place-21
SMITH	Paulo	12	-----	M	1907	8500	Place-28
SMITH	Seonaid	10	-----	F	1907	8752	Place-16
SMITH	Paulo	9	-----	M	1907	8833	Place-28
SMITH	Jenkins	9	-----	M	1907	8893	Place-0
SMITH	Selina	9	-----	F	1907	8908	Place-10
SMITH	Jacob	8	-----	M	1907	8964	Place-6
SMITH	Shawn	7	-----	M	1907	9124	Place-7
SMITH	Sheila	7	-----	F	1907	9184	Place-20
SMITH	Selina	7	-----	F	1907	9188	Place-15
SMITH	Jacob	6	-----	M	1907	9388	Place-17
SMITH	Jacob	5	-----	M	1907	9430	Place-13
SMITH	Jim	4	-----	M	1907	9571	Place-12
SMITH	Selina	4	-----	F	1907	9661	Place-25
SMITH	Sarah	2	-----	F	1907	9875	Place-7
SMITH	Sarah	2	-----	F	1907	9952	Place-29
SMITH	Shawn	2	-----	M	1907	9999	Place-1
SMITH	James	1	-----	M	1907	10035	Place-17
SMITH	Selina	1	-----	F	1907	10040	Place-17
SMITH	Paulo	1	-----	M	1907	10042	Place-1
SMITH	Joseph	1	-----	M	1907	10049	Place-25
SMITH	Susan	1	-----	F	1907	10062	Place-16
SMITH	Sheila	1	-----	F	1907	10069	Place-9
SMITH	Jim	1	-----	M	1907	10082	Place-26
SMITH	Jenkins	1	-----	M	1907	10083	Place-28
SMITH	Susan	1	-----	F	1907	10084	Place-1
SMITH	Sheila	1	-----	F	1907	10100	Place-26
SMITH	Jacob	1	-----	M	1907	10107	Place-22
SMITH	Sheila	1	-----	F	1907	10110	Place-15
SMITH	Shawn	1	-----	M	1907	10116	Place-29
SMITH	Shawn	1	-----	M	1907	10119	Place-25
SMITH	Jacob	1	-----	M	1907	10122	Place-0
SMITH	Sharon	1	-----	F	1907	10125	Place-22
SMITH	Sarah	1	-----	F	1907	10126	Place-28
SMITH	Jim	1	-----	M	1907	10130	Place-3
SMITH	Sharon	1	-----	F	1907	10140	Place-7
SMITH	Seonaid	0	-----	F	1907	10194	Place-6
SMITH	Jacob	0	-----	M	1907	10197	Place-25
SMITH	Paulo	0	-----	M	1907	10198	Place-8
SMITH	Jim	0	-----	M	1907	10201	Place-7
SMITH	Joseph	0	-----	M	1907	10204	Place-1
SMITH	Selina	0	-----	F	1907	10209	Place-14
SMITH	Sheila	0	-----	F	1907	10210	Place-9
SMITH	Bob	0	-----	M	1907	10229	Place-5
SMITH	Bob	0	-----	M	1907	10232	Place-1
SMITH	Seonaid	0	-----	F	1907	10235	Place-10
SMITH	Jenkins	0	-----	M	1907	10238	Place-28
SMITH	Briony	0	-----	F	1907	10240	Place-5
SMITH	Paulo	0	-----	M	1907	10242	Place-19
SMITH	Jacob	0	-----	M	1907	10244	Place-8
SMITH	Seonaid	0	-----	F	1907	10245	Place-20
SMITH	Suzanne	0	-----	F	1907	10249	Place-10
SMITH	James	0	-----	M	1907	10259	Place-13
SMITH	Joseph	0	-----	M	1907	10262	Place-16
SMITH	Selina	0	-----	F	1907	10263	Place-10
SMITH	Sharon	0	-----	F	1907	10267	Place-19
SMITH	Sarah	0	-----	F	1907	10278	Place-29
SMITH	Suzanne	0	-----	F	1907	10296	Place-28
SMITH	Sarah	0	-----	F	1907	10300	Place-20
SMITH	Suzanne	0	-----	F	1907	10305	Place-23
SMITH	Sarah	0	-----	F	1907	10307	Place-22
SMITH	Shawn	0	-----	M	1907	10310	Place-17
SMITH	Jacob	0	-----	M	1907	10313	Place-9
SMITH	Sheila	48	-----	F	1908	10335	Place-16
SMITH	Suzanne	27	-----	F	1908	10341	Place-24
SMITH	Bob	56	-----	M	1908	4107	Place-20
SMITH	Jacob	56	-----	M	1908	4099	Place-8
SMITH	Sarah	56	-----	F	1908	7564	Place-11
SMITH	Sharon	33	-----	F	1908	5971	Place-11
SMITH	Jenkins	48	-----	M	1908	4694	Place-10
SMITH	Jacob	47	-----	M	1908	4760	Place-20
SMITH	Susan	50	-----	F	1908	4539	Place-28
SMITH	Sarah	56	-----	F	1908	9843	Place-22
SMITH	Sharon	22	-----	F	1908	7228	Place-15
SMITH	Briony	49	-----	F	1908	8387	Place-5
SMITH	Seonaid	27	-----	F	1908	6625	Place-2
SMITH	Suzanne	30	-----	F	1908	9529	Place-3
SMITH	Sheila	61	-----	F	1908	7947	Place-4
SMITH	Sheila	67	-----	F	1908	6505	Place-17
SMITH	Selina	23	-----	F	1908	7130	Place-4
SMITH	Selina	40	-----	F	1908	9536	Place-18
SMITH	Susan	39	-----	F	1908	5389	Place-26
SMITH	Suzanne	52	-----	F	1908	8385	Place-0
SMITH	Seonaid	62	-----	F	1908	7065	Place-2
SMITH	Briony	58	-----	F	1908	8923	Place-11
SMITH	Shawn	50	-----	M	1908	4542	Place-23
SMITH	Bob	60	-----	M	1908	3825	Place-18
SMITH	Sharon	55	-----	F	1908	7321	Place-17
SMITH	Bob	57	-----	M	1908	3992	Place-1
SMITH	Paulo	55	-----	M	1908	4125	Place-3
SMITH	Jenkins	28	-----	M	1908	6594	Place-9
SMITH	Sharon	56	-----	F	1908	8802	Place-7
SMITH	Susan	57	-----	F	1908	5477	Place-29
SMITH	Susan	55	-----	F	1908	4150	Place-5
SMITH	Bob	28	-----	M	1908	6520	Place-11
SMITH	Jenkins	28	-----	M	1908	6554	Place-17
SMITH	James	26	-----	M	1908	6781	Place-16
SMITH	Susan	23	-----	F	1908	7081	Place-17
SMITH	Jacob	18	-----	M	1908	7726	Place-23
SMITH	Paulo	17	-----	M	1908	7895	Place-17
SMITH	James	16	-----	M	1908	7961	Place-23
SMITH	Susan	16	-----	F	1908	8042	Place-20
SMITH	Briony	14	-----	F	1908	8268	Place-2
SMITH	Joseph	14	-----	M	1908	8288	Place-14
SMITH	Selina	13	-----	F	1908	8428	Place-7
SMITH	Susan	13	-----	F	1908	8481	Place-24
SMITH	Shawn	12	-----	M	1908	8595	Place-25
SMITH	Briony	11	-----	F	1908	8776	Place-20
SMITH	Shawn	10	-----	M	1908	8880	Place-28
SMITH	Jim	9	-----	M	1908	8946	Place-11
SMITH	Jim	9	-----	M	1908	9071	Place-10
SMITH	Sharon	8	-----	F	1908	9140	Place-28
SMITH	Jacob	7	-----	M	1908	9278	Place-18
SMITH	Sarah	7	-----	F	1908	9384	Place-22
SMITH	Jacob	7	-----	M	1908	9385	Place-12
SMITH	Jenkins	6	-----	M	1908	9479	Place-7
SMITH	Sarah	4	-----	F	1908	9794	Place-21
SMITH	Briony	4	-----	F	1908	9808	Place-16
SMITH	Selina	4	-----	F	1908	9822	Place-5
SMITH	James	3	-----	M	1908	9892	Place-8
SMITH	Seonaid	2	-----	F	1908	10066	Place-13
SMITH	Shawn	2	-----	M	1908	10073	Place-28
SMITH	Selina	1	-----	F	1908	10187	Place-26
SMITH	Joseph	1	-----	M	1908	10188	Place-19
SMITH	Sharon	1	-----	F	1908	10190	Place-12
SMITH	Jenkins	1	-----	M	1908	10193	Place-8
SMITH	Susan	1	-----	F	1908	10200	Place-28
SMITH	Sarah	1	-----	F	1908	10206	Place-29
SMITH	Jim	1	-----	M	1908	10215	Place-27
SMITH	Joseph	1	-----	M	1908	10218	Place-9
SMITH	Suzanne	1	-----	F	1908	10221	Place-25
SMITH	Seonaid	1	-----	F	1908	10257	Place-16
SMITH	Shawn	1	-----	M	1908	10258	Place-24
SMITH	Shawn	1	-----	M	1908	10268	Place-28
SMITH	Sarah	1	-----	F	1908	10269	Place-20
SMITH	Seonaid	1	-----	F	1908	10274	Place-15
SMITH	Briony	1	-----	F	1908	10277	Place-16
SMITH	Seonaid	1	-----	F	1908	10288	Place-17
SMITH	Jacob	1	-----	M	1908	10298	Place-16
SMITH	Joseph	1	-----	M	1908	10302	Place-22
SMITH	Shawn	1	-----	M	1908	10308	Place-9
SMITH	Sarah	1	-----	F	1908	10319	Place-16
SMITH	James	1	-----	M	1908	10320	Place-21
SMITH	Susan	0	-----	F	1908	10344	Place-8
SMITH	Briony	0	-----	F	1908	10345	Place-16
SMITH	Jim	0	-----	M	1908	10361	Place-21
SMITH	Paulo	0	-----	M	1908	10370	Place-4
SMITH	Briony	0	-----	F	1908	10372	Place-11
SMITH	Sharon	0	-----	F	1908	10373	Place-2
SMITH	Briony	0	-----	F	1908	10383	Place-17
SMITH	Susan	0	-----	F	1908	10385	Place-11
SMITH	Jacob	0	-----	M	1908	10396	Place-2
SMITH	Briony	0	-----	F	1908	10397	Place-25
SMITH	Sharon	0	-----	F	1908	10406	Place-0
SMITH	Sarah	0	-----	F	1908	10408	Place-29
SMITH	Selina	0	-----	F	1908	10419	Place-6
SMITH	Sheila	0	-----	F	1908	10425	Place-9
SMITH	Paulo	0	-----	M	1908	10426	Place-16
SMITH	Selina	0	-----	F	1908	10433	Place-1
SMITH	Sharon	0	-----	F	1908	10434	Place-22
SMITH	Seonaid	0	-----	F	1908	10438	Place-2
SMITH	Sharon	0	-----	F	1908	10446	Place-9
SMITH	Shawn	0	-----	M	1908	10450	Place-7
SMITH	Sharon	0	-----	F	1908	10452	Place-6
SMITH	Joseph	0	-----	M	1908	10454	Place-15
SMITH	Briony	0	-----	F	1908	10457	Place-22
SMITH	Jenkins	0	-----	M	1908	10461	Place-26
SMITH	Susan	0	-----	F	1908	10462	Place-29
SMITH	Sarah	0	-----	F	1908	10464	Place-16
SMITH	Suzanne	0	-----	F	1908	10469	Place-16
SMITH	Sarah	0	-----	F	1908	10472	Place-9
SMITH	Suzanne	0	-----	F	1908	10473	Place-22
SMITH	Jim	0	-----	M	1908	10480	Place-8
SMITH	Bob	0	-----	M	1908	10481	Place-6
SMITH	James	0	-----	M	1908	10483	Place-28
SMITH	Sharon	24	-----	F	1909	7076	Place-18
SMITH	Sharon	60	-----	F	1909	3899	Place-17
SMITH	Shawn	41	-----	M	1909	5314	Place-17
SMITH	Seonaid	17	-----	F	1909	8034	Place-14
SMITH	Sharon	55	-----	F	1909	10325	Place-12
SMITH	Paulo	57	-----	M	1909	4093	Place-4
SMITH	Suzanne	27	-----	F	1909	6738	Place-12
SMITH	Sarah	55	-----	F	1909	8926	Place-22
SMITH	Paulo	50	-----	M	1909	4598	Place-15
SMITH	Bob	22	-----	M	1909	7336	Place-18
SMITH	Selina	48	-----	F	1909	9694	Place-15
SMITH	Jenkins	55	-----	M	1909	4247	Place-12
SMITH	Paulo	31	-----	M	1909	6321	Place-17
SMITH	Susan	41	-----	F	1909	8661	Place-26
SMITH	Selina	36	-----	F	1909	7953	Place-14
SMITH	Jim	58	-----	M	1909	4022	Place-22
SMITH	Seonaid	54	-----	F	1909	4304	Place-15
SMITH	Joseph	17	-----	M	1909	8019	Place-29
SMITH	Susan	9	-----	F	1909	9214	Place-6
SMITH	Paulo	50	-----	M	1909	4615	Place-23
SMITH	Selina	14	-----	F	1909	8435	Place-14
SMITH	Susan	57	-----	F	1909	4083	Place-24
SMITH	Paulo	60	-----	M	1909	3898	Place-28
SMITH	Jacob	31	-----	M	1909	6283	Place-5
SMITH	James	55	-----	M	1909	4256	Place-23
SMITH	Seonaid	58	-----	F	1909	7191	Place-23
SMITH	Suzanne	55	-----	F	1909	6935	Place-25
SMITH	Jenkins	56	-----	M	1909	4184	Place-11
SMITH	Paulo	57	-----	M	1909	4109	Place-7
SMITH	Sharon	26	-----	F	1909	6929	Place-28
SMITH	Seonaid	25	-----	F	1909	7003	Place-19
SMITH	Shawn	17	-----	M	1909	8030	Place-25
SMITH	Sarah	16	-----	F	1909	8186	Place-24
SMITH	Paulo	15	-----	M	1909	8297	Place-4
SMITH	Shawn	13	-----	M	1909	8567	Place-6
SMITH	Jacob	13	-----	M	1909	8650	Place-25
SMITH	Sarah	12	-----	F	1909	8717	Place-3
SMITH	Joseph	11	-----	M	1909	8827	Place-15
SMITH	Susan	10	-----	F	1909	9004	Place-12
SMITH	Jacob	10	-----	M	1909	9044	Place-0
SMITH	Jenkins	10	-----	M	1909	9050	Place-6
SMITH	Suzanne	8	-----	F	1909	9266	Place-0
SMITH	Jacob	7	-----	M	1909	9449	Place-15
SMITH	Jim	5	-----	M	1909	9778	Place-16
SMITH	Jenkins	4	-----	M	1909	9893	Place-10
SMITH	Suzanne	4	-----	F	1909	9936	Place-10
SMITH	Sharon	3	-----	F	1909	10135	Place-7
SMITH	Jim	2	-----	M	1909	10253	Place-29
SMITH	Seonaid	1	-----	F	1909	10347	Place-16
SMITH	Suzanne	1	-----	F	1909	10348	Place-22
SMITH	Jacob	1	-----	M	1909	10356	Place-13
SMITH	Jim	1	-----	M	1909	10360	Place-19
SMITH	Jenkins	1	-----	M	1909	10362	Place-24
SMITH	Seonaid	1	-----	F	1909	10363	Place-25
SMITH	Joseph	1	-----	M	1909	10365	Place-23
SMITH	Suzanne	1	-----	F	1909	10375	Place-7
SMITH	Susan	1	-----	F	1909	10388	Place-12
SMITH	Joseph	1	-----	M	1909	10392	Place-24
SMITH	Sarah	1	-----	F	1909	10414	Place-9
SMITH	Shawn	1	-----	M	1909	10415	Place-15
SMITH	Suzanne	1	-----	F	1909	10417	Place-20
SMITH	Selina	1	-----	F	1909	10418	Place-15
SMITH	Seonaid	1	-----	F	1909	10431	Place-17
SMITH	Paulo	1	-----	M	1909	10448	Place-17
SMITH	Shawn	1	-----	M	1909	10453	Place-8
SMITH	Sharon	1	-----	F	1909	10459	Place-24
SMITH	Selina	1	-----	F	1909	10466	Place-9
SMITH	Jenkins	1	-----	M	1909	10468	Place-24
SMITH	Jim	1	-----	M	1909	10476	Place-15
SMITH	Sarah	1	-----	F	1909	10477	Place-20
SMITH	Bob	1	-----	M	1909	10484	Place-8
SMITH	Suzanne	0	-----	F	1909	10513	Place-29
SMITH	Susan	0	-----	F	1909	10516	Place-1
SMITH	Sheila	0	-----	F	1909	10527	Place-6
SMITH	Paulo	0	-----	M	1909	10533	Place-28
SMITH	James	0	-----	M	1909	10541	Place-17
SMITH	Briony	0	-----	F	1909	10546	Place-2
SMITH	Suzanne	0	-----	F	1909	10549	Place-0
SMITH	Sheila	0	-----	F	1909	10552	Place-15
SMITH	Jacob	0	-----	M	1909	10553	Place-29
SMITH	Joseph	0	-----	M	1909	10557	Place-22
SMITH	James	0	-----	M	1909	10560	Place-21
SMITH	Sheila	0	-----	F	1909	10563	Place-8
SMITH	Suzanne	0	-----	F	1909	10571	Place-28
SMITH	Seonaid	0	-----	F	1909	10573	Place-9
SMITH	Briony	0	-----	F	1909	10585	Place-12
SMITH	Selina	0	-----	F	1909	10591	Place-29
SMITH	Jacob	0	-----	M	1909	10592	Place-5
SMITH	Sheila	0	-----	F	1909	10596	Place-28
SMITH	Briony	0	-----	F	1909	10600	Place-16
SMITH	Sarah	0	-----	F	1909	10603	Place-5
SMITH	Sheila	0	-----	F	1909	10615	Place-8
SMITH	Paulo	0	-----	M	1909	10619	Place-5
SMITH	Sheila	0	-----	F	1909	10621	Place-10
SMITH	Sheila	0	-----	F	1909	10622	Place-5
SMITH	Joseph	0	-----	M	1909	10624	Place-0
SMITH	Sarah	0	-----	F	1909	10625	Place-7
SMITH	Briony	0	-----	F	1909	10631	Place-1
SMITH	Susan	0	-----	F	1909	10635	Place-16
SMITH	Jenkins	0	-----	M	1909	10638	Place-5
SMITH	James	0	-----	M	1909	10643	Place-21
SMITH	Bob	0	-----	M	1909	10644	Place-15
SMITH	Jacob	0	-----	M	1909	10646	Place-21
SMITH	Joseph	0	-----	M	1909	10647	Place-14
SMITH	Sharon	0	-----	F	1909	10651	Place-6
SMITH	Jenkins	0	-----	M	1909	10660	Place-1
SMITH	Sheila	56	-----	F	1910	10676	Place-3
SMITH	Sheila	33	-----	F	1910	10680	Place-25
SMITH	Jim	20	-----	M	1910	7727	Place-0
SMITH	James	42	-----	M	1910	5367	Place-4
SMITH	James	25	-----	M	1910	7149	Place-26
SMITH	Shawn	2	-----	M	1910	10475	Place-4
SMITH	Shawn	52	-----	M	1910	4543	Place-5
SMITH	Sharon	55	-----	F	1910	4285	Place-4
SMITH	Shawn	57	-----	M	1910	4137	Place-7
SMITH	Jim	21	-----	M	1910	7668	Place-2
SMITH	James	19	-----	M	1910	7850	Place-14
SMITH	Bob	41	-----	M	1910	5392	Place-1
SMITH	Selina	56	-----	F	1910	9844	Place-9
SMITH	Sharon	57	-----	F	1910	6062	Place-9
SMITH	Briony	60	-----	F	1910	6396	Place-1
SMITH	Suzanne	3	-----	F	1910	10284	Place-2
SMITH	Sharon	26	-----	F	1910	7055	Place-2
SMITH	Joseph	22	-----	M	1910	7485	Place-12
SMITH	Jim	7	-----	M	1910	9578	Place-15
SMITH	Selina	51	-----	F	1910	8121	Place-0
SMITH	Selina	29	-----	F	1910	9234	Place-8
SMITH	Shawn	28	-----	M	1910	6744	Place-1
SMITH	Sarah	58	-----	F	1910	9545	Place-8
SMITH	Jim	22	-----	M	1910	7497	Place-3
SMITH	Shawn	33	-----	M	1910	6221	Place-18
SMITH	Sarah	58	-----	F	1910	7557	Place-3
SMITH	Selina	24	-----	F	1910	7285	Place-23
SMITH	Shawn	27	-----	M	1910	6916	Place-26
SMITH	Joseph	23	-----	M	1910	7374	Place-19
SMITH	Susan	26	-----	F	1910	6988	Place-0
SMITH	Shawn	57	-----	M	1910	4148	Place-6
SMITH	James	59	-----	M	1910	3998	Place-13
SMITH	Bob	33	-----	M	1910	6188	Place-28
SMITH	Joseph	47	-----	M	1910	4898	Place-25
SMITH	Selina	56	-----	F	1910	7324	Place-25
SMITH	Jacob	57	-----	M	1910	4147	Place-10
SMITH	Joseph	61	-----	M	1910	3878	Place-5
SMITH	James	56	-----	M	1910	4227	Place-3
SMITH	Bob	25	-----	M	1910	7099	Place-2
SMITH	Susan	58	-----	F	1910	4094	Place-7
SMITH	Joseph	35	-----	M	1910	6037	Place-0
SMITH	Paulo	33	-----	M	1910	6171	Place-22
SMITH	Briony	28	-----	F	1910	6819	Place-15
SMITH	Shawn	25	-----	M	1910	7120	Place-21
SMITH	Jenkins	23	-----	M	1910	7395	Place-3
SMITH	Suzanne	22	-----	F	1910	7528	Place-10
SMITH	Jim	19	-----	M	1910	7926	Place-16
SMITH	Jacob	17	-----	M	1910	8146	Place-12
SMITH	Selina	15	-----	F	1910	8471	Place-21
SMITH	Suzanne	13	-----	F	1910	8772	Place-13
SMITH	Jim	12	-----	M	1910	8896	Place-24
SMITH	Sharon	11	-----	F	1910	8983	Place-29
SMITH	Susan	11	-----	F	1910	9001	Place-1
SMITH	Sarah	10	-----	F	1910	9120	Place-6
SMITH	Jacob	10	-----	M	1910	9165	Place-13
SMITH	Sheila	10	-----	F	1910	9190	Place-8
SMITH	Sharon	10	-----	F	1910	9197	Place-7
SMITH	Jenkins	9	-----	M	1910	9363	Place-23
SMITH	Seonaid	8	-----	F	1910	9516	Place-23
SMITH	Seonaid	7	-----	F	1910	9664	Place-23
SMITH	James	7	-----	M	1910	9669	Place-6
SMITH	Briony	6	-----	F	1910	9712	Place-24
SMITH	Briony	6	-----	F	1910	9833	Place-21
SMITH	Sharon	5	-----	F	1910	10000	Place-3
SMITH	Sharon	3	-----	F	1910	10231	Place-4
SMITH	James	3	-----	M	1910	10246	Place-18
SMITH	Sharon	2	-----	F	1910	10352	Place-19
SMITH	Suzanne	1	-----	F	1910	10518	Place-2
SMITH	Sheila	1	-----	F	1910	10519	Place-16
SMITH	Briony	1	-----	F	1910	10522	Place-22
SMITH	James	1	-----	M	1910	10534	Place-23
SMITH	Bob	1	-----	M	1910	10535	Place-11
SMITH	Briony	1	-----	F	1910	10536	Place-29
SMITH	Jim	1	-----	M	1910	10537	Place-1
SMITH	Sarah	1	-----	F	1910	10540	Place-26
SMITH	Briony	1	-----	F	1910	10575	Place-14
SMITH	Suzanne	1	-----	F	1910	10583	Place-0
SMITH	Suzanne	1	-----	F	1910	10597	Place-16
SMITH	Suzanne	1	-----	F	1910	10599	Place-10
SMITH	Sheila	1	-----	F	1910	10602	Place-11
SMITH	Suzanne	1	-----	F	1910	10614	Place-28
SMITH	Briony	1	-----	F	1910	10626	Place-21
SMITH	Paulo	1	-----	M	1910	10633	Place-18
SMITH	Sheila	1	-----	F	1910	10634	Place-26
SMITH	Jacob	1	-----	M	1910	10640	Place-13
SMITH	Bob	1	-----	M	1910	10658	Place-17
SMITH	Selina	0	-----	F	1910	10697	Place-12
SMITH	Briony	0	-----	F	1910	10702	Place-3
SMITH	Seonaid	0	-----	F	1910	10703	Place-9
SMITH	Briony	0	-----	F	1910	10710	Place-6
SMITH	Sheila	0	-----	F	1910	10711	Place-25
SMITH	Bob	0	-----	M	1910	10714	Place-4
SMITH	Seonaid	0	-----	F	1910	10716	Place-3
SMITH	Briony	0	-----	F	1910	10718	Place-27
SMITH	Shawn	0	-----	M	1910	10723	Place-26
SMITH	Shawn	0	-----	M	1910	10727	Place-17
SMITH	Briony	0	-----	F	1910	10728	Place-20
SMITH	Shawn	0	-----	M	1910	10729	Place-20
SMITH	Selina	0	-----	F	1910	10730	Place-0
SMITH	Jacob	0	-----	M	1910	10736	Place-5
SMITH	James	0	-----	M	1910	10746	Place-0
SMITH	Paulo	0	-----	M	1910	10747	Place-5
SMITH	Jim	0	-----	M	1910	10749	Place-11
SMITH	Paulo	0	-----	M	1910	10763	Place-21
SMITH	Selina	0	-----	F	1910	10772	Place-27
SMITH	Susan	0	-----	F	1910	10779	Place-6
SMITH	Jim	0	-----	M	1910	10785	Place-17
SMITH	Paulo	0	-----	M	1910	10792	Place-17
SMITH	Bob	0	-----	M	1910	10794	Place-16
SMITH	Sheila	59	-----	F	1911	10817	Place-19
SMITH	Sarah	65	-----	F	1911	10827	Place-18
SMITH	Selina	38	-----	F	1911	10674	Place-5
SMITH	Jim	37	-----	M	1911	5933	Place-25
SMITH	James	26	-----	M	1911	7102	Place-22
SMITH	Briony	55	-----	F	1911	10665	Place-2
SMITH	Sharon	45	-----	F	1911	9086	Place-9
SMITH	James	26	-----	M	1911	7122	Place-29
SMITH	Sarah	22	-----	F	1911	7585	Place-18
SMITH	Sheila	34	-----	F	1911	6178	Place-10
SMITH	Paulo	55	-----	M	1911	4375	Place-24
SMITH	Jacob	56	-----	M	1911	4302	Place-20
SMITH	Jacob	58	-----	M	1911	4140	Place-11
SMITH	Sheila	55	-----	F	1911	6939	Place-9
SMITH	Susan	59	-----	F	1911	8516	Place-29
SMITH	Joseph	26	-----	M	1911	7133	Place-23
SMITH	Briony	24	-----	F	1911	7370	Place-0
SMITH	James	40	-----	M	1911	5579	Place-1
SMITH	Sheila	48	-----	F	1911	4883	Place-3
SMITH	Jim	44	-----	M	1911	5202	Place-13
SMITH	Paulo	39	-----	M	1911	5724	Place-2
SMITH	Sarah	55	-----	F	1911	8800	Place-17
SMITH	Suzanne	59	-----	F	1911	4111	Place-29
SMITH	Jenkins	14	-----	M	1911	8753	Place-12
SMITH	Jim	55	-----	M	1911	4389	Place-3
SMITH	Briony	56	-----	F	1911	7316	Place-17
SMITH	Joseph	57	-----	M	1911	4258	Place-22
SMITH	Selina	31	-----	F	1911	8924	Place-23
SMITH	Shawn	57	-----	M	1911	4207	Place-11
SMITH	Susan	18	-----	F	1911	8233	Place-0
SMITH	Jim	48	-----	M	1911	4881	Place-22
SMITH	Bob	46	-----	M	1911	5096	Place-9
SMITH	Jim	59	-----	M	1911	4089	Place-17
SMITH	Suzanne	58	-----	F	1911	7067	Place-5
SMITH	James	35	-----	M	1911	6123	Place-26
SMITH	Shawn	44	-----	M	1911	5213	Place-20
SMITH	Jim	29	-----	M	1911	6767	Place-20
SMITH	Selina	25	-----	F	1911	7312	Place-12
SMITH	Jacob	23	-----	M	1911	7505	Place-5
SMITH	Jacob	23	-----	M	1911	7530	Place-19
SMITH	Bob	23	-----	M	1911	7543	Place-27
SMITH	Seonaid	19	-----	F	1911	7979	Place-16
SMITH	Suzanne	19	-----	F	1911	7986	Place-24
SMITH	Paulo	18	-----	M	1911	8221	Place-8
SMITH	Briony	16	-----	F	1911	8425	Place-5
SMITH	Jim	16	-----	M	1911	8458	Place-12
SMITH	Susan	15	-----	F	1911	8588	Place-28
SMITH	Seonaid	14	-----	F	1911	8713	Place-27
SMITH	Bob	14	-----	M	1911	8735	Place-25
SMITH	Shawn	13	-----	M	1911	8835	Place-26
SMITH	James	13	-----	M	1911	8856	Place-14
SMITH	Susan	12	-----	F	1911	8962	Place-21
SMITH	Briony	12	-----	F	1911	8975	Place-1
SMITH	Seonaid	10	-----	F	1911	9289	Place-6
SMITH	Briony	9	-----	F	1911	9459	Place-9
SMITH	Bob	8	-----	M	1911	9685	Place-10
SMITH	Jenkins	7	-----	M	1911	9711	Place-6
SMITH	Jenkins	7	-----	M	1911	9715	Place-15
SMITH	Sheila	7	-----	F	1911	9740	Place-2
SMITH	Paulo	6	-----	M	1911	9890	Place-18
SMITH	Suzanne	4	-----	F	1911	10195	Place-11
SMITH	Joseph	4	-----	M	1911	10199	Place-11
SMITH	Jenkins	3	-----	M	1911	10346	Place-16
SMITH	Jacob	3	-----	M	1911	10413	Place-17
SMITH	Sheila	3	-----	F	1911	10421	Place-1
SMITH	Sarah	1	-----	F	1911	10685	Place-28
SMITH	Suzanne	1	-----	F	1911	10694	Place-25
SMITH	Shawn	1	-----	M	1911	10701	Place-1
SMITH	Susan	1	-----	F	1911	10704	Place-3
SMITH	Paulo	1	-----	M	1911	10705	Place-16
SMITH	Bob	1	-----	M	1911	10706	Place-5
SMITH	Susan	1	-----	F	1911	10722	Place-13
SMITH	Jim	1	-----	M	1911	10732	Place-16
SMITH	Bob	1	-----	M	1911	10735	Place-9
SMITH	Jenkins	1	-----	M	1911	10738	Place-3
SMITH	Sharon	1	-----	F	1911	10743	Place-1
SMITH	Joseph	1	-----	M	1911	10760	Place-14
SMITH	Joseph	1	-----	M	1911	10767	Place-28
SMITH	Bob	1	-----	M	1911	10771	Place-18
SMITH	Joseph	1	-----	M	1911	10774	Place-9
SMITH	James	1	-----	M	1911	10775	Place-1
SMITH	Jim	1	-----	M	1911	10777	Place-19
SMITH	Briony	1	-----	F	1911	10780	Place-25
SMITH	Jenkins	1	-----	M	1911	10790	Place-6
SMITH	Selina	1	-----	F	1911	10800	Place-0
SMITH	Paulo	1	-----	M	1911	10801	Place-1
SMITH	Sarah	1	-----	F	1911	10810	Place-0
SMITH	Paulo	0	-----	M	1911	10833	Place-16
SMITH	Sheila	0	-----	F	1911	10835	Place-1
SMITH	Briony	0	-----	F	1911	10842	Place-20
SMITH	Seonaid	0	-----	F	1911	10847	Place-27
SMITH	Suzanne	0	-----	F	1911	10859	Place-29
SMITH	Joseph	0	-----	M	1911	10864	Place-13
SMITH	Joseph	0	-----	M	1911	10867	Place-17
SMITH	Jacob	0	-----	M	1911	10869	Place-1
SMITH	Sarah	0	-----	F	1911	10870	Place-2
SMITH	Jacob	0	-----	M	1911	10871	Place-8
SMITH	James	0	-----	M	1911	10895	Place-20
SMITH	Jacob	0	-----	M	1911	10902	Place-18
SMITH	Jacob	0	-----	M	1911	10903	Place-1
SMITH	Sheila	0	-----	F	1911	10909	Place-28
SMITH	Jim	0	-----	M	1911	10912	Place-4
SMITH	Joseph	0	-----	M	1911	10918	Place-17
SMITH	Briony	0	-----	F	1911	10921	Place-28
SMITH	Bob	0	-----	M	1911	10923	Place-21
SMITH	Jacob	0	-----	M	1911	10925	Place-6
SMITH	Shawn	0	-----	M	1911	10926	Place-28
SMITH	Jenkins	0	-----	M	1911	10929	Place-3
SMITH	James	0	-----	M	1911	10933	Place-17
SMITH	Jim	0	-----	M	1911	10955	Place-4
SMITH	Joseph	0	-----	M	1911	10959	Place-8
SMITH	Selina	24	-----	F	1912	10990	Place-4
SMITH	Susan	32	-----	F	1912	6570	Place-25
SMITH	Paulo	55	-----	M	1912	4423	Place-20
SMITH	Bob	33	-----	M	1912	6480	Place-16
SMITH	Sharon	40	-----	F	1912	5699	Place-21
SMITH	James	18	-----	M	1912	8347	Place-10
SMITH	Jacob	56	-----	M	1912	4390	Place-23
SMITH	Jacob	32	-----	M	1912	6549	Place-19
SMITH	Sharon	55	-----	F	1912	6506	Place-18
SMITH	Sheila	55	-----	F	1912	7567	Place-9
SMITH	Jenkins	60	-----	M	1912	4051	Place-3
SMITH	Briony	30	-----	F	1912	6807	Place-29
SMITH	Sheila	56	-----	F	1912	4386	Place-22
SMITH	Jenkins	51	-----	M	1912	4781	Place-27
SMITH	Joseph	21	-----	M	1912	7836	Place-24
SMITH	Selina	20	-----	F	1912	8095	Place-1
SMITH	Sharon	56	-----	F	1912	10324	Place-13
SMITH	Seonaid	23	-----	F	1912	7643	Place-22
SMITH	Suzanne	33	-----	F	1912	9247	Place-13
SMITH	Jenkins	24	-----	M	1912	7516	Place-22
SMITH	Susan	49	-----	F	1912	8524	Place-15
SMITH	Sheila	62	-----	F	1912	9841	Place-4
SMITH	Shawn	55	-----	M	1912	4439	Place-2
SMITH	Suzanne	44	-----	F	1912	5362	Place-20
SMITH	Susan	55	-----	F	1912	4483	Place-12
SMITH	Paulo	55	-----	M	1912	4431	Place-4
SMITH	Seonaid	55	-----	F	1912	7058	Place-11
SMITH	Sharon	55	-----	F	1912	8120	Place-28
SMITH	Bob	57	-----	M	1912	4278	Place-18
SMITH	Bob	52	-----	M	1912	4666	Place-7
SMITH	Paulo	58	-----	M	1912	4248	Place-23
SMITH	Joseph	55	-----	M	1912	4416	Place-6
SMITH	Shawn	34	-----	M	1912	6303	Place-25
SMITH	Bob	25	-----	M	1912	7375	Place-20
SMITH	Jenkins	24	-----	M	1912	7472	Place-4
SMITH	Bob	23	-----	M	1912	7599	Place-0
SMITH	Briony	23	-----	F	1912	7667	Place-6
SMITH	Sarah	22	-----	F	1912	7771	Place-0
SMITH	Jim	20	-----	M	1912	7973	Place-22
SMITH	Sarah	18	-----	F	1912	8274	Place-26
SMITH	Jim	18	-----	M	1912	8301	Place-11
SMITH	Sarah	17	-----	F	1912	8463	Place-24
SMITH	Jacob	17	-----	M	1912	8512	Place-12
SMITH	Susan	15	-----	F	1912	8668	Place-4
SMITH	Jim	13	-----	M	1912	9048	Place-0
SMITH	Shawn	12	-----	M	1912	9138	Place-0
SMITH	Shawn	12	-----	M	1912	9211	Place-24
SMITH	Paulo	11	-----	M	1912	9309	Place-13
SMITH	Jim	9	-----	M	1912	9573	Place-12
SMITH	Jacob	9	-----	M	1912	9646	Place-19
SMITH	Joseph	9	-----	M	1912	9672	Place-17
SMITH	Shawn	8	-----	M	1912	9735	Place-1
SMITH	Shawn	8	-----	M	1912	9781	Place-14
SMITH	James	8	-----	M	1912	9818	Place-17
SMITH	Selina	7	-----	F	1912	9854	Place-9
SMITH	Susan	7	-----	F	1912	9902	Place-22
SMITH	Susan	7	-----	F	1912	9928	Place-28
SMITH	Jacob	7	-----	M	1912	9962	Place-1
SMITH	James	6	-----	M	1912	10085	Place-6
SMITH	James	6	-----	M	1912	10088	Place-8
SMITH	Jenkins	6	-----	M	1912	10129	Place-6
SMITH	Sheila	4	-----	F	1912	10391	Place-23
SMITH	Jacob	3	-----	M	1912	10554	Place-20
SMITH	Jacob	3	-----	M	1912	10555	Place-11
SMITH	Seonaid	3	-----	F	1912	10588	Place-7
SMITH	Selina	3	-----	F	1912	10616	Place-6
SMITH	Bob	2	-----	M	1912	10686	Place-0
SMITH	Shawn	2	-----	M	1912	10756	Place-26
SMITH	Sharon	1	-----	F	1912	10850	Place-9
SMITH	Jacob	1	-----	M	1912	10851	Place-12
SMITH	Sheila	1	-----	F	1912	10860	Place-26
SMITH	Bob	1	-----	M	1912	10862	Place-4
SMITH	Sheila	1	-----	F	1912	10876	Place-22
SMITH	Shawn	1	-----	M	1912	10878	Place-19
SMITH	Selina	1	-----	F	1912	10885	Place-13
SMITH	Sarah	1	-----	F	1912	10914	Place-23
SMITH	Paulo	1	-----	M	1912	10920	Place-7
SMITH	Briony	1	-----	F	1912	10922	Place-12
SMITH	Selina	1	-----	F	1912	10927	Place-5
SMITH	Joseph	1	-----	M	1912	10937	Place-16
SMITH	Sharon	1	-----	F	1912	10939	Place-10
SMITH	Shawn	1	-----	M	1912	10941	Place-21
SMITH	Joseph	1	-----	M	1912	10946	Place-3
SMITH	Jacob	1	-----	M	1912	10948	Place-14
SMITH	Paulo	1	-----	M	1912	10950	Place-17
SMITH	Paulo	1	-----	M	1912	10956	Place-23
SMITH	Sarah	1	-----	F	1912	10958	Place-27
SMITH	Briony	1	-----	F	1912	10964	Place-12
SMITH	Susan	1	-----	F	1912	10971	Place-7
SMITH	Joseph	0	-----	M	1912	11022	Place-0
SMITH	Bob	0	-----	M	1912	11023	Place-24
SMITH	Bob	0	-----	M	1912	11029	Place-28
SMITH	Jacob	0	-----	M	1912	11030	Place-7
SMITH	James	0	-----	M	1912	11062	Place-24
SMITH	Seonaid	0	-----	F	1912	11084	Place-22
SMITH	Sheila	0	-----	F	1912	11085	Place-21
SMITH	Paulo	0	-----	M	1912	11090	Place-15
SMITH	Briony	0	-----	F	1912	11093	Place-10
SMITH	Sheila	0	-----	F	1912	11097	Place-7
SMITH	Sharon	0	-----	F	1912	11107	Place-23
SMITH	Joseph	0	-----	M	1912	11114	Place-22
SMITH	Briony	0	-----	F	1912	11118	Place-14
SMITH	Jenkins	0	-----	M	1912	11119	Place-8
SMITH	Sheila	0	-----	F	1912	11132	Place-20
SMITH	Seonaid	57	-----	F	1913	11142	Place-19
SMITH	Sarah	62	-----	F	1913	5762	Place-10
SMITH	Jacob	55	-----	M	1913	4549	Place-28
SMITH	Joseph	37	-----	M	1913	6134	Place-24
SMITH	Paulo	26	-----	M	1913	7414	Place-8
SMITH	Briony	59	-----	F	1913	9403	Place-2
SMITH	Sarah	24	-----	F	1913	7670	Place-13
SMITH	Jenkins	57	-----	M	1913	4342	Place-19
SMITH	James	1	-----	M	1913	11053	Place-5
SMITH	Susan	57	-----	F	1913	10983	Place-0
SMITH	Susan	22	-----	F	1913	7898	Place-11
SMITH	Selina	22	-----	F	1913	7848	Place-10
SMITH	James	61	-----	M	1913	4102	Place-21
SMITH	Susan	43	-----	F	1913	10026	Place-23
SMITH	Paulo	55	-----	M	1913	4501	Place-8
SMITH	Selina	20	-----	F	1913	8150	Place-17
SMITH	Jacob	37	-----	M	1913	6144	Place-15
SMITH	Joseph	35	-----	M	1913	6332	Place-10
SMITH	Joseph	55	-----	M	1913	4509	Place-0
SMITH	Joseph	52	-----	M	1913	4777	Place-15
SMITH	Briony	55	-----	F	1913	10496	Place-18
SMITH	Sheila	43	-----	F	1913	5495	Place-26
SMITH	Selina	36	-----	F	1913	6215	Place-15
SMITH	Jim	21	-----	M	1913	7972	Place-16
SMITH	Sharon	47	-----	F	1913	10327	Place-22
SMITH	Selina	60	-----	F	1913	6162	Place-8
SMITH	Sarah	42	-----	F	1913	5652	Place-24
SMITH	Susan	40	-----	F	1913	5783	Place-16
SMITH	Joseph	58	-----	M	1913	4290	Place-26
SMITH	Seonaid	27	-----	F	1913	7209	Place-5
SMITH	Jenkins	30	-----	M	1913	6849	Place-20
SMITH	Sheila	58	-----	F	1913	8118	Place-7
SMITH	Briony	57	-----	F	1913	4345	Place-9
SMITH	Jacob	19	-----	M	1913	8380	Place-26
SMITH	Sarah	56	-----	F	1913	9076	Place-27
SMITH	Sarah	56	-----	F	1913	4443	Place-16
SMITH	Shawn	44	-----	M	1913	5421	Place-11
SMITH	Joseph	61	-----	M	1913	4112	Place-26
SMITH	Jim	56	-----	M	1913	4463	Place-15
SMITH	Jenkins	22	-----	M	1913	7837	Place-17
SMITH	Paulo	18	-----	M	1913	8503	Place-7
SMITH	Susan	17	-----	F	1913	8555	Place-24
SMITH	Sharon	15	-----	F	1913	8812	Place-18
SMITH	Jim	15	-----	M	1913	8846	Place-1
SMITH	Briony	14	-----	F	1913	9002	Place-2
SMITH	Suzanne	14	-----	F	1913	9030	Place-20
SMITH	James	13	-----	M	1913	9177	Place-27
SMITH	Seonaid	12	-----	F	1913	9321	Place-16
SMITH	Jim	11	-----	M	1913	9510	Place-19
SMITH	Susan	10	-----	F	1913	9641	Place-21
SMITH	Selina	10	-----	F	1913	9653	Place-24
SMITH	Sheila	9	-----	F	1913	9707	Place-25
SMITH	Sheila	9	-----	F	1913	9771	Place-6
SMITH	Selina	8	-----	F	1913	9947	Place-15
SMITH	Jim	8	-----	M	1913	9983	Place-0
SMITH	Sarah	8	-----	F	1913	9993	Place-19
SMITH	Selina	7	-----	F	1913	10036	Place-14
SMITH	Sarah	7	-----	F	1913	10077	Place-1
SMITH	Briony	7	-----	F	1913	10121	Place-27
SMITH	Jenkins	6	-----	M	1913	10283	Place-3
SMITH	Jim	6	-----	M	1913	10303	Place-6
SMITH	Bob	5	-----	M	1913	10354	Place-12
SMITH	Jim	5	-----	M	1913	10482	Place-23
SMITH	Sheila	4	-----	F	1913	10593	Place-3
SMITH	Suzanne	4	-----	F	1913	10661	Place-28
SMITH	Susan	2	-----	F	1913	10907	Place-14
SMITH	Joseph	2	-----	M	1913	10930	Place-16
SMITH	Briony	1	-----	F	1913	11016	Place-6
SMITH	Jacob	1	-----	M	1913	11018	Place-23
SMITH	Jenkins	1	-----	M	1913	11021	Place-6
SMITH	Jenkins	1	-----	M	1913	11024	Place-8
SMITH	Joseph	1	-----	M	1913	11034	Place-3
SMITH	Briony	1	-----	F	1913	11036	Place-26
SMITH	James	1	-----	M	1913	11039	Place-24
SMITH	Seonaid	1	-----	F	1913	11040	Place-7
SMITH	Selina	1	-----	F	1913	11048	Place-5
SMITH	Sheila	1	-----	F	1913	11050	Place-10
SMITH	Bob	1	-----	M	1913	11055	Place-26
SMITH	Jacob	1	-----	M	1913	11058	Place-6
SMITH	Briony	1	-----	F	1913	11059	Place-12
SMITH	Seonaid	1	-----	F	1913	11060	Place-4
SMITH	Paulo	1	-----	M	1913	11061	Place-22
SMITH	Joseph	1	-----	M	1913	11063	Place-11
SMITH	Sheila	1	-----	F	1913	11068	Place-22
SMITH	Selina	1	-----	F	1913	11072	Place-9
SMITH	Susan	1	-----	F	1913	11074	Place-17
SMITH	Seonaid	1	-----	F	1913	11077	Place-2
SMITH	Jacob	1	-----	M	1913	11080	Place-25
SMITH	Shawn	1	-----	M	1913	11086	Place-24
SMITH	Joseph	1	-----	M	1913	11087	Place-16
SMITH	Shawn	1	-----	M	1913	11096	Place-16
SMITH	Sheila	1	-----	F	1913	11099	Place-11
SMITH	Paulo	1	-----	M	1913	11105	Place-15
SMITH	James	1	-----	M	1913	11122	Place-1
SMITH	Bob	1	-----	M	1913	11126	Place-0
SMITH	Bob	1	-----	M	1913	11127	Place-28
SMITH	Joseph	1	-----	M	1913	11130	Place-0
SMITH	Briony	0	-----	F	1913	11165	Place-0
SMITH	Seonaid	0	-----	F	1913	11168	Place-17
SMITH	Sarah	0	-----	F	1913	11180	Place-25
SMITH	Joseph	0	-----	M	1913	11181	Place-4
SMITH	Briony	0	-----	F	1913	11184	Place-28
SMITH	Susan	0	-----	F	1913	11194	Place-10
SMITH	Sharon	0	-----	F	1913	11202	Place-6
SMITH	Susan	0	-----	F	1913	11205	Place-10
SMITH	Sharon	0	-----	F	1913	11208	Place-19
SMITH	Shawn	0	-----	M	1913	11209	Place-26
SMITH	Suzanne	0	-----	F	1913	11212	Place-3
SMITH	Sheila	0	-----	F	1913	11214	Place-13
SMITH	Jenkins	0	-----	M	1913	11225	Place-15
SMITH	Sharon	0	-----	F	1913	11228	Place-25
SMITH	Paulo	0	-----	M	1913	11230	Place-9
SMITH	Suzanne	0	-----	F	1913	11232	Place-12
SMITH	Sheila	0	-----	F	1913	11233	Place-14
SMITH	Bob	0	-----	M	1913	11234	Place-13
SMITH	Bob	0	-----	M	1913	11235	Place-18
SMITH	Jim	0	-----	M	1913	11254	Place-1
SMITH	Sarah	0	-----	F	1913	11255	Place-5
SMITH	Suzanne	0	-----	F	1913	11256	Place-2
SMITH	Jacob	0	-----	M	1913	11257	Place-9
SMITH	Shawn	0	-----	M	1913	11261	Place-5
SMITH	Selina	0	-----	F	1913	11264	Place-26
SMITH	James	0	-----	M	1913	11266	Place-23
SMITH	Sheila	0	-----	F	1913	11272	Place-26
SMITH	Jacob	0	-----	M	1913	11277	Place-8
SMITH	Selina	0	-----	F	1913	11288	Place-27
SMITH	Jacob	0	-----	M	1913	11290	Place-27
SMITH	Shawn	0	-----	M	1913	11302	Place-23
SMITH	Joseph	42	-----	M	1914	5718	Place-20
SMITH	Jacob	21	-----	M	1914	8214	Place-28
SMITH	Suzanne	25	-----	F	1914	10494	Place-15
SMITH	Shawn	24	-----	M	1914	7705	Place-23
SMITH	Sarah	10	-----	F	1914	9728	Place-23
SMITH	Briony	10	-----	F	1914	9825	Place-19
SMITH	Selina	1	-----	F	1914	11196	Place-24
SMITH	Paulo	57	-----	M	1914	4462	Place-4
SMITH	Selina	37	-----	F	1914	6198	Place-26
SMITH	James	20	-----	M	1914	8325	Place-11
SMITH	Briony	56	-----	F	1914	9544	Place-11
SMITH	Bob	5	-----	M	1914	10581	Place-15
SMITH	Briony	58	-----	F	1914	10823	Place-10
SMITH	Sharon	55	-----	F	1914	10826	Place-8
SMITH	Joseph	55	-----	M	1914	4608	Place-13
SMITH	Joseph	32	-----	M	1914	6752	Place-12
SMITH	Suzanne	56	-----	F	1914	4504	Place-1
SMITH	Sheila	52	-----	F	1914	4840	Place-24
SMITH	Bob	37	-----	M	1914	6212	Place-21
SMITH	Shawn	55	-----	M	1914	4604	Place-15
SMITH	Briony	49	-----	F	1914	5099	Place-4
SMITH	James	28	-----	M	1914	7294	Place-17
SMITH	Suzanne	28	-----	F	1914	9850	Place-5
SMITH	Shawn	51	-----	M	1914	4921	Place-25
SMITH	Seonaid	30	-----	F	1914	7053	Place-5
SMITH	Susan	25	-----	F	1914	7669	Place-18
SMITH	James	8	-----	M	1914	10058	Place-10
SMITH	Suzanne	33	-----	F	1914	6610	Place-29
SMITH	Jenkins	16	-----	M	1914	8809	Place-22
SMITH	Susan	46	-----	F	1914	10022	Place-16
SMITH	James	58	-----	M	1914	4370	Place-0
SMITH	Bob	69	-----	M	1914	3610	Place-5
SMITH	Suzanne	56	-----	F	1914	4525	Place-11
SMITH	Susan	55	-----	F	1914	4610	Place-11
SMITH	Jacob	39	-----	M	1914	5969	Place-25
SMITH	Sheila	55	-----	F	1914	8794	Place-10
SMITH	Susan	48	-----	F	1914	8528	Place-28
SMITH	Jacob	42	-----	M	1914	5749	Place-6
SMITH	Jacob	57	-----	M	1914	4445	Place-28
SMITH	Jacob	24	-----	M	1914	7714	Place-12
SMITH	James	19	-----	M	1914	8397	Place-25
SMITH	Seonaid	18	-----	F	1914	8530	Place-12
SMITH	Suzanne	17	-----	F	1914	8746	Place-16
SMITH	Briony	17	-----	F	1914	8770	Place-2
SMITH	Paulo	16	-----	M	1914	8848	Place-12
SMITH	Suzanne	16	-----	F	1914	8855	Place-29
SMITH	Paulo	15	-----	M	1914	8973	Place-22
SMITH	Jim	15	-----	M	1914	9057	Place-5
SMITH	Suzanne	15	-----	F	1914	9073	Place-22
SMITH	Suzanne	14	-----	F	1914	9137	Place-17
SMITH	James	14	-----	M	1914	9156	Place-21
SMITH	Jenkins	13	-----	M	1914	9302	Place-11
SMITH	Jenkins	13	-----	M	1914	9337	Place-9
SMITH	Sharon	12	-----	F	1914	9414	Place-13
SMITH	James	10	-----	M	1914	9720	Place-15
SMITH	Shawn	10	-----	M	1914	9762	Place-12
SMITH	Sheila	10	-----	F	1914	9772	Place-8
SMITH	Suzanne	10	-----	F	1914	9824	Place-21
SMITH	Selina	9	-----	F	1914	9910	Place-6
SMITH	Sarah	9	-----	F	1914	9921	Place-11
SMITH	Suzanne	9	-----	F	1914	9976	Place-19
SMITH	Susan	9	-----	F	1914	10003	Place-4
SMITH	Jim	8	-----	M	1914	10039	Place-9
SMITH	Briony	6	-----	F	1914	10409	Place-9
SMITH	James	6	-----	M	1914	10437	Place-6
SMITH	Susan	6	-----	F	1914	10444	Place-17
SMITH	Susan	6	-----	F	1914	10460	Place-15
SMITH	Jim	4	-----	M	1914	10764	Place-4
SMITH	James	3	-----	M	1914	10839	Place-28
SMITH	Seonaid	3	-----	F	1914	10846	Place-18
SMITH	Jenkins	3	-----	M	1914	10905	Place-9
SMITH	James	2	-----	M	1914	11128	Place-8
SMITH	Paulo	1	-----	M	1914	11169	Place-8
SMITH	Shawn	1	-----	M	1914	11172	Place-12
SMITH	Joseph	1	-----	M	1914	11185	Place-24
SMITH	Sarah	1	-----	F	1914	11187	Place-18
SMITH	Bob	1	-----	M	1914	11200	Place-13
SMITH	Joseph	1	-----	M	1914	11223	Place-28
SMITH	Paulo	1	-----	M	1914	11237	Place-18
SMITH	Paulo	1	-----	M	1914	11243	Place-17
SMITH	Selina	1	-----	F	1914	11250	Place-5
SMITH	Bob	1	-----	M	1914	11260	Place-0
SMITH	Selina	1	-----	F	1914	11263	Place-5
SMITH	Jim	1	-----	M	1914	11280	Place-6
SMITH	Susan	1	-----	F	1914	11281	Place-13
SMITH	James	1	-----	M	1914	11289	Place-25
SMITH	Jacob	1	-----	M	1914	11295	Place-12
SMITH	Susan	0	-----	F	1914	11343	Place-15
SMITH	James	0	-----	M	1914	11345	Place-29
SMITH	Briony	0	-----	F	1914	11346	Place-8
SMITH	Jim	0	-----	M	1914	11348	Place-8
SMITH	Bob	0	-----	M	1914	11350	Place-21
SMITH	Shawn	0	-----	M	1914	11351	Place-27
SMITH	Briony	0	-----	F	1914	11356	Place-15
SMITH	Jenkins	0	-----	M	1914	11359	Place-7
SMITH	Seonaid	0	-----	F	1914	11361	Place-4
SMITH	Paulo	0	-----	M	1914	11368	Place-19
SMITH	Sarah	0	-----	F	1914	11369	Place-17
SMITH	Shawn	0	-----	M	1914	11370	Place-28
SMITH	Selina	0	-----	F	1914	11373	Place-20
SMITH	James	0	-----	M	1914	11374	Place-8
SMITH	Jacob	0	-----	M	1914	11376	Place-0
SMITH	Sarah	0	-----	F	1914	11380	Place-9
SMITH	Paulo	0	-----	M	1914	11383	Place-8
SMITH	Bob	0	-----	M	1914	11384	Place-17
SMITH	Jenkins	0	-----	M	1914	11386	Place-25
SMITH	Jacob	0	-----	M	1914	11392	Place-3
SMITH	Suzanne	0	-----	F	1914	11393	Place-4
SMITH	Jacob	0	-----	M	1914	11396	Place-6
SMITH	Susan	0	-----	F	1914	11402	Place-17
SMITH	Susan	0	-----	F	1914	11408	Place-13
SMITH	Susan	0	-----	F	1914	11412	Place-10
SMITH	Sheila	0	-----	F	1914	11417	Place-7
SMITH	Shawn	0	-----	M	1914	11420	Place-20
SMITH	Joseph	0	-----	M	1914	11421	Place-2
SMITH	Jacob	0	-----	M	1914	11434	Place-4
SMITH	James	0	-----	M	1914	11435	Place-27
SMITH	Susan	0	-----	F	1914	11441	Place-21
SMITH	Paulo	0	-----	M	1914	11447	Place-24
SMITH	Sheila	0	-----	F	1914	11461	Place-1
SMITH	Susan	0	-----	F	1914	11473	Place-24
SMITH	James	0	-----	M	1914	11478	Place-26
SMITH	Bob	0	-----	M	1914	11481	Place-25
SMITH	Sarah	0	-----	F	1914	11484	Place-17
SMITH	Jim	0	-----	M	1914	11485	Place-25
SMITH	Briony	0	-----	F	1914	11486	Place-15
SMITH	Susan	0	-----	F	1914	11490	Place-28
SMITH	Sarah	57	-----	F	1915	11498	Place-13
SMITH	Sarah	57	-----	F	1915	4550	Place-13
SMITH	Jacob	56	-----	M	1915	4627	Place-23
SMITH	Jenkins	46	-----	M	1915	5428	Place-3
SMITH	Selina	46	-----	F	1915	5424	Place-18
SMITH	Sheila	55	-----	F	1915	9846	Place-19
SMITH	Sheila	18	-----	F	1915	8731	Place-12
SMITH	Suzanne	17	-----	F	1915	8829	Place-27
SMITH	Seonaid	56	-----	F	1915	10173	Place-14
SMITH	Suzanne	40	-----	F	1915	9406	Place-5
SMITH	Briony	29	-----	F	1915	7221	Place-21
SMITH	Briony	20	-----	F	1915	8473	Place-15
SMITH	Susan	57	-----	F	1915	11149	Place-0
SMITH	Sarah	56	-----	F	1915	11152	Place-15
SMITH	Susan	57	-----	F	1915	4512	Place-14
SMITH	Bob	11	-----	M	1915	9791	Place-14
SMITH	Sarah	28	-----	F	1915	10978	Place-7
SMITH	Selina	26	-----	F	1915	10986	Place-5
SMITH	Sharon	56	-----	F	1915	4626	Place-9
SMITH	Susan	20	-----	F	1915	8494	Place-18
SMITH	Bob	4	-----	M	1915	10901	Place-22
SMITH	Selina	56	-----	F	1915	9692	Place-20
SMITH	Briony	38	-----	F	1915	10675	Place-28
SMITH	Paulo	27	-----	M	1915	7456	Place-13
SMITH	Shawn	55	-----	M	1915	4702	Place-3
SMITH	Bob	59	-----	M	1915	4387	Place-12
SMITH	Susan	55	-----	F	1915	9699	Place-13
SMITH	Jacob	14	-----	M	1915	9354	Place-1
SMITH	Jenkins	50	-----	M	1915	5086	Place-5
SMITH	Sarah	20	-----	F	1915	8514	Place-3
SMITH	Sheila	58	-----	F	1915	8250	Place-8
SMITH	Jenkins	55	-----	M	1915	4691	Place-28
SMITH	Joseph	59	-----	M	1915	4393	Place-15
SMITH	Jenkins	52	-----	M	1915	4908	Place-6
SMITH	Jim	59	-----	M	1915	4383	Place-18
SMITH	Sharon	30	-----	F	1915	7142	Place-2
SMITH	Jim	55	-----	M	1915	4645	Place-25
SMITH	Jenkins	65	-----	M	1915	3934	Place-15
SMITH	Paulo	32	-----	M	1915	6837	Place-14
SMITH	Jacob	29	-----	M	1915	7237	Place-6
SMITH	Susan	27	-----	F	1915	7519	Place-11
SMITH	Jacob	24	-----	M	1915	7880	Place-29
SMITH	Susan	21	-----	F	1915	8291	Place-20
SMITH	Briony	20	-----	F	1915	8416	Place-14
SMITH	Sarah	19	-----	F	1915	8603	Place-23
SMITH	Joseph	18	-----	M	1915	8680	Place-2
SMITH	Sheila	16	-----	F	1915	8937	Place-22
SMITH	Sheila	16	-----	F	1915	9025	Place-18
SMITH	Selina	16	-----	F	1915	9060	Place-6
SMITH	Sarah	15	-----	F	1915	9169	Place-5
SMITH	Susan	14	-----	F	1915	9295	Place-10
SMITH	Jenkins	14	-----	M	1915	9327	Place-16
SMITH	Jacob	14	-----	M	1915	9361	Place-7
SMITH	Susan	14	-----	F	1915	9365	Place-25
SMITH	Sarah	14	-----	F	1915	9379	Place-19
SMITH	James	13	-----	M	1915	9466	Place-9
SMITH	James	13	-----	M	1915	9493	Place-27
SMITH	Jacob	12	-----	M	1915	9568	Place-23
SMITH	Sheila	12	-----	F	1915	9617	Place-3
SMITH	Paulo	11	-----	M	1915	9754	Place-1
SMITH	Seonaid	11	-----	F	1915	9755	Place-4
SMITH	Jim	10	-----	M	1915	9911	Place-28
SMITH	Sheila	10	-----	F	1915	10008	Place-27
SMITH	Sheila	9	-----	F	1915	10045	Place-13
SMITH	Suzanne	9	-----	F	1915	10091	Place-14
SMITH	Jenkins	9	-----	M	1915	10136	Place-2
SMITH	Jacob	8	-----	M	1915	10214	Place-0
SMITH	James	8	-----	M	1915	10279	Place-8
SMITH	Jim	6	-----	M	1915	10559	Place-23
SMITH	Jim	6	-----	M	1915	10608	Place-27
SMITH	Sheila	5	-----	F	1915	10803	Place-9
SMITH	Suzanne	4	-----	F	1915	10968	Place-27
SMITH	Shawn	3	-----	M	1915	11095	Place-11
SMITH	Susan	2	-----	F	1915	11271	Place-18
SMITH	Bob	1	-----	M	1915	11341	Place-14
SMITH	Shawn	1	-----	M	1915	11349	Place-9
SMITH	Briony	1	-----	F	1915	11353	Place-1
SMITH	Suzanne	1	-----	F	1915	11354	Place-21
SMITH	Shawn	1	-----	M	1915	11362	Place-6
SMITH	Jenkins	1	-----	M	1915	11372	Place-21
SMITH	Joseph	1	-----	M	1915	11377	Place-23
SMITH	Sheila	1	-----	F	1915	11390	Place-18
SMITH	Jacob	1	-----	M	1915	11397	Place-20
SMITH	Jim	1	-----	M	1915	11411	Place-14
SMITH	Joseph	1	-----	M	1915	11415	Place-14
SMITH	Selina	1	-----	F	1915	11419	Place-10
SMITH	Jim	1	-----	M	1915	11423	Place-6
SMITH	Sharon	1	-----	F	1915	11438	Place-12
SMITH	Shawn	1	-----	M	1915	11440	Place-3
SMITH	Paulo	1	-----	M	1915	11442	Place-20
SMITH	James	1	-----	M	1915	11443	Place-6
SMITH	Jacob	1	-----	M	1915	11445	Place-0
SMITH	Bob	1	-----	M	1915	11449	Place-29
SMITH	Selina	1	-----	F	1915	11460	Place-8
SMITH	Suzanne	1	-----	F	1915	11468	Place-22
SMITH	Paulo	1	-----	M	1915	11470	Place-10
SMITH	Jacob	1	-----	M	1915	11471	Place-7
SMITH	Bob	1	-----	M	1915	11494	Place-14
SMITH	Susan	0	-----	F	1915	11511	Place-14
SMITH	Joseph	0	-----	M	1915	11520	Place-13
SMITH	Sarah	0	-----	F	1915	11527	Place-29
SMITH	Jacob	0	-----	M	1915	11544	Place-19
SMITH	Jim	0	-----	M	1915	11557	Place-22
SMITH	Paulo	0	-----	M	1915	11560	Place-8
SMITH	Joseph	0	-----	M	1915	11565	Place-26
SMITH	Sheila	0	-----	F	1915	11570	Place-20
SMITH	Sheila	0	-----	F	1915	11573	Place-6
SMITH	Joseph	0	-----	M	1915	11582	Place-22
SMITH	James	0	-----	M	1915	11583	Place-14
SMITH	Paulo	0	-----	M	1915	11586	Place-19
SMITH	Jim	0	-----	M	1915	11591	Place-23
SMITH	Jim	0	-----	M	1915	11594	Place-3
SMITH	Suzanne	0	-----	F	1915	11598	Place-12
SMITH	Jenkins	0	-----	M	1915	11601	Place-22
SMITH	James	0	-----	M	1915	11603	Place-19
SMITH	Joseph	0	-----	M	1915	11611	Place-0
SMITH	Jenkins	0	-----	M	1915	11612	Place-21
SMITH	Susan	0	-----	F	1915	11614	Place-24
SMITH	Selina	0	-----	F	1915	11621	Place-8
SMITH	Bob	0	-----	M	1915	11624	Place-18
SMITH	Sheila	0	-----	F	1915	11628	Place-3
SMITH	Shawn	0	-----	M	1915	11633	Place-12
SMITH	Sharon	0	-----	F	1915	11637	Place-7
SMITH	Paulo	0	-----	M	1915	11645	Place-3
SMITH	Joseph	0	-----	M	1915	11653	Place-28
SMITH	Sharon	23	-----	F	1916	11690	Place-22
SMITH	Sharon	56	-----	F	1916	4706	Place-3
SMITH	Sharon	56	-----	F	1916	7183	Place-18
SMITH	Bob	32	-----	M	1916	7043	Place-16
SMITH	Seonaid	56	-----	F	1916	11504	Place-26
SMITH	Sheila	57	-----	F	1916	10171	Place-4
SMITH	James	25	-----	M	1916	7845	Place-28
SMITH	Suzanne	56	-----	F	1916	4662	Place-16
SMITH	Joseph	56	-----	M	1916	4642	Place-27
SMITH	Sheila	30	-----	F	1916	7286	Place-9
SMITH	Joseph	55	-----	M	1916	4746	Place-21
SMITH	Seonaid	56	-----	F	1916	10977	Place-11
SMITH	Shawn	58	-----	M	1916	4515	Place-13
SMITH	Briony	56	-----	F	1916	9240	Place-24
SMITH	Jenkins	38	-----	M	1916	6340	Place-18
SMITH	Shawn	55	-----	M	1916	4735	Place-29
SMITH	Suzanne	49	-----	F	1916	10337	Place-25
SMITH	Briony	17	-----	F	1916	8957	Place-3
SMITH	Suzanne	27	-----	F	1916	7620	Place-18
SMITH	Susan	66	-----	F	1916	10503	Place-15
SMITH	Bob	49	-----	M	1916	5248	Place-1
SMITH	Seonaid	18	-----	F	1916	8847	Place-24
SMITH	Joseph	56	-----	M	1916	4678	Place-4
SMITH	Sarah	56	-----	F	1916	8261	Place-14
SMITH	Seonaid	59	-----	F	1916	9245	Place-24
SMITH	Jim	60	-----	M	1916	4360	Place-5
SMITH	Shawn	61	-----	M	1916	4276	Place-11
SMITH	Sheila	16	-----	F	1916	9168	Place-3
SMITH	Sheila	50	-----	F	1916	7820	Place-8
SMITH	Selina	55	-----	F	1916	4756	Place-8
SMITH	Jacob	56	-----	M	1916	4711	Place-16
SMITH	Jim	70	-----	M	1916	3659	Place-18
SMITH	Susan	25	-----	F	1916	7924	Place-3
SMITH	Shawn	22	-----	M	1916	8300	Place-28
SMITH	Suzanne	18	-----	F	1916	8853	Place-2
SMITH	Shawn	16	-----	M	1916	9113	Place-9
SMITH	Jenkins	16	-----	M	1916	9149	Place-29
SMITH	Jenkins	14	-----	M	1916	9418	Place-13
SMITH	Paulo	12	-----	M	1916	9734	Place-11
SMITH	Briony	12	-----	F	1916	9747	Place-29
SMITH	Susan	12	-----	F	1916	9823	Place-16
SMITH	Briony	10	-----	F	1916	10097	Place-2
SMITH	Jenkins	9	-----	M	1916	10203	Place-27
SMITH	Jenkins	9	-----	M	1916	10299	Place-13
SMITH	Selina	9	-----	F	1916	10317	Place-2
SMITH	James	8	-----	M	1916	10404	Place-17
SMITH	Seonaid	8	-----	F	1916	10430	Place-28
SMITH	Paulo	8	-----	M	1916	10485	Place-11
SMITH	Sarah	7	-----	F	1916	10577	Place-14
SMITH	Selina	6	-----	F	1916	10766	Place-25
SMITH	Jacob	6	-----	M	1916	10769	Place-5
SMITH	Joseph	6	-----	M	1916	10791	Place-6
SMITH	Suzanne	5	-----	F	1916	10913	Place-4
SMITH	Sharon	4	-----	F	1916	11044	Place-27
SMITH	Susan	3	-----	F	1916	11173	Place-27
SMITH	Joseph	3	-----	M	1916	11174	Place-2
SMITH	Joseph	2	-----	M	1916	11344	Place-29
SMITH	Bob	2	-----	M	1916	11358	Place-9
SMITH	Sharon	2	-----	F	1916	11407	Place-22
SMITH	Selina	2	-----	F	1916	11410	Place-8
SMITH	James	1	-----	M	1916	11512	Place-6
SMITH	Paulo	1	-----	M	1916	11513	Place-3
SMITH	Sarah	1	-----	F	1916	11521	Place-26
SMITH	Jim	1	-----	M	1916	11534	Place-2
SMITH	Sheila	1	-----	F	1916	11540	Place-21
SMITH	Shawn	1	-----	M	1916	11545	Place-18
SMITH	Paulo	1	-----	M	1916	11553	Place-23
SMITH	Jacob	1	-----	M	1916	11555	Place-6
SMITH	Paulo	1	-----	M	1916	11571	Place-17
SMITH	Selina	1	-----	F	1916	11577	Place-9
SMITH	Seonaid	1	-----	F	1916	11578	Place-28
SMITH	Sheila	1	-----	F	1916	11587	Place-28
SMITH	Jenkins	1	-----	M	1916	11589	Place-16
SMITH	Briony	1	-----	F	1916	11590	Place-13
SMITH	Jenkins	1	-----	M	1916	11592	Place-23
SMITH	Suzanne	1	-----	F	1916	11595	Place-1
SMITH	Sarah	1	-----	F	1916	11596	Place-18
SMITH	Sharon	1	-----	F	1916	11604	Place-28
SMITH	Susan	1	-----	F	1916	11608	Place-29
SMITH	Jim	1	-----	M	1916	11613	Place-18
SMITH	James	1	-----	M	1916	11617	Place-8
SMITH	Seonaid	1	-----	F	1916	11620	Place-26
SMITH	Shawn	1	-----	M	1916	11626	Place-12
SMITH	Jenkins	1	-----	M	1916	11627	Place-20
SMITH	Suzanne	1	-----	F	1916	11629	Place-0
SMITH	Jenkins	1	-----	M	1916	11631	Place-5
SMITH	Jacob	1	-----	M	1916	11639	Place-14
SMITH	Jim	1	-----	M	1916	11640	Place-18
SMITH	Jim	1	-----	M	1916	11647	Place-20
SMITH	Seonaid	1	-----	F	1916	11652	Place-29
SMITH	Sharon	0	-----	F	1916	11699	Place-28
SMITH	Joseph	0	-----	M	1916	11704	Place-9
SMITH	Paulo	0	-----	M	1916	11708	Place-22
SMITH	Briony	0	-----	F	1916	11710	Place-9
SMITH	Joseph	0	-----	M	1916	11713	Place-13
SMITH	Jim	0	-----	M	1916	11722	Place-28
SMITH	Sheila	0	-----	F	1916	11728	Place-25
SMITH	Jenkins	0	-----	M	1916	11729	Place-2
SMITH	Sarah	0	-----	F	1916	11736	Place-2
SMITH	Selina	0	-----	F	1916	11759	Place-12
SMITH	Sheila	0	-----	F	1916	11769	Place-18
SMITH	Sharon	0	-----	F	1916	11771	Place-27
SMITH	Bob	0	-----	M	1916	11789	Place-6
SMITH	Susan	0	-----	F	1916	11797	Place-19
SMITH	Shawn	0	-----	M	1916	11805	Place-0
SMITH	Sharon	0	-----	F	1916	11808	Place-13
SMITH	Bob	0	-----	M	1916	11838	Place-0
SMITH	Suzanne	0	-----	F	1916	11840	Place-27
SMITH	Sarah	0	-----	F	1916	11841	Place-5
SMITH	Paulo	0	-----	M	1916	11850	Place-28
SMITH	Sharon	0	-----	F	1916	11851	Place-5
SMITH	Suzanne	0	-----	F	1916	11857	Place-9
SMITH	Suzanne	0	-----	F	1916	11864	Place-28
SMITH	Suzanne	28	-----	F	1917	11874	Place-9
SMITH	Susan	28	-----	F	1917	11880	Place-8
SMITH	Selina	24	-----	F	1917	11155	Place-1
SMITH	Susan	55	-----	F	1917	4836	Place-18
SMITH	Sarah	32	-----	F	1917	7132	Place-11
SMITH	Paulo	29	-----	M	1917	7536	Place-15
SMITH	Briony	55	-----	F	1917	8920	Place-23
SMITH	Shawn	56	-----	M	1917	4720	Place-29
SMITH	Bob	17	-----	M	1917	9215	Place-16
SMITH	Sharon	28	-----	F	1917	11326	Place-2
SMITH	Selina	59	-----	F	1917	10501	Place-20
SMITH	Briony	56	-----	F	1917	10024	Place-1
SMITH	Sharon	57	-----	F	1917	8918	Place-26
SMITH	Shawn	49	-----	M	1917	5313	Place-13
SMITH	Briony	22	-----	F	1917	8507	Place-20
SMITH	Sarah	57	-----	F	1917	11501	Place-6
SMITH	Sharon	56	-----	F	1917	11317	Place-29
SMITH	Sharon	56	-----	F	1917	11329	Place-16
SMITH	Sarah	63	-----	F	1917	11330	Place-16
SMITH	Sarah	27	-----	F	1917	11333	Place-20
SMITH	Briony	42	-----	F	1917	8807	Place-18
SMITH	Paulo	45	-----	M	1917	5685	Place-6
SMITH	Briony	55	-----	F	1917	9540	Place-16
SMITH	Seonaid	29	-----	F	1917	11146	Place-15
SMITH	Suzanne	23	-----	F	1917	8271	Place-2
SMITH	Sarah	54	-----	F	1917	10981	Place-9
SMITH	Jim	55	-----	M	1917	4842	Place-27
SMITH	Seonaid	11	-----	F	1917	10148	Place-4
SMITH	Selina	56	-----	F	1917	10499	Place-3
SMITH	Paulo	56	-----	M	1917	4745	Place-25
SMITH	Suzanne	56	-----	F	1917	8927	Place-19
SMITH	James	60	-----	M	1917	4451	Place-11
SMITH	Paulo	57	-----	M	1917	4679	Place-11
SMITH	Sarah	32	-----	F	1917	7173	Place-24
SMITH	Suzanne	13	-----	F	1917	9797	Place-6
SMITH	Bob	12	-----	M	1917	9925	Place-7
SMITH	Shawn	7	-----	M	1917	10696	Place-17
SMITH	Susan	59	-----	F	1917	10677	Place-23
SMITH	Seonaid	57	-----	F	1917	10177	Place-20
SMITH	Briony	57	-----	F	1917	4670	Place-20
SMITH	Shawn	54	-----	M	1917	4865	Place-16
SMITH	Susan	57	-----	F	1917	7815	Place-17
SMITH	James	56	-----	M	1917	4758	Place-16
SMITH	Joseph	33	-----	M	1917	7004	Place-26
SMITH	Suzanne	57	-----	F	1917	6930	Place-6
SMITH	Susan	60	-----	F	1917	8663	Place-6
SMITH	Jim	55	-----	M	1917	4817	Place-15
SMITH	Joseph	55	-----	M	1917	4815	Place-27
SMITH	Sharon	57	-----	F	1917	7944	Place-7
SMITH	Jim	61	-----	M	1917	4359	Place-23
SMITH	Jenkins	27	-----	M	1917	7801	Place-25
SMITH	Jenkins	25	-----	M	1917	8100	Place-7
SMITH	Sheila	20	-----	F	1917	8739	Place-21
SMITH	Jacob	19	-----	M	1917	8840	Place-8
SMITH	Briony	17	-----	F	1917	9219	Place-19
SMITH	Jacob	16	-----	M	1917	9259	Place-1
SMITH	Selina	16	-----	F	1917	9343	Place-23
SMITH	Paulo	15	-----	M	1917	9428	Place-21
SMITH	Sarah	14	-----	F	1917	9590	Place-29
SMITH	Joseph	9	-----	M	1917	10386	Place-21
SMITH	Seonaid	9	-----	F	1917	10411	Place-2
SMITH	Suzanne	8	-----	F	1917	10529	Place-19
SMITH	Jacob	8	-----	M	1917	10566	Place-12
SMITH	Jenkins	8	-----	M	1917	10568	Place-9
SMITH	Joseph	7	-----	M	1917	10687	Place-18
SMITH	Paulo	7	-----	M	1917	10707	Place-24
SMITH	Susan	7	-----	F	1917	10757	Place-21
SMITH	Paulo	6	-----	M	1917	10962	Place-8
SMITH	Jim	5	-----	M	1917	11033	Place-16
SMITH	Jenkins	5	-----	M	1917	11121	Place-19
SMITH	Paulo	1	-----	M	1917	11695	Place-26
SMITH	Sheila	1	-----	F	1917	11701	Place-21
SMITH	Shawn	1	-----	M	1917	11706	Place-28
SMITH	Selina	1	-----	F	1917	11707	Place-10
SMITH	Jenkins	1	-----	M	1917	11711	Place-9
SMITH	Sarah	1	-----	F	1917	11715	Place-25
SMITH	Bob	1	-----	M	1917	11716	Place-1
SMITH	Jenkins	1	-----	M	1917	11723	Place-9
SMITH	Seonaid	1	-----	F	1917	11725	Place-14
SMITH	Seonaid	1	-----	F	1917	11727	Place-14
SMITH	Shawn	1	-----	M	1917	11731	Place-14
SMITH	Jenkins	1	-----	M	1917	11740	Place-6
SMITH	Jacob	1	-----	M	1917	11743	Place-12
SMITH	Jim	1	-----	M	1917	11751	Place-3
SMITH	Sheila	1	-----	F	1917	11753	Place-20
SMITH	Jim	1	-----	M	1917	11761	Place-27
SMITH	Susan	1	-----	F	1917	11762	Place-13
SMITH	Briony	1	-----	F	1917	11772	Place-24
SMITH	Jenkins	1	-----	M	1917	11773	Place-28
SMITH	Shawn	1	-----	M	1917	11776	Place-14
SMITH	Briony	1	-----	F	1917	11778	Place-17
SMITH	Jacob	1	-----	M	1917	11781	Place-8
SMITH	Jim	1	-----	M	1917	11788	Place-1
SMITH	Susan	1	-----	F	1917	11790	Place-28
SMITH	Paulo	1	-----	M	1917	11792	Place-22
SMITH	Seonaid	1	-----	F	1917	11793	Place-28
SMITH	Briony	1	-----	F	1917	11802	Place-21
SMITH	Bob	1	-----	M	1917	11823	Place-27
SMITH	Paulo	1	-----	M	1917	11826	Place-17
SMITH	Sarah	1	-----	F	1917	11828	Place-1
SMITH	Bob	1	-----	M	1917	11831	Place-7
SMITH	Sharon	1	-----	F	1917	11832	Place-25
SMITH	Jacob	1	-----	M	1917	11835	Place-18
SMITH	Joseph	1	-----	M	1917	11839	Place-20
SMITH	Bob	1	-----	M	1917	11861	Place-8
SMITH	Jim	1	-----	M	1917	11863	Place-25
SMITH	Selina	0	-----	F	1917	11885	Place-8
SMITH	Susan	0	-----	F	1917	11890	Place-29
SMITH	Susan	0	-----	F	1917	11891	Place-12
SMITH	Joseph	0	-----	M	1917	11912	Place-6
SMITH	Bob	0	-----	M	1917	11917	Place-22
SMITH	Sarah	0	-----	F	1917	11921	Place-26
SMITH	Suzanne	0	-----	F	1917	11932	Place-12
SMITH	Joseph	0	-----	M	1917	11950	Place-27
SMITH	Briony	0	-----	F	1917	11953	Place-29
SMITH	Bob	0	-----	M	1917	11955	Place-23
SMITH	Shawn	0	-----	M	1917	11959	Place-21
SMITH	Seonaid	0	-----	F	1917	11961	Place-27
SMITH	Susan	0	-----	F	1917	11966	Place-7
SMITH	Bob	0	-----	M	1917	11970	Place-27
SMITH	Sharon	0	-----	F	1917	11973	Place-23
SMITH	Paulo	0	-----	M	1917	11986	Place-26
SMITH	Sarah	0	-----	F	1917	11988	Place-10
SMITH	Bob	0	-----	M	1917	11989	Place-20
SMITH	Suzanne	0	-----	F	1917	11990	Place-22
SMITH	Shawn	0	-----	M	1917	11997	Place-11
SMITH	Bob	0	-----	M	1917	12014	Place-24
SMITH	Jacob	0	-----	M	1917	12021	Place-25
SMITH	James	0	-----	M	1917	12028	Place-27
SMITH	Joseph	0	-----	M	1917	12029	Place-7
SMITH	Jim	0	-----	M	1917	12031	Place-6
SMITH	Seonaid	0	-----	F	1917	12036	Place-11
SMITH	Sarah	0	-----	F	1917	12038	Place-5
SMITH	Sheila	0	-----	F	1917	12041	Place-5
SMITH	Paulo	0	-----	M	1917	12045	Place-16
SMITH	Suzanne	0	-----	F	1917	12051	Place-23
SMITH	Sharon	55	-----	F	1918	7068	Place-24
SMITH	Briony	51	-----	F	1918	8392	Place-18
SMITH	Joseph	56	-----	M	1918	4808	Place-17
SMITH	James	26	-----	M	1918	8094	Place-2
SMITH	Shawn	57	-----	M	1918	4759	Place-1
SMITH	Briony	1	-----	F	1918	11930	Place-28
SMITH	Sarah	56	-----	F	1918	9839	Place-25
SMITH	Joseph	19	-----	M	1918	9028	Place-25
SMITH	Sharon	64	-----	F	1918	10338	Place-11
SMITH	Selina	33	-----	F	1918	7138	Place-4
SMITH	Sarah	55	-----	F	1918	4928	Place-11
SMITH	Jenkins	59	-----	M	1918	4620	Place-7
SMITH	Jim	43	-----	M	1918	6025	Place-24
SMITH	Bob	57	-----	M	1918	4775	Place-6
SMITH	Jim	58	-----	M	1918	4675	Place-1
SMITH	James	45	-----	M	1918	5809	Place-13
SMITH	Sheila	54	-----	F	1918	10815	Place-25
SMITH	Seonaid	58	-----	F	1918	4671	Place-21
SMITH	Sarah	37	-----	F	1918	6678	Place-3
SMITH	Briony	25	-----	F	1918	8235	Place-16
SMITH	Susan	66	-----	F	1918	11147	Place-21
SMITH	Joseph	29	-----	M	1918	7664	Place-29
SMITH	Suzanne	52	-----	F	1918	9239	Place-0
SMITH	Jim	27	-----	M	1918	7905	Place-24
SMITH	Sharon	67	-----	F	1918	5958	Place-7
SMITH	Bob	49	-----	M	1918	5408	Place-8
SMITH	Sheila	23	-----	F	1918	8426	Place-26
SMITH	Joseph	34	-----	M	1918	6950	Place-23
SMITH	Sarah	23	-----	F	1918	8483	Place-8
SMITH	Sarah	20	-----	F	1918	8876	Place-22
SMITH	Seonaid	14	-----	F	1918	9714	Place-12
SMITH	Bob	31	-----	M	1918	7390	Place-6
SMITH	Jenkins	36	-----	M	1918	6736	Place-11
SMITH	Susan	41	-----	F	1918	6223	Place-13
SMITH	Susan	56	-----	F	1918	9695	Place-17
SMITH	Susan	35	-----	F	1918	6919	Place-15
SMITH	Shawn	38	-----	M	1918	6518	Place-3
SMITH	Shawn	55	-----	M	1918	4894	Place-7
SMITH	Paulo	58	-----	M	1918	4690	Place-3
SMITH	Jim	57	-----	M	1918	4779	Place-29
SMITH	Joseph	19	-----	M	1918	8954	Place-19
SMITH	Jim	27	-----	M	1918	7904	Place-14
SMITH	Briony	57	-----	F	1918	8113	Place-12
SMITH	Susan	53	-----	F	1918	5106	Place-23
SMITH	Bob	38	-----	M	1918	6553	Place-23
SMITH	Jacob	55	-----	M	1918	4920	Place-15
SMITH	Sheila	25	-----	F	1918	8134	Place-9
SMITH	Bob	25	-----	M	1918	8165	Place-1
SMITH	Selina	23	-----	F	1918	8409	Place-26
SMITH	Seonaid	23	-----	F	1918	8413	Place-0
SMITH	Susan	22	-----	F	1918	8560	Place-25
SMITH	Jim	22	-----	M	1918	8575	Place-5
SMITH	Seonaid	21	-----	F	1918	8719	Place-8
SMITH	Suzanne	17	-----	F	1918	9330	Place-24
SMITH	Paulo	17	-----	M	1918	9336	Place-7
SMITH	Bob	15	-----	M	1918	9673	Place-12
SMITH	Jim	14	-----	M	1918	9752	Place-0
SMITH	Jim	12	-----	M	1918	10133	Place-22
SMITH	Briony	8	-----	F	1918	10691	Place-13
SMITH	Suzanne	8	-----	F	1918	10753	Place-26
SMITH	Jenkins	8	-----	M	1918	10770	Place-1
SMITH	Selina	8	-----	F	1918	10802	Place-2
SMITH	Seonaid	6	-----	F	1918	11028	Place-5
SMITH	Susan	5	-----	F	1918	11193	Place-25
SMITH	Jenkins	3	-----	M	1918	11561	Place-27
SMITH	Sharon	3	-----	F	1918	11593	Place-5
SMITH	Shawn	2	-----	M	1918	11721	Place-22
SMITH	Susan	2	-----	F	1918	11765	Place-1
SMITH	Jacob	1	-----	M	1918	11900	Place-27
SMITH	Sharon	1	-----	F	1918	11902	Place-2
SMITH	Briony	1	-----	F	1918	11904	Place-15
SMITH	Sheila	1	-----	F	1918	11925	Place-9
SMITH	Selina	1	-----	F	1918	11928	Place-4
SMITH	James	1	-----	M	1918	11943	Place-6
SMITH	Joseph	1	-----	M	1918	11944	Place-2
SMITH	Jacob	1	-----	M	1918	11954	Place-21
SMITH	Susan	1	-----	F	1918	11957	Place-18
SMITH	Jacob	1	-----	M	1918	11968	Place-12
SMITH	Susan	1	-----	F	1918	11979	Place-21
SMITH	Jim	1	-----	M	1918	11983	Place-13
SMITH	James	1	-----	M	1918	11985	Place-13
SMITH	Jacob	1	-----	M	1918	11994	Place-14
SMITH	Jim	1	-----	M	1918	12013	Place-0
SMITH	Briony	1	-----	F	1918	12015	Place-14
SMITH	Jenkins	1	-----	M	1918	12017	Place-9
SMITH	Sharon	1	-----	F	1918	12019	Place-22
SMITH	James	1	-----	M	1918	12022	Place-7
SMITH	Shawn	1	-----	M	1918	12024	Place-2
SMITH	Selina	1	-----	F	1918	12032	Place-10
SMITH	James	1	-----	M	1918	12034	Place-3
SMITH	Shawn	1	-----	M	1918	12040	Place-25
SMITH	Briony	1	-----	F	1918	12050	Place-14
SMITH	Joseph	1	-----	M	1918	12052	Place-27
SMITH	Briony	0	-----	F	1918	12074	Place-13
SMITH	Seonaid	0	-----	F	1918	12075	Place-0
SMITH	Sarah	0	-----	F	1918	12080	Place-3
SMITH	Joseph	0	-----	M	1918	12081	Place-10
SMITH	Seonaid	0	-----	F	1918	12083	Place-28
SMITH	Paulo	0	-----	M	1918	12085	Place-12
SMITH	Shawn	0	-----	M	1918	12086	Place-26
SMITH	Jim	0	-----	M	1918	12089	Place-16
SMITH	Selina	0	-----	F	1918	12090	Place-2
SMITH	Seonaid	0	-----	F	1918	12093	Place-19
SMITH	Selina	0	-----	F	1918	12097	Place-26
SMITH	Jacob	0	-----	M	1918	12098	Place-7
SMITH	Sheila	0	-----	F	1918	12100	Place-11
SMITH	Sarah	0	-----	F	1918	12103	Place-3
SMITH	Selina	0	-----	F	1918	12112	Place-27
SMITH	Sharon	0	-----	F	1918	12119	Place-0
SMITH	Shawn	0	-----	M	1918	12123	Place-10
SMITH	Shawn	0	-----	M	1918	12124	Place-22
SMITH	Suzanne	0	-----	F	1918	12132	Place-7
SMITH	Sheila	0	-----	F	1918	12139	Place-22
SMITH	Sharon	0	-----	F	1918	12142	Place-19
SMITH	Seonaid	0	-----	F	1918	12145	Place-29
SMITH	Briony	0	-----	F	1918	12147	Place-2
SMITH	Seonaid	0	-----	F	1918	12151	Place-5
SMITH	Seonaid	0	-----	F	1918	12155	Place-3
SMITH	Jenkins	0	-----	M	1918	12157	Place-6
SMITH	Bob	0	-----	M	1918	12164	Place-26
SMITH	Suzanne	0	-----	F	1918	12166	Place-11
SMITH	Susan	0	-----	F	1918	12171	Place-14
SMITH	Bob	0	-----	M	1918	12173	Place-13
SMITH	Paulo	0	-----	M	1918	12191	Place-4
SMITH	Sheila	0	-----	F	1918	12193	Place-22
SMITH	Shawn	0	-----	M	1918	12197	Place-8
SMITH	Briony	0	-----	F	1918	12200	Place-4
SMITH	Sheila	0	-----	F	1918	12202	Place-10
SMITH	Paulo	0	-----	M	1918	12208	Place-18
SMITH	Sharon	0	-----	F	1918	12211	Place-4
SMITH	Joseph	0	-----	M	1918	12216	Place-29
SMITH	Briony	0	-----	F	1918	12220	Place-28
SMITH	Briony	0	-----	F	1918	12230	Place-26
SMITH	Joseph	0	-----	M	1918	12234	Place-29
SMITH	Selina	0	-----	F	1918	12235	Place-21
SMITH	Jenkins	0	-----	M	1918	12239	Place-15
SMITH	Sheila	59	-----	F	1919	7562	Place-2
SMITH	Shawn	60	-----	M	1919	4588	Place-9
SMITH	Selina	36	-----	F	1919	12066	Place-29
SMITH	Bob	36	-----	M	1919	6862	Place-15
SMITH	Jim	24	-----	M	1919	8470	Place-27
SMITH	Seonaid	60	-----	F	1919	8929	Place-24
SMITH	Jacob	24	-----	M	1919	8418	Place-23
SMITH	Jim	25	-----	M	1919	8356	Place-26
SMITH	Seonaid	25	-----	F	1919	11868	Place-9
SMITH	Susan	24	-----	F	1919	11883	Place-29
SMITH	Jenkins	42	-----	M	1919	6201	Place-9
SMITH	Jacob	37	-----	M	1919	6798	Place-15
SMITH	Joseph	47	-----	M	1919	5693	Place-16
SMITH	Jacob	32	-----	M	1919	7381	Place-1
SMITH	Bob	25	-----	M	1919	8376	Place-16
SMITH	Susan	59	-----	F	1919	4700	Place-17
SMITH	Suzanne	57	-----	F	1919	4822	Place-21
SMITH	Seonaid	58	-----	F	1919	10828	Place-19
SMITH	Jenkins	57	-----	M	1919	4847	Place-7
SMITH	Bob	65	-----	M	1919	4259	Place-28
SMITH	Shawn	33	-----	M	1919	7299	Place-10
SMITH	Susan	36	-----	F	1919	6857	Place-12
SMITH	Suzanne	70	-----	F	1919	5281	Place-1
SMITH	James	58	-----	M	1919	4766	Place-12
SMITH	Sharon	17	-----	F	1919	9437	Place-11
SMITH	Briony	42	-----	F	1919	8801	Place-13
SMITH	Jenkins	63	-----	M	1919	4349	Place-2
SMITH	Suzanne	39	-----	F	1919	9686	Place-3
SMITH	Jacob	57	-----	M	1919	4834	Place-16
SMITH	Suzanne	42	-----	F	1919	6241	Place-21
SMITH	Jim	55	-----	M	1919	4984	Place-22
SMITH	Sheila	55	-----	F	1919	5002	Place-10
SMITH	Susan	26	-----	F	1919	8169	Place-29
SMITH	Paulo	23	-----	M	1919	8533	Place-17
SMITH	Briony	22	-----	F	1919	8733	Place-5
SMITH	Briony	19	-----	F	1919	9225	Place-24
SMITH	Seonaid	18	-----	F	1919	9381	Place-21
SMITH	Bob	17	-----	M	1919	9461	Place-5
SMITH	Suzanne	16	-----	F	1919	9622	Place-5
SMITH	Susan	16	-----	F	1919	9663	Place-16
SMITH	Suzanne	15	-----	F	1919	9739	Place-4
SMITH	Briony	11	-----	F	1919	10456	Place-24
SMITH	Seonaid	9	-----	F	1919	10733	Place-1
SMITH	Joseph	9	-----	M	1919	10759	Place-28
SMITH	Sheila	8	-----	F	1919	10858	Place-26
SMITH	Susan	6	-----	F	1919	11303	Place-29
SMITH	Shawn	5	-----	M	1919	11337	Place-23
SMITH	James	5	-----	M	1919	11456	Place-1
SMITH	Joseph	5	-----	M	1919	11469	Place-19
SMITH	Suzanne	4	-----	F	1919	11542	Place-20
SMITH	Suzanne	4	-----	F	1919	11564	Place-10
SMITH	Joseph	3	-----	M	1919	11800	Place-22
SMITH	Sheila	3	-----	F	1919	11849	Place-28
SMITH	Jim	1	-----	M	1919	12077	Place-23
SMITH	Sarah	1	-----	F	1919	12078	Place-19
SMITH	Seonaid	1	-----	F	1919	12099	Place-16
SMITH	Shawn	1	-----	M	1919	12107	Place-4
SMITH	Briony	1	-----	F	1919	12109	Place-20
SMITH	Jenkins	1	-----	M	1919	12117	Place-23
SMITH	Shawn	1	-----	M	1919	12121	Place-26
SMITH	Seonaid	1	-----	F	1919	12126	Place-19
SMITH	Sheila	1	-----	F	1919	12135	Place-9
SMITH	Jacob	1	-----	M	1919	12140	Place-28
SMITH	Jacob	1	-----	M	1919	12148	Place-0
SMITH	Jenkins	1	-----	M	1919	12150	Place-17
SMITH	Susan	1	-----	F	1919	12153	Place-27
SMITH	Briony	1	-----	F	1919	12156	Place-15
SMITH	Jenkins	1	-----	M	1919	12163	Place-2
SMITH	Joseph	1	-----	M	1919	12169	Place-23
SMITH	Susan	1	-----	F	1919	12176	Place-9
SMITH	Paulo	1	-----	M	1919	12177	Place-2
SMITH	Joseph	1	-----	M	1919	12187	Place-18
SMITH	Sharon	1	-----	F	1919	12188	Place-24
SMITH	James	1	-----	M	1919	12189	Place-0
SMITH	Selina	1	-----	F	1919	12190	Place-6
SMITH	Shawn	1	-----	M	1919	12192	Place-10
SMITH	Sheila	1	-----	F	1919	12209	Place-13
SMITH	Paulo	1	-----	M	1919	12217	Place-11
SMITH	James	1	-----	M	1919	12218	Place-21
SMITH	Joseph	1	-----	M	1919	12223	Place-29
SMITH	Bob	1	-----	M	1919	12225	Place-15
SMITH	Joseph	0	-----	M	1919	12265	Place-12
SMITH	Suzanne	0	-----	F	1919	12275	Place-13
SMITH	Briony	0	-----	F	1919	12280	Place-3
SMITH	Susan	0	-----	F	1919	12283	Place-28
SMITH	Briony	0	-----	F	1919	12290	Place-18
SMITH	Jacob	0	-----	M	1919	12293	Place-26
SMITH	Susan	0	-----	F	1919	12294	Place-11
SMITH	Sharon	0	-----	F	1919	12302	Place-12
SMITH	Seonaid	0	-----	F	1919	12313	Place-28
SMITH	Jim	0	-----	M	1919	12315	Place-1
SMITH	Sharon	0	-----	F	1919	12319	Place-2
SMITH	Jim	0	-----	M	1919	12321	Place-3
SMITH	Sheila	0	-----	F	1919	12331	Place-25
SMITH	Seonaid	0	-----	F	1919	12332	Place-28
SMITH	Shawn	0	-----	M	1919	12334	Place-13
SMITH	Selina	0	-----	F	1919	12335	Place-13
SMITH	Joseph	0	-----	M	1919	12338	Place-22
SMITH	Sheila	0	-----	F	1919	12341	Place-27
SMITH	Suzanne	0	-----	F	1919	12352	Place-3
SMITH	Paulo	0	-----	M	1919	12356	Place-5
SMITH	Sharon	0	-----	F	1919	12357	Place-27
SMITH	Jacob	0	-----	M	1919	12365	Place-27
SMITH	Bob	0	-----	M	1919	12370	Place-11
SMITH	Bob	0	-----	M	1919	12380	Place-20
SMITH	Suzanne	0	-----	F	1919	12384	Place-10
SMITH	Jacob	0	-----	M	1919	12398	Place-18
SMITH	Sarah	0	-----	F	1919	12402	Place-8
SMITH	James	0	-----	M	1919	12404	Place-7
SMITH	Susan	23	-----	F	1920	12429	Place-14
SMITH	Selina	57	-----	F	1920	7817	Place-3
SMITH	Seonaid	58	-----	F	1920	9236	Place-13
SMITH	James	25	-----	M	1920	8495	Place-3
SMITH	Bob	33	-----	M	1920	7346	Place-3
SMITH	Shawn	47	-----	M	1920	5803	Place-18
SMITH	Jacob	63	-----	M	1920	4466	Place-24
SMITH	Sheila	67	-----	F	1920	4136	Place-18
SMITH	Seonaid	56	-----	F	1920	12253	Place-18
SMITH	Selina	21	-----	F	1920	8972	Place-7
SMITH	Jim	27	-----	M	1920	8212	Place-16
SMITH	Seonaid	19	-----	F	1920	9391	Place-8
SMITH	Sharon	55	-----	F	1920	10336	Place-3
SMITH	Joseph	55	-----	M	1920	5075	Place-22
SMITH	Shawn	19	-----	M	1920	9300	Place-18
SMITH	Suzanne	55	-----	F	1920	11328	Place-7
SMITH	Bob	55	-----	M	1920	5056	Place-28
SMITH	Briony	55	-----	F	1920	11680	Place-17
SMITH	Joseph	59	-----	M	1920	4723	Place-23
SMITH	Jenkins	61	-----	M	1920	4574	Place-17
SMITH	Joseph	55	-----	M	1920	5095	Place-2
SMITH	James	31	-----	M	1920	7586	Place-12
SMITH	Jim	24	-----	M	1920	8606	Place-13
SMITH	Bob	24	-----	M	1920	8616	Place-8
SMITH	Sheila	57	-----	F	1920	10495	Place-6
SMITH	Seonaid	17	-----	F	1920	9656	Place-27
SMITH	Suzanne	37	-----	F	1920	10322	Place-22
SMITH	Jenkins	58	-----	M	1920	4809	Place-19
SMITH	Jim	42	-----	M	1920	6322	Place-20
SMITH	Jim	55	-----	M	1920	5097	Place-17
SMITH	James	40	-----	M	1920	6522	Place-26
SMITH	Jenkins	56	-----	M	1920	5001	Place-28
SMITH	Jacob	16	-----	M	1920	9763	Place-10
SMITH	Jacob	15	-----	M	1920	9900	Place-21
SMITH	Paulo	50	-----	M	1920	5490	Place-14
SMITH	Sarah	38	-----	F	1920	6791	Place-16
SMITH	Jenkins	43	-----	M	1920	6208	Place-6
SMITH	Jim	25	-----	M	1920	8427	Place-21
SMITH	Sharon	21	-----	F	1920	8949	Place-4
SMITH	Seonaid	21	-----	F	1920	8965	Place-27
SMITH	Jacob	19	-----	M	1920	9254	Place-29
SMITH	Selina	19	-----	F	1920	9335	Place-13
SMITH	Jim	18	-----	M	1920	9480	Place-23
SMITH	Sharon	15	-----	F	1920	9879	Place-14
SMITH	Sheila	15	-----	F	1920	9927	Place-6
SMITH	Jenkins	14	-----	M	1920	10147	Place-3
SMITH	Jim	11	-----	M	1920	10623	Place-8
SMITH	Bob	11	-----	M	1920	10655	Place-0
SMITH	Sharon	9	-----	F	1920	10861	Place-8
SMITH	Paulo	9	-----	M	1920	10884	Place-23
SMITH	Jacob	8	-----	M	1920	11027	Place-10
SMITH	Paulo	7	-----	M	1920	11197	Place-21
SMITH	Jenkins	7	-----	M	1920	11249	Place-23
SMITH	Sharon	5	-----	F	1920	11641	Place-27
SMITH	Selina	5	-----	F	1920	11646	Place-22
SMITH	Briony	5	-----	F	1920	11654	Place-14
SMITH	Shawn	5	-----	M	1920	11662	Place-2
SMITH	James	4	-----	M	1920	11700	Place-2
SMITH	Susan	4	-----	F	1920	11794	Place-21
SMITH	Suzanne	4	-----	F	1920	11843	Place-9
SMITH	Jacob	3	-----	M	1920	11993	Place-13
SMITH	Paulo	3	-----	M	1920	12023	Place-19
SMITH	Briony	2	-----	F	1920	12082	Place-18
SMITH	Jim	2	-----	M	1920	12095	Place-29
SMITH	Jim	1	-----	M	1920	12272	Place-10
SMITH	Sheila	1	-----	F	1920	12284	Place-29
SMITH	Selina	1	-----	F	1920	12296	Place-5
SMITH	Seonaid	1	-----	F	1920	12333	Place-13
SMITH	Sarah	1	-----	F	1920	12336	Place-7
SMITH	James	1	-----	M	1920	12345	Place-23
SMITH	Shawn	1	-----	M	1920	12347	Place-18
SMITH	Susan	1	-----	F	1920	12350	Place-19
SMITH	Shawn	1	-----	M	1920	12354	Place-21
SMITH	Paulo	1	-----	M	1920	12358	Place-5
SMITH	Jenkins	1	-----	M	1920	12359	Place-19
SMITH	Bob	1	-----	M	1920	12369	Place-14
SMITH	Jacob	1	-----	M	1920	12378	Place-21
SMITH	Selina	1	-----	F	1920	12382	Place-4
SMITH	Selina	1	-----	F	1920	12385	Place-9
SMITH	Shawn	1	-----	M	1920	12387	Place-16
SMITH	Sharon	1	-----	F	1920	12392	Place-11
SMITH	Selina	1	-----	F	1920	12395	Place-7
SMITH	James	1	-----	M	1920	12399	Place-14
SMITH	Sheila	1	-----	F	1920	12403	Place-24
SMITH	Sheila	1	-----	F	1920	12407	Place-23
SMITH	Susan	1	-----	F	1920	12409	Place-8
SMITH	Selina	1	-----	F	1920	12410	Place-27
SMITH	Sarah	0	-----	F	1920	12435	Place-23
SMITH	Bob	0	-----	M	1920	12437	Place-28
SMITH	Joseph	0	-----	M	1920	12438	Place-16
SMITH	Sarah	0	-----	F	1920	12439	Place-13
SMITH	Sheila	0	-----	F	1920	12442	Place-21
SMITH	Shawn	0	-----	M	1920	12447	Place-18
SMITH	James	0	-----	M	1920	12456	Place-24
SMITH	Paulo	0	-----	M	1920	12459	Place-14
SMITH	Jacob	0	-----	M	1920	12472	Place-16
SMITH	Selina	0	-----	F	1920	12486	Place-27
SMITH	Sharon	0	-----	F	1920	12487	Place-24
SMITH	James	0	-----	M	1920	12493	Place-5
SMITH	Paulo	0	-----	M	1920	12500	Place-28
SMITH	Paulo	0	-----	M	1920	12504	Place-1
SMITH	Seonaid	0	-----	F	1920	12505	Place-27
SMITH	Jenkins	0	-----	M	1920	12506	Place-15
SMITH	Jacob	0	-----	M	1920	12508	Place-4
SMITH	Joseph	0	-----	M	1920	12514	Place-29
SMITH	Jacob	0	-----	M	1920	12524	Place-21
SMITH	Suzanne	0	-----	F	1920	12525	Place-23
SMITH	Sharon	0	-----	F	1920	12526	Place-13
SMITH	Suzanne	0	-----	F	1920	12532	Place-6
SMITH	Sheila	0	-----	F	1920	12533	Place-27
SMITH	Briony	0	-----	F	1920	12534	Place-8
SMITH	Susan	0	-----	F	1920	12539	Place-28
SMITH	Jacob	0	-----	M	1920	12541	Place-10
SMITH	Briony	0	-----	F	1920	12542	Place-17
SMITH	Jacob	0	-----	M	1920	12543	Place-7
SMITH	Sheila	0	-----	F	1920	12544	Place-23
SMITH	Shawn	0	-----	M	1920	12555	Place-2
SMITH	Jacob	0	-----	M	1920	12558	Place-23
SMITH	Suzanne	0	-----	F	1920	12561	Place-0
SMITH	Sharon	0	-----	F	1920	12568	Place-15
SMITH	Paulo	0	-----	M	1920	12570	Place-25
SMITH	James	0	-----	M	1920	12571	Place-26
SMITH	Paulo	0	-----	M	1920	12574	Place-13
SMITH	Sharon	0	-----	F	1920	12575	Place-28
SMITH	Joseph	0	-----	M	1920	12576	Place-29
SMITH	Sarah	0	-----	F	1920	12577	Place-21
SMITH	Jacob	0	-----	M	1920	12578	Place-6
SMITH	Briony	0	-----	F	1920	12585	Place-15
SMITH	Susan	55	-----	F	1921	12056	Place-16
SMITH	Susan	57	-----	F	1921	10174	Place-24
SMITH	Jacob	50	-----	M	1921	5641	Place-20
SMITH	Paulo	29	-----	M	1921	8045	Place-6
SMITH	Jacob	58	-----	M	1921	4935	Place-6
SMITH	Susan	44	-----	F	1921	10498	Place-8
SMITH	Joseph	23	-----	M	1921	8825	Place-3
SMITH	Sarah	56	-----	F	1921	10813	Place-27
SMITH	Sheila	52	-----	F	1921	5387	Place-6
SMITH	Suzanne	22	-----	F	1921	8950	Place-1
SMITH	Shawn	6	-----	M	1921	11519	Place-14
SMITH	Suzanne	56	-----	F	1921	12243	Place-7
SMITH	Sarah	55	-----	F	1921	12246	Place-19
SMITH	Briony	56	-----	F	1921	9690	Place-8
SMITH	Sharon	53	-----	F	1921	9687	Place-4
SMITH	Sharon	55	-----	F	1921	11669	Place-18
SMITH	Joseph	56	-----	M	1921	5089	Place-10
SMITH	Suzanne	37	-----	F	1921	7041	Place-18
SMITH	Shawn	20	-----	M	1921	9305	Place-8
SMITH	Susan	4	-----	F	1921	12030	Place-23
SMITH	Sharon	43	-----	F	1921	11161	Place-21
SMITH	Paulo	47	-----	M	1921	5908	Place-28
SMITH	Sharon	55	-----	F	1921	11684	Place-9
SMITH	James	27	-----	M	1921	8384	Place-25
SMITH	Joseph	20	-----	M	1921	9313	Place-14
SMITH	Jacob	48	-----	M	1921	5854	Place-1
SMITH	Joseph	43	-----	M	1921	6325	Place-2
SMITH	James	59	-----	M	1921	4792	Place-3
SMITH	Sarah	57	-----	F	1921	4969	Place-29
SMITH	Suzanne	55	-----	F	1921	9535	Place-19
SMITH	Joseph	56	-----	M	1921	5070	Place-7
SMITH	Jenkins	57	-----	M	1921	4990	Place-17
SMITH	Paulo	58	-----	M	1921	4931	Place-0
SMITH	Paulo	62	-----	M	1921	4622	Place-8
SMITH	Sharon	24	-----	F	1921	8732	Place-9
SMITH	Jacob	21	-----	M	1921	9180	Place-5
SMITH	Seonaid	18	-----	F	1921	9591	Place-15
SMITH	Jenkins	18	-----	M	1921	9620	Place-13
SMITH	Bob	14	-----	M	1921	10271	Place-17
SMITH	Suzanne	13	-----	F	1921	10384	Place-12
SMITH	Shawn	12	-----	M	1921	10548	Place-29
SMITH	Jacob	12	-----	M	1921	10550	Place-7
SMITH	Jenkins	12	-----	M	1921	10604	Place-23
SMITH	Paulo	11	-----	M	1921	10796	Place-0
SMITH	Suzanne	10	-----	F	1921	10886	Place-18
SMITH	Joseph	9	-----	M	1921	11135	Place-25
SMITH	Seonaid	9	-----	F	1921	11137	Place-11
SMITH	James	8	-----	M	1921	11240	Place-13
SMITH	Briony	7	-----	F	1921	11405	Place-7
SMITH	Suzanne	7	-----	F	1921	11493	Place-1
SMITH	Jenkins	6	-----	M	1921	11644	Place-9
SMITH	Sheila	4	-----	F	1921	12025	Place-25
SMITH	Seonaid	3	-----	F	1921	12087	Place-23
SMITH	Bob	3	-----	M	1921	12125	Place-15
SMITH	Sheila	3	-----	F	1921	12160	Place-3
SMITH	Susan	2	-----	F	1921	12282	Place-28
SMITH	Suzanne	2	-----	F	1921	12361	Place-18
SMITH	Sharon	2	-----	F	1921	12397	Place-15
SMITH	Susan	1	-----	F	1921	12449	Place-3
SMITH	Jenkins	1	-----	M	1921	12452	Place-28
SMITH	Bob	1	-----	M	1921	12455	Place-26
SMITH	Sarah	1	-----	F	1921	12462	Place-22
SMITH	James	1	-----	M	1921	12464	Place-14
SMITH	Shawn	1	-----	M	1921	12484	Place-3
SMITH	Bob	1	-----	M	1921	12488	Place-9
SMITH	Sarah	1	-----	F	1921	12492	Place-24
SMITH	Briony	1	-----	F	1921	12499	Place-26
SMITH	Paulo	1	-----	M	1921	12516	Place-11
SMITH	Sheila	1	-----	F	1921	12520	Place-26
SMITH	Suzanne	1	-----	F	1921	12527	Place-23
SMITH	Briony	1	-----	F	1921	12528	Place-3
SMITH	Bob	1	-----	M	1921	12567	Place-6
SMITH	Seonaid	1	-----	F	1921	12569	Place-6
SMITH	Susan	1	-----	F	1921	12587	Place-8
SMITH	Jim	1	-----	M	1921	12590	Place-1
SMITH	Sheila	0	-----	F	1921	12615	Place-25
SMITH	Sheila	0	-----	F	1921	12623	Place-2
SMITH	Sarah	0	-----	F	1921	12625	Place-27
SMITH	Shawn	0	-----	M	1921	12627	Place-28
SMITH	Jim	0	-----	M	1921	12633	Place-28
SMITH	Joseph	0	-----	M	1921	12640	Place-28
SMITH	Joseph	0	-----	M	1921	12650	Place-0
SMITH	Sarah	0	-----	F	1921	12651	Place-15
SMITH	Suzanne	0	-----	F	1921	12657	Place-24
SMITH	Susan	0	-----	F	1921	12671	Place-3
SMITH	Briony	0	-----	F	1921	12672	Place-11
SMITH	Briony	0	-----	F	1921	12697	Place-3
SMITH	Jim	0	-----	M	1921	12708	Place-14
SMITH	Joseph	0	-----	M	1921	12710	Place-17
SMITH	Briony	0	-----	F	1921	12711	Place-3
SMITH	Joseph	0	-----	M	1921	12722	Place-24
SMITH	Suzanne	0	-----	F	1921	12728	Place-28
SMITH	Seonaid	0	-----	F	1921	12731	Place-7
SMITH	Sharon	0	-----	F	1921	12732	Place-25
SMITH	Briony	0	-----	F	1921	12734	Place-27
SMITH	Sarah	0	-----	F	1921	12742	Place-21
SMITH	Shawn	0	-----	M	1921	12748	Place-28
SMITH	Joseph	0	-----	M	1921	12754	Place-19
SMITH	Jacob	0	-----	M	1921	12757	Place-22
SMITH	Bob	0	-----	M	1921	12767	Place-17
SMITH	Joseph	0	-----	M	1921	12779	Place-16
SMITH	Sheila	0	-----	F	1921	12780	Place-24
SMITH	Selina	0	-----	F	1921	12788	Place-23
SMITH	Jim	0	-----	M	1921	12789	Place-26
SMITH	Jenkins	0	-----	M	1921	12791	Place-29
SMITH	Jacob	0	-----	M	1921	12796	Place-6
SMITH	Joseph	0	-----	M	1921	12799	Place-27
SMITH	Jenkins	0	-----	M	1921	12800	Place-17
SMITH	Susan	30	-----	F	1922	8048	Place-25
SMITH	Bob	25	-----	M	1922	8743	Place-20
SMITH	Joseph	57	-----	M	1922	5083	Place-5
SMITH	Sarah	55	-----	F	1922	5236	Place-21
SMITH	Susan	33	-----	F	1922	7633	Place-26
SMITH	Sharon	18	-----	F	1922	9767	Place-13
SMITH	Bob	17	-----	M	1922	9871	Place-25
SMITH	Jacob	2	-----	M	1922	12565	Place-20
SMITH	Shawn	22	-----	M	1922	9107	Place-29
SMITH	Briony	54	-----	F	1922	10821	Place-6
SMITH	Selina	51	-----	F	1922	5598	Place-2
SMITH	Jim	28	-----	M	1922	8329	Place-29
SMITH	Shawn	24	-----	M	1922	8877	Place-27
SMITH	Jenkins	7	-----	M	1922	11572	Place-27
SMITH	Jacob	56	-----	M	1922	5140	Place-20
SMITH	Jacob	44	-----	M	1922	6344	Place-19
SMITH	Sarah	34	-----	F	1922	12057	Place-1
SMITH	Sheila	55	-----	F	1922	11865	Place-21
SMITH	Shawn	17	-----	M	1922	9939	Place-25
SMITH	James	59	-----	M	1922	4915	Place-25
SMITH	Seonaid	45	-----	F	1922	10340	Place-8
SMITH	Shawn	33	-----	M	1922	7644	Place-22
SMITH	Susan	33	-----	F	1922	11671	Place-9
SMITH	Sheila	59	-----	F	1922	11687	Place-15
SMITH	James	35	-----	M	1922	7362	Place-25
SMITH	Selina	55	-----	F	1922	11327	Place-28
SMITH	Seonaid	52	-----	F	1922	10667	Place-27
SMITH	James	37	-----	M	1922	7162	Place-7
SMITH	Sharon	33	-----	F	1922	10342	Place-18
SMITH	James	30	-----	M	1922	7981	Place-17
SMITH	Susan	53	-----	F	1922	5425	Place-19
SMITH	Jim	55	-----	M	1922	5268	Place-20
SMITH	James	60	-----	M	1922	4794	Place-13
SMITH	Seonaid	56	-----	F	1922	9845	Place-6
SMITH	James	56	-----	M	1922	5148	Place-23
SMITH	Paulo	62	-----	M	1922	4713	Place-26
SMITH	Sheila	27	-----	F	1922	8450	Place-10
SMITH	Seonaid	55	-----	F	1922	8795	Place-13
SMITH	Joseph	36	-----	M	1922	7263	Place-0
SMITH	Susan	55	-----	F	1922	9401	Place-5
SMITH	Bob	54	-----	M	1922	5336	Place-5
SMITH	Shawn	26	-----	M	1922	8643	Place-22
SMITH	James	24	-----	M	1922	8859	Place-26
SMITH	Seonaid	19	-----	F	1922	9612	Place-18
SMITH	Joseph	16	-----	M	1922	10102	Place-22
SMITH	Sheila	16	-----	F	1922	10105	Place-7
SMITH	Paulo	15	-----	M	1922	10189	Place-10
SMITH	Sharon	15	-----	F	1922	10212	Place-10
SMITH	Paulo	14	-----	M	1922	10389	Place-5
SMITH	Shawn	14	-----	M	1922	10393	Place-16
SMITH	Seonaid	13	-----	F	1922	10525	Place-4
SMITH	Sarah	13	-----	F	1922	10544	Place-26
SMITH	Sheila	13	-----	F	1922	10562	Place-4
SMITH	Suzanne	12	-----	F	1922	10689	Place-19
SMITH	Seonaid	12	-----	F	1922	10693	Place-6
SMITH	Jacob	11	-----	M	1922	10892	Place-14
SMITH	Sheila	11	-----	F	1922	10938	Place-25
SMITH	Jim	11	-----	M	1922	10940	Place-24
SMITH	Suzanne	10	-----	F	1922	11007	Place-2
SMITH	Seonaid	10	-----	F	1922	11117	Place-24
SMITH	Suzanne	9	-----	F	1922	11310	Place-1
SMITH	Sharon	8	-----	F	1922	11430	Place-10
SMITH	Seonaid	7	-----	F	1922	11558	Place-28
SMITH	Jacob	7	-----	M	1922	11569	Place-17
SMITH	Jenkins	6	-----	M	1922	11848	Place-23
SMITH	Bob	5	-----	M	1922	11922	Place-23
SMITH	Shawn	5	-----	M	1922	11991	Place-18
SMITH	Jacob	5	-----	M	1922	12049	Place-21
SMITH	Suzanne	3	-----	F	1922	12330	Place-3
SMITH	Jim	3	-----	M	1922	12363	Place-14
SMITH	Jenkins	2	-----	M	1922	12572	Place-24
SMITH	James	1	-----	M	1922	12609	Place-13
SMITH	Susan	1	-----	F	1922	12611	Place-1
SMITH	Paulo	1	-----	M	1922	12617	Place-15
SMITH	Sharon	1	-----	F	1922	12624	Place-23
SMITH	Selina	1	-----	F	1922	12635	Place-13
SMITH	Jacob	1	-----	M	1922	12661	Place-23
SMITH	Jenkins	1	-----	M	1922	12667	Place-18
SMITH	James	1	-----	M	1922	12678	Place-15
SMITH	Paulo	1	-----	M	1922	12682	Place-21
SMITH	Seonaid	1	-----	F	1922	12690	Place-0
SMITH	Seonaid	1	-----	F	1922	12698	Place-17
SMITH	James	1	-----	M	1922	12699	Place-9
SMITH	Jim	1	-----	M	1922	12703	Place-28
SMITH	Sarah	1	-----	F	1922	12716	Place-6
SMITH	Briony	1	-----	F	1922	12719	Place-17
SMITH	Jim	1	-----	M	1922	12726	Place-12
SMITH	Suzanne	1	-----	F	1922	12737	Place-12
SMITH	James	1	-----	M	1922	12756	Place-20
SMITH	Susan	1	-----	F	1922	12762	Place-12
SMITH	Shawn	1	-----	M	1922	12768	Place-27
SMITH	Briony	1	-----	F	1922	12771	Place-3
SMITH	Shawn	1	-----	M	1922	12778	Place-25
SMITH	Shawn	1	-----	M	1922	12783	Place-7
SMITH	Sharon	1	-----	F	1922	12794	Place-12
SMITH	Shawn	1	-----	M	1922	12797	Place-23
SMITH	Paulo	0	-----	M	1922	12854	Place-3
SMITH	Sharon	0	-----	F	1922	12855	Place-1
SMITH	Sarah	0	-----	F	1922	12863	Place-24
SMITH	Sarah	0	-----	F	1922	12868	Place-27
SMITH	Bob	0	-----	M	1922	12875	Place-11
SMITH	Susan	0	-----	F	1922	12884	Place-16
SMITH	Sharon	0	-----	F	1922	12892	Place-10
SMITH	Sarah	0	-----	F	1922	12905	Place-14
SMITH	Seonaid	0	-----	F	1922	12918	Place-29
SMITH	Suzanne	0	-----	F	1922	12924	Place-2
SMITH	Selina	0	-----	F	1922	12927	Place-16
SMITH	Selina	0	-----	F	1922	12929	Place-8
SMITH	Sheila	0	-----	F	1922	12930	Place-29
SMITH	Bob	0	-----	M	1922	12933	Place-29
SMITH	Sarah	0	-----	F	1922	12939	Place-26
SMITH	Paulo	0	-----	M	1922	12943	Place-23
SMITH	Susan	0	-----	F	1922	12947	Place-17
SMITH	Seonaid	0	-----	F	1922	12954	Place-21
SMITH	Selina	0	-----	F	1922	12962	Place-25
SMITH	James	0	-----	M	1922	12969	Place-7
SMITH	Jacob	0	-----	M	1922	12971	Place-0
SMITH	Seonaid	0	-----	F	1922	12981	Place-12
SMITH	Jenkins	0	-----	M	1922	12996	Place-0
SMITH	Sharon	55	-----	F	1923	12067	Place-27
SMITH	Bob	55	-----	M	1923	5324	Place-28
SMITH	Briony	55	-----	F	1923	5348	Place-6
SMITH	Jacob	26	-----	M	1923	8686	Place-13
SMITH	Sharon	22	-----	F	1923	9342	Place-13
SMITH	Selina	20	-----	F	1923	9674	Place-26
SMITH	Jacob	17	-----	M	1923	10127	Place-10
SMITH	Shawn	59	-----	M	1923	4974	Place-6
SMITH	Sheila	55	-----	F	1923	11496	Place-20
SMITH	Seonaid	46	-----	F	1923	9532	Place-19
SMITH	Paulo	51	-----	M	1923	5727	Place-1
SMITH	Sarah	21	-----	F	1923	12593	Place-7
SMITH	Jim	60	-----	M	1923	4907	Place-20
SMITH	Sheila	55	-----	F	1923	11500	Place-17
SMITH	Jacob	59	-----	M	1923	4962	Place-1
SMITH	Jenkins	55	-----	M	1923	5328	Place-21
SMITH	Susan	59	-----	F	1923	7818	Place-18
SMITH	Selina	56	-----	F	1923	7445	Place-20
SMITH	Sarah	56	-----	F	1923	10980	Place-26
SMITH	Suzanne	57	-----	F	1923	11144	Place-9
SMITH	Sharon	55	-----	F	1923	5318	Place-18
SMITH	Selina	7	-----	F	1923	11844	Place-2
SMITH	Joseph	40	-----	M	1923	6886	Place-4
SMITH	Shawn	38	-----	M	1923	7147	Place-6
SMITH	Sarah	29	-----	F	1923	8273	Place-8
SMITH	Briony	10	-----	F	1923	11221	Place-5
SMITH	Briony	55	-----	F	1923	10976	Place-21
SMITH	Jacob	57	-----	M	1923	5184	Place-4
SMITH	James	58	-----	M	1923	5093	Place-2
SMITH	Paulo	58	-----	M	1923	5091	Place-2
SMITH	Sharon	55	-----	F	1923	11503	Place-16
SMITH	Selina	29	-----	F	1923	8284	Place-22
SMITH	Selina	37	-----	F	1923	7274	Place-26
SMITH	Sharon	74	-----	F	1923	10179	Place-16
SMITH	Sheila	30	-----	F	1923	8140	Place-19
SMITH	Jim	55	-----	M	1923	5361	Place-14
SMITH	Selina	55	-----	F	1923	9083	Place-26
SMITH	Jacob	48	-----	M	1923	6057	Place-22
SMITH	Jacob	57	-----	M	1923	5143	Place-6
SMITH	Joseph	19	-----	M	1923	9829	Place-23
SMITH	Selina	58	-----	F	1923	8115	Place-23
SMITH	Suzanne	58	-----	F	1923	8521	Place-12
SMITH	Jim	55	-----	M	1923	5373	Place-23
SMITH	Paulo	46	-----	M	1923	6238	Place-9
SMITH	Jenkins	56	-----	M	1923	5209	Place-28
SMITH	Joseph	58	-----	M	1923	5059	Place-14
SMITH	Joseph	59	-----	M	1923	4999	Place-18
SMITH	Jacob	55	-----	M	1923	5323	Place-10
SMITH	James	40	-----	M	1923	6876	Place-27
SMITH	Selina	21	-----	F	1923	9483	Place-3
SMITH	Briony	20	-----	F	1923	9569	Place-25
SMITH	Jim	18	-----	M	1923	9991	Place-24
SMITH	Jacob	18	-----	M	1923	9998	Place-16
SMITH	Bob	17	-----	M	1923	10044	Place-25
SMITH	Sarah	17	-----	F	1923	10111	Place-6
SMITH	Jim	17	-----	M	1923	10153	Place-17
SMITH	Shawn	16	-----	M	1923	10230	Place-11
SMITH	Sharon	16	-----	F	1923	10252	Place-22
SMITH	Paulo	14	-----	M	1923	10659	Place-8
SMITH	Jenkins	13	-----	M	1923	10695	Place-1
SMITH	Paulo	13	-----	M	1923	10742	Place-15
SMITH	Shawn	12	-----	M	1923	10888	Place-13
SMITH	Shawn	12	-----	M	1923	10904	Place-24
SMITH	Jenkins	11	-----	M	1923	11026	Place-15
SMITH	Bob	11	-----	M	1923	11043	Place-4
SMITH	Briony	8	-----	F	1923	11576	Place-18
SMITH	Jacob	8	-----	M	1923	11625	Place-12
SMITH	Selina	7	-----	F	1923	11724	Place-1
SMITH	Paulo	7	-----	M	1923	11799	Place-0
SMITH	Jim	7	-----	M	1923	11814	Place-4
SMITH	Suzanne	7	-----	F	1923	11847	Place-6
SMITH	Jacob	6	-----	M	1923	12010	Place-26
SMITH	Jim	6	-----	M	1923	12020	Place-23
SMITH	Shawn	5	-----	M	1923	12111	Place-17
SMITH	James	5	-----	M	1923	12116	Place-2
SMITH	Seonaid	5	-----	F	1923	12240	Place-22
SMITH	Bob	4	-----	M	1923	12366	Place-22
SMITH	Suzanne	4	-----	F	1923	12377	Place-6
SMITH	Suzanne	3	-----	F	1923	12445	Place-24
SMITH	Susan	3	-----	F	1923	12549	Place-23
SMITH	Bob	2	-----	M	1923	12683	Place-20
SMITH	Seonaid	2	-----	F	1923	12745	Place-10
SMITH	Shawn	1	-----	M	1923	12844	Place-26
SMITH	Jacob	1	-----	M	1923	12848	Place-27
SMITH	Selina	1	-----	F	1923	12858	Place-28
SMITH	Sheila	1	-----	F	1923	12859	Place-10
SMITH	Shawn	1	-----	M	1923	12861	Place-19
SMITH	Sarah	1	-----	F	1923	12862	Place-17
SMITH	James	1	-----	M	1923	12871	Place-2
SMITH	Susan	1	-----	F	1923	12882	Place-22
SMITH	Jenkins	1	-----	M	1923	12885	Place-15
SMITH	Sharon	1	-----	F	1923	12888	Place-9
SMITH	Shawn	1	-----	M	1923	12897	Place-6
SMITH	Bob	1	-----	M	1923	12909	Place-15
SMITH	Jim	1	-----	M	1923	12911	Place-27
SMITH	Shawn	1	-----	M	1923	12917	Place-20
SMITH	Joseph	1	-----	M	1923	12934	Place-12
SMITH	Shawn	1	-----	M	1923	12945	Place-6
SMITH	Jenkins	1	-----	M	1923	12948	Place-24
SMITH	Briony	1	-----	F	1923	12959	Place-21
SMITH	Jacob	1	-----	M	1923	12968	Place-6
SMITH	Shawn	1	-----	M	1923	12973	Place-17
SMITH	Sharon	1	-----	F	1923	12976	Place-9
SMITH	James	1	-----	M	1923	12985	Place-18
SMITH	Jim	0	-----	M	1923	13019	Place-9
SMITH	James	0	-----	M	1923	13025	Place-6
SMITH	Sharon	0	-----	F	1923	13026	Place-9
SMITH	Suzanne	0	-----	F	1923	13030	Place-28
SMITH	Paulo	0	-----	M	1923	13032	Place-22
SMITH	Selina	0	-----	F	1923	13034	Place-13
SMITH	Sharon	0	-----	F	1923	13040	Place-27
SMITH	James	0	-----	M	1923	13043	Place-16
SMITH	Briony	0	-----	F	1923	13052	Place-13
SMITH	Shawn	0	-----	M	1923	13053	Place-5
SMITH	Paulo	0	-----	M	1923	13065	Place-2
SMITH	Selina	0	-----	F	1923	13066	Place-6
SMITH	Sheila	0	-----	F	1923	13068	Place-28
SMITH	Joseph	0	-----	M	1923	13074	Place-27
SMITH	Jenkins	0	-----	M	1923	13082	Place-12
SMITH	Bob	0	-----	M	1923	13087	Place-19
SMITH	Sarah	0	-----	F	1923	13102	Place-3
SMITH	Sarah	0	-----	F	1923	13110	Place-20
SMITH	Jim	0	-----	M	1923	13116	Place-23
SMITH	Sarah	0	-----	F	1923	13123	Place-16
SMITH	Sharon	0	-----	F	1923	13130	Place-13
SMITH	Briony	0	-----	F	1923	13131	Place-17
SMITH	Susan	0	-----	F	1923	13141	Place-3
SMITH	Sarah	0	-----	F	1923	13145	Place-25
SMITH	Bob	0	-----	M	1923	13148	Place-13
SMITH	Jim	0	-----	M	1923	13161	Place-8
SMITH	Susan	0	-----	F	1923	13166	Place-29
SMITH	Paulo	0	-----	M	1923	13168	Place-7
SMITH	Bob	0	-----	M	1923	13169	Place-6
SMITH	James	0	-----	M	1923	13175	Place-7
SMITH	Briony	0	-----	F	1923	13179	Place-22
SMITH	Sharon	0	-----	F	1923	13184	Place-5
SMITH	Sharon	0	-----	F	1923	13188	Place-26
SMITH	Bob	55	-----	M	1924	5442	Place-5
SMITH	Sarah	55	-----	F	1924	9233	Place-0
SMITH	Sheila	56	-----	F	1924	7435	Place-2
SMITH	Paulo	58	-----	M	1924	5130	Place-19
SMITH	Seonaid	25	-----	F	1924	9021	Place-2
SMITH	Sarah	55	-----	F	1924	13011	Place-12
SMITH	Sheila	57	-----	F	1924	5267	Place-12
SMITH	Paulo	25	-----	M	1924	8963	Place-21
SMITH	James	30	-----	M	1924	8340	Place-9
SMITH	Jacob	58	-----	M	1924	5123	Place-11
SMITH	Jacob	40	-----	M	1924	7042	Place-0
SMITH	Seonaid	4	-----	F	1924	12480	Place-7
SMITH	Sarah	40	-----	F	1924	12807	Place-3
SMITH	Selina	58	-----	F	1924	12824	Place-22
SMITH	Jenkins	64	-----	M	1924	4665	Place-4
SMITH	Selina	55	-----	F	1924	12602	Place-3
SMITH	Seonaid	33	-----	F	1924	7906	Place-25
SMITH	Joseph	57	-----	M	1924	5273	Place-25
SMITH	Seonaid	15	-----	F	1924	10636	Place-26
SMITH	Seonaid	58	-----	F	1924	12414	Place-24
SMITH	Jim	61	-----	M	1924	4925	Place-11
SMITH	Suzanne	25	-----	F	1924	12259	Place-10
SMITH	James	57	-----	M	1924	5270	Place-9
SMITH	Selina	33	-----	F	1924	7886	Place-29
SMITH	Seonaid	58	-----	F	1924	7179	Place-12
SMITH	Susan	31	-----	F	1924	8224	Place-21
SMITH	Sarah	32	-----	F	1924	11668	Place-21
SMITH	Sheila	62	-----	F	1924	11321	Place-13
SMITH	Sheila	56	-----	F	1924	5343	Place-12
SMITH	Sheila	56	-----	F	1924	11877	Place-5
SMITH	Suzanne	55	-----	F	1924	9397	Place-12
SMITH	Shawn	58	-----	M	1924	5145	Place-19
SMITH	Jacob	25	-----	M	1924	8947	Place-2
SMITH	Jenkins	57	-----	M	1924	5261	Place-6
SMITH	Jenkins	39	-----	M	1924	7096	Place-11
SMITH	Briony	56	-----	F	1924	5303	Place-21
SMITH	Sharon	38	-----	F	1924	7297	Place-16
SMITH	James	29	-----	M	1924	8417	Place-21
SMITH	Joseph	57	-----	M	1924	5269	Place-8
SMITH	Jacob	40	-----	M	1924	6954	Place-1
SMITH	Susan	23	-----	F	1924	9258	Place-15
SMITH	Sheila	23	-----	F	1924	9333	Place-28
SMITH	Joseph	20	-----	M	1924	9742	Place-23
SMITH	Jacob	16	-----	M	1924	10359	Place-15
SMITH	Sarah	16	-----	F	1924	10416	Place-1
SMITH	Sharon	15	-----	F	1924	10517	Place-2
SMITH	Shawn	11	-----	M	1924	11191	Place-18
SMITH	Seonaid	11	-----	F	1924	11198	Place-13
SMITH	Suzanne	11	-----	F	1924	11304	Place-16
SMITH	Paulo	10	-----	M	1924	11365	Place-27
SMITH	Sarah	10	-----	F	1924	11385	Place-8
SMITH	Jacob	10	-----	M	1924	11454	Place-10
SMITH	Suzanne	10	-----	F	1924	11457	Place-9
SMITH	Sheila	10	-----	F	1924	11465	Place-6
SMITH	Jacob	9	-----	M	1924	11532	Place-14
SMITH	Jenkins	9	-----	M	1924	11575	Place-24
SMITH	James	9	-----	M	1924	11650	Place-28
SMITH	Jenkins	9	-----	M	1924	11657	Place-29
SMITH	Suzanne	8	-----	F	1924	11836	Place-0
SMITH	Suzanne	5	-----	F	1924	12305	Place-15
SMITH	Jim	5	-----	M	1924	12362	Place-17
SMITH	Bob	4	-----	M	1924	12465	Place-15
SMITH	Seonaid	4	-----	F	1924	12502	Place-5
SMITH	Sheila	4	-----	F	1924	12557	Place-1
SMITH	Jim	3	-----	M	1924	12607	Place-15
SMITH	Sheila	3	-----	F	1924	12612	Place-3
SMITH	Briony	3	-----	F	1924	12729	Place-26
SMITH	Paulo	3	-----	M	1924	12772	Place-12
SMITH	Sheila	3	-----	F	1924	12781	Place-14
SMITH	Jacob	2	-----	M	1924	12926	Place-3
SMITH	Selina	2	-----	F	1924	12992	Place-6
SMITH	Jenkins	1	-----	M	1924	13021	Place-12
SMITH	Susan	1	-----	F	1924	13022	Place-10
SMITH	Seonaid	1	-----	F	1924	13044	Place-5
SMITH	Sheila	1	-----	F	1924	13047	Place-9
SMITH	Shawn	1	-----	M	1924	13056	Place-3
SMITH	Sheila	1	-----	F	1924	13063	Place-22
SMITH	Sharon	1	-----	F	1924	13067	Place-23
SMITH	Joseph	1	-----	M	1924	13069	Place-23
SMITH	James	1	-----	M	1924	13075	Place-18
SMITH	Jacob	1	-----	M	1924	13108	Place-16
SMITH	Suzanne	1	-----	F	1924	13111	Place-2
SMITH	Susan	1	-----	F	1924	13113	Place-16
SMITH	Joseph	1	-----	M	1924	13115	Place-15
SMITH	Shawn	1	-----	M	1924	13117	Place-22
SMITH	Jacob	1	-----	M	1924	13120	Place-19
SMITH	Bob	1	-----	M	1924	13129	Place-25
SMITH	Jenkins	1	-----	M	1924	13135	Place-28
SMITH	Jacob	1	-----	M	1924	13139	Place-2
SMITH	Paulo	1	-----	M	1924	13159	Place-6
SMITH	Seonaid	1	-----	F	1924	13160	Place-27
SMITH	Jacob	1	-----	M	1924	13163	Place-27
SMITH	Sharon	1	-----	F	1924	13183	Place-11
SMITH	Jenkins	1	-----	M	1924	13193	Place-27
SMITH	Suzanne	0	-----	F	1924	13238	Place-7
SMITH	Sharon	0	-----	F	1924	13246	Place-7
SMITH	Joseph	0	-----	M	1924	13247	Place-18
SMITH	Seonaid	0	-----	F	1924	13252	Place-16
SMITH	Suzanne	0	-----	F	1924	13254	Place-29
SMITH	James	0	-----	M	1924	13258	Place-10
SMITH	Sarah	0	-----	F	1924	13260	Place-6
SMITH	James	0	-----	M	1924	13261	Place-13
SMITH	Sarah	0	-----	F	1924	13265	Place-0
SMITH	Sarah	0	-----	F	1924	13270	Place-11
SMITH	Sheila	0	-----	F	1924	13279	Place-0
SMITH	Paulo	0	-----	M	1924	13284	Place-14
SMITH	Suzanne	0	-----	F	1924	13294	Place-11
SMITH	Jim	0	-----	M	1924	13300	Place-8
SMITH	Jenkins	0	-----	M	1924	13307	Place-8
SMITH	Jacob	0	-----	M	1924	13317	Place-12
SMITH	Jim	0	-----	M	1924	13318	Place-5
SMITH	Susan	0	-----	F	1924	13319	Place-10
SMITH	Suzanne	0	-----	F	1924	13321	Place-18
SMITH	James	0	-----	M	1924	13323	Place-28
SMITH	Seonaid	0	-----	F	1924	13324	Place-10
SMITH	Sarah	0	-----	F	1924	13326	Place-24
SMITH	Suzanne	0	-----	F	1924	13328	Place-29
SMITH	Jim	0	-----	M	1924	13330	Place-18
SMITH	Joseph	0	-----	M	1924	13333	Place-2
SMITH	Suzanne	0	-----	F	1924	13343	Place-4
SMITH	Sheila	0	-----	F	1924	13350	Place-15
SMITH	Suzanne	0	-----	F	1924	13358	Place-20
SMITH	Jenkins	0	-----	M	1924	13373	Place-12
SMITH	Sheila	0	-----	F	1924	13376	Place-28
SMITH	James	0	-----	M	1924	13392	Place-19
SMITH	Sheila	0	-----	F	1924	13393	Place-24
SMITH	Bob	0	-----	M	1924	13394	Place-17
SMITH	Bob	0	-----	M	1924	13403	Place-13
SMITH	Sarah	0	-----	F	1924	13406	Place-21
SMITH	Jenkins	0	-----	M	1924	13410	Place-19
SMITH	Jacob	0	-----	M	1924	13412	Place-14
SMITH	James	0	-----	M	1924	13413	Place-26
SMITH	Joseph	0	-----	M	1924	13414	Place-26
SMITH	Joseph	0	-----	M	1924	13421	Place-23
SMITH	Briony	55	-----	F	1925	5552	Place-21
SMITH	Jenkins	57	-----	M	1925	5308	Place-13
SMITH	Jim	34	-----	M	1925	7824	Place-22
SMITH	Sheila	59	-----	F	1925	13217	Place-19
SMITH	Suzanne	62	-----	F	1925	8518	Place-10
SMITH	Jenkins	50	-----	M	1925	6000	Place-10
SMITH	Jacob	63	-----	M	1925	4793	Place-7
SMITH	Selina	60	-----	F	1925	7181	Place-3
SMITH	Shawn	55	-----	M	1925	5521	Place-4
SMITH	Paulo	30	-----	M	1925	8444	Place-18
SMITH	Briony	23	-----	F	1925	9488	Place-10
SMITH	Shawn	22	-----	M	1925	9682	Place-21
SMITH	Susan	20	-----	F	1925	10017	Place-10
SMITH	Jacob	47	-----	M	1925	6386	Place-28
SMITH	Paulo	50	-----	M	1925	6021	Place-11
SMITH	Susan	24	-----	F	1925	12825	Place-12
SMITH	Sheila	33	-----	F	1925	12594	Place-22
SMITH	Joseph	29	-----	M	1925	8613	Place-28
SMITH	Selina	48	-----	F	1925	10182	Place-16
SMITH	Sarah	43	-----	F	1925	6815	Place-2
SMITH	Seonaid	38	-----	F	1925	7342	Place-23
SMITH	Sharon	55	-----	F	1925	5532	Place-8
SMITH	Jacob	11	-----	M	1925	11474	Place-8
SMITH	Jacob	28	-----	M	1925	8684	Place-29
SMITH	Briony	40	-----	F	1925	7083	Place-10
SMITH	Suzanne	14	-----	F	1925	10915	Place-23
SMITH	Joseph	56	-----	M	1925	5383	Place-12
SMITH	Jenkins	39	-----	M	1925	7265	Place-28
SMITH	Jim	57	-----	M	1925	5338	Place-28
SMITH	Shawn	56	-----	M	1925	5456	Place-22
SMITH	Bob	50	-----	M	1925	5973	Place-29
SMITH	Jenkins	58	-----	M	1925	5233	Place-29
SMITH	Jacob	62	-----	M	1925	4891	Place-19
SMITH	Seonaid	42	-----	F	1925	6846	Place-16
SMITH	Paulo	56	-----	M	1925	5449	Place-27
SMITH	Shawn	37	-----	M	1925	7482	Place-12
SMITH	Paulo	29	-----	M	1925	8562	Place-6
SMITH	Jenkins	55	-----	M	1925	5485	Place-24
SMITH	Jacob	28	-----	M	1925	8674	Place-7
SMITH	Susan	24	-----	F	1925	9368	Place-27
SMITH	Briony	21	-----	F	1925	9733	Place-26
SMITH	Bob	20	-----	M	1925	9944	Place-5
SMITH	Suzanne	19	-----	F	1925	10078	Place-6
SMITH	Sharon	19	-----	F	1925	10117	Place-1
SMITH	Joseph	16	-----	M	1925	10589	Place-25
SMITH	Joseph	14	-----	M	1925	10960	Place-8
SMITH	Jim	13	-----	M	1925	11008	Place-21
SMITH	Jim	13	-----	M	1925	11110	Place-16
SMITH	Sharon	12	-----	F	1925	11178	Place-19
SMITH	Jim	12	-----	M	1925	11301	Place-6
SMITH	Jenkins	9	-----	M	1925	11804	Place-3
SMITH	Selina	8	-----	F	1925	11906	Place-10
SMITH	Susan	7	-----	F	1925	12091	Place-26
SMITH	James	7	-----	M	1925	12198	Place-10
SMITH	Bob	7	-----	M	1925	12232	Place-28
SMITH	Sheila	6	-----	F	1925	12329	Place-9
SMITH	Sheila	5	-----	F	1925	12440	Place-15
SMITH	Sarah	5	-----	F	1925	12494	Place-16
SMITH	Shawn	4	-----	M	1925	12674	Place-21
SMITH	Paulo	4	-----	M	1925	12694	Place-2
SMITH	Sharon	4	-----	F	1925	12707	Place-5
SMITH	Paulo	4	-----	M	1925	12739	Place-18
SMITH	Briony	3	-----	F	1925	12919	Place-5
SMITH	Selina	1	-----	F	1925	13228	Place-13
SMITH	Briony	1	-----	F	1925	13231	Place-16
SMITH	Jacob	1	-----	M	1925	13249	Place-25
SMITH	James	1	-----	M	1925	13250	Place-3
SMITH	James	1	-----	M	1925	13251	Place-6
SMITH	Sharon	1	-----	F	1925	13253	Place-2
SMITH	Shawn	1	-----	M	1925	13256	Place-12
SMITH	Susan	1	-----	F	1925	13264	Place-0
SMITH	Sarah	1	-----	F	1925	13273	Place-25
SMITH	Jacob	1	-----	M	1925	13289	Place-24
SMITH	Sarah	1	-----	F	1925	13295	Place-20
SMITH	Suzanne	1	-----	F	1925	13301	Place-3
SMITH	Sheila	1	-----	F	1925	13311	Place-27
SMITH	Suzanne	1	-----	F	1925	13322	Place-24
SMITH	Seonaid	1	-----	F	1925	13329	Place-11
SMITH	Sheila	1	-----	F	1925	13353	Place-0
SMITH	Sharon	1	-----	F	1925	13355	Place-25
SMITH	Sarah	1	-----	F	1925	13357	Place-27
SMITH	Shawn	1	-----	M	1925	13362	Place-26
SMITH	Sharon	1	-----	F	1925	13365	Place-27
SMITH	Paulo	1	-----	M	1925	13375	Place-3
SMITH	Jim	1	-----	M	1925	13384	Place-1
SMITH	Sheila	1	-----	F	1925	13404	Place-3
SMITH	Sheila	1	-----	F	1925	13419	Place-23
SMITH	Shawn	0	-----	M	1925	13451	Place-18
SMITH	Joseph	0	-----	M	1925	13454	Place-0
SMITH	Jim	0	-----	M	1925	13466	Place-13
SMITH	Sarah	0	-----	F	1925	13471	Place-0
SMITH	Sheila	0	-----	F	1925	13475	Place-3
SMITH	Sheila	0	-----	F	1925	13478	Place-25
SMITH	Susan	0	-----	F	1925	13480	Place-13
SMITH	Bob	0	-----	M	1925	13481	Place-26
SMITH	Seonaid	0	-----	F	1925	13485	Place-21
SMITH	Shawn	0	-----	M	1925	13488	Place-23
SMITH	Selina	0	-----	F	1925	13489	Place-6
SMITH	Suzanne	0	-----	F	1925	13493	Place-11
SMITH	Seonaid	0	-----	F	1925	13496	Place-10
SMITH	Shawn	0	-----	M	1925	13500	Place-13
SMITH	Briony	0	-----	F	1925	13501	Place-13
SMITH	Bob	0	-----	M	1925	13506	Place-11
SMITH	Joseph	0	-----	M	1925	13515	Place-18
SMITH	Paulo	0	-----	M	1925	13530	Place-0
SMITH	Jim	0	-----	M	1925	13534	Place-7
SMITH	Paulo	0	-----	M	1925	13542	Place-24
SMITH	James	0	-----	M	1925	13544	Place-6
SMITH	Susan	0	-----	F	1925	13547	Place-18
SMITH	Shawn	0	-----	M	1925	13553	Place-17
SMITH	Briony	0	-----	F	1925	13562	Place-2
SMITH	Shawn	0	-----	M	1925	13563	Place-11
SMITH	Suzanne	0	-----	F	1925	13567	Place-17
SMITH	Sarah	0	-----	F	1925	13572	Place-28
SMITH	Selina	0	-----	F	1925	13584	Place-5
SMITH	Jenkins	0	-----	M	1925	13590	Place-5
SMITH	Sharon	0	-----	F	1925	13605	Place-7
SMITH	Shawn	0	-----	M	1925	13607	Place-0
SMITH	Seonaid	0	-----	F	1925	13611	Place-15
SMITH	James	0	-----	M	1925	13618	Place-27
SMITH	Jim	0	-----	M	1925	13619	Place-1
SMITH	Sheila	44	-----	F	1926	11876	Place-17
SMITH	Seonaid	55	-----	F	1926	11681	Place-18
SMITH	Seonaid	58	-----	F	1926	9088	Place-9
SMITH	Jacob	17	-----	M	1926	10587	Place-14
SMITH	Paulo	10	-----	M	1926	11774	Place-29
SMITH	Sheila	27	-----	F	1926	9063	Place-26
SMITH	Joseph	28	-----	M	1926	8844	Place-5
SMITH	Sarah	56	-----	F	1926	8265	Place-27
SMITH	Jim	58	-----	M	1926	5360	Place-29
SMITH	Sharon	59	-----	F	1926	13220	Place-29
SMITH	Sheila	56	-----	F	1926	10814	Place-18
SMITH	Briony	23	-----	F	1926	9603	Place-14
SMITH	Bob	48	-----	M	1926	6297	Place-6
SMITH	Sarah	32	-----	F	1926	12256	Place-11
SMITH	Sheila	45	-----	F	1926	12596	Place-9
SMITH	James	59	-----	M	1926	5215	Place-7
SMITH	Paulo	55	-----	M	1926	5602	Place-15
SMITH	Suzanne	59	-----	F	1926	12828	Place-20
SMITH	Joseph	37	-----	M	1926	7634	Place-5
SMITH	Jenkins	56	-----	M	1926	5524	Place-28
SMITH	Bob	42	-----	M	1926	7010	Place-19
SMITH	Bob	51	-----	M	1926	6029	Place-27
SMITH	Jim	56	-----	M	1926	5498	Place-23
SMITH	Selina	10	-----	F	1926	11718	Place-24
SMITH	Sheila	58	-----	F	1926	12600	Place-23
SMITH	Bob	58	-----	M	1926	5357	Place-29
SMITH	Briony	58	-----	F	1926	5339	Place-21
SMITH	Seonaid	29	-----	F	1926	12428	Place-1
SMITH	Paulo	19	-----	M	1926	10275	Place-24
SMITH	Joseph	55	-----	M	1926	5601	Place-15
SMITH	Briony	48	-----	F	1926	11867	Place-8
SMITH	Jim	60	-----	M	1926	5156	Place-5
SMITH	James	28	-----	M	1926	8816	Place-0
SMITH	Paulo	57	-----	M	1926	5433	Place-14
SMITH	Sharon	27	-----	F	1926	8956	Place-26
SMITH	Briony	16	-----	F	1926	10750	Place-13
SMITH	Selina	44	-----	F	1926	11505	Place-10
SMITH	Suzanne	37	-----	F	1926	7671	Place-10
SMITH	Jenkins	34	-----	M	1926	8091	Place-23
SMITH	Jacob	12	-----	M	1926	11476	Place-17
SMITH	Suzanne	56	-----	F	1926	5491	Place-6
SMITH	Bob	58	-----	M	1926	5342	Place-9
SMITH	Jim	36	-----	M	1926	7706	Place-16
SMITH	Sarah	30	-----	F	1926	8625	Place-7
SMITH	Jenkins	40	-----	M	1926	7279	Place-24
SMITH	Briony	57	-----	F	1926	9701	Place-7
SMITH	Suzanne	58	-----	F	1926	5329	Place-10
SMITH	Shawn	33	-----	M	1926	8178	Place-20
SMITH	Jim	26	-----	M	1926	9098	Place-21
SMITH	Bob	26	-----	M	1926	9172	Place-0
SMITH	Jim	19	-----	M	1926	10270	Place-6
SMITH	Paulo	18	-----	M	1926	10410	Place-16
SMITH	Briony	17	-----	F	1926	10512	Place-10
SMITH	James	17	-----	M	1926	10551	Place-6
SMITH	Suzanne	15	-----	F	1926	10917	Place-9
SMITH	Susan	15	-----	F	1926	10966	Place-8
SMITH	Seonaid	14	-----	F	1926	11041	Place-20
SMITH	Shawn	13	-----	M	1926	11229	Place-4
SMITH	Jacob	12	-----	M	1926	11427	Place-23
SMITH	Briony	12	-----	F	1926	11489	Place-23
SMITH	Suzanne	10	-----	F	1926	11733	Place-5
SMITH	Briony	10	-----	F	1926	11745	Place-4
SMITH	Selina	10	-----	F	1926	11829	Place-10
SMITH	Shawn	9	-----	M	1926	11908	Place-18
SMITH	Sharon	9	-----	F	1926	11929	Place-1
SMITH	Seonaid	9	-----	F	1926	11960	Place-3
SMITH	Seonaid	8	-----	F	1926	12079	Place-3
SMITH	Sarah	8	-----	F	1926	12113	Place-0
SMITH	Sheila	8	-----	F	1926	12149	Place-19
SMITH	Paulo	6	-----	M	1926	12580	Place-15
SMITH	Briony	5	-----	F	1926	12628	Place-12
SMITH	Susan	5	-----	F	1926	12758	Place-8
SMITH	Shawn	4	-----	M	1926	12865	Place-20
SMITH	James	4	-----	M	1926	12900	Place-21
SMITH	Bob	4	-----	M	1926	12951	Place-14
SMITH	Sarah	3	-----	F	1926	13037	Place-0
SMITH	James	3	-----	M	1926	13071	Place-26
SMITH	James	3	-----	M	1926	13089	Place-11
SMITH	Sheila	3	-----	F	1926	13134	Place-23
SMITH	James	2	-----	M	1926	13235	Place-16
SMITH	Jacob	2	-----	M	1926	13308	Place-18
SMITH	Jacob	2	-----	M	1926	13408	Place-3
SMITH	Sharon	1	-----	F	1926	13455	Place-22
SMITH	Shawn	1	-----	M	1926	13463	Place-19
SMITH	Suzanne	1	-----	F	1926	13465	Place-4
SMITH	Seonaid	1	-----	F	1926	13470	Place-4
SMITH	Briony	1	-----	F	1926	13479	Place-6
SMITH	Paulo	1	-----	M	1926	13491	Place-6
SMITH	Sheila	1	-----	F	1926	13498	Place-26
SMITH	Sheila	1	-----	F	1926	13503	Place-1
SMITH	Jacob	1	-----	M	1926	13504	Place-4
SMITH	Seonaid	1	-----	F	1926	13510	Place-1
SMITH	Jenkins	1	-----	M	1926	13513	Place-21
SMITH	Bob	1	-----	M	1926	13518	Place-3
SMITH	Sharon	1	-----	F	1926	13520	Place-26
SMITH	Jim	1	-----	M	1926	13522	Place-11
SMITH	Jacob	1	-----	M	1926	13527	Place-0
SMITH	Paulo	1	-----	M	1926	13538	Place-9
SMITH	Jacob	1	-----	M	1926	13549	Place-0
SMITH	Seonaid	1	-----	F	1926	13552	Place-12
SMITH	Briony	1	-----	F	1926	13566	Place-1
SMITH	Sharon	1	-----	F	1926	13577	Place-9
SMITH	James	1	-----	M	1926	13583	Place-11
SMITH	Bob	1	-----	M	1926	13586	Place-23
SMITH	Selina	1	-----	F	1926	13587	Place-9
SMITH	Jim	1	-----	M	1926	13594	Place-28
SMITH	Seonaid	1	-----	F	1926	13598	Place-8
SMITH	Suzanne	1	-----	F	1926	13603	Place-6
SMITH	James	1	-----	M	1926	13608	Place-5
SMITH	Briony	1	-----	F	1926	13609	Place-1
SMITH	Joseph	1	-----	M	1926	13610	Place-4
SMITH	Jim	1	-----	M	1926	13624	Place-15
SMITH	Shawn	1	-----	M	1926	13627	Place-4
SMITH	Jenkins	1	-----	M	1926	13629	Place-23
SMITH	Shawn	1	-----	M	1926	13631	Place-17
SMITH	Susan	1	-----	F	1926	13632	Place-11
SMITH	Bob	0	-----	M	1926	13655	Place-11
SMITH	Briony	0	-----	F	1926	13659	Place-12
SMITH	Susan	0	-----	F	1926	13663	Place-26
SMITH	Shawn	0	-----	M	1926	13664	Place-21
SMITH	Briony	0	-----	F	1926	13670	Place-18
SMITH	Jenkins	0	-----	M	1926	13677	Place-21
SMITH	Seonaid	0	-----	F	1926	13678	Place-16
SMITH	Susan	0	-----	F	1926	13679	Place-5
SMITH	Paulo	0	-----	M	1926	13680	Place-4
SMITH	Selina	0	-----	F	1926	13681	Place-29
SMITH	Suzanne	0	-----	F	1926	13683	Place-5
SMITH	James	0	-----	M	1926	13697	Place-11
SMITH	Jacob	0	-----	M	1926	13699	Place-6
SMITH	Joseph	0	-----	M	1926	13706	Place-22
SMITH	Shawn	0	-----	M	1926	13710	Place-24
SMITH	Jacob	0	-----	M	1926	13713	Place-16
SMITH	Jim	0	-----	M	1926	13716	Place-27
SMITH	Jim	0	-----	M	1926	13721	Place-19
SMITH	Sarah	0	-----	F	1926	13724	Place-19
SMITH	Selina	0	-----	F	1926	13725	Place-1
SMITH	James	0	-----	M	1926	13732	Place-26
SMITH	Suzanne	0	-----	F	1926	13738	Place-9
SMITH	Joseph	0	-----	M	1926	13743	Place-11
SMITH	Joseph	0	-----	M	1926	13754	Place-26
SMITH	Sarah	0	-----	F	1926	13755	Place-22
SMITH	Bob	0	-----	M	1926	13760	Place-19
SMITH	James	0	-----	M	1926	13764	Place-18
SMITH	Seonaid	0	-----	F	1926	13766	Place-5
SMITH	Paulo	0	-----	M	1926	13780	Place-11
SMITH	Shawn	0	-----	M	1926	13786	Place-27
SMITH	Briony	0	-----	F	1926	13790	Place-0
SMITH	James	0	-----	M	1926	13791	Place-6
SMITH	Sharon	0	-----	F	1926	13795	Place-1
SMITH	Joseph	0	-----	M	1926	13798	Place-3
SMITH	Bob	0	-----	M	1926	13804	Place-0
SMITH	Jacob	0	-----	M	1926	13805	Place-19
SMITH	Seonaid	0	-----	F	1926	13806	Place-10
SMITH	Sarah	0	-----	F	1926	13813	Place-5
SMITH	Bob	0	-----	M	1926	13818	Place-22
SMITH	Jim	0	-----	M	1926	13820	Place-28
SMITH	Sarah	0	-----	F	1926	13821	Place-20
SMITH	Selina	0	-----	F	1926	13822	Place-15
SMITH	Sarah	42	-----	F	1927	13835	Place-3
SMITH	Sheila	50	-----	F	1927	13841	Place-7
SMITH	Joseph	25	-----	M	1927	9506	Place-22
SMITH	Shawn	34	-----	M	1927	8225	Place-27
SMITH	Suzanne	51	-----	F	1927	13649	Place-8
SMITH	Selina	56	-----	F	1927	13214	Place-14
SMITH	Jim	60	-----	M	1927	5229	Place-20
SMITH	Seonaid	20	-----	F	1927	10291	Place-29
SMITH	Sheila	55	-----	F	1927	13437	Place-22
SMITH	Susan	21	-----	F	1927	13449	Place-3
SMITH	Selina	56	-----	F	1927	5619	Place-26
SMITH	Sheila	10	-----	F	1927	11905	Place-0
SMITH	Sharon	56	-----	F	1927	13203	Place-13
SMITH	Jacob	26	-----	M	1927	9377	Place-20
SMITH	Briony	33	-----	F	1927	12426	Place-12
SMITH	Selina	30	-----	F	1927	8670	Place-25
SMITH	Suzanne	56	-----	F	1927	7807	Place-24
SMITH	Shawn	48	-----	M	1927	6461	Place-20
SMITH	Paulo	32	-----	M	1927	8429	Place-16
SMITH	Sheila	57	-----	F	1927	8655	Place-20
SMITH	Briony	55	-----	F	1927	5744	Place-22
SMITH	Briony	24	-----	F	1927	9598	Place-17
SMITH	Sharon	55	-----	F	1927	5670	Place-28
SMITH	Jim	60	-----	M	1927	5212	Place-10
SMITH	Sarah	13	-----	F	1927	11389	Place-11
SMITH	Suzanne	59	-----	F	1927	12604	Place-23
SMITH	Briony	55	-----	F	1927	5686	Place-9
SMITH	Bob	35	-----	M	1927	8068	Place-12
SMITH	Selina	64	-----	F	1927	10169	Place-20
SMITH	Bob	66	-----	M	1927	4749	Place-25
SMITH	Sarah	27	-----	F	1927	9179	Place-0
SMITH	Suzanne	14	-----	F	1927	11195	Place-8
SMITH	Joseph	59	-----	M	1927	5351	Place-20
SMITH	Jim	56	-----	M	1927	5610	Place-0
SMITH	Sharon	50	-----	F	1927	10506	Place-3
SMITH	Jim	59	-----	M	1927	5292	Place-1
SMITH	Joseph	33	-----	M	1927	8304	Place-9
SMITH	Joseph	33	-----	M	1927	8346	Place-17
SMITH	James	25	-----	M	1927	9522	Place-15
SMITH	Shawn	42	-----	M	1927	7163	Place-24
SMITH	Jenkins	58	-----	M	1927	5394	Place-3
SMITH	Selina	55	-----	F	1927	10019	Place-13
SMITH	Sheila	55	-----	F	1927	10027	Place-8
SMITH	Sheila	47	-----	F	1927	6509	Place-0
SMITH	Jim	35	-----	M	1927	7968	Place-27
SMITH	James	40	-----	M	1927	7386	Place-0
SMITH	Selina	31	-----	F	1927	8631	Place-6
SMITH	James	30	-----	M	1927	8698	Place-14
SMITH	Joseph	28	-----	M	1927	9064	Place-23
SMITH	Briony	27	-----	F	1927	9116	Place-14
SMITH	Selina	21	-----	F	1927	10050	Place-23
SMITH	Seonaid	21	-----	F	1927	10057	Place-23
SMITH	Bob	17	-----	M	1927	10709	Place-29
SMITH	James	15	-----	M	1927	11131	Place-6
SMITH	Sharon	10	-----	F	1927	12018	Place-6
SMITH	Briony	9	-----	F	1927	12167	Place-12
SMITH	Jim	9	-----	M	1927	12236	Place-6
SMITH	Selina	8	-----	F	1927	12307	Place-29
SMITH	Bob	7	-----	M	1927	12507	Place-8
SMITH	Sharon	6	-----	F	1927	12649	Place-9
SMITH	Susan	6	-----	F	1927	12755	Place-27
SMITH	Susan	6	-----	F	1927	12765	Place-23
SMITH	Briony	5	-----	F	1927	12932	Place-19
SMITH	Joseph	5	-----	M	1927	12974	Place-1
SMITH	Sarah	5	-----	F	1927	12990	Place-3
SMITH	Sarah	4	-----	F	1927	13076	Place-16
SMITH	Sarah	3	-----	F	1927	13306	Place-1
SMITH	Joseph	3	-----	M	1927	13395	Place-12
SMITH	Paulo	2	-----	M	1927	13474	Place-13
SMITH	Bob	2	-----	M	1927	13499	Place-13
SMITH	Briony	2	-----	F	1927	13502	Place-1
SMITH	Shawn	1	-----	M	1927	13667	Place-14
SMITH	Jim	1	-----	M	1927	13669	Place-14
SMITH	Bob	1	-----	M	1927	13674	Place-8
SMITH	Suzanne	1	-----	F	1927	13686	Place-3
SMITH	Selina	1	-----	F	1927	13687	Place-19
SMITH	Sharon	1	-----	F	1927	13696	Place-19
SMITH	Jim	1	-----	M	1927	13700	Place-0
SMITH	Jenkins	1	-----	M	1927	13702	Place-0
SMITH	James	1	-----	M	1927	13703	Place-23
SMITH	Briony	1	-----	F	1927	13717	Place-1
SMITH	Bob	1	-----	M	1927	13720	Place-15
SMITH	Jenkins	1	-----	M	1927	13723	Place-17
SMITH	Jenkins	1	-----	M	1927	13730	Place-25
SMITH	Joseph	1	-----	M	1927	13737	Place-10
SMITH	Selina	1	-----	F	1927	13757	Place-8
SMITH	Shawn	1	-----	M	1927	13759	Place-9
SMITH	Sheila	1	-----	F	1927	13771	Place-18
SMITH	Paulo	1	-----	M	1927	13773	Place-13
SMITH	James	1	-----	M	1927	13777	Place-22
SMITH	Susan	1	-----	F	1927	13778	Place-0
SMITH	Sharon	1	-----	F	1927	13779	Place-17
SMITH	Suzanne	1	-----	F	1927	13781	Place-20
SMITH	Sharon	1	-----	F	1927	13783	Place-1
SMITH	Bob	1	-----	M	1927	13794	Place-14
SMITH	Sheila	1	-----	F	1927	13797	Place-21
SMITH	Seonaid	1	-----	F	1927	13799	Place-10
SMITH	James	1	-----	M	1927	13807	Place-11
SMITH	Paulo	1	-----	M	1927	13816	Place-3
SMITH	Sharon	0	-----	F	1927	13851	Place-5
SMITH	Susan	0	-----	F	1927	13852	Place-9
SMITH	Selina	0	-----	F	1927	13853	Place-20
SMITH	Seonaid	0	-----	F	1927	13857	Place-22
SMITH	Paulo	0	-----	M	1927	13858	Place-24
SMITH	Sheila	0	-----	F	1927	13861	Place-5
SMITH	Sheila	0	-----	F	1927	13862	Place-13
SMITH	Jim	0	-----	M	1927	13869	Place-1
SMITH	Sharon	0	-----	F	1927	13873	Place-9
SMITH	Sharon	0	-----	F	1927	13879	Place-24
SMITH	Briony	0	-----	F	1927	13882	Place-17
SMITH	Jenkins	0	-----	M	1927	13883	Place-3
SMITH	Jim	0	-----	M	1927	13885	Place-14
SMITH	Jacob	0	-----	M	1927	13888	Place-23
SMITH	Susan	0	-----	F	1927	13889	Place-12
SMITH	Jenkins	0	-----	M	1927	13896	Place-4
SMITH	Jim	0	-----	M	1927	13903	Place-11
SMITH	Paulo	0	-----	M	1927	13904	Place-19
SMITH	James	0	-----	M	1927	13906	Place-28
SMITH	Joseph	0	-----	M	1927	13907	Place-29
SMITH	Sarah	0	-----	F	1927	13910	Place-3
SMITH	Paulo	0	-----	M	1927	13912	Place-12
SMITH	Paulo	0	-----	M	1927	13913	Place-5
SMITH	Seonaid	0	-----	F	1927	13920	Place-16
SMITH	Briony	0	-----	F	1927	13926	Place-0
SMITH	Briony	0	-----	F	1927	13934	Place-25
SMITH	Sarah	0	-----	F	1927	13935	Place-5
SMITH	Susan	0	-----	F	1927	13936	Place-8
SMITH	Jacob	0	-----	M	1927	13943	Place-25
SMITH	Susan	0	-----	F	1927	13949	Place-10
SMITH	Sarah	0	-----	F	1927	13954	Place-26
SMITH	Selina	0	-----	F	1927	13955	Place-8
SMITH	Jacob	0	-----	M	1927	13971	Place-23
SMITH	Bob	0	-----	M	1927	13975	Place-26
SMITH	Bob	0	-----	M	1927	13976	Place-14
SMITH	Selina	0	-----	F	1927	13981	Place-14
SMITH	Bob	0	-----	M	1927	14002	Place-12
SMITH	Susan	0	-----	F	1927	14003	Place-25
SMITH	Joseph	0	-----	M	1927	14005	Place-23
SMITH	Jenkins	0	-----	M	1927	14006	Place-23
SMITH	Bob	0	-----	M	1927	14007	Place-22
SMITH	Susan	0	-----	F	1927	14009	Place-10
SMITH	Jacob	0	-----	M	1927	14010	Place-20
SMITH	Jim	0	-----	M	1927	14011	Place-7
SMITH	Sharon	20	-----	F	1928	14038	Place-13
SMITH	Sarah	47	-----	F	1928	6680	Place-27
SMITH	Selina	62	-----	F	1928	13008	Place-10
SMITH	Briony	33	-----	F	1928	12830	Place-17
SMITH	Jim	60	-----	M	1928	5366	Place-8
SMITH	Joseph	47	-----	M	1928	6690	Place-10
SMITH	Seonaid	55	-----	F	1928	9546	Place-23
SMITH	Seonaid	35	-----	F	1928	8162	Place-10
SMITH	Selina	28	-----	F	1928	9198	Place-2
SMITH	Sharon	61	-----	F	1928	13830	Place-4
SMITH	Jim	62	-----	M	1928	5158	Place-23
SMITH	Jacob	23	-----	M	1928	9905	Place-20
SMITH	Jenkins	58	-----	M	1928	5549	Place-20
SMITH	Jacob	32	-----	M	1928	8638	Place-20
SMITH	Joseph	21	-----	M	1928	10211	Place-26
SMITH	Sarah	23	-----	F	1928	13641	Place-11
SMITH	Susan	45	-----	F	1928	11872	Place-8
SMITH	Jenkins	28	-----	M	1928	9125	Place-2
SMITH	Sheila	24	-----	F	1928	9776	Place-7
SMITH	Jacob	55	-----	M	1928	5816	Place-21
SMITH	Seonaid	57	-----	F	1928	11878	Place-27
SMITH	Shawn	60	-----	M	1928	5296	Place-2
SMITH	Sharon	21	-----	F	1928	10225	Place-10
SMITH	Sharon	38	-----	F	1928	13211	Place-27
SMITH	Selina	36	-----	F	1928	13010	Place-11
SMITH	Joseph	62	-----	M	1928	5132	Place-26
SMITH	Joseph	41	-----	M	1928	7418	Place-28
SMITH	James	30	-----	M	1928	8913	Place-21
SMITH	Shawn	60	-----	M	1928	5304	Place-15
SMITH	Paulo	57	-----	M	1928	5624	Place-13
SMITH	Sheila	10	-----	F	1928	12215	Place-19
SMITH	Bob	25	-----	M	1928	9560	Place-4
SMITH	James	36	-----	M	1928	8076	Place-11
SMITH	Selina	42	-----	F	1928	10989	Place-5
SMITH	Briony	37	-----	F	1928	11679	Place-3
SMITH	Shawn	32	-----	M	1928	8564	Place-20
SMITH	Suzanne	56	-----	F	1928	9840	Place-8
SMITH	James	37	-----	M	1928	7908	Place-17
SMITH	Paulo	55	-----	M	1928	5859	Place-11
SMITH	Paulo	57	-----	M	1928	5625	Place-21
SMITH	Shawn	21	-----	M	1928	10260	Place-17
SMITH	Bob	15	-----	M	1928	11285	Place-14
SMITH	Seonaid	29	-----	F	1928	9020	Place-9
SMITH	Sarah	59	-----	F	1928	12248	Place-14
SMITH	Selina	31	-----	F	1928	12257	Place-14
SMITH	Seonaid	30	-----	F	1928	8814	Place-10
SMITH	Selina	56	-----	F	1928	11670	Place-29
SMITH	Sharon	33	-----	F	1928	11497	Place-9
SMITH	Paulo	44	-----	M	1928	7054	Place-13
SMITH	Sarah	39	-----	F	1928	10974	Place-23
SMITH	Seonaid	55	-----	F	1928	10332	Place-28
SMITH	Sharon	50	-----	F	1928	6334	Place-1
SMITH	Susan	55	-----	F	1928	10028	Place-18
SMITH	Briony	51	-----	F	1928	6236	Place-15
SMITH	Jenkins	56	-----	M	1928	5675	Place-13
SMITH	Seonaid	45	-----	F	1928	6926	Place-5
SMITH	Joseph	51	-----	M	1928	6225	Place-23
SMITH	Shawn	27	-----	M	1928	9279	Place-15
SMITH	James	23	-----	M	1928	9907	Place-8
SMITH	Jim	22	-----	M	1928	10072	Place-5
SMITH	Paulo	18	-----	M	1928	10725	Place-21
SMITH	Shawn	16	-----	M	1928	11054	Place-3
SMITH	Shawn	16	-----	M	1928	11109	Place-6
SMITH	Selina	16	-----	F	1928	11129	Place-8
SMITH	James	15	-----	M	1928	11231	Place-5
SMITH	Bob	15	-----	M	1928	11276	Place-27
SMITH	Briony	14	-----	F	1928	11450	Place-10
SMITH	Jim	14	-----	M	1928	11467	Place-17
SMITH	Selina	12	-----	F	1928	11696	Place-16
SMITH	Briony	11	-----	F	1928	11939	Place-16
SMITH	Joseph	11	-----	M	1928	11995	Place-29
SMITH	Susan	10	-----	F	1928	12094	Place-13
SMITH	Jenkins	9	-----	M	1928	12386	Place-20
SMITH	Suzanne	9	-----	F	1928	12388	Place-17
SMITH	Sarah	9	-----	F	1928	12406	Place-7
SMITH	Sharon	8	-----	F	1928	12469	Place-21
SMITH	Susan	8	-----	F	1928	12479	Place-20
SMITH	Jacob	7	-----	M	1928	12720	Place-25
SMITH	Suzanne	7	-----	F	1928	12735	Place-11
SMITH	Sheila	5	-----	F	1928	13085	Place-14
SMITH	Jacob	5	-----	M	1928	13196	Place-16
SMITH	Suzanne	4	-----	F	1928	13367	Place-23
SMITH	James	4	-----	M	1928	13368	Place-25
SMITH	Sheila	3	-----	F	1928	13579	Place-26
SMITH	Briony	2	-----	F	1928	13809	Place-9
SMITH	Joseph	1	-----	M	1928	13854	Place-3
SMITH	Briony	1	-----	F	1928	13870	Place-7
SMITH	Susan	1	-----	F	1928	13878	Place-11
SMITH	Paulo	1	-----	M	1928	13881	Place-6
SMITH	Jacob	1	-----	M	1928	13884	Place-18
SMITH	Paulo	1	-----	M	1928	13887	Place-1
SMITH	Suzanne	1	-----	F	1928	13893	Place-0
SMITH	Sharon	1	-----	F	1928	13898	Place-16
SMITH	James	1	-----	M	1928	13901	Place-28
SMITH	Susan	1	-----	F	1928	13911	Place-10
SMITH	Jenkins	1	-----	M	1928	13915	Place-25
SMITH	Selina	1	-----	F	1928	13921	Place-16
SMITH	Suzanne	1	-----	F	1928	13924	Place-10
SMITH	Joseph	1	-----	M	1928	13927	Place-28
SMITH	Jacob	1	-----	M	1928	13929	Place-5
SMITH	Sheila	1	-----	F	1928	13946	Place-11
SMITH	Sheila	1	-----	F	1928	13947	Place-3
SMITH	Jenkins	1	-----	M	1928	13952	Place-13
SMITH	James	1	-----	M	1928	13959	Place-9
SMITH	James	1	-----	M	1928	13960	Place-4
SMITH	Sharon	1	-----	F	1928	13963	Place-20
SMITH	Joseph	1	-----	M	1928	13968	Place-17
SMITH	Sheila	1	-----	F	1928	13969	Place-5
SMITH	Briony	1	-----	F	1928	13978	Place-23
SMITH	Paulo	1	-----	M	1928	13982	Place-7
SMITH	Selina	1	-----	F	1928	13983	Place-12
SMITH	Seonaid	1	-----	F	1928	13987	Place-24
SMITH	Suzanne	1	-----	F	1928	13988	Place-26
SMITH	Sheila	1	-----	F	1928	13991	Place-8
SMITH	Seonaid	1	-----	F	1928	13996	Place-23
SMITH	Joseph	1	-----	M	1928	14001	Place-17
SMITH	Selina	0	-----	F	1928	14042	Place-24
SMITH	Jenkins	0	-----	M	1928	14043	Place-20
SMITH	Jacob	0	-----	M	1928	14050	Place-23
SMITH	Sharon	0	-----	F	1928	14054	Place-8
SMITH	Selina	0	-----	F	1928	14060	Place-4
SMITH	Briony	0	-----	F	1928	14069	Place-5
SMITH	Jim	0	-----	M	1928	14072	Place-17
SMITH	James	0	-----	M	1928	14078	Place-22
SMITH	Susan	0	-----	F	1928	14080	Place-23
SMITH	James	0	-----	M	1928	14081	Place-24
SMITH	Sarah	0	-----	F	1928	14082	Place-25
SMITH	Shawn	0	-----	M	1928	14090	Place-26
SMITH	Jim	0	-----	M	1928	14097	Place-11
SMITH	Jim	0	-----	M	1928	14101	Place-14
SMITH	James	0	-----	M	1928	14102	Place-14
SMITH	Shawn	0	-----	M	1928	14106	Place-5
SMITH	Sharon	0	-----	F	1928	14108	Place-12
SMITH	Susan	0	-----	F	1928	14119	Place-7
SMITH	Seonaid	0	-----	F	1928	14127	Place-25
SMITH	Briony	0	-----	F	1928	14129	Place-21
SMITH	Jacob	0	-----	M	1928	14132	Place-3
SMITH	Paulo	0	-----	M	1928	14134	Place-8
SMITH	Briony	0	-----	F	1928	14152	Place-18
SMITH	Jim	0	-----	M	1928	14154	Place-19
SMITH	Paulo	0	-----	M	1928	14168	Place-20
SMITH	Jenkins	0	-----	M	1928	14173	Place-14
SMITH	Seonaid	0	-----	F	1928	14183	Place-5
SMITH	Sharon	0	-----	F	1928	14185	Place-25
SMITH	Jacob	0	-----	M	1928	14190	Place-29
SMITH	James	0	-----	M	1928	14193	Place-5
SMITH	Sharon	0	-----	F	1928	14197	Place-10
SMITH	Joseph	0	-----	M	1928	14199	Place-28
SMITH	Jacob	0	-----	M	1928	14204	Place-29
SMITH	Sheila	0	-----	F	1928	14206	Place-18
SMITH	Sarah	0	-----	F	1928	14208	Place-1
SMITH	Shawn	0	-----	M	1928	14209	Place-3
SMITH	Susan	0	-----	F	1928	14215	Place-8
SMITH	Sarah	0	-----	F	1928	14217	Place-9
SMITH	Susan	0	-----	F	1928	14222	Place-6
SMITH	Seonaid	0	-----	F	1928	14226	Place-24
SMITH	Shawn	0	-----	M	1928	14228	Place-8
SMITH	Joseph	30	-----	M	1929	8992	Place-26
SMITH	Jenkins	21	-----	M	1929	10432	Place-3
SMITH	Jenkins	25	-----	M	1929	9802	Place-29
SMITH	Jacob	28	-----	M	1929	9387	Place-8
SMITH	Briony	24	-----	F	1929	9935	Place-20
SMITH	Jacob	23	-----	M	1929	10089	Place-17
SMITH	Jim	21	-----	M	1929	10368	Place-15
SMITH	James	25	-----	M	1929	9789	Place-12
SMITH	James	45	-----	M	1929	7020	Place-25
SMITH	Susan	56	-----	F	1929	8922	Place-4
SMITH	Seonaid	59	-----	F	1929	5533	Place-3
SMITH	Seonaid	42	-----	F	1929	13423	Place-8
SMITH	Paulo	48	-----	M	1929	6650	Place-4
SMITH	Paulo	32	-----	M	1929	8759	Place-20
SMITH	Jacob	55	-----	M	1929	5878	Place-25
SMITH	Joseph	40	-----	M	1929	7590	Place-19
SMITH	Paulo	63	-----	M	1929	5171	Place-16
SMITH	Suzanne	29	-----	F	1929	9162	Place-18
SMITH	Jacob	24	-----	M	1929	9937	Place-23
SMITH	Seonaid	42	-----	F	1929	13001	Place-15
SMITH	Joseph	49	-----	M	1929	6519	Place-18
SMITH	Seonaid	56	-----	F	1929	5827	Place-11
SMITH	Joseph	28	-----	M	1929	9364	Place-5
SMITH	Seonaid	12	-----	F	1929	12003	Place-23
SMITH	Sharon	55	-----	F	1929	12806	Place-23
SMITH	James	55	-----	M	1929	5888	Place-23
SMITH	Jim	33	-----	M	1929	8556	Place-9
SMITH	Joseph	41	-----	M	1929	7499	Place-3
SMITH	Jim	55	-----	M	1929	5948	Place-10
SMITH	Paulo	50	-----	M	1929	6446	Place-9
SMITH	Bob	56	-----	M	1929	5840	Place-19
SMITH	Selina	61	-----	F	1929	8386	Place-1
SMITH	Sarah	40	-----	F	1929	7632	Place-6
SMITH	Jacob	55	-----	M	1929	5898	Place-11
SMITH	Susan	31	-----	F	1929	8910	Place-18
SMITH	Sheila	64	-----	F	1929	10491	Place-11
SMITH	Susan	50	-----	F	1929	10493	Place-11
SMITH	Jenkins	55	-----	M	1929	5946	Place-20
SMITH	Shawn	57	-----	M	1929	5674	Place-7
SMITH	Sharon	41	-----	F	1929	7468	Place-24
SMITH	Shawn	56	-----	M	1929	5786	Place-14
SMITH	Sharon	44	-----	F	1929	7091	Place-20
SMITH	Jim	29	-----	M	1929	9100	Place-16
SMITH	James	23	-----	M	1929	10074	Place-11
SMITH	Jim	20	-----	M	1929	10580	Place-16
SMITH	Susan	19	-----	F	1929	10719	Place-15
SMITH	Briony	18	-----	F	1929	10891	Place-27
SMITH	Jim	17	-----	M	1929	11003	Place-23
SMITH	Seonaid	17	-----	F	1929	11017	Place-20
SMITH	Shawn	16	-----	M	1929	11262	Place-5
SMITH	Jim	15	-----	M	1929	11352	Place-22
SMITH	James	15	-----	M	1929	11426	Place-28
SMITH	Susan	15	-----	F	1929	11459	Place-9
SMITH	Sharon	15	-----	F	1929	11462	Place-23
SMITH	Jim	14	-----	M	1929	11549	Place-16
SMITH	Jacob	13	-----	M	1929	11809	Place-15
SMITH	Sheila	12	-----	F	1929	11889	Place-3
SMITH	Jacob	12	-----	M	1929	11915	Place-19
SMITH	Suzanne	11	-----	F	1929	12072	Place-7
SMITH	Jenkins	10	-----	M	1929	12301	Place-22
SMITH	Suzanne	9	-----	F	1929	12485	Place-2
SMITH	Suzanne	9	-----	F	1929	12501	Place-16
SMITH	Bob	9	-----	M	1929	12556	Place-14
SMITH	Shawn	8	-----	M	1929	12692	Place-15
SMITH	Jenkins	8	-----	M	1929	12759	Place-22
SMITH	Selina	6	-----	F	1929	13042	Place-13
SMITH	Sheila	6	-----	F	1929	13097	Place-8
SMITH	James	5	-----	M	1929	13399	Place-20
SMITH	Susan	4	-----	F	1929	13511	Place-10
SMITH	Shawn	4	-----	M	1929	13541	Place-18
SMITH	Jim	3	-----	M	1929	13708	Place-5
SMITH	Jim	3	-----	M	1929	13718	Place-3
SMITH	James	3	-----	M	1929	13734	Place-18
SMITH	Paulo	2	-----	M	1929	13945	Place-12
SMITH	Briony	2	-----	F	1929	14008	Place-6
SMITH	Shawn	1	-----	M	1929	14044	Place-22
SMITH	Briony	1	-----	F	1929	14047	Place-13
SMITH	Joseph	1	-----	M	1929	14055	Place-23
SMITH	Briony	1	-----	F	1929	14056	Place-17
SMITH	Sheila	1	-----	F	1929	14057	Place-7
SMITH	Bob	1	-----	M	1929	14061	Place-11
SMITH	Seonaid	1	-----	F	1929	14064	Place-28
SMITH	Briony	1	-----	F	1929	14071	Place-12
SMITH	Bob	1	-----	M	1929	14079	Place-15
SMITH	Shawn	1	-----	M	1929	14086	Place-6
SMITH	Paulo	1	-----	M	1929	14089	Place-6
SMITH	Sharon	1	-----	F	1929	14098	Place-19
SMITH	Paulo	1	-----	M	1929	14099	Place-3
SMITH	James	1	-----	M	1929	14105	Place-24
SMITH	Jim	1	-----	M	1929	14114	Place-22
SMITH	Paulo	1	-----	M	1929	14115	Place-5
SMITH	Sharon	1	-----	F	1929	14120	Place-25
SMITH	Joseph	1	-----	M	1929	14121	Place-16
SMITH	Sharon	1	-----	F	1929	14124	Place-12
SMITH	Suzanne	1	-----	F	1929	14136	Place-11
SMITH	Susan	1	-----	F	1929	14149	Place-2
SMITH	Selina	1	-----	F	1929	14161	Place-15
SMITH	Jacob	1	-----	M	1929	14162	Place-5
SMITH	Bob	1	-----	M	1929	14163	Place-5
SMITH	Shawn	1	-----	M	1929	14165	Place-3
SMITH	Paulo	1	-----	M	1929	14171	Place-21
SMITH	Selina	1	-----	F	1929	14172	Place-11
SMITH	Shawn	1	-----	M	1929	14176	Place-12
SMITH	Susan	1	-----	F	1929	14178	Place-4
SMITH	Joseph	1	-----	M	1929	14181	Place-8
SMITH	Selina	1	-----	F	1929	14187	Place-15
SMITH	Sharon	1	-----	F	1929	14189	Place-11
SMITH	Shawn	1	-----	M	1929	14218	Place-21
SMITH	Sheila	1	-----	F	1929	14220	Place-0
SMITH	Briony	1	-----	F	1929	14223	Place-13
SMITH	Jim	1	-----	M	1929	14229	Place-16
SMITH	Suzanne	1	-----	F	1929	14231	Place-19
SMITH	Bob	0	-----	M	1929	14260	Place-4
SMITH	Sharon	0	-----	F	1929	14266	Place-28
SMITH	Shawn	0	-----	M	1929	14267	Place-3
SMITH	Jim	0	-----	M	1929	14268	Place-0
SMITH	Shawn	0	-----	M	1929	14272	Place-26
SMITH	Jacob	0	-----	M	1929	14273	Place-16
SMITH	Bob	0	-----	M	1929	14278	Place-15
SMITH	Sheila	0	-----	F	1929	14280	Place-14
SMITH	Jacob	0	-----	M	1929	14282	Place-1
SMITH	Jenkins	0	-----	M	1929	14283	Place-29
SMITH	Sharon	0	-----	F	1929	14289	Place-1
SMITH	Sheila	0	-----	F	1929	14291	Place-20
SMITH	Sharon	0	-----	F	1929	14294	Place-11
SMITH	Selina	0	-----	F	1929	14298	Place-13
SMITH	Susan	0	-----	F	1929	14299	Place-2
SMITH	Seonaid	0	-----	F	1929	14302	Place-13
SMITH	Seonaid	0	-----	F	1929	14308	Place-15
SMITH	Sheila	0	-----	F	1929	14309	Place-28
SMITH	Jim	0	-----	M	1929	14311	Place-19
SMITH	Joseph	0	-----	M	1929	14331	Place-18
SMITH	Susan	0	-----	F	1929	14334	Place-26
SMITH	Joseph	0	-----	M	1929	14338	Place-25
SMITH	Jacob	0	-----	M	1929	14343	Place-10
SMITH	Paulo	0	-----	M	1929	14351	Place-10
SMITH	Seonaid	0	-----	F	1929	14353	Place-18
SMITH	Sarah	0	-----	F	1929	14359	Place-26
SMITH	Shawn	0	-----	M	1929	14363	Place-5
SMITH	Shawn	0	-----	M	1929	14373	Place-15
SMITH	Sharon	0	-----	F	1929	14376	Place-9
SMITH	Briony	0	-----	F	1929	14381	Place-12
SMITH	Paulo	0	-----	M	1929	14388	Place-20
SMITH	Jacob	0	-----	M	1929	14392	Place-12
SMITH	Seonaid	0	-----	F	1929	14398	Place-13
SMITH	Sharon	0	-----	F	1929	14400	Place-0
SMITH	Seonaid	0	-----	F	1929	14402	Place-18
SMITH	Seonaid	0	-----	F	1929	14405	Place-19
SMITH	Bob	0	-----	M	1929	14413	Place-16
SMITH	Jenkins	0	-----	M	1929	14414	Place-1
SMITH	Selina	0	-----	F	1929	14417	Place-16
SMITH	Shawn	0	-----	M	1929	14419	Place-3
SMITH	Selina	0	-----	F	1929	14421	Place-3
SMITH	Sarah	0	-----	F	1929	14430	Place-15
SMITH	Seonaid	0	-----	F	1929	14436	Place-6
SMITH	Susan	0	-----	F	1929	14447	Place-0
SMITH	Bob	0	-----	M	1929	14448	Place-16
SMITH	James	17	-----	M	1930	11199	Place-11
SMITH	Joseph	15	-----	M	1930	11632	Place-29
SMITH	Jim	64	-----	M	1930	5181	Place-21
SMITH	Suzanne	46	-----	F	1930	11331	Place-19
SMITH	Bob	57	-----	M	1930	5821	Place-9
SMITH	Bob	56	-----	M	1930	5925	Place-18
SMITH	Jim	6	-----	M	1930	13288	Place-10
SMITH	Shawn	55	-----	M	1930	6020	Place-0
SMITH	Shawn	59	-----	M	1930	5599	Place-25
SMITH	Jacob	55	-----	M	1930	6056	Place-4
SMITH	Paulo	56	-----	M	1930	5886	Place-21
SMITH	Joseph	39	-----	M	1930	7897	Place-1
SMITH	Selina	57	-----	F	1930	9400	Place-4
SMITH	Suzanne	55	-----	F	1930	11143	Place-10
SMITH	Selina	55	-----	F	1930	6016	Place-0
SMITH	Jacob	32	-----	M	1930	8866	Place-9
SMITH	Jacob	16	-----	M	1930	11371	Place-21
SMITH	Sarah	55	-----	F	1930	13221	Place-19
SMITH	Selina	18	-----	F	1930	11052	Place-21
SMITH	Suzanne	39	-----	F	1930	13009	Place-3
SMITH	Joseph	56	-----	M	1930	5928	Place-4
SMITH	Jacob	60	-----	M	1930	5556	Place-14
SMITH	Paulo	9	-----	M	1930	12721	Place-28
SMITH	Sheila	49	-----	F	1930	12422	Place-23
SMITH	Jenkins	44	-----	M	1930	7296	Place-12
SMITH	Jenkins	59	-----	M	1930	5645	Place-1
SMITH	Sharon	56	-----	F	1930	11866	Place-12
SMITH	Jacob	58	-----	M	1930	5728	Place-7
SMITH	James	35	-----	M	1930	8505	Place-24
SMITH	Sarah	57	-----	F	1930	10679	Place-12
SMITH	Sharon	19	-----	F	1930	10908	Place-4
SMITH	Sheila	56	-----	F	1930	11678	Place-5
SMITH	Selina	41	-----	F	1930	11685	Place-17
SMITH	Joseph	57	-----	M	1930	5800	Place-10
SMITH	James	55	-----	M	1930	6039	Place-22
SMITH	Seonaid	55	-----	F	1930	11502	Place-10
SMITH	Jenkins	33	-----	M	1930	8697	Place-27
SMITH	Jenkins	55	-----	M	1930	6027	Place-19
SMITH	Sheila	55	-----	F	1930	9703	Place-19
SMITH	Sarah	57	-----	F	1930	10323	Place-1
SMITH	Suzanne	58	-----	F	1930	9237	Place-20
SMITH	Seonaid	35	-----	F	1930	8482	Place-7
SMITH	Paulo	25	-----	M	1930	9918	Place-0
SMITH	Suzanne	23	-----	F	1930	10265	Place-6
SMITH	Selina	20	-----	F	1930	10807	Place-20
SMITH	Jim	19	-----	M	1930	10873	Place-11
SMITH	Selina	17	-----	F	1930	11166	Place-21
SMITH	Shawn	17	-----	M	1930	11192	Place-15
SMITH	Joseph	17	-----	M	1930	11311	Place-3
SMITH	Jacob	15	-----	M	1930	11600	Place-2
SMITH	Selina	12	-----	F	1930	12084	Place-19
SMITH	Shawn	11	-----	M	1930	12349	Place-21
SMITH	Sarah	11	-----	F	1930	12364	Place-28
SMITH	Paulo	11	-----	M	1930	12393	Place-0
SMITH	Sheila	10	-----	F	1930	12463	Place-21
SMITH	Jenkins	9	-----	M	1930	12619	Place-20
SMITH	Shawn	9	-----	M	1930	12620	Place-6
SMITH	Bob	9	-----	M	1930	12752	Place-23
SMITH	James	9	-----	M	1930	12753	Place-6
SMITH	Suzanne	8	-----	F	1930	12839	Place-11
SMITH	Jim	8	-----	M	1930	12906	Place-4
SMITH	Susan	7	-----	F	1930	13051	Place-20
SMITH	Jacob	7	-----	M	1930	13147	Place-21
SMITH	Sarah	6	-----	F	1930	13299	Place-18
SMITH	Seonaid	5	-----	F	1930	13613	Place-21
SMITH	Bob	4	-----	M	1930	13726	Place-0
SMITH	Jenkins	3	-----	M	1930	13856	Place-2
SMITH	Paulo	3	-----	M	1930	13875	Place-20
SMITH	Susan	2	-----	F	1930	14041	Place-20
SMITH	Jim	2	-----	M	1930	14135	Place-1
SMITH	Bob	2	-----	M	1930	14177	Place-10
SMITH	Susan	2	-----	F	1930	14224	Place-8
SMITH	Jacob	2	-----	M	1930	14225	Place-29
SMITH	Sharon	1	-----	F	1930	14264	Place-23
SMITH	James	1	-----	M	1930	14269	Place-24
SMITH	Suzanne	1	-----	F	1930	14276	Place-12
SMITH	Susan	1	-----	F	1930	14293	Place-19
SMITH	Jenkins	1	-----	M	1930	14300	Place-4
SMITH	Susan	1	-----	F	1930	14301	Place-24
SMITH	Seonaid	1	-----	F	1930	14304	Place-24
SMITH	Sheila	1	-----	F	1930	14315	Place-21
SMITH	Shawn	1	-----	M	1930	14326	Place-18
SMITH	Paulo	1	-----	M	1930	14332	Place-10
SMITH	Selina	1	-----	F	1930	14341	Place-6
SMITH	Shawn	1	-----	M	1930	14345	Place-22
SMITH	Jim	1	-----	M	1930	14352	Place-11
SMITH	James	1	-----	M	1930	14354	Place-6
SMITH	Joseph	1	-----	M	1930	14362	Place-14
SMITH	Susan	1	-----	F	1930	14366	Place-28
SMITH	Seonaid	1	-----	F	1930	14374	Place-27
SMITH	Paulo	1	-----	M	1930	14375	Place-2
SMITH	Susan	1	-----	F	1930	14382	Place-13
SMITH	Jenkins	1	-----	M	1930	14393	Place-7
SMITH	Sarah	1	-----	F	1930	14396	Place-3
SMITH	Sarah	1	-----	F	1930	14403	Place-6
SMITH	Seonaid	1	-----	F	1930	14412	Place-22
SMITH	Jim	1	-----	M	1930	14415	Place-7
SMITH	Jenkins	1	-----	M	1930	14425	Place-0
SMITH	Bob	1	-----	M	1930	14428	Place-28
SMITH	Joseph	1	-----	M	1930	14431	Place-1
SMITH	Jacob	1	-----	M	1930	14437	Place-6
SMITH	Jenkins	1	-----	M	1930	14441	Place-0
SMITH	Sharon	1	-----	F	1930	14443	Place-28
SMITH	James	1	-----	M	1930	14444	Place-15
SMITH	Suzanne	1	-----	F	1930	14451	Place-3
SMITH	Briony	1	-----	F	1930	14454	Place-19
SMITH	Bob	1	-----	M	1930	14456	Place-25
SMITH	Sheila	0	-----	F	1930	14479	Place-6
SMITH	Joseph	0	-----	M	1930	14489	Place-24
SMITH	Briony	0	-----	F	1930	14490	Place-18
SMITH	Sharon	0	-----	F	1930	14493	Place-10
SMITH	Susan	0	-----	F	1930	14501	Place-1
SMITH	Paulo	0	-----	M	1930	14505	Place-26
SMITH	Sharon	0	-----	F	1930	14508	Place-5
SMITH	Jim	0	-----	M	1930	14517	Place-23
SMITH	Jacob	0	-----	M	1930	14523	Place-8
SMITH	Sheila	0	-----	F	1930	14533	Place-25
SMITH	Shawn	0	-----	M	1930	14536	Place-6
SMITH	Sarah	0	-----	F	1930	14541	Place-27
SMITH	Suzanne	0	-----	F	1930	14548	Place-1
SMITH	Sheila	0	-----	F	1930	14549	Place-15
SMITH	Sheila	0	-----	F	1930	14550	Place-22
SMITH	Susan	0	-----	F	1930	14553	Place-4
SMITH	Sharon	0	-----	F	1930	14560	Place-23
SMITH	Joseph	0	-----	M	1930	14562	Place-21
SMITH	Susan	0	-----	F	1930	14565	Place-7
SMITH	Sarah	0	-----	F	1930	14589	Place-23
SMITH	Paulo	0	-----	M	1930	14591	Place-22
SMITH	Bob	0	-----	M	1930	14592	Place-5
SMITH	Joseph	0	-----	M	1930	14593	Place-26
SMITH	Paulo	0	-----	M	1930	14595	Place-6
SMITH	Jacob	0	-----	M	1930	14597	Place-19
SMITH	Suzanne	0	-----	F	1930	14599	Place-18
SMITH	Susan	0	-----	F	1930	14602	Place-24
SMITH	Shawn	0	-----	M	1930	14603	Place-20
SMITH	Shawn	0	-----	M	1930	14611	Place-22
SMITH	Paulo	0	-----	M	1930	14617	Place-4
SMITH	James	0	-----	M	1930	14620	Place-18
SMITH	Shawn	0	-----	M	1930	14627	Place-17
SMITH	Susan	0	-----	F	1930	14630	Place-16
SMITH	James	0	-----	M	1930	14639	Place-6
SMITH	Shawn	0	-----	M	1930	14641	Place-3
SMITH	Selina	0	-----	F	1930	14644	Place-5
SMITH	Joseph	0	-----	M	1930	14645	Place-23
SMITH	Susan	0	-----	F	1930	14652	Place-17
SMITH	Joseph	0	-----	M	1930	14655	Place-26
SMITH	Paulo	49	-----	M	1931	6812	Place-11
SMITH	Bob	26	-----	M	1931	9886	Place-21
SMITH	Sheila	2	-----	F	1931	14379	Place-3
SMITH	Bob	42	-----	M	1931	7672	Place-19
SMITH	Jim	38	-----	M	1931	8241	Place-26
SMITH	Sheila	56	-----	F	1931	10489	Place-29
SMITH	Suzanne	56	-----	F	1931	12603	Place-6
SMITH	Sarah	45	-----	F	1931	7310	Place-21
SMITH	Joseph	55	-----	M	1931	6146	Place-19
SMITH	Sharon	22	-----	F	1931	10528	Place-9
SMITH	Joseph	2	-----	M	1931	14347	Place-24
SMITH	Sarah	56	-----	F	1931	5978	Place-19
SMITH	Sarah	57	-----	F	1931	12252	Place-3
SMITH	Joseph	25	-----	M	1931	10108	Place-14
SMITH	Paulo	11	-----	M	1931	12545	Place-19
SMITH	Seonaid	26	-----	F	1931	14015	Place-20
SMITH	Sharon	57	-----	F	1931	14032	Place-20
SMITH	Susan	57	-----	F	1931	5906	Place-8
SMITH	Shawn	19	-----	M	1931	11057	Place-20
SMITH	Jim	37	-----	M	1931	8313	Place-4
SMITH	Bob	55	-----	M	1931	6101	Place-14
SMITH	Joseph	55	-----	M	1931	6080	Place-19
SMITH	Jenkins	7	-----	M	1931	13377	Place-8
SMITH	Jacob	23	-----	M	1931	10474	Place-20
SMITH	Suzanne	22	-----	F	1931	10657	Place-0
SMITH	Susan	22	-----	F	1931	10610	Place-13
SMITH	Sharon	55	-----	F	1931	8917	Place-3
SMITH	Joseph	57	-----	M	1931	5876	Place-28
SMITH	Joseph	41	-----	M	1931	7745	Place-15
SMITH	Sheila	56	-----	F	1931	13205	Place-13
SMITH	Suzanne	49	-----	F	1931	6764	Place-8
SMITH	Sharon	33	-----	F	1931	8860	Place-15
SMITH	Jenkins	54	-----	M	1931	6229	Place-11
SMITH	Paulo	55	-----	M	1931	6102	Place-20
SMITH	Seonaid	9	-----	F	1931	12893	Place-9
SMITH	Sharon	40	-----	F	1931	7849	Place-29
SMITH	Jenkins	56	-----	M	1931	6002	Place-13
SMITH	Shawn	54	-----	M	1931	6220	Place-0
SMITH	Sarah	57	-----	F	1931	5949	Place-17
SMITH	Paulo	56	-----	M	1931	5972	Place-12
SMITH	Selina	57	-----	F	1931	12064	Place-3
SMITH	Jenkins	57	-----	M	1931	5911	Place-5
SMITH	Jim	57	-----	M	1931	5910	Place-5
SMITH	Suzanne	71	-----	F	1931	9700	Place-2
SMITH	Sharon	35	-----	F	1931	8601	Place-22
SMITH	Bob	49	-----	M	1931	6780	Place-10
SMITH	Sarah	35	-----	F	1931	8584	Place-7
SMITH	Sarah	28	-----	F	1931	9619	Place-3
SMITH	Joseph	23	-----	M	1931	10399	Place-13
SMITH	Shawn	19	-----	M	1931	10999	Place-5
SMITH	Bob	18	-----	M	1931	11210	Place-14
SMITH	James	18	-----	M	1931	11275	Place-11
SMITH	Sharon	17	-----	F	1931	11355	Place-21
SMITH	Selina	17	-----	F	1931	11379	Place-26
SMITH	Sheila	17	-----	F	1931	11388	Place-16
SMITH	Shawn	16	-----	M	1931	11566	Place-4
SMITH	Seonaid	16	-----	F	1931	11568	Place-11
SMITH	Jim	14	-----	M	1931	11888	Place-29
SMITH	Shawn	14	-----	M	1931	11931	Place-12
SMITH	Sharon	14	-----	F	1931	11975	Place-13
SMITH	Suzanne	14	-----	F	1931	12026	Place-4
SMITH	Jenkins	13	-----	M	1931	12108	Place-3
SMITH	Jim	13	-----	M	1931	12229	Place-23
SMITH	Paulo	9	-----	M	1931	12931	Place-10
SMITH	Shawn	8	-----	M	1931	13046	Place-2
SMITH	Joseph	8	-----	M	1931	13062	Place-14
SMITH	Jenkins	8	-----	M	1931	13152	Place-9
SMITH	Suzanne	8	-----	F	1931	13158	Place-14
SMITH	Selina	8	-----	F	1931	13172	Place-26
SMITH	Bob	7	-----	M	1931	13239	Place-4
SMITH	Sheila	7	-----	F	1931	13335	Place-14
SMITH	Paulo	4	-----	M	1931	13902	Place-5
SMITH	Suzanne	4	-----	F	1931	13925	Place-18
SMITH	Suzanne	4	-----	F	1931	13957	Place-23
SMITH	Sheila	4	-----	F	1931	13986	Place-23
SMITH	Sarah	3	-----	F	1931	14157	Place-13
SMITH	Seonaid	3	-----	F	1931	14216	Place-9
SMITH	Briony	2	-----	F	1931	14404	Place-15
SMITH	Seonaid	2	-----	F	1931	14445	Place-24
SMITH	Sharon	1	-----	F	1931	14483	Place-17
SMITH	Suzanne	1	-----	F	1931	14487	Place-29
SMITH	Seonaid	1	-----	F	1931	14497	Place-29
SMITH	Sheila	1	-----	F	1931	14498	Place-9
SMITH	Sarah	1	-----	F	1931	14506	Place-12
SMITH	Bob	1	-----	M	1931	14510	Place-13
SMITH	Jacob	1	-----	M	1931	14515	Place-13
SMITH	Selina	1	-----	F	1931	14519	Place-2
SMITH	Shawn	1	-----	M	1931	14520	Place-20
SMITH	Jenkins	1	-----	M	1931	14525	Place-28
SMITH	Bob	1	-----	M	1931	14526	Place-12
SMITH	Paulo	1	-----	M	1931	14543	Place-19
SMITH	Jenkins	1	-----	M	1931	14546	Place-8
SMITH	Bob	1	-----	M	1931	14552	Place-20
SMITH	Jenkins	1	-----	M	1931	14555	Place-4
SMITH	Joseph	1	-----	M	1931	14556	Place-2
SMITH	Sharon	1	-----	F	1931	14567	Place-16
SMITH	Briony	1	-----	F	1931	14571	Place-2
SMITH	Seonaid	1	-----	F	1931	14578	Place-26
SMITH	Suzanne	1	-----	F	1931	14579	Place-24
SMITH	Seonaid	1	-----	F	1931	14580	Place-23
SMITH	Sheila	1	-----	F	1931	14612	Place-0
SMITH	Sharon	1	-----	F	1931	14618	Place-14
SMITH	Suzanne	1	-----	F	1931	14623	Place-13
SMITH	Selina	1	-----	F	1931	14631	Place-7
SMITH	Suzanne	1	-----	F	1931	14632	Place-12
SMITH	James	1	-----	M	1931	14647	Place-11
SMITH	James	0	-----	M	1931	14682	Place-21
SMITH	Briony	0	-----	F	1931	14684	Place-28
SMITH	James	0	-----	M	1931	14685	Place-0
SMITH	Sharon	0	-----	F	1931	14687	Place-6
SMITH	Joseph	0	-----	M	1931	14689	Place-14
SMITH	Jim	0	-----	M	1931	14690	Place-14
SMITH	Paulo	0	-----	M	1931	14707	Place-28
SMITH	Jacob	0	-----	M	1931	14715	Place-21
SMITH	Jacob	0	-----	M	1931	14723	Place-12
SMITH	Susan	0	-----	F	1931	14729	Place-20
SMITH	Seonaid	0	-----	F	1931	14734	Place-14
SMITH	Jacob	0	-----	M	1931	14736	Place-2
SMITH	Sharon	0	-----	F	1931	14740	Place-7
SMITH	Jenkins	0	-----	M	1931	14741	Place-5
SMITH	Shawn	0	-----	M	1931	14748	Place-1
SMITH	Paulo	0	-----	M	1931	14753	Place-28
SMITH	Briony	0	-----	F	1931	14754	Place-23
SMITH	Suzanne	0	-----	F	1931	14756	Place-3
SMITH	Seonaid	0	-----	F	1931	14757	Place-28
SMITH	Seonaid	0	-----	F	1931	14761	Place-12
SMITH	Bob	0	-----	M	1931	14769	Place-12
SMITH	James	0	-----	M	1931	14772	Place-6
SMITH	Jim	0	-----	M	1931	14775	Place-19
SMITH	Selina	0	-----	F	1931	14778	Place-19
SMITH	Suzanne	0	-----	F	1931	14789	Place-24
SMITH	Jim	0	-----	M	1931	14790	Place-22
SMITH	Paulo	0	-----	M	1931	14794	Place-19
SMITH	Sheila	0	-----	F	1931	14799	Place-2
SMITH	Sharon	0	-----	F	1931	14800	Place-6
SMITH	Paulo	0	-----	M	1931	14819	Place-13
SMITH	Sheila	0	-----	F	1931	14820	Place-0
SMITH	Jacob	0	-----	M	1931	14825	Place-25
SMITH	Suzanne	0	-----	F	1931	14826	Place-9
SMITH	Sarah	0	-----	F	1931	14831	Place-3
SMITH	Sharon	0	-----	F	1931	14833	Place-18
SMITH	Seonaid	0	-----	F	1931	14836	Place-15
SMITH	Sharon	0	-----	F	1931	14837	Place-28
SMITH	Briony	0	-----	F	1931	14843	Place-16
SMITH	Suzanne	0	-----	F	1931	14847	Place-6
SMITH	Shawn	0	-----	M	1931	14848	Place-20
SMITH	Paulo	0	-----	M	1931	14859	Place-17
SMITH	Suzanne	0	-----	F	1931	14867	Place-29
SMITH	Sheila	55	-----	F	1932	14882	Place-1
SMITH	Briony	19	-----	F	1932	14893	Place-16
SMITH	James	55	-----	M	1932	6248	Place-13
SMITH	Seonaid	38	-----	F	1932	11691	Place-21
SMITH	Sarah	31	-----	F	1932	14662	Place-0
SMITH	Suzanne	55	-----	F	1932	6262	Place-24
SMITH	Bob	21	-----	M	1932	10906	Place-8
SMITH	Selina	58	-----	F	1932	13222	Place-14
SMITH	Selina	56	-----	F	1932	12831	Place-10
SMITH	Seonaid	22	-----	F	1932	10804	Place-10
SMITH	Shawn	11	-----	M	1932	12655	Place-25
SMITH	Bob	7	-----	M	1932	13484	Place-19
SMITH	Selina	59	-----	F	1932	14028	Place-29
SMITH	Jim	34	-----	M	1932	8883	Place-29
SMITH	Joseph	40	-----	M	1932	8070	Place-1
SMITH	Sharon	39	-----	F	1932	13826	Place-15
SMITH	Jacob	56	-----	M	1932	6089	Place-0
SMITH	James	27	-----	M	1932	9988	Place-0
SMITH	Susan	40	-----	F	1932	12420	Place-25
SMITH	Jacob	55	-----	M	1932	6255	Place-1
SMITH	Sharon	27	-----	F	1932	13653	Place-1
SMITH	Susan	28	-----	F	1932	9765	Place-20
SMITH	Jacob	37	-----	M	1932	8410	Place-10
SMITH	Bob	39	-----	M	1932	8243	Place-4
SMITH	Selina	55	-----	F	1932	11323	Place-11
SMITH	Joseph	27	-----	M	1932	9954	Place-4
SMITH	Paulo	55	-----	M	1932	6179	Place-2
SMITH	Paulo	59	-----	M	1932	5784	Place-4
SMITH	Sheila	32	-----	F	1932	9230	Place-13
SMITH	Joseph	18	-----	M	1932	11466	Place-20
SMITH	Shawn	17	-----	M	1932	11656	Place-5
SMITH	Susan	55	-----	F	1932	10021	Place-29
SMITH	Suzanne	19	-----	F	1932	11238	Place-21
SMITH	James	60	-----	M	1932	5665	Place-22
SMITH	Sharon	30	-----	F	1932	9500	Place-20
SMITH	Paulo	27	-----	M	1932	9913	Place-13
SMITH	Jim	27	-----	M	1932	9958	Place-9
SMITH	James	24	-----	M	1932	10379	Place-26
SMITH	Selina	23	-----	F	1932	10618	Place-15
SMITH	Jenkins	20	-----	M	1932	10996	Place-8
SMITH	Briony	20	-----	F	1932	11120	Place-25
SMITH	James	18	-----	M	1932	11401	Place-20
SMITH	Jim	18	-----	M	1932	11483	Place-4
SMITH	Sheila	16	-----	F	1932	11732	Place-0
SMITH	Jenkins	16	-----	M	1932	11758	Place-14
SMITH	Sarah	16	-----	F	1932	11811	Place-19
SMITH	Jim	15	-----	M	1932	11941	Place-6
SMITH	Sarah	15	-----	F	1932	11967	Place-2
SMITH	Bob	14	-----	M	1932	12172	Place-26
SMITH	Sarah	13	-----	F	1932	12264	Place-24
SMITH	Jacob	13	-----	M	1932	12281	Place-10
SMITH	Paulo	11	-----	M	1932	12664	Place-29
SMITH	Sheila	11	-----	F	1932	12669	Place-17
SMITH	Paulo	9	-----	M	1932	13048	Place-20
SMITH	Bob	9	-----	M	1932	13100	Place-28
SMITH	Paulo	9	-----	M	1932	13155	Place-17
SMITH	Suzanne	9	-----	F	1932	13162	Place-16
SMITH	Bob	7	-----	M	1932	13533	Place-19
SMITH	Shawn	7	-----	M	1932	13570	Place-21
SMITH	Sheila	6	-----	F	1932	13698	Place-12
SMITH	Sharon	5	-----	F	1932	13938	Place-25
SMITH	Sheila	4	-----	F	1932	14103	Place-23
SMITH	Jacob	4	-----	M	1932	14116	Place-10
SMITH	Bob	4	-----	M	1932	14125	Place-6
SMITH	Sarah	3	-----	F	1932	14435	Place-1
SMITH	Sheila	2	-----	F	1932	14634	Place-20
SMITH	Sheila	1	-----	F	1932	14691	Place-22
SMITH	Seonaid	1	-----	F	1932	14693	Place-27
SMITH	Joseph	1	-----	M	1932	14697	Place-10
SMITH	Seonaid	1	-----	F	1932	14699	Place-3
SMITH	Briony	1	-----	F	1932	14700	Place-2
SMITH	Bob	1	-----	M	1932	14703	Place-17
SMITH	Briony	1	-----	F	1932	14704	Place-22
SMITH	Paulo	1	-----	M	1932	14705	Place-1
SMITH	Bob	1	-----	M	1932	14712	Place-16
SMITH	Selina	1	-----	F	1932	14714	Place-29
SMITH	Briony	1	-----	F	1932	14722	Place-29
SMITH	Jenkins	1	-----	M	1932	14728	Place-23
SMITH	Seonaid	1	-----	F	1932	14745	Place-13
SMITH	Sheila	1	-----	F	1932	14747	Place-20
SMITH	Sharon	1	-----	F	1932	14750	Place-8
SMITH	James	1	-----	M	1932	14758	Place-29
SMITH	Shawn	1	-----	M	1932	14763	Place-15
SMITH	Shawn	1	-----	M	1932	14765	Place-19
SMITH	Suzanne	1	-----	F	1932	14773	Place-0
SMITH	Briony	1	-----	F	1932	14774	Place-20
SMITH	James	1	-----	M	1932	14784	Place-26
SMITH	Sharon	1	-----	F	1932	14791	Place-26
SMITH	Paulo	1	-----	M	1932	14796	Place-7
SMITH	Sarah	1	-----	F	1932	14810	Place-0
SMITH	Bob	1	-----	M	1932	14813	Place-21
SMITH	Susan	1	-----	F	1932	14815	Place-12
SMITH	Paulo	1	-----	M	1932	14818	Place-5
SMITH	Seonaid	1	-----	F	1932	14839	Place-19
SMITH	Paulo	1	-----	M	1932	14841	Place-16
SMITH	Susan	1	-----	F	1932	14855	Place-4
SMITH	Sharon	1	-----	F	1932	14863	Place-10
SMITH	Joseph	1	-----	M	1932	14868	Place-15
SMITH	Sarah	0	-----	F	1932	14895	Place-23
SMITH	Sarah	0	-----	F	1932	14898	Place-16
SMITH	Paulo	0	-----	M	1932	14900	Place-23
SMITH	Jacob	0	-----	M	1932	14901	Place-11
SMITH	Paulo	0	-----	M	1932	14904	Place-28
SMITH	Bob	0	-----	M	1932	14905	Place-17
SMITH	Briony	0	-----	F	1932	14906	Place-12
SMITH	Jenkins	0	-----	M	1932	14913	Place-25
SMITH	Selina	0	-----	F	1932	14916	Place-8
SMITH	Paulo	0	-----	M	1932	14920	Place-14
SMITH	Jacob	0	-----	M	1932	14923	Place-0
SMITH	Suzanne	0	-----	F	1932	14924	Place-24
SMITH	Joseph	0	-----	M	1932	14940	Place-13
SMITH	Jacob	0	-----	M	1932	14950	Place-21
SMITH	Jim	0	-----	M	1932	14959	Place-4
SMITH	Jenkins	0	-----	M	1932	14987	Place-27
SMITH	Suzanne	0	-----	F	1932	14988	Place-19
SMITH	Paulo	0	-----	M	1932	14994	Place-28
SMITH	Sheila	0	-----	F	1932	15005	Place-16
SMITH	Jim	0	-----	M	1932	15007	Place-16
SMITH	Briony	0	-----	F	1932	15009	Place-12
SMITH	Seonaid	0	-----	F	1932	15010	Place-14
SMITH	James	0	-----	M	1932	15012	Place-12
SMITH	Susan	0	-----	F	1932	15023	Place-15
SMITH	Jim	0	-----	M	1932	15024	Place-4
SMITH	Seonaid	0	-----	F	1932	15029	Place-5
SMITH	James	0	-----	M	1932	15032	Place-15
SMITH	Sarah	0	-----	F	1932	15035	Place-24
SMITH	Briony	0	-----	F	1932	15036	Place-0
SMITH	Susan	0	-----	F	1932	15041	Place-15
SMITH	Susan	0	-----	F	1932	15048	Place-23
SMITH	Shawn	0	-----	M	1932	15051	Place-24
SMITH	Bob	0	-----	M	1932	15057	Place-28
SMITH	Joseph	0	-----	M	1932	15058	Place-19
SMITH	Jim	0	-----	M	1932	15062	Place-5
SMITH	Jacob	0	-----	M	1932	15063	Place-25
SMITH	Susan	0	-----	F	1932	15070	Place-12
SMITH	Suzanne	0	-----	F	1932	15074	Place-27
SMITH	Bob	0	-----	M	1932	15095	Place-18
SMITH	Jenkins	0	-----	M	1932	15098	Place-27
SMITH	Shawn	0	-----	M	1932	15099	Place-14
SMITH	Jenkins	0	-----	M	1932	15100	Place-9
SMITH	Jenkins	0	-----	M	1932	15101	Place-16
SMITH	Selina	55	-----	F	1933	6362	Place-20
SMITH	Selina	23	-----	F	1933	10752	Place-19
SMITH	Sarah	42	-----	F	1933	14672	Place-14
SMITH	Shawn	49	-----	M	1933	6958	Place-8
SMITH	Selina	36	-----	F	1933	14474	Place-9
SMITH	Sheila	38	-----	F	1933	8404	Place-7
SMITH	Bob	40	-----	M	1933	8205	Place-6
SMITH	Jacob	39	-----	M	1933	8379	Place-10
SMITH	Jim	19	-----	M	1933	11437	Place-29
SMITH	Briony	43	-----	F	1933	14879	Place-27
SMITH	Jim	50	-----	M	1933	6879	Place-18
SMITH	Sarah	57	-----	F	1933	6155	Place-25
SMITH	Selina	56	-----	F	1933	14461	Place-2
SMITH	Suzanne	21	-----	F	1933	11112	Place-27
SMITH	Sharon	10	-----	F	1933	13140	Place-21
SMITH	Paulo	26	-----	M	1933	10222	Place-5
SMITH	Bob	55	-----	M	1933	6302	Place-14
SMITH	James	33	-----	M	1933	9105	Place-27
SMITH	Sheila	58	-----	F	1933	6031	Place-21
SMITH	James	40	-----	M	1933	8174	Place-11
SMITH	Seonaid	28	-----	F	1933	9897	Place-28
SMITH	Bob	25	-----	M	1933	10382	Place-3
SMITH	Seonaid	26	-----	F	1933	14476	Place-17
SMITH	Seonaid	43	-----	F	1933	14253	Place-28
SMITH	Jacob	55	-----	M	1933	6380	Place-21
SMITH	Joseph	36	-----	M	1933	8696	Place-12
SMITH	Sharon	56	-----	F	1933	8790	Place-6
SMITH	Susan	32	-----	F	1933	9303	Place-11
SMITH	Sheila	39	-----	F	1933	12813	Place-20
SMITH	Selina	60	-----	F	1933	13839	Place-25
SMITH	Susan	56	-----	F	1933	10505	Place-26
SMITH	James	44	-----	M	1933	7579	Place-2
SMITH	Seonaid	56	-----	F	1933	14030	Place-10
SMITH	Suzanne	33	-----	F	1933	12431	Place-26
SMITH	Sarah	35	-----	F	1933	13650	Place-23
SMITH	Sheila	18	-----	F	1933	11537	Place-18
SMITH	Sharon	58	-----	F	1933	10824	Place-0
SMITH	Bob	43	-----	M	1933	7770	Place-2
SMITH	James	8	-----	M	1933	13601	Place-23
SMITH	Selina	63	-----	F	1933	8806	Place-17
SMITH	Jacob	56	-----	M	1933	6173	Place-25
SMITH	James	13	-----	M	1933	12498	Place-13
SMITH	Seonaid	48	-----	F	1933	7101	Place-9
SMITH	Briony	55	-----	F	1933	6355	Place-5
SMITH	Sarah	40	-----	F	1933	8129	Place-14
SMITH	Sarah	24	-----	F	1933	10579	Place-10
SMITH	Paulo	49	-----	M	1933	6982	Place-6
SMITH	Jacob	55	-----	M	1933	6363	Place-16
SMITH	Briony	41	-----	F	1933	8020	Place-28
SMITH	Jenkins	30	-----	M	1933	9608	Place-27
SMITH	Paulo	30	-----	M	1933	9632	Place-12
SMITH	Paulo	26	-----	M	1933	10254	Place-17
SMITH	Shawn	24	-----	M	1933	10648	Place-9
SMITH	Joseph	23	-----	M	1933	10776	Place-16
SMITH	Jim	21	-----	M	1933	11115	Place-1
SMITH	Bob	20	-----	M	1933	11175	Place-14
SMITH	Suzanne	20	-----	F	1933	11179	Place-8
SMITH	Suzanne	19	-----	F	1933	11394	Place-26
SMITH	Bob	19	-----	M	1933	11416	Place-26
SMITH	James	18	-----	M	1933	11548	Place-19
SMITH	Jenkins	17	-----	M	1933	11784	Place-28
SMITH	Suzanne	16	-----	F	1933	11984	Place-11
SMITH	Briony	16	-----	F	1933	12043	Place-20
SMITH	Sarah	15	-----	F	1933	12207	Place-1
SMITH	Sharon	13	-----	F	1933	12482	Place-3
SMITH	Joseph	13	-----	M	1933	12589	Place-27
SMITH	Sheila	12	-----	F	1933	12629	Place-16
SMITH	Paulo	11	-----	M	1933	12864	Place-29
SMITH	Briony	11	-----	F	1933	12937	Place-6
SMITH	Jacob	10	-----	M	1933	13027	Place-11
SMITH	Shawn	10	-----	M	1933	13088	Place-17
SMITH	Jacob	10	-----	M	1933	13091	Place-13
SMITH	Shawn	9	-----	M	1933	13331	Place-17
SMITH	Jenkins	9	-----	M	1933	13341	Place-11
SMITH	Selina	9	-----	F	1933	13351	Place-10
SMITH	Seonaid	9	-----	F	1933	13415	Place-16
SMITH	Sharon	8	-----	F	1933	13468	Place-5
SMITH	Sarah	8	-----	F	1933	13546	Place-15
SMITH	Briony	7	-----	F	1933	13676	Place-29
SMITH	Joseph	7	-----	M	1933	13722	Place-18
SMITH	Seonaid	5	-----	F	1933	14093	Place-0
SMITH	Susan	5	-----	F	1933	14169	Place-28
SMITH	Selina	4	-----	F	1933	14307	Place-24
SMITH	Briony	4	-----	F	1933	14371	Place-17
SMITH	Jenkins	4	-----	M	1933	14411	Place-0
SMITH	Susan	4	-----	F	1933	14424	Place-22
SMITH	Sheila	3	-----	F	1933	14554	Place-4
SMITH	James	3	-----	M	1933	14588	Place-14
SMITH	Susan	2	-----	F	1933	14812	Place-3
SMITH	Selina	1	-----	F	1933	14894	Place-10
SMITH	Sheila	1	-----	F	1933	14896	Place-7
SMITH	Suzanne	1	-----	F	1933	14899	Place-19
SMITH	Bob	1	-----	M	1933	14917	Place-4
SMITH	Seonaid	1	-----	F	1933	14928	Place-4
SMITH	Shawn	1	-----	M	1933	14930	Place-17
SMITH	Bob	1	-----	M	1933	14945	Place-17
SMITH	Sheila	1	-----	F	1933	14947	Place-11
SMITH	Sheila	1	-----	F	1933	14951	Place-19
SMITH	Selina	1	-----	F	1933	14954	Place-21
SMITH	Briony	1	-----	F	1933	14955	Place-17
SMITH	Paulo	1	-----	M	1933	14969	Place-21
SMITH	Briony	1	-----	F	1933	14970	Place-2
SMITH	Sheila	1	-----	F	1933	14976	Place-3
SMITH	Susan	1	-----	F	1933	14983	Place-28
SMITH	Shawn	1	-----	M	1933	14985	Place-8
SMITH	Briony	1	-----	F	1933	14990	Place-17
SMITH	Paulo	1	-----	M	1933	14995	Place-12
SMITH	Sarah	1	-----	F	1933	14999	Place-5
SMITH	Jacob	1	-----	M	1933	15000	Place-2
SMITH	Shawn	1	-----	M	1933	15006	Place-8
SMITH	Sharon	1	-----	F	1933	15014	Place-12
SMITH	Paulo	1	-----	M	1933	15016	Place-3
SMITH	Joseph	1	-----	M	1933	15028	Place-17
SMITH	Sharon	1	-----	F	1933	15033	Place-11
SMITH	Paulo	1	-----	M	1933	15044	Place-13
SMITH	Selina	1	-----	F	1933	15049	Place-18
SMITH	Sharon	1	-----	F	1933	15056	Place-7
SMITH	Paulo	1	-----	M	1933	15071	Place-0
SMITH	Seonaid	1	-----	F	1933	15077	Place-10
SMITH	Susan	1	-----	F	1933	15078	Place-23
SMITH	Jim	1	-----	M	1933	15081	Place-10
SMITH	Sheila	1	-----	F	1933	15086	Place-18
SMITH	Seonaid	1	-----	F	1933	15087	Place-6
SMITH	Suzanne	1	-----	F	1933	15092	Place-27
SMITH	James	1	-----	M	1933	15094	Place-10
SMITH	Briony	1	-----	F	1933	15096	Place-14
SMITH	Jim	0	-----	M	1933	15140	Place-2
SMITH	Jacob	0	-----	M	1933	15146	Place-29
SMITH	Shawn	0	-----	M	1933	15152	Place-4
SMITH	Selina	0	-----	F	1933	15155	Place-0
SMITH	Bob	0	-----	M	1933	15156	Place-12
SMITH	Sharon	0	-----	F	1933	15161	Place-14
SMITH	James	0	-----	M	1933	15179	Place-4
SMITH	Sharon	0	-----	F	1933	15180	Place-29
SMITH	Shawn	0	-----	M	1933	15182	Place-5
SMITH	James	0	-----	M	1933	15185	Place-19
SMITH	Jim	0	-----	M	1933	15186	Place-23
SMITH	Sarah	0	-----	F	1933	15190	Place-25
SMITH	Jim	0	-----	M	1933	15191	Place-10
SMITH	Sheila	0	-----	F	1933	15194	Place-22
SMITH	Joseph	0	-----	M	1933	15198	Place-17
SMITH	Jacob	0	-----	M	1933	15199	Place-18
SMITH	Jenkins	0	-----	M	1933	15201	Place-27
SMITH	Jim	0	-----	M	1933	15202	Place-17
SMITH	Suzanne	0	-----	F	1933	15205	Place-16
SMITH	Shawn	0	-----	M	1933	15208	Place-28
SMITH	Jacob	0	-----	M	1933	15214	Place-21
SMITH	Jim	0	-----	M	1933	15215	Place-0
SMITH	Sarah	0	-----	F	1933	15222	Place-11
SMITH	James	0	-----	M	1933	15223	Place-29
SMITH	Sheila	0	-----	F	1933	15241	Place-27
SMITH	Suzanne	0	-----	F	1933	15242	Place-4
SMITH	Seonaid	0	-----	F	1933	15243	Place-17
SMITH	Jim	0	-----	M	1933	15248	Place-26
SMITH	Jim	0	-----	M	1933	15252	Place-28
SMITH	James	0	-----	M	1933	15253	Place-24
SMITH	Briony	0	-----	F	1933	15256	Place-4
SMITH	Sheila	0	-----	F	1933	15269	Place-0
SMITH	Susan	0	-----	F	1933	15274	Place-3
SMITH	Paulo	0	-----	M	1933	15283	Place-24
SMITH	Shawn	0	-----	M	1933	15291	Place-27
SMITH	Seonaid	0	-----	F	1933	15293	Place-2
SMITH	Jenkins	0	-----	M	1933	15295	Place-23
SMITH	Jacob	0	-----	M	1933	15311	Place-16
SMITH	Jim	0	-----	M	1933	15312	Place-24
SMITH	Briony	0	-----	F	1933	15323	Place-8
SMITH	Sheila	0	-----	F	1933	15338	Place-1
SMITH	Paulo	0	-----	M	1933	15349	Place-26
SMITH	Selina	0	-----	F	1933	15353	Place-18
SMITH	Joseph	0	-----	M	1933	15357	Place-15
SMITH	James	0	-----	M	1933	15358	Place-6
SMITH	Sarah	0	-----	F	1933	15365	Place-15
SMITH	Susan	0	-----	F	1933	15367	Place-8
SMITH	Sheila	0	-----	F	1933	15369	Place-21
SMITH	Briony	0	-----	F	1933	15372	Place-2
SMITH	Selina	0	-----	F	1933	15373	Place-28
SMITH	Sheila	57	-----	F	1934	15398	Place-6
SMITH	Suzanne	27	-----	F	1934	15403	Place-2
SMITH	Sarah	57	-----	F	1934	14886	Place-10
SMITH	Sheila	55	-----	F	1934	11675	Place-9
SMITH	Jacob	42	-----	M	1934	8082	Place-12
SMITH	Jim	26	-----	M	1934	10435	Place-22
SMITH	James	1	-----	M	1934	15246	Place-21
SMITH	Sharon	42	-----	F	1934	15113	Place-24
SMITH	Selina	55	-----	F	1934	15122	Place-20
SMITH	Sharon	55	-----	F	1934	6490	Place-18
SMITH	Susan	64	-----	F	1934	5502	Place-0
SMITH	Sheila	26	-----	F	1934	14884	Place-20
SMITH	Seonaid	27	-----	F	1934	14891	Place-16
SMITH	Sheila	34	-----	F	1934	9145	Place-2
SMITH	Jenkins	56	-----	M	1934	6278	Place-17
SMITH	Jenkins	25	-----	M	1934	10532	Place-12
SMITH	Jim	55	-----	M	1934	6422	Place-19
SMITH	Sharon	36	-----	F	1934	8903	Place-24
SMITH	Sharon	26	-----	F	1934	10436	Place-11
SMITH	Jim	23	-----	M	1934	10970	Place-27
SMITH	Sheila	55	-----	F	1934	14464	Place-23
SMITH	Jenkins	31	-----	M	1934	9581	Place-17
SMITH	Suzanne	55	-----	F	1934	10500	Place-29
SMITH	Paulo	58	-----	M	1934	6119	Place-7
SMITH	Seonaid	55	-----	F	1934	10818	Place-2
SMITH	Selina	12	-----	F	1934	12988	Place-9
SMITH	Sarah	43	-----	F	1934	7911	Place-14
SMITH	Shawn	47	-----	M	1934	7378	Place-4
SMITH	Paulo	56	-----	M	1934	6329	Place-5
SMITH	Sarah	29	-----	F	1934	14036	Place-24
SMITH	Briony	47	-----	F	1934	13212	Place-26
SMITH	Suzanne	40	-----	F	1934	12421	Place-8
SMITH	Seonaid	57	-----	F	1934	13438	Place-27
SMITH	Susan	55	-----	F	1934	11673	Place-8
SMITH	Selina	32	-----	F	1934	9443	Place-21
SMITH	Selina	29	-----	F	1934	9924	Place-28
SMITH	Paulo	46	-----	M	1934	7504	Place-28
SMITH	Sarah	56	-----	F	1934	13005	Place-3
SMITH	Sharon	37	-----	F	1934	12430	Place-22
SMITH	Jim	56	-----	M	1934	6385	Place-24
SMITH	James	27	-----	M	1934	10247	Place-6
SMITH	Sheila	12	-----	F	1934	12840	Place-9
SMITH	Seonaid	58	-----	F	1934	10673	Place-21
SMITH	Bob	35	-----	M	1934	9075	Place-19
SMITH	Sheila	33	-----	F	1934	12809	Place-18
SMITH	Seonaid	55	-----	F	1934	6436	Place-22
SMITH	Bob	36	-----	M	1934	8831	Place-5
SMITH	Jacob	50	-----	M	1934	6981	Place-0
SMITH	Jenkins	55	-----	M	1934	6466	Place-15
SMITH	Selina	48	-----	F	1934	7259	Place-15
SMITH	Jenkins	57	-----	M	1934	6210	Place-10
SMITH	Jacob	55	-----	M	1934	6418	Place-2
SMITH	Sarah	51	-----	F	1934	11683	Place-11
SMITH	Briony	66	-----	F	1934	5334	Place-14
SMITH	Sheila	40	-----	F	1934	11162	Place-27
SMITH	Joseph	48	-----	M	1934	7269	Place-8
SMITH	Joseph	50	-----	M	1934	7035	Place-13
SMITH	Susan	22	-----	F	1934	11073	Place-2
SMITH	Sharon	21	-----	F	1934	11218	Place-2
SMITH	Susan	21	-----	F	1934	11284	Place-4
SMITH	Jacob	15	-----	M	1934	12292	Place-3
SMITH	Joseph	15	-----	M	1934	12297	Place-19
SMITH	Seonaid	15	-----	F	1934	12323	Place-0
SMITH	Joseph	14	-----	M	1934	12531	Place-1
SMITH	Sarah	14	-----	F	1934	12560	Place-23
SMITH	Sarah	13	-----	F	1934	12675	Place-0
SMITH	Briony	13	-----	F	1934	12763	Place-3
SMITH	Shawn	12	-----	M	1934	12872	Place-4
SMITH	Suzanne	11	-----	F	1934	13101	Place-8
SMITH	Suzanne	9	-----	F	1934	13476	Place-16
SMITH	Jim	8	-----	M	1934	13690	Place-8
SMITH	Susan	8	-----	F	1934	13742	Place-21
SMITH	Shawn	8	-----	M	1934	13774	Place-7
SMITH	Paulo	7	-----	M	1934	13909	Place-7
SMITH	Briony	7	-----	F	1934	13932	Place-2
SMITH	Suzanne	5	-----	F	1934	14262	Place-22
SMITH	Seonaid	5	-----	F	1934	14322	Place-15
SMITH	Joseph	5	-----	M	1934	14356	Place-25
SMITH	Sharon	5	-----	F	1934	14423	Place-10
SMITH	Sheila	5	-----	F	1934	14452	Place-11
SMITH	Paulo	4	-----	M	1934	14564	Place-10
SMITH	Seonaid	4	-----	F	1934	14616	Place-18
SMITH	James	3	-----	M	1934	14686	Place-11
SMITH	Joseph	3	-----	M	1934	14752	Place-3
SMITH	Jim	2	-----	M	1934	14981	Place-26
SMITH	Shawn	2	-----	M	1934	15047	Place-9
SMITH	Selina	1	-----	F	1934	15148	Place-2
SMITH	Joseph	1	-----	M	1934	15168	Place-23
SMITH	Joseph	1	-----	M	1934	15170	Place-4
SMITH	Sarah	1	-----	F	1934	15175	Place-1
SMITH	Seonaid	1	-----	F	1934	15176	Place-17
SMITH	Jacob	1	-----	M	1934	15204	Place-0
SMITH	Selina	1	-----	F	1934	15220	Place-8
SMITH	Jenkins	1	-----	M	1934	15228	Place-11
SMITH	Selina	1	-----	F	1934	15233	Place-17
SMITH	Sharon	1	-----	F	1934	15240	Place-2
SMITH	Bob	1	-----	M	1934	15245	Place-17
SMITH	Jacob	1	-----	M	1934	15251	Place-8
SMITH	James	1	-----	M	1934	15254	Place-2
SMITH	Paulo	1	-----	M	1934	15258	Place-15
SMITH	Selina	1	-----	F	1934	15260	Place-3
SMITH	Briony	1	-----	F	1934	15262	Place-5
SMITH	Sheila	1	-----	F	1934	15265	Place-8
SMITH	Selina	1	-----	F	1934	15266	Place-19
SMITH	Selina	1	-----	F	1934	15267	Place-26
SMITH	James	1	-----	M	1934	15268	Place-7
SMITH	Susan	1	-----	F	1934	15276	Place-17
SMITH	Susan	1	-----	F	1934	15278	Place-10
SMITH	Paulo	1	-----	M	1934	15281	Place-17
SMITH	Jim	1	-----	M	1934	15285	Place-4
SMITH	Paulo	1	-----	M	1934	15292	Place-14
SMITH	Suzanne	1	-----	F	1934	15296	Place-7
SMITH	Seonaid	1	-----	F	1934	15297	Place-9
SMITH	Jacob	1	-----	M	1934	15298	Place-12
SMITH	Selina	1	-----	F	1934	15300	Place-5
SMITH	Briony	1	-----	F	1934	15309	Place-7
SMITH	Seonaid	1	-----	F	1934	15331	Place-12
SMITH	James	1	-----	M	1934	15332	Place-8
SMITH	Suzanne	1	-----	F	1934	15334	Place-23
SMITH	Jacob	1	-----	M	1934	15336	Place-21
SMITH	Jenkins	1	-----	M	1934	15337	Place-6
SMITH	Jenkins	1	-----	M	1934	15340	Place-23
SMITH	Shawn	1	-----	M	1934	15341	Place-23
SMITH	Selina	1	-----	F	1934	15344	Place-9
SMITH	Seonaid	1	-----	F	1934	15348	Place-16
SMITH	Jim	1	-----	M	1934	15363	Place-27
SMITH	Briony	1	-----	F	1934	15370	Place-20
SMITH	James	0	-----	M	1934	15422	Place-23
SMITH	Shawn	0	-----	M	1934	15423	Place-17
SMITH	Sharon	0	-----	F	1934	15439	Place-13
SMITH	Bob	0	-----	M	1934	15450	Place-3
SMITH	Susan	0	-----	F	1934	15453	Place-27
SMITH	Sharon	0	-----	F	1934	15460	Place-1
SMITH	Jim	0	-----	M	1934	15464	Place-7
SMITH	Jacob	0	-----	M	1934	15465	Place-7
SMITH	Sheila	0	-----	F	1934	15466	Place-21
SMITH	Sheila	0	-----	F	1934	15467	Place-29
SMITH	Jacob	0	-----	M	1934	15469	Place-12
SMITH	Joseph	0	-----	M	1934	15470	Place-3
SMITH	Sheila	0	-----	F	1934	15472	Place-17
SMITH	Susan	0	-----	F	1934	15477	Place-11
SMITH	James	0	-----	M	1934	15483	Place-15
SMITH	Paulo	0	-----	M	1934	15485	Place-12
SMITH	Jacob	0	-----	M	1934	15487	Place-27
SMITH	Selina	0	-----	F	1934	15490	Place-24
SMITH	James	0	-----	M	1934	15491	Place-6
SMITH	Seonaid	0	-----	F	1934	15504	Place-7
SMITH	Susan	0	-----	F	1934	15508	Place-26
SMITH	Sharon	0	-----	F	1934	15517	Place-1
SMITH	James	0	-----	M	1934	15524	Place-2
SMITH	Sarah	0	-----	F	1934	15535	Place-5
SMITH	Sarah	0	-----	F	1934	15536	Place-9
SMITH	Jacob	0	-----	M	1934	15547	Place-25
SMITH	Selina	0	-----	F	1934	15548	Place-9
SMITH	Paulo	0	-----	M	1934	15555	Place-4
SMITH	Paulo	0	-----	M	1934	15556	Place-0
SMITH	Sharon	0	-----	F	1934	15565	Place-17
SMITH	Jacob	0	-----	M	1934	15581	Place-18
SMITH	Jacob	0	-----	M	1934	15585	Place-7
SMITH	Sharon	0	-----	F	1934	15589	Place-6
SMITH	Selina	0	-----	F	1934	15603	Place-9
SMITH	Paulo	0	-----	M	1934	15604	Place-1
SMITH	Seonaid	0	-----	F	1934	15608	Place-5
SMITH	Susan	0	-----	F	1934	15621	Place-29
SMITH	Suzanne	58	-----	F	1935	14674	Place-4
SMITH	Bob	26	-----	M	1935	10617	Place-4
SMITH	Shawn	60	-----	M	1935	6004	Place-13
SMITH	Selina	24	-----	F	1935	14679	Place-26
SMITH	Susan	36	-----	F	1935	14012	Place-17
SMITH	Selina	57	-----	F	1935	13200	Place-1
SMITH	Jenkins	55	-----	M	1935	6563	Place-3
SMITH	Shawn	59	-----	M	1935	6130	Place-19
SMITH	Sharon	12	-----	F	1935	13124	Place-2
SMITH	Jenkins	43	-----	M	1935	8087	Place-11
SMITH	Sharon	32	-----	F	1935	9654	Place-4
SMITH	Jenkins	43	-----	M	1935	8029	Place-6
SMITH	Selina	32	-----	F	1935	13225	Place-9
SMITH	Paulo	30	-----	M	1935	9963	Place-11
SMITH	Joseph	41	-----	M	1935	8348	Place-19
SMITH	Shawn	62	-----	M	1935	5831	Place-4
SMITH	Briony	23	-----	F	1935	11015	Place-20
SMITH	Seonaid	55	-----	F	1935	14250	Place-17
SMITH	Susan	67	-----	F	1935	14023	Place-9
SMITH	Seonaid	56	-----	F	1935	13842	Place-24
SMITH	Paulo	38	-----	M	1935	8708	Place-5
SMITH	Suzanne	15	-----	F	1935	12481	Place-13
SMITH	Paulo	31	-----	M	1935	9784	Place-15
SMITH	Jacob	30	-----	M	1935	9852	Place-22
SMITH	Shawn	38	-----	M	1935	8783	Place-2
SMITH	Sharon	39	-----	F	1935	8548	Place-27
SMITH	Sheila	19	-----	F	1935	11842	Place-5
SMITH	James	26	-----	M	1935	10662	Place-17
SMITH	Shawn	58	-----	M	1935	6214	Place-6
SMITH	Joseph	58	-----	M	1935	6258	Place-24
SMITH	Jim	53	-----	M	1935	6783	Place-1
SMITH	Sheila	58	-----	F	1935	6228	Place-15
SMITH	Sheila	57	-----	F	1935	6348	Place-18
SMITH	Jenkins	34	-----	M	1935	9382	Place-0
SMITH	Jacob	28	-----	M	1935	10208	Place-6
SMITH	Jim	26	-----	M	1935	10582	Place-22
SMITH	Jenkins	24	-----	M	1935	10877	Place-26
SMITH	Bob	20	-----	M	1935	11550	Place-3
SMITH	Selina	19	-----	F	1935	11827	Place-22
SMITH	Sharon	17	-----	F	1935	12141	Place-20
SMITH	Jenkins	17	-----	M	1935	12199	Place-9
SMITH	Sarah	15	-----	F	1935	12477	Place-0
SMITH	Briony	14	-----	F	1935	12639	Place-14
SMITH	Paulo	14	-----	M	1935	12673	Place-28
SMITH	Suzanne	14	-----	F	1935	12774	Place-21
SMITH	Bob	13	-----	M	1935	12869	Place-7
SMITH	Sharon	13	-----	F	1935	12966	Place-5
SMITH	Shawn	12	-----	M	1935	13105	Place-25
SMITH	Sheila	12	-----	F	1935	13198	Place-4
SMITH	Sharon	10	-----	F	1935	13560	Place-3
SMITH	Sheila	10	-----	F	1935	13596	Place-25
SMITH	Jim	10	-----	M	1935	13597	Place-26
SMITH	Jacob	9	-----	M	1935	13665	Place-1
SMITH	Bob	7	-----	M	1935	14164	Place-12
SMITH	Sharon	7	-----	F	1935	14188	Place-28
SMITH	James	7	-----	M	1935	14194	Place-21
SMITH	Jenkins	6	-----	M	1935	14313	Place-6
SMITH	James	5	-----	M	1935	14484	Place-19
SMITH	Sheila	5	-----	F	1935	14507	Place-7
SMITH	Jim	5	-----	M	1935	14566	Place-0
SMITH	Joseph	5	-----	M	1935	14649	Place-7
SMITH	Suzanne	4	-----	F	1935	14716	Place-11
SMITH	Jacob	4	-----	M	1935	14727	Place-7
SMITH	Suzanne	4	-----	F	1935	14834	Place-15
SMITH	Shawn	3	-----	M	1935	14927	Place-6
SMITH	Jacob	3	-----	M	1935	15020	Place-6
SMITH	Sarah	3	-----	F	1935	15059	Place-10
SMITH	Jenkins	3	-----	M	1935	15089	Place-1
SMITH	Sarah	2	-----	F	1935	15150	Place-28
SMITH	Briony	2	-----	F	1935	15159	Place-25
SMITH	Sharon	1	-----	F	1935	15416	Place-28
SMITH	Sharon	1	-----	F	1935	15418	Place-12
SMITH	Jenkins	1	-----	M	1935	15419	Place-24
SMITH	Sharon	1	-----	F	1935	15421	Place-21
SMITH	Sarah	1	-----	F	1935	15424	Place-9
SMITH	Jenkins	1	-----	M	1935	15429	Place-5
SMITH	Joseph	1	-----	M	1935	15433	Place-25
SMITH	Briony	1	-----	F	1935	15440	Place-15
SMITH	Jenkins	1	-----	M	1935	15443	Place-26
SMITH	Paulo	1	-----	M	1935	15449	Place-18
SMITH	Susan	1	-----	F	1935	15454	Place-20
SMITH	Paulo	1	-----	M	1935	15456	Place-17
SMITH	Jacob	1	-----	M	1935	15458	Place-20
SMITH	Susan	1	-----	F	1935	15462	Place-12
SMITH	James	1	-----	M	1935	15478	Place-26
SMITH	Bob	1	-----	M	1935	15480	Place-19
SMITH	James	1	-----	M	1935	15482	Place-20
SMITH	Sarah	1	-----	F	1935	15488	Place-7
SMITH	Susan	1	-----	F	1935	15494	Place-24
SMITH	Jim	1	-----	M	1935	15499	Place-2
SMITH	Bob	1	-----	M	1935	15501	Place-12
SMITH	Suzanne	1	-----	F	1935	15511	Place-24
SMITH	Shawn	1	-----	M	1935	15514	Place-4
SMITH	Briony	1	-----	F	1935	15521	Place-3
SMITH	Seonaid	1	-----	F	1935	15523	Place-23
SMITH	Suzanne	1	-----	F	1935	15525	Place-4
SMITH	James	1	-----	M	1935	15533	Place-0
SMITH	James	1	-----	M	1935	15544	Place-20
SMITH	Seonaid	1	-----	F	1935	15545	Place-13
SMITH	Shawn	1	-----	M	1935	15550	Place-2
SMITH	Briony	1	-----	F	1935	15557	Place-0
SMITH	Suzanne	1	-----	F	1935	15567	Place-15
SMITH	Jim	1	-----	M	1935	15569	Place-15
SMITH	Jim	1	-----	M	1935	15596	Place-27
SMITH	Sharon	1	-----	F	1935	15597	Place-19
SMITH	Briony	1	-----	F	1935	15610	Place-27
SMITH	Suzanne	1	-----	F	1935	15611	Place-27
SMITH	Seonaid	1	-----	F	1935	15622	Place-28
SMITH	Seonaid	0	-----	F	1935	15660	Place-29
SMITH	Jim	0	-----	M	1935	15663	Place-19
SMITH	Sarah	0	-----	F	1935	15671	Place-27
SMITH	Sharon	0	-----	F	1935	15680	Place-10
SMITH	Suzanne	0	-----	F	1935	15683	Place-1
SMITH	Sharon	0	-----	F	1935	15687	Place-6
SMITH	Sheila	0	-----	F	1935	15689	Place-23
SMITH	Sarah	0	-----	F	1935	15703	Place-7
SMITH	Paulo	0	-----	M	1935	15706	Place-21
SMITH	Jenkins	0	-----	M	1935	15710	Place-14
SMITH	James	0	-----	M	1935	15712	Place-14
SMITH	Seonaid	0	-----	F	1935	15713	Place-7
SMITH	Joseph	0	-----	M	1935	15715	Place-28
SMITH	Bob	0	-----	M	1935	15726	Place-16
SMITH	Suzanne	0	-----	F	1935	15740	Place-22
SMITH	Susan	0	-----	F	1935	15745	Place-25
SMITH	Joseph	0	-----	M	1935	15754	Place-4
SMITH	Sheila	0	-----	F	1935	15755	Place-21
SMITH	Briony	0	-----	F	1935	15757	Place-8
SMITH	Paulo	0	-----	M	1935	15758	Place-17
SMITH	Briony	0	-----	F	1935	15763	Place-8
SMITH	Jenkins	0	-----	M	1935	15766	Place-4
SMITH	Shawn	0	-----	M	1935	15769	Place-21
SMITH	Jenkins	0	-----	M	1935	15771	Place-13
SMITH	Jenkins	0	-----	M	1935	15773	Place-6
SMITH	Sheila	0	-----	F	1935	15775	Place-2
SMITH	Susan	0	-----	F	1935	15780	Place-12
SMITH	Sharon	0	-----	F	1935	15783	Place-3
SMITH	Jacob	0	-----	M	1935	15787	Place-23
SMITH	Sheila	0	-----	F	1935	15796	Place-29
SMITH	Sharon	0	-----	F	1935	15800	Place-6
SMITH	Selina	0	-----	F	1935	15802	Place-28
SMITH	Selina	0	-----	F	1935	15813	Place-19
SMITH	Sarah	0	-----	F	1935	15814	Place-3
SMITH	Paulo	0	-----	M	1935	15823	Place-28
SMITH	James	0	-----	M	1935	15828	Place-14
SMITH	Susan	0	-----	F	1935	15831	Place-25
SMITH	Briony	0	-----	F	1935	15836	Place-28
SMITH	Sarah	0	-----	F	1935	15837	Place-23
SMITH	Susan	0	-----	F	1935	15841	Place-24
SMITH	Susan	0	-----	F	1935	15851	Place-5
SMITH	Seonaid	0	-----	F	1935	15853	Place-5
SMITH	Joseph	0	-----	M	1935	15856	Place-13
SMITH	Shawn	0	-----	M	1935	15863	Place-18
SMITH	Bob	0	-----	M	1935	15867	Place-22
SMITH	Seonaid	44	-----	F	1936	15869	Place-14
SMITH	Sheila	57	-----	F	1936	15899	Place-24
SMITH	Sheila	59	-----	F	1936	11879	Place-1
SMITH	Sharon	28	-----	F	1936	10467	Place-12
SMITH	Sharon	18	-----	F	1936	12212	Place-26
SMITH	Jacob	44	-----	M	1936	8051	Place-25
SMITH	Sarah	9	-----	F	1936	13977	Place-15
SMITH	James	1	-----	M	1936	15850	Place-4
SMITH	Selina	53	-----	F	1936	15126	Place-0
SMITH	Jim	41	-----	M	1936	8401	Place-18
SMITH	Susan	29	-----	F	1936	10205	Place-11
SMITH	Sheila	55	-----	F	1936	14251	Place-15
SMITH	Jacob	23	-----	M	1936	11291	Place-13
SMITH	Selina	58	-----	F	1936	9527	Place-27
SMITH	Paulo	55	-----	M	1936	6634	Place-27
SMITH	Sheila	22	-----	F	1936	11433	Place-0
SMITH	Sarah	56	-----	F	1936	15378	Place-26
SMITH	Selina	47	-----	F	1936	15390	Place-15
SMITH	Bob	43	-----	M	1936	8131	Place-1
SMITH	Sarah	55	-----	F	1936	6663	Place-12
SMITH	Briony	44	-----	F	1936	11881	Place-24
SMITH	Sarah	59	-----	F	1936	8665	Place-18
SMITH	Joseph	57	-----	M	1936	6449	Place-7
SMITH	Shawn	55	-----	M	1936	6685	Place-17
SMITH	Bob	28	-----	M	1936	10349	Place-9
SMITH	Jim	4	-----	M	1936	14972	Place-1
SMITH	Suzanne	4	-----	F	1936	15011	Place-10
SMITH	Seonaid	57	-----	F	1936	14878	Place-16
SMITH	James	56	-----	M	1936	6573	Place-6
SMITH	Sharon	43	-----	F	1936	8138	Place-26
SMITH	Joseph	36	-----	M	1936	9147	Place-24
SMITH	Joseph	18	-----	M	1936	12185	Place-26
SMITH	Seonaid	46	-----	F	1936	14669	Place-27
SMITH	Jenkins	35	-----	M	1936	9340	Place-0
SMITH	Paulo	49	-----	M	1936	7399	Place-10
SMITH	Jenkins	53	-----	M	1936	6856	Place-1
SMITH	Seonaid	52	-----	F	1936	11318	Place-1
SMITH	Briony	61	-----	F	1936	9698	Place-23
SMITH	Paulo	31	-----	M	1936	9957	Place-7
SMITH	Susan	31	-----	F	1936	14019	Place-2
SMITH	Selina	55	-----	F	1936	10666	Place-17
SMITH	Selina	46	-----	F	1936	11676	Place-12
SMITH	Suzanne	30	-----	F	1936	10067	Place-20
SMITH	Sharon	56	-----	F	1936	6526	Place-9
SMITH	James	69	-----	M	1936	5206	Place-4
SMITH	Sharon	45	-----	F	1936	7835	Place-23
SMITH	Jacob	53	-----	M	1936	6921	Place-2
SMITH	Seonaid	60	-----	F	1936	10333	Place-13
SMITH	Susan	57	-----	F	1936	12605	Place-11
SMITH	Bob	55	-----	M	1936	6692	Place-18
SMITH	Shawn	55	-----	M	1936	6677	Place-17
SMITH	James	55	-----	M	1936	6621	Place-14
SMITH	Seonaid	21	-----	F	1936	11517	Place-23
SMITH	Bob	20	-----	M	1936	11698	Place-17
SMITH	Jacob	19	-----	M	1936	11982	Place-10
SMITH	Jim	17	-----	M	1936	12375	Place-13
SMITH	Briony	15	-----	F	1936	12750	Place-27
SMITH	Briony	14	-----	F	1936	12849	Place-8
SMITH	Sharon	14	-----	F	1936	12881	Place-27
SMITH	Jacob	13	-----	M	1936	13122	Place-20
SMITH	Shawn	12	-----	M	1936	13283	Place-14
SMITH	Joseph	8	-----	M	1936	14122	Place-7
SMITH	Jenkins	6	-----	M	1936	14500	Place-0
SMITH	Joseph	6	-----	M	1936	14570	Place-8
SMITH	Jim	5	-----	M	1936	14724	Place-9
SMITH	Jim	5	-----	M	1936	14850	Place-23
SMITH	Sharon	4	-----	F	1936	14903	Place-12
SMITH	Susan	4	-----	F	1936	14919	Place-1
SMITH	Suzanne	4	-----	F	1936	14922	Place-5
SMITH	Sheila	4	-----	F	1936	14949	Place-7
SMITH	Sheila	3	-----	F	1936	15354	Place-9
SMITH	Jenkins	2	-----	M	1936	15471	Place-26
SMITH	Sarah	2	-----	F	1936	15552	Place-20
SMITH	Jenkins	1	-----	M	1936	15654	Place-3
SMITH	Bob	1	-----	M	1936	15656	Place-3
SMITH	Jenkins	1	-----	M	1936	15661	Place-12
SMITH	Sarah	1	-----	F	1936	15664	Place-1
SMITH	Shawn	1	-----	M	1936	15670	Place-13
SMITH	Sheila	1	-----	F	1936	15678	Place-26
SMITH	James	1	-----	M	1936	15679	Place-18
SMITH	Sharon	1	-----	F	1936	15692	Place-11
SMITH	Jenkins	1	-----	M	1936	15696	Place-7
SMITH	James	1	-----	M	1936	15701	Place-7
SMITH	Selina	1	-----	F	1936	15707	Place-13
SMITH	Joseph	1	-----	M	1936	15716	Place-27
SMITH	Briony	1	-----	F	1936	15718	Place-17
SMITH	Jenkins	1	-----	M	1936	15719	Place-7
SMITH	Susan	1	-----	F	1936	15722	Place-6
SMITH	Paulo	1	-----	M	1936	15723	Place-7
SMITH	Susan	1	-----	F	1936	15725	Place-17
SMITH	Sarah	1	-----	F	1936	15732	Place-25
SMITH	Jenkins	1	-----	M	1936	15737	Place-7
SMITH	Sheila	1	-----	F	1936	15741	Place-12
SMITH	Joseph	1	-----	M	1936	15747	Place-3
SMITH	Briony	1	-----	F	1936	15752	Place-2
SMITH	Briony	1	-----	F	1936	15759	Place-19
SMITH	Seonaid	1	-----	F	1936	15762	Place-5
SMITH	Sarah	1	-----	F	1936	15770	Place-15
SMITH	Jenkins	1	-----	M	1936	15779	Place-24
SMITH	Briony	1	-----	F	1936	15797	Place-7
SMITH	Bob	1	-----	M	1936	15799	Place-2
SMITH	Jacob	1	-----	M	1936	15801	Place-0
SMITH	Sarah	1	-----	F	1936	15807	Place-15
SMITH	Bob	1	-----	M	1936	15810	Place-5
SMITH	Sharon	1	-----	F	1936	15829	Place-7
SMITH	Bob	1	-----	M	1936	15832	Place-21
SMITH	Jim	1	-----	M	1936	15835	Place-7
SMITH	Sarah	1	-----	F	1936	15839	Place-7
SMITH	Joseph	1	-----	M	1936	15840	Place-1
SMITH	Sarah	1	-----	F	1936	15844	Place-15
SMITH	Bob	1	-----	M	1936	15852	Place-15
SMITH	Sarah	1	-----	F	1936	15854	Place-23
SMITH	Joseph	1	-----	M	1936	15860	Place-17
SMITH	Selina	1	-----	F	1936	15866	Place-9
SMITH	Seonaid	0	-----	F	1936	15907	Place-3
SMITH	Suzanne	0	-----	F	1936	15912	Place-2
SMITH	Sarah	0	-----	F	1936	15914	Place-26
SMITH	Sharon	0	-----	F	1936	15916	Place-26
SMITH	Jacob	0	-----	M	1936	15918	Place-6
SMITH	Bob	0	-----	M	1936	15925	Place-29
SMITH	Jacob	0	-----	M	1936	15936	Place-23
SMITH	Sheila	0	-----	F	1936	15937	Place-5
SMITH	Jim	0	-----	M	1936	15950	Place-28
SMITH	Shawn	0	-----	M	1936	15953	Place-7
SMITH	Sarah	0	-----	F	1936	15954	Place-26
SMITH	Suzanne	0	-----	F	1936	15963	Place-15
SMITH	Sharon	0	-----	F	1936	15965	Place-29
SMITH	Bob	0	-----	M	1936	15975	Place-28
SMITH	Seonaid	0	-----	F	1936	15981	Place-27
SMITH	Paulo	0	-----	M	1936	15983	Place-15
SMITH	Jenkins	0	-----	M	1936	15986	Place-7
SMITH	Jim	0	-----	M	1936	15987	Place-17
SMITH	Selina	0	-----	F	1936	15990	Place-16
SMITH	Sharon	0	-----	F	1936	15991	Place-13
SMITH	Suzanne	0	-----	F	1936	15994	Place-3
SMITH	Susan	0	-----	F	1936	15996	Place-23
SMITH	Sheila	0	-----	F	1936	15998	Place-6
SMITH	Briony	0	-----	F	1936	16001	Place-15
SMITH	Suzanne	0	-----	F	1936	16010	Place-18
SMITH	Jacob	0	-----	M	1936	16012	Place-14
SMITH	Suzanne	0	-----	F	1936	16014	Place-5
SMITH	Seonaid	0	-----	F	1936	16016	Place-4
SMITH	Jim	0	-----	M	1936	16024	Place-5
SMITH	Sharon	0	-----	F	1936	16027	Place-15
SMITH	Joseph	0	-----	M	1936	16041	Place-24
SMITH	Briony	0	-----	F	1936	16049	Place-23
SMITH	Jenkins	0	-----	M	1936	16050	Place-4
SMITH	Suzanne	0	-----	F	1936	16051	Place-22
SMITH	Jacob	0	-----	M	1936	16052	Place-23
SMITH	Sheila	0	-----	F	1936	16063	Place-15
SMITH	Sharon	0	-----	F	1936	16065	Place-0
SMITH	Selina	0	-----	F	1936	16070	Place-12
SMITH	James	0	-----	M	1936	16076	Place-26
SMITH	Seonaid	0	-----	F	1936	16082	Place-19
SMITH	Briony	0	-----	F	1936	16085	Place-0
SMITH	Seonaid	0	-----	F	1936	16088	Place-1
SMITH	Bob	0	-----	M	1936	16091	Place-29
SMITH	Sheila	0	-----	F	1936	16093	Place-8
SMITH	Suzanne	0	-----	F	1936	16099	Place-5
SMITH	Shawn	0	-----	M	1936	16100	Place-10
SMITH	Paulo	0	-----	M	1936	16104	Place-9
SMITH	Seonaid	0	-----	F	1936	16110	Place-23
SMITH	Sheila	0	-----	F	1936	16112	Place-27
SMITH	Jenkins	0	-----	M	1936	16117	Place-13
SMITH	Jenkins	0	-----	M	1936	16118	Place-28
SMITH	Jacob	0	-----	M	1936	16121	Place-29
SMITH	Jacob	0	-----	M	1936	16126	Place-14
SMITH	Susan	0	-----	F	1936	16132	Place-0
SMITH	Sharon	58	-----	F	1937	16138	Place-14
SMITH	Jenkins	25	-----	M	1937	11025	Place-20
SMITH	Shawn	56	-----	M	1937	6628	Place-1
SMITH	James	56	-----	M	1937	6640	Place-26
SMITH	Paulo	56	-----	M	1937	6658	Place-14
SMITH	Bob	58	-----	M	1937	6491	Place-4
SMITH	Seonaid	25	-----	F	1937	11136	Place-6
SMITH	Paulo	21	-----	M	1937	11714	Place-12
SMITH	Sheila	21	-----	F	1937	11739	Place-16
SMITH	Briony	28	-----	F	1937	15879	Place-0
SMITH	Sheila	55	-----	F	1937	14675	Place-24
SMITH	Briony	45	-----	F	1937	8069	Place-21
SMITH	Joseph	38	-----	M	1937	9026	Place-0
SMITH	Briony	41	-----	F	1937	14244	Place-13
SMITH	Jenkins	50	-----	M	1937	7339	Place-2
SMITH	Shawn	59	-----	M	1937	6286	Place-19
SMITH	Jim	34	-----	M	1937	9639	Place-6
SMITH	Jenkins	29	-----	M	1937	10443	Place-18
SMITH	Jacob	42	-----	M	1937	8446	Place-26
SMITH	Joseph	46	-----	M	1937	7853	Place-6
SMITH	Paulo	53	-----	M	1937	6990	Place-24
SMITH	Suzanne	32	-----	F	1937	10014	Place-0
SMITH	Jenkins	56	-----	M	1937	6694	Place-8
SMITH	Briony	27	-----	F	1937	10783	Place-6
SMITH	Sheila	32	-----	F	1937	15386	Place-15
SMITH	Sharon	51	-----	F	1937	15392	Place-12
SMITH	Sharon	46	-----	F	1937	13013	Place-24
SMITH	Jenkins	40	-----	M	1937	8714	Place-8
SMITH	Bob	35	-----	M	1937	9426	Place-17
SMITH	Suzanne	60	-----	F	1937	12819	Place-22
SMITH	James	56	-----	M	1937	6647	Place-2
SMITH	Jacob	49	-----	M	1937	7509	Place-8
SMITH	Jenkins	34	-----	M	1937	9604	Place-1
SMITH	Selina	45	-----	F	1937	10995	Place-23
SMITH	Seonaid	27	-----	F	1937	10758	Place-24
SMITH	Joseph	25	-----	M	1937	11035	Place-12
SMITH	Seonaid	60	-----	F	1937	10334	Place-16
SMITH	Jenkins	33	-----	M	1937	9798	Place-8
SMITH	Sharon	30	-----	F	1937	10217	Place-29
SMITH	Jenkins	27	-----	M	1937	10731	Place-26
SMITH	James	25	-----	M	1937	11012	Place-23
SMITH	Bob	51	-----	M	1937	7200	Place-3
SMITH	Seonaid	62	-----	F	1937	8919	Place-15
SMITH	Seonaid	30	-----	F	1937	10213	Place-21
SMITH	Sarah	45	-----	F	1937	8054	Place-11
SMITH	Paulo	34	-----	M	1937	9616	Place-25
SMITH	Jenkins	56	-----	M	1937	6630	Place-18
SMITH	Seonaid	54	-----	F	1937	11688	Place-28
SMITH	Selina	58	-----	F	1937	10669	Place-5
SMITH	James	24	-----	M	1937	11201	Place-1
SMITH	James	24	-----	M	1937	11239	Place-28
SMITH	Shawn	20	-----	M	1937	11898	Place-6
SMITH	Briony	19	-----	F	1937	12181	Place-20
SMITH	Jacob	18	-----	M	1937	12320	Place-22
SMITH	Paulo	18	-----	M	1937	12389	Place-27
SMITH	Suzanne	17	-----	F	1937	12466	Place-12
SMITH	Seonaid	16	-----	F	1937	12630	Place-5
SMITH	Sarah	16	-----	F	1937	12653	Place-1
SMITH	Briony	16	-----	F	1937	12688	Place-25
SMITH	Sheila	16	-----	F	1937	12802	Place-10
SMITH	Shawn	15	-----	M	1937	12902	Place-3
SMITH	Suzanne	15	-----	F	1937	12907	Place-28
SMITH	Jenkins	15	-----	M	1937	12993	Place-23
SMITH	Joseph	14	-----	M	1937	13036	Place-12
SMITH	Susan	14	-----	F	1937	13150	Place-16
SMITH	Seonaid	13	-----	F	1937	13292	Place-16
SMITH	Selina	13	-----	F	1937	13349	Place-14
SMITH	Sheila	13	-----	F	1937	13354	Place-20
SMITH	Briony	13	-----	F	1937	13398	Place-22
SMITH	James	12	-----	M	1937	13512	Place-25
SMITH	Briony	12	-----	F	1937	13564	Place-0
SMITH	Shawn	11	-----	M	1937	13796	Place-17
SMITH	Briony	9	-----	F	1937	14058	Place-1
SMITH	Susan	8	-----	F	1937	14288	Place-11
SMITH	Shawn	8	-----	M	1937	14378	Place-2
SMITH	Suzanne	8	-----	F	1937	14418	Place-27
SMITH	Bob	8	-----	M	1937	14439	Place-17
SMITH	Sheila	7	-----	F	1937	14509	Place-23
SMITH	Paulo	7	-----	M	1937	14512	Place-18
SMITH	Shawn	6	-----	M	1937	14726	Place-10
SMITH	Jenkins	6	-----	M	1937	14739	Place-12
SMITH	Susan	6	-----	F	1937	14780	Place-4
SMITH	Shawn	6	-----	M	1937	14803	Place-11
SMITH	Paulo	5	-----	M	1937	14937	Place-11
SMITH	Sheila	5	-----	F	1937	15037	Place-0
SMITH	Briony	5	-----	F	1937	15060	Place-22
SMITH	Paulo	4	-----	M	1937	15142	Place-18
SMITH	Sharon	4	-----	F	1937	15211	Place-22
SMITH	Sharon	4	-----	F	1937	15275	Place-8
SMITH	Briony	4	-----	F	1937	15356	Place-17
SMITH	Briony	3	-----	F	1937	15444	Place-29
SMITH	Jim	3	-----	M	1937	15579	Place-14
SMITH	Jacob	3	-----	M	1937	15594	Place-25
SMITH	Sarah	2	-----	F	1937	15735	Place-24
SMITH	Jenkins	2	-----	M	1937	15845	Place-10
SMITH	Sarah	1	-----	F	1937	15908	Place-20
SMITH	Seonaid	1	-----	F	1937	15911	Place-1
SMITH	Shawn	1	-----	M	1937	15913	Place-20
SMITH	Jim	1	-----	M	1937	15924	Place-24
SMITH	Joseph	1	-----	M	1937	15926	Place-5
SMITH	James	1	-----	M	1937	15942	Place-23
SMITH	Jim	1	-----	M	1937	15947	Place-13
SMITH	Jim	1	-----	M	1937	15951	Place-0
SMITH	Sharon	1	-----	F	1937	15952	Place-8
SMITH	Bob	1	-----	M	1937	15955	Place-22
SMITH	Sarah	1	-----	F	1937	15957	Place-2
SMITH	Joseph	1	-----	M	1937	15959	Place-13
SMITH	Jim	1	-----	M	1937	15962	Place-10
SMITH	Jim	1	-----	M	1937	15973	Place-23
SMITH	Bob	1	-----	M	1937	15974	Place-1
SMITH	Sarah	1	-----	F	1937	15976	Place-8
SMITH	Jacob	1	-----	M	1937	15977	Place-6
SMITH	James	1	-----	M	1937	15992	Place-14
SMITH	Selina	1	-----	F	1937	15997	Place-26
SMITH	Joseph	1	-----	M	1937	15999	Place-7
SMITH	Shawn	1	-----	M	1937	16000	Place-15
SMITH	Selina	1	-----	F	1937	16022	Place-0
SMITH	Sheila	1	-----	F	1937	16023	Place-17
SMITH	Shawn	1	-----	M	1937	16030	Place-19
SMITH	Sarah	1	-----	F	1937	16036	Place-0
SMITH	Shawn	1	-----	M	1937	16043	Place-24
SMITH	Jim	1	-----	M	1937	16044	Place-1
SMITH	Sharon	1	-----	F	1937	16066	Place-19
SMITH	Jacob	1	-----	M	1937	16068	Place-16
SMITH	Jacob	1	-----	M	1937	16072	Place-19
SMITH	James	1	-----	M	1937	16074	Place-3
SMITH	Selina	1	-----	F	1937	16077	Place-7
SMITH	Suzanne	1	-----	F	1937	16079	Place-10
SMITH	Jenkins	1	-----	M	1937	16122	Place-18
SMITH	Jim	1	-----	M	1937	16133	Place-22
SMITH	Paulo	0	-----	M	1937	16172	Place-0
SMITH	James	0	-----	M	1937	16187	Place-0
SMITH	Joseph	0	-----	M	1937	16190	Place-20
SMITH	Sharon	0	-----	F	1937	16196	Place-23
SMITH	Sarah	0	-----	F	1937	16197	Place-10
SMITH	Jacob	0	-----	M	1937	16207	Place-27
SMITH	Bob	0	-----	M	1937	16209	Place-0
SMITH	Jenkins	0	-----	M	1937	16216	Place-14
SMITH	Jim	0	-----	M	1937	16217	Place-18
SMITH	James	0	-----	M	1937	16225	Place-0
SMITH	Briony	0	-----	F	1937	16232	Place-1
SMITH	Sheila	0	-----	F	1937	16233	Place-28
SMITH	Paulo	0	-----	M	1937	16234	Place-11
SMITH	Sharon	0	-----	F	1937	16245	Place-29
SMITH	Suzanne	0	-----	F	1937	16246	Place-26
SMITH	Suzanne	0	-----	F	1937	16247	Place-28
SMITH	Suzanne	0	-----	F	1937	16248	Place-18
SMITH	Joseph	0	-----	M	1937	16260	Place-21
SMITH	Sheila	0	-----	F	1937	16269	Place-21
SMITH	Selina	0	-----	F	1937	16271	Place-17
SMITH	Jim	0	-----	M	1937	16277	Place-21
SMITH	Selina	0	-----	F	1937	16283	Place-2
SMITH	Selina	0	-----	F	1937	16286	Place-18
SMITH	Sharon	0	-----	F	1937	16289	Place-10
SMITH	Sheila	0	-----	F	1937	16293	Place-5
SMITH	Sharon	0	-----	F	1937	16296	Place-23
SMITH	Sheila	0	-----	F	1937	16309	Place-14
SMITH	Sarah	0	-----	F	1937	16313	Place-4
SMITH	Sarah	0	-----	F	1937	16315	Place-4
SMITH	Suzanne	0	-----	F	1937	16321	Place-24
SMITH	Sheila	0	-----	F	1937	16322	Place-10
SMITH	Seonaid	0	-----	F	1937	16327	Place-25
SMITH	Seonaid	0	-----	F	1937	16332	Place-21
SMITH	Shawn	0	-----	M	1937	16341	Place-1
SMITH	Sheila	0	-----	F	1937	16343	Place-14
SMITH	Sarah	0	-----	F	1937	16345	Place-22
SMITH	Sheila	0	-----	F	1937	16350	Place-10
SMITH	Suzanne	0	-----	F	1937	16352	Place-2
SMITH	Bob	0	-----	M	1937	16362	Place-2
SMITH	Paulo	0	-----	M	1937	16363	Place-26
SMITH	Suzanne	0	-----	F	1937	16365	Place-0
SMITH	Briony	0	-----	F	1937	16373	Place-26
SMITH	Shawn	0	-----	M	1937	16385	Place-18
SMITH	Shawn	0	-----	M	1937	16388	Place-20
SMITH	Shawn	0	-----	M	1937	16411	Place-28
SMITH	Jim	0	-----	M	1937	16418	Place-28
SMITH	Seonaid	55	-----	F	1938	16159	Place-2
SMITH	Selina	52	-----	F	1938	7216	Place-2
SMITH	Selina	46	-----	F	1938	7998	Place-27
SMITH	Paulo	55	-----	M	1938	6887	Place-28
SMITH	Suzanne	55	-----	F	1938	14472	Place-24
SMITH	Jacob	55	-----	M	1938	6866	Place-25
SMITH	Shawn	41	-----	M	1938	8741	Place-14
SMITH	Bob	55	-----	M	1938	6889	Place-23
SMITH	Sarah	57	-----	F	1938	12597	Place-16
SMITH	Sharon	19	-----	F	1938	12285	Place-2
SMITH	Joseph	41	-----	M	1938	8693	Place-24
SMITH	Paulo	27	-----	M	1938	10936	Place-14
SMITH	Sharon	56	-----	F	1938	15639	Place-20
SMITH	Sheila	28	-----	F	1938	15648	Place-27
SMITH	Joseph	25	-----	M	1938	11282	Place-16
SMITH	Jenkins	58	-----	M	1938	6555	Place-27
SMITH	James	59	-----	M	1938	6497	Place-1
SMITH	Jim	33	-----	M	1938	10012	Place-19
SMITH	Suzanne	60	-----	F	1938	15107	Place-17
SMITH	Briony	45	-----	F	1938	11150	Place-26
SMITH	Jim	55	-----	M	1938	6841	Place-29
SMITH	Joseph	37	-----	M	1938	9345	Place-26
SMITH	Jacob	56	-----	M	1938	6747	Place-23
SMITH	James	56	-----	M	1938	6753	Place-18
SMITH	Sheila	54	-----	F	1938	13651	Place-22
SMITH	Paulo	46	-----	M	1938	8061	Place-24
SMITH	Jenkins	15	-----	M	1938	13182	Place-28
SMITH	Jim	31	-----	M	1938	10301	Place-6
SMITH	Jacob	37	-----	M	1938	9261	Place-27
SMITH	Jacob	55	-----	M	1938	6883	Place-28
SMITH	Selina	51	-----	F	1938	7412	Place-13
SMITH	James	59	-----	M	1938	6411	Place-24
SMITH	Shawn	27	-----	M	1938	10845	Place-3
SMITH	Briony	60	-----	F	1938	6279	Place-23
SMITH	Joseph	59	-----	M	1938	6455	Place-2
SMITH	Susan	13	-----	F	1938	13473	Place-12
SMITH	Joseph	33	-----	M	1938	9877	Place-2
SMITH	Jim	55	-----	M	1938	6848	Place-19
SMITH	James	55	-----	M	1938	6913	Place-6
SMITH	Joseph	55	-----	M	1938	6869	Place-9
SMITH	Suzanne	75	-----	F	1938	12601	Place-19
SMITH	Jim	53	-----	M	1938	7158	Place-14
SMITH	Sarah	56	-----	F	1938	6806	Place-23
SMITH	Sheila	36	-----	F	1938	9453	Place-11
SMITH	Paulo	40	-----	M	1938	8886	Place-23
SMITH	Paulo	40	-----	M	1938	8858	Place-6
SMITH	Bob	58	-----	M	1938	6515	Place-17
SMITH	Joseph	56	-----	M	1938	6817	Place-8
SMITH	Briony	67	-----	F	1938	9092	Place-10
SMITH	Shawn	31	-----	M	1938	10290	Place-23
SMITH	James	28	-----	M	1938	10751	Place-12
SMITH	Jenkins	24	-----	M	1938	11480	Place-0
SMITH	Paulo	21	-----	M	1938	11963	Place-23
SMITH	Shawn	19	-----	M	1938	12325	Place-7
SMITH	Seonaid	19	-----	F	1938	12391	Place-15
SMITH	Suzanne	17	-----	F	1938	12686	Place-29
SMITH	James	17	-----	M	1938	12775	Place-9
SMITH	Jenkins	16	-----	M	1938	12880	Place-15
SMITH	Sarah	15	-----	F	1938	13024	Place-4
SMITH	James	15	-----	M	1938	13192	Place-20
SMITH	James	14	-----	M	1938	13244	Place-20
SMITH	Sarah	14	-----	F	1938	13245	Place-23
SMITH	Sharon	14	-----	F	1938	13396	Place-23
SMITH	Jacob	14	-----	M	1938	13417	Place-10
SMITH	Susan	13	-----	F	1938	13457	Place-7
SMITH	Seonaid	13	-----	F	1938	13528	Place-21
SMITH	Selina	11	-----	F	1938	13908	Place-28
SMITH	Seonaid	10	-----	F	1938	14234	Place-6
SMITH	Sheila	9	-----	F	1938	14286	Place-28
SMITH	Jim	9	-----	M	1938	14320	Place-28
SMITH	Seonaid	8	-----	F	1938	14532	Place-21
SMITH	Paulo	8	-----	M	1938	14640	Place-3
SMITH	Paulo	7	-----	M	1938	14738	Place-23
SMITH	Seonaid	7	-----	F	1938	14782	Place-4
SMITH	Selina	6	-----	F	1938	14909	Place-27
SMITH	Seonaid	6	-----	F	1938	14925	Place-2
SMITH	Jacob	6	-----	M	1938	15045	Place-18
SMITH	Seonaid	6	-----	F	1938	15083	Place-6
SMITH	Sharon	5	-----	F	1938	15167	Place-27
SMITH	Seonaid	4	-----	F	1938	15475	Place-19
SMITH	Susan	4	-----	F	1938	15606	Place-22
SMITH	Jacob	4	-----	M	1938	15620	Place-13
SMITH	Sharon	3	-----	F	1938	15816	Place-3
SMITH	Susan	2	-----	F	1938	16040	Place-25
SMITH	Selina	2	-----	F	1938	16123	Place-7
SMITH	Susan	1	-----	F	1938	16169	Place-13
SMITH	Susan	1	-----	F	1938	16171	Place-19
SMITH	Sarah	1	-----	F	1938	16192	Place-25
SMITH	Selina	1	-----	F	1938	16194	Place-21
SMITH	Paulo	1	-----	M	1938	16195	Place-24
SMITH	Joseph	1	-----	M	1938	16202	Place-13
SMITH	Paulo	1	-----	M	1938	16210	Place-3
SMITH	Seonaid	1	-----	F	1938	16211	Place-9
SMITH	Joseph	1	-----	M	1938	16214	Place-27
SMITH	Joseph	1	-----	M	1938	16219	Place-9
SMITH	James	1	-----	M	1938	16220	Place-23
SMITH	Sharon	1	-----	F	1938	16222	Place-23
SMITH	Jenkins	1	-----	M	1938	16226	Place-21
SMITH	Jacob	1	-----	M	1938	16229	Place-10
SMITH	Sharon	1	-----	F	1938	16230	Place-19
SMITH	Selina	1	-----	F	1938	16240	Place-4
SMITH	Shawn	1	-----	M	1938	16241	Place-6
SMITH	James	1	-----	M	1938	16243	Place-28
SMITH	Jim	1	-----	M	1938	16249	Place-18
SMITH	Suzanne	1	-----	F	1938	16253	Place-10
SMITH	Jenkins	1	-----	M	1938	16254	Place-11
SMITH	Joseph	1	-----	M	1938	16261	Place-0
SMITH	Selina	1	-----	F	1938	16265	Place-7
SMITH	Sharon	1	-----	F	1938	16267	Place-15
SMITH	Joseph	1	-----	M	1938	16272	Place-14
SMITH	Sheila	1	-----	F	1938	16280	Place-16
SMITH	Jim	1	-----	M	1938	16281	Place-6
SMITH	Jenkins	1	-----	M	1938	16298	Place-3
SMITH	Sharon	1	-----	F	1938	16299	Place-21
SMITH	Seonaid	1	-----	F	1938	16326	Place-4
SMITH	Selina	1	-----	F	1938	16328	Place-12
SMITH	Bob	1	-----	M	1938	16331	Place-23
SMITH	Shawn	1	-----	M	1938	16333	Place-22
SMITH	Sheila	1	-----	F	1938	16337	Place-8
SMITH	Susan	1	-----	F	1938	16340	Place-0
SMITH	James	1	-----	M	1938	16346	Place-13
SMITH	Joseph	1	-----	M	1938	16349	Place-22
SMITH	Sarah	1	-----	F	1938	16355	Place-6
SMITH	Sheila	1	-----	F	1938	16361	Place-4
SMITH	Shawn	1	-----	M	1938	16371	Place-18
SMITH	Jim	1	-----	M	1938	16395	Place-14
SMITH	Suzanne	1	-----	F	1938	16396	Place-2
SMITH	James	1	-----	M	1938	16408	Place-15
SMITH	Paulo	1	-----	M	1938	16417	Place-0
SMITH	Susan	0	-----	F	1938	16456	Place-16
SMITH	Paulo	0	-----	M	1938	16457	Place-15
SMITH	Sharon	0	-----	F	1938	16461	Place-3
SMITH	Jacob	0	-----	M	1938	16465	Place-10
SMITH	Bob	0	-----	M	1938	16468	Place-27
SMITH	Susan	0	-----	F	1938	16473	Place-27
SMITH	James	0	-----	M	1938	16476	Place-26
SMITH	Jenkins	0	-----	M	1938	16483	Place-2
SMITH	Selina	0	-----	F	1938	16484	Place-21
SMITH	Seonaid	0	-----	F	1938	16488	Place-24
SMITH	James	0	-----	M	1938	16497	Place-12
SMITH	Briony	0	-----	F	1938	16499	Place-25
SMITH	Jenkins	0	-----	M	1938	16501	Place-20
SMITH	Suzanne	0	-----	F	1938	16514	Place-11
SMITH	Joseph	0	-----	M	1938	16515	Place-9
SMITH	Seonaid	0	-----	F	1938	16520	Place-4
SMITH	Bob	0	-----	M	1938	16522	Place-17
SMITH	Jenkins	0	-----	M	1938	16526	Place-3
SMITH	Sharon	0	-----	F	1938	16528	Place-20
SMITH	Sheila	0	-----	F	1938	16534	Place-17
SMITH	Shawn	0	-----	M	1938	16535	Place-15
SMITH	Briony	0	-----	F	1938	16539	Place-2
SMITH	Jenkins	0	-----	M	1938	16540	Place-20
SMITH	Paulo	0	-----	M	1938	16543	Place-28
SMITH	Sharon	0	-----	F	1938	16550	Place-29
SMITH	Seonaid	0	-----	F	1938	16554	Place-8
SMITH	Shawn	0	-----	M	1938	16560	Place-16
SMITH	James	0	-----	M	1938	16561	Place-10
SMITH	Sarah	0	-----	F	1938	16565	Place-18
SMITH	Bob	0	-----	M	1938	16570	Place-13
SMITH	Joseph	0	-----	M	1938	16571	Place-18
SMITH	Jenkins	0	-----	M	1938	16573	Place-25
SMITH	Bob	0	-----	M	1938	16574	Place-4
SMITH	Suzanne	0	-----	F	1938	16577	Place-11
SMITH	Sheila	0	-----	F	1938	16579	Place-7
SMITH	Jim	0	-----	M	1938	16591	Place-25
SMITH	Jenkins	0	-----	M	1938	16592	Place-15
SMITH	Susan	0	-----	F	1938	16595	Place-23
SMITH	Selina	0	-----	F	1938	16598	Place-5
SMITH	James	0	-----	M	1938	16599	Place-22
SMITH	Sarah	0	-----	F	1938	16604	Place-21
SMITH	Sharon	0	-----	F	1938	16620	Place-25
SMITH	Selina	0	-----	F	1938	16635	Place-9
SMITH	Bob	0	-----	M	1938	16639	Place-7
SMITH	Sarah	0	-----	F	1938	16642	Place-17
SMITH	Jim	0	-----	M	1938	16646	Place-15
SMITH	Suzanne	0	-----	F	1938	16657	Place-29
SMITH	Jacob	0	-----	M	1938	16664	Place-13
SMITH	Briony	0	-----	F	1938	16670	Place-7
SMITH	Suzanne	0	-----	F	1938	16674	Place-13
SMITH	Sheila	0	-----	F	1938	16676	Place-16
SMITH	Bob	0	-----	M	1938	16677	Place-4
SMITH	James	0	-----	M	1938	16678	Place-16
SMITH	Seonaid	0	-----	F	1938	16681	Place-21
SMITH	Jim	0	-----	M	1938	16684	Place-19
SMITH	Selina	38	-----	F	1939	16690	Place-5
SMITH	Susan	23	-----	F	1939	11746	Place-27
SMITH	Suzanne	32	-----	F	1939	10311	Place-7
SMITH	Jenkins	30	-----	M	1939	10620	Place-12
SMITH	Jenkins	50	-----	M	1939	7630	Place-19
SMITH	Suzanne	39	-----	F	1939	14021	Place-2
SMITH	James	61	-----	M	1939	6366	Place-19
SMITH	Bob	21	-----	M	1939	12226	Place-8
SMITH	Paulo	55	-----	M	1939	6971	Place-6
SMITH	Jacob	24	-----	M	1939	11559	Place-24
SMITH	Sheila	60	-----	F	1939	13636	Place-29
SMITH	Paulo	55	-----	M	1939	7017	Place-15
SMITH	Briony	19	-----	F	1939	12536	Place-3
SMITH	Seonaid	1	-----	F	1939	16600	Place-0
SMITH	Sarah	56	-----	F	1939	14466	Place-17
SMITH	Susan	43	-----	F	1939	14235	Place-5
SMITH	Paulo	51	-----	M	1939	7455	Place-4
SMITH	Jacob	24	-----	M	1939	11648	Place-12
SMITH	Jacob	50	-----	M	1939	7653	Place-5
SMITH	Jacob	56	-----	M	1939	6865	Place-13
SMITH	Briony	12	-----	F	1939	13892	Place-28
SMITH	Suzanne	55	-----	F	1939	16150	Place-24
SMITH	Susan	34	-----	F	1939	15890	Place-21
SMITH	James	38	-----	M	1939	9296	Place-5
SMITH	James	56	-----	M	1939	6928	Place-7
SMITH	Bob	60	-----	M	1939	6427	Place-1
SMITH	Jim	56	-----	M	1939	6843	Place-2
SMITH	Selina	30	-----	F	1939	15387	Place-21
SMITH	Joseph	30	-----	M	1939	10611	Place-8
SMITH	Briony	35	-----	F	1939	13227	Place-24
SMITH	Seonaid	42	-----	F	1939	8727	Place-0
SMITH	Paulo	60	-----	M	1939	6413	Place-14
SMITH	Suzanne	56	-----	F	1939	10973	Place-11
SMITH	James	58	-----	M	1939	6639	Place-8
SMITH	Selina	21	-----	F	1939	12088	Place-21
SMITH	Briony	56	-----	F	1939	15644	Place-8
SMITH	Susan	58	-----	F	1939	14889	Place-12
SMITH	Suzanne	46	-----	F	1939	8171	Place-16
SMITH	Jacob	59	-----	M	1939	6557	Place-7
SMITH	Seonaid	31	-----	F	1939	10427	Place-10
SMITH	Suzanne	55	-----	F	1939	15395	Place-0
SMITH	Selina	57	-----	F	1939	6809	Place-1
SMITH	Selina	56	-----	F	1939	15120	Place-4
SMITH	Paulo	45	-----	M	1939	8350	Place-4
SMITH	Susan	52	-----	F	1939	14873	Place-10
SMITH	Sharon	28	-----	F	1939	10934	Place-25
SMITH	Jim	40	-----	M	1939	8990	Place-0
SMITH	Jim	53	-----	M	1939	7300	Place-18
SMITH	Sheila	55	-----	F	1939	14676	Place-7
SMITH	Sheila	36	-----	F	1939	9643	Place-13
SMITH	Sheila	18	-----	F	1939	12773	Place-24
SMITH	Jacob	62	-----	M	1939	6230	Place-15
SMITH	James	47	-----	M	1939	8046	Place-19
SMITH	Susan	41	-----	F	1939	8879	Place-27
SMITH	Selina	15	-----	F	1939	13304	Place-14
SMITH	Susan	11	-----	F	1939	14137	Place-22
SMITH	Shawn	56	-----	M	1939	6853	Place-22
SMITH	Shawn	42	-----	M	1939	8695	Place-14
SMITH	Shawn	21	-----	M	1939	12076	Place-9
SMITH	Shawn	58	-----	M	1939	6636	Place-5
SMITH	Briony	56	-----	F	1939	12814	Place-5
SMITH	Suzanne	55	-----	F	1939	7048	Place-8
SMITH	Joseph	67	-----	M	1939	5673	Place-14
SMITH	Joseph	57	-----	M	1939	6820	Place-21
SMITH	Bob	56	-----	M	1939	6896	Place-8
SMITH	Sharon	58	-----	F	1939	11313	Place-7
SMITH	Jenkins	35	-----	M	1939	9730	Place-18
SMITH	Selina	32	-----	F	1939	10294	Place-23
SMITH	Bob	26	-----	M	1939	11279	Place-0
SMITH	Paulo	22	-----	M	1939	11998	Place-13
SMITH	Bob	21	-----	M	1939	12129	Place-2
SMITH	Sarah	21	-----	F	1939	12194	Place-8
SMITH	James	21	-----	M	1939	12210	Place-22
SMITH	James	20	-----	M	1939	12344	Place-21
SMITH	Joseph	17	-----	M	1939	12921	Place-11
SMITH	James	16	-----	M	1939	13028	Place-29
SMITH	Jenkins	15	-----	M	1939	13363	Place-14
SMITH	Jacob	14	-----	M	1939	13458	Place-10
SMITH	Joseph	14	-----	M	1939	13460	Place-14
SMITH	Sarah	13	-----	F	1939	13772	Place-12
SMITH	Bob	13	-----	M	1939	13815	Place-12
SMITH	Briony	11	-----	F	1939	14040	Place-10
SMITH	Jim	11	-----	M	1939	14045	Place-28
SMITH	Paulo	11	-----	M	1939	14131	Place-7
SMITH	James	11	-----	M	1939	14211	Place-0
SMITH	Suzanne	10	-----	F	1939	14305	Place-17
SMITH	Sarah	10	-----	F	1939	14321	Place-3
SMITH	Jim	10	-----	M	1939	14429	Place-23
SMITH	Seonaid	8	-----	F	1939	14751	Place-1
SMITH	James	8	-----	M	1939	14808	Place-8
SMITH	Susan	6	-----	F	1939	15145	Place-8
SMITH	Bob	6	-----	M	1939	15249	Place-29
SMITH	Sharon	6	-----	F	1939	15272	Place-24
SMITH	Sharon	6	-----	F	1939	15308	Place-1
SMITH	Jenkins	5	-----	M	1939	15420	Place-26
SMITH	Jacob	5	-----	M	1939	15445	Place-6
SMITH	Jenkins	5	-----	M	1939	15518	Place-26
SMITH	Jacob	5	-----	M	1939	15528	Place-20
SMITH	Shawn	4	-----	M	1939	15667	Place-23
SMITH	Selina	4	-----	F	1939	15791	Place-22
SMITH	Jacob	3	-----	M	1939	15944	Place-20
SMITH	Jacob	3	-----	M	1939	15978	Place-7
SMITH	Jacob	3	-----	M	1939	16060	Place-12
SMITH	Seonaid	2	-----	F	1939	16203	Place-16
SMITH	Jenkins	1	-----	M	1939	16459	Place-7
SMITH	Sarah	1	-----	F	1939	16467	Place-14
SMITH	Seonaid	1	-----	F	1939	16469	Place-7
SMITH	Seonaid	1	-----	F	1939	16470	Place-23
SMITH	Paulo	1	-----	M	1939	16478	Place-20
SMITH	Briony	1	-----	F	1939	16479	Place-1
SMITH	Jacob	1	-----	M	1939	16480	Place-16
SMITH	Suzanne	1	-----	F	1939	16485	Place-19
SMITH	Jenkins	1	-----	M	1939	16486	Place-11
SMITH	Seonaid	1	-----	F	1939	16495	Place-29
SMITH	Jacob	1	-----	M	1939	16496	Place-8
SMITH	Shawn	1	-----	M	1939	16505	Place-0
SMITH	Briony	1	-----	F	1939	16521	Place-11
SMITH	Sheila	1	-----	F	1939	16525	Place-3
SMITH	Paulo	1	-----	M	1939	16529	Place-27
SMITH	Jacob	1	-----	M	1939	16531	Place-16
SMITH	Paulo	1	-----	M	1939	16536	Place-23
SMITH	Joseph	1	-----	M	1939	16544	Place-6
SMITH	Jenkins	1	-----	M	1939	16556	Place-2
SMITH	Paulo	1	-----	M	1939	16559	Place-24
SMITH	Seonaid	1	-----	F	1939	16567	Place-26
SMITH	Jacob	1	-----	M	1939	16572	Place-4
SMITH	Selina	1	-----	F	1939	16580	Place-29
SMITH	Sheila	1	-----	F	1939	16586	Place-3
SMITH	Briony	1	-----	F	1939	16588	Place-3
SMITH	Jim	1	-----	M	1939	16596	Place-3
SMITH	Seonaid	1	-----	F	1939	16611	Place-8
SMITH	Bob	1	-----	M	1939	16615	Place-22
SMITH	Selina	1	-----	F	1939	16616	Place-0
SMITH	Bob	1	-----	M	1939	16619	Place-19
SMITH	Paulo	1	-----	M	1939	16630	Place-19
SMITH	Susan	1	-----	F	1939	16637	Place-29
SMITH	Paulo	1	-----	M	1939	16640	Place-24
SMITH	Sheila	1	-----	F	1939	16641	Place-8
SMITH	Bob	1	-----	M	1939	16643	Place-15
SMITH	Jenkins	1	-----	M	1939	16655	Place-8
SMITH	Jenkins	1	-----	M	1939	16656	Place-26
SMITH	Susan	1	-----	F	1939	16658	Place-14
SMITH	Sarah	1	-----	F	1939	16659	Place-12
SMITH	Paulo	1	-----	M	1939	16663	Place-13
SMITH	Paulo	1	-----	M	1939	16667	Place-14
SMITH	Sheila	1	-----	F	1939	16680	Place-9
SMITH	Selina	0	-----	F	1939	16728	Place-20
SMITH	Sheila	0	-----	F	1939	16729	Place-15
SMITH	Paulo	0	-----	M	1939	16731	Place-28
SMITH	Paulo	0	-----	M	1939	16735	Place-24
SMITH	Sharon	0	-----	F	1939	16739	Place-26
SMITH	James	0	-----	M	1939	16743	Place-16
SMITH	Shawn	0	-----	M	1939	16748	Place-10
SMITH	Briony	0	-----	F	1939	16755	Place-28
SMITH	Shawn	0	-----	M	1939	16760	Place-1
SMITH	Jenkins	0	-----	M	1939	16762	Place-13
SMITH	Paulo	0	-----	M	1939	16763	Place-7
SMITH	Sarah	0	-----	F	1939	16772	Place-3
SMITH	James	0	-----	M	1939	16773	Place-12
SMITH	Sheila	0	-----	F	1939	16778	Place-8
SMITH	Sheila	0	-----	F	1939	16794	Place-2
SMITH	Sharon	0	-----	F	1939	16800	Place-20
SMITH	Jenkins	0	-----	M	1939	16808	Place-29
SMITH	Suzanne	0	-----	F	1939	16809	Place-15
SMITH	Seonaid	0	-----	F	1939	16837	Place-1
SMITH	Bob	0	-----	M	1939	16840	Place-12
SMITH	Briony	0	-----	F	1939	16843	Place-2
SMITH	Jenkins	0	-----	M	1939	16853	Place-0
SMITH	Suzanne	0	-----	F	1939	16855	Place-16
SMITH	Selina	0	-----	F	1939	16862	Place-18
SMITH	Seonaid	0	-----	F	1939	16864	Place-2
SMITH	Suzanne	0	-----	F	1939	16871	Place-7
SMITH	Paulo	0	-----	M	1939	16872	Place-7
SMITH	Briony	0	-----	F	1939	16876	Place-5
SMITH	Jim	0	-----	M	1939	16881	Place-6
SMITH	Jacob	0	-----	M	1939	16883	Place-15
SMITH	Jacob	0	-----	M	1939	16886	Place-29
SMITH	Seonaid	0	-----	F	1939	16888	Place-5
SMITH	Bob	0	-----	M	1939	16890	Place-15
SMITH	Briony	0	-----	F	1939	16910	Place-3
SMITH	Sharon	0	-----	F	1939	16917	Place-15
SMITH	Briony	0	-----	F	1939	16919	Place-17
SMITH	Joseph	0	-----	M	1939	16922	Place-26
SMITH	Sharon	0	-----	F	1939	16931	Place-28
SMITH	Paulo	0	-----	M	1939	16932	Place-1
SMITH	Sharon	0	-----	F	1939	16935	Place-17
SMITH	Bob	0	-----	M	1939	16939	Place-20
SMITH	Seonaid	0	-----	F	1939	16945	Place-13
SMITH	Sarah	56	-----	F	1940	16983	Place-13
SMITH	Briony	39	-----	F	1940	16991	Place-29
SMITH	Susan	43	-----	F	1940	11666	Place-24
SMITH	Suzanne	28	-----	F	1940	15138	Place-17
SMITH	Jacob	44	-----	M	1940	8586	Place-19
SMITH	Sheila	37	-----	F	1940	9601	Place-3
SMITH	Briony	23	-----	F	1940	16725	Place-14
SMITH	Sharon	56	-----	F	1940	15900	Place-12
SMITH	Shawn	32	-----	M	1940	10390	Place-13
SMITH	Susan	36	-----	F	1940	15402	Place-24
SMITH	James	59	-----	M	1940	6695	Place-10
SMITH	Seonaid	44	-----	F	1940	8594	Place-8
SMITH	Suzanne	57	-----	F	1940	13642	Place-14
SMITH	Paulo	22	-----	M	1940	12170	Place-28
SMITH	Jenkins	44	-----	M	1940	8592	Place-4
SMITH	Jacob	30	-----	M	1940	10748	Place-13
SMITH	Selina	27	-----	F	1940	11252	Place-8
SMITH	Bob	23	-----	M	1940	11910	Place-5
SMITH	Sheila	56	-----	F	1940	16436	Place-17
SMITH	Bob	50	-----	M	1940	7710	Place-29
SMITH	Shawn	55	-----	M	1940	7135	Place-0
SMITH	Suzanne	60	-----	F	1940	15886	Place-10
SMITH	James	47	-----	M	1940	8153	Place-21
SMITH	Sharon	59	-----	F	1940	6664	Place-21
SMITH	Jim	35	-----	M	1940	9860	Place-21
SMITH	Sarah	28	-----	F	1940	10998	Place-4
SMITH	Seonaid	56	-----	F	1940	12833	Place-12
SMITH	Paulo	45	-----	M	1940	8498	Place-29
SMITH	Seonaid	55	-----	F	1940	7077	Place-3
SMITH	Sheila	35	-----	F	1940	13431	Place-3
SMITH	Seonaid	51	-----	F	1940	11682	Place-0
SMITH	Briony	15	-----	F	1940	13486	Place-27
SMITH	Sheila	11	-----	F	1940	14263	Place-25
SMITH	Selina	41	-----	F	1940	15380	Place-29
SMITH	Jacob	56	-----	M	1940	6995	Place-17
SMITH	Sheila	50	-----	F	1940	14245	Place-14
SMITH	Shawn	51	-----	M	1940	7618	Place-17
SMITH	Jenkins	55	-----	M	1940	7166	Place-28
SMITH	Suzanne	36	-----	F	1940	9786	Place-0
SMITH	Seonaid	32	-----	F	1940	10465	Place-5
SMITH	Susan	49	-----	F	1940	7839	Place-14
SMITH	Seonaid	41	-----	F	1940	8953	Place-13
SMITH	Jim	58	-----	M	1940	6766	Place-20
SMITH	Sarah	55	-----	F	1940	10172	Place-12
SMITH	Bob	64	-----	M	1940	6152	Place-16
SMITH	Briony	57	-----	F	1940	6860	Place-1
SMITH	Bob	72	-----	M	1940	5300	Place-9
SMITH	Jenkins	41	-----	M	1940	9054	Place-24
SMITH	James	55	-----	M	1940	7116	Place-15
SMITH	Selina	60	-----	F	1940	6550	Place-26
SMITH	Jacob	45	-----	M	1940	8440	Place-18
SMITH	Jim	24	-----	M	1940	11858	Place-18
SMITH	Briony	21	-----	F	1940	12318	Place-16
SMITH	James	20	-----	M	1940	12454	Place-8
SMITH	Briony	20	-----	F	1940	12554	Place-16
SMITH	Shawn	18	-----	M	1940	12842	Place-20
SMITH	Sarah	18	-----	F	1940	12895	Place-16
SMITH	Jacob	17	-----	M	1940	13033	Place-12
SMITH	Briony	17	-----	F	1940	13128	Place-24
SMITH	Paulo	17	-----	M	1940	13153	Place-22
SMITH	Shawn	16	-----	M	1940	13240	Place-10
SMITH	Susan	15	-----	F	1940	13495	Place-22
SMITH	Briony	15	-----	F	1940	13548	Place-2
SMITH	Briony	15	-----	F	1940	13561	Place-5
SMITH	Sarah	15	-----	F	1940	13599	Place-20
SMITH	Briony	14	-----	F	1940	13767	Place-26
SMITH	Bob	13	-----	M	1940	13961	Place-24
SMITH	Bob	13	-----	M	1940	13990	Place-3
SMITH	James	12	-----	M	1940	14147	Place-24
SMITH	Jim	11	-----	M	1940	14290	Place-1
SMITH	Selina	11	-----	F	1940	14328	Place-11
SMITH	Sheila	10	-----	F	1940	14547	Place-29
SMITH	Sharon	9	-----	F	1940	14767	Place-1
SMITH	Suzanne	8	-----	F	1940	14938	Place-27
SMITH	Sheila	7	-----	F	1940	15141	Place-24
SMITH	Paulo	7	-----	M	1940	15250	Place-5
SMITH	Jim	7	-----	M	1940	15282	Place-11
SMITH	Sarah	6	-----	F	1940	15476	Place-21
SMITH	Seonaid	6	-----	F	1940	15538	Place-22
SMITH	James	5	-----	M	1940	15730	Place-18
SMITH	Sheila	5	-----	F	1940	15865	Place-16
SMITH	Jacob	4	-----	M	1940	16020	Place-14
SMITH	Jenkins	4	-----	M	1940	16059	Place-2
SMITH	Joseph	4	-----	M	1940	16130	Place-27
SMITH	Sharon	3	-----	F	1940	16173	Place-28
SMITH	Sarah	3	-----	F	1940	16237	Place-22
SMITH	Selina	3	-----	F	1940	16338	Place-19
SMITH	Jenkins	2	-----	M	1940	16585	Place-16
SMITH	Susan	1	-----	F	1940	16741	Place-15
SMITH	James	1	-----	M	1940	16757	Place-26
SMITH	Seonaid	1	-----	F	1940	16759	Place-11
SMITH	Seonaid	1	-----	F	1940	16761	Place-21
SMITH	Shawn	1	-----	M	1940	16777	Place-5
SMITH	Selina	1	-----	F	1940	16789	Place-14
SMITH	James	1	-----	M	1940	16798	Place-21
SMITH	Briony	1	-----	F	1940	16804	Place-27
SMITH	Jacob	1	-----	M	1940	16806	Place-10
SMITH	Sharon	1	-----	F	1940	16813	Place-0
SMITH	Paulo	1	-----	M	1940	16814	Place-15
SMITH	Selina	1	-----	F	1940	16822	Place-26
SMITH	Bob	1	-----	M	1940	16825	Place-20
SMITH	James	1	-----	M	1940	16827	Place-7
SMITH	Bob	1	-----	M	1940	16830	Place-10
SMITH	Sarah	1	-----	F	1940	16838	Place-6
SMITH	Paulo	1	-----	M	1940	16842	Place-4
SMITH	Jenkins	1	-----	M	1940	16844	Place-4
SMITH	Bob	1	-----	M	1940	16851	Place-2
SMITH	Bob	1	-----	M	1940	16860	Place-26
SMITH	Jacob	1	-----	M	1940	16861	Place-16
SMITH	Jim	1	-----	M	1940	16868	Place-12
SMITH	Jim	1	-----	M	1940	16889	Place-11
SMITH	Briony	1	-----	F	1940	16891	Place-20
SMITH	Jim	1	-----	M	1940	16899	Place-17
SMITH	Jacob	1	-----	M	1940	16900	Place-20
SMITH	Briony	1	-----	F	1940	16907	Place-29
SMITH	Bob	1	-----	M	1940	16918	Place-18
SMITH	Sarah	1	-----	F	1940	16920	Place-3
SMITH	Sarah	1	-----	F	1940	16924	Place-29
SMITH	Briony	1	-----	F	1940	16926	Place-9
SMITH	Sarah	1	-----	F	1940	16927	Place-2
SMITH	Sharon	1	-----	F	1940	16929	Place-20
SMITH	Jenkins	1	-----	M	1940	16940	Place-0
SMITH	Bob	1	-----	M	1940	16950	Place-13
SMITH	Jenkins	1	-----	M	1940	16957	Place-13
SMITH	Joseph	1	-----	M	1940	16959	Place-3
SMITH	Jim	1	-----	M	1940	16961	Place-13
SMITH	Shawn	1	-----	M	1940	16962	Place-28
SMITH	Sharon	1	-----	F	1940	16964	Place-3
SMITH	Jenkins	1	-----	M	1940	16967	Place-14
SMITH	Shawn	1	-----	M	1940	16968	Place-9
SMITH	Jenkins	0	-----	M	1940	17008	Place-13
SMITH	Paulo	0	-----	M	1940	17014	Place-5
SMITH	Briony	0	-----	F	1940	17017	Place-5
SMITH	Jenkins	0	-----	M	1940	17022	Place-26
SMITH	Sharon	0	-----	F	1940	17033	Place-14
SMITH	Sarah	0	-----	F	1940	17037	Place-22
SMITH	Sarah	0	-----	F	1940	17038	Place-18
SMITH	Bob	0	-----	M	1940	17043	Place-5
SMITH	Sarah	0	-----	F	1940	17050	Place-4
SMITH	Bob	0	-----	M	1940	17053	Place-15
SMITH	Sharon	0	-----	F	1940	17056	Place-11
SMITH	Suzanne	0	-----	F	1940	17059	Place-16
SMITH	Susan	0	-----	F	1940	17075	Place-24
SMITH	Paulo	0	-----	M	1940	17077	Place-23
SMITH	Paulo	0	-----	M	1940	17082	Place-21
SMITH	Sharon	0	-----	F	1940	17083	Place-25
SMITH	Briony	0	-----	F	1940	17087	Place-3
SMITH	Jacob	0	-----	M	1940	17090	Place-29
SMITH	Susan	0	-----	F	1940	17093	Place-0
SMITH	Jacob	0	-----	M	1940	17094	Place-16
SMITH	Shawn	0	-----	M	1940	17095	Place-12
SMITH	Jacob	0	-----	M	1940	17104	Place-11
SMITH	Sheila	0	-----	F	1940	17111	Place-28
SMITH	Jacob	0	-----	M	1940	17117	Place-15
SMITH	Bob	0	-----	M	1940	17123	Place-26
SMITH	Joseph	0	-----	M	1940	17140	Place-3
SMITH	Susan	0	-----	F	1940	17150	Place-10
SMITH	Joseph	0	-----	M	1940	17151	Place-13
SMITH	Sheila	0	-----	F	1940	17152	Place-27
SMITH	Jacob	0	-----	M	1940	17155	Place-29
SMITH	Briony	0	-----	F	1940	17164	Place-29
SMITH	Shawn	0	-----	M	1940	17174	Place-15
SMITH	Joseph	0	-----	M	1940	17182	Place-27
SMITH	Joseph	0	-----	M	1940	17183	Place-3
SMITH	Bob	0	-----	M	1940	17198	Place-14
SMITH	Paulo	0	-----	M	1940	17207	Place-4
SMITH	Joseph	0	-----	M	1940	17212	Place-24
SMITH	Bob	0	-----	M	1940	17214	Place-15
SMITH	Selina	0	-----	F	1940	17216	Place-17
SMITH	Suzanne	0	-----	F	1940	17218	Place-19
SMITH	Sarah	0	-----	F	1940	17224	Place-24
SMITH	Briony	0	-----	F	1940	17229	Place-10
SMITH	Shawn	0	-----	M	1940	17232	Place-16
SMITH	Jacob	0	-----	M	1940	17235	Place-2
SMITH	Bob	0	-----	M	1940	17244	Place-13
SMITH	Jenkins	0	-----	M	1940	17253	Place-2
SMITH	Joseph	0	-----	M	1940	17272	Place-25
SMITH	Susan	57	-----	F	1941	17307	Place-3
SMITH	James	32	-----	M	1941	10543	Place-3
SMITH	Bob	64	-----	M	1941	6203	Place-26
SMITH	Briony	25	-----	F	1941	11845	Place-8
SMITH	Seonaid	65	-----	F	1941	6105	Place-5
SMITH	Susan	30	-----	F	1941	15397	Place-17
SMITH	Paulo	55	-----	M	1941	7218	Place-4
SMITH	Shawn	57	-----	M	1941	6967	Place-28
SMITH	Briony	38	-----	F	1941	9644	Place-5
SMITH	Joseph	1	-----	M	1941	17061	Place-10
SMITH	Jenkins	57	-----	M	1941	7021	Place-19
SMITH	Briony	40	-----	F	1941	15889	Place-29
SMITH	James	54	-----	M	1941	7400	Place-11
SMITH	James	26	-----	M	1941	11619	Place-26
SMITH	Sarah	56	-----	F	1941	12811	Place-12
SMITH	Briony	58	-----	F	1941	6855	Place-11
SMITH	Bob	55	-----	M	1941	7236	Place-3
SMITH	Joseph	56	-----	M	1941	7094	Place-21
SMITH	Jim	50	-----	M	1941	7871	Place-18
SMITH	Seonaid	20	-----	F	1941	12786	Place-25
SMITH	Bob	7	-----	M	1941	15599	Place-23
SMITH	Jenkins	28	-----	M	1941	11283	Place-6
SMITH	Seonaid	56	-----	F	1941	7103	Place-5
SMITH	Paulo	41	-----	M	1941	9170	Place-11
SMITH	Paulo	47	-----	M	1941	8341	Place-19
SMITH	Jenkins	31	-----	M	1941	10741	Place-2
SMITH	Susan	22	-----	F	1941	12270	Place-2
SMITH	Sarah	19	-----	F	1941	12965	Place-25
SMITH	Selina	3	-----	F	1941	16621	Place-16
SMITH	Susan	57	-----	F	1941	16450	Place-3
SMITH	Sarah	57	-----	F	1941	15645	Place-1
SMITH	Jim	55	-----	M	1941	7202	Place-14
SMITH	Bob	57	-----	M	1941	7045	Place-13
SMITH	Jacob	22	-----	M	1941	12394	Place-11
SMITH	Seonaid	52	-----	F	1941	12417	Place-26
SMITH	Seonaid	31	-----	F	1941	10734	Place-25
SMITH	Bob	49	-----	M	1941	8063	Place-10
SMITH	Jenkins	43	-----	M	1941	8817	Place-8
SMITH	Selina	55	-----	F	1941	14887	Place-26
SMITH	Jim	23	-----	M	1941	12110	Place-11
SMITH	Susan	34	-----	F	1941	15640	Place-3
SMITH	Jenkins	56	-----	M	1941	7121	Place-25
SMITH	Bob	56	-----	M	1941	7098	Place-13
SMITH	Sarah	60	-----	F	1941	10664	Place-25
SMITH	Bob	47	-----	M	1941	8332	Place-18
SMITH	Jenkins	57	-----	M	1941	7033	Place-6
SMITH	Jacob	56	-----	M	1941	7176	Place-14
SMITH	Bob	36	-----	M	1941	9990	Place-6
SMITH	Briony	47	-----	F	1941	11499	Place-13
SMITH	Selina	28	-----	F	1941	11287	Place-12
SMITH	James	26	-----	M	1941	11531	Place-2
SMITH	Jim	29	-----	M	1941	11065	Place-2
SMITH	Seonaid	55	-----	F	1941	14870	Place-23
SMITH	Selina	55	-----	F	1941	14468	Place-12
SMITH	Selina	18	-----	F	1941	13080	Place-29
SMITH	Jenkins	14	-----	M	1941	13989	Place-24
SMITH	Jim	55	-----	M	1941	7219	Place-7
SMITH	Jenkins	34	-----	M	1941	10261	Place-14
SMITH	James	59	-----	M	1941	6763	Place-20
SMITH	Briony	55	-----	F	1941	13003	Place-21
SMITH	Sheila	62	-----	F	1941	12060	Place-5
SMITH	Sarah	56	-----	F	1941	7165	Place-24
SMITH	Briony	57	-----	F	1941	11674	Place-13
SMITH	Paulo	43	-----	M	1941	8811	Place-19
SMITH	Jacob	55	-----	M	1941	7291	Place-21
SMITH	Suzanne	31	-----	F	1941	10708	Place-20
SMITH	Sarah	26	-----	F	1941	11518	Place-13
SMITH	Seonaid	21	-----	F	1941	12548	Place-22
SMITH	Seonaid	18	-----	F	1941	13038	Place-13
SMITH	Sheila	17	-----	F	1941	13272	Place-14
SMITH	Joseph	15	-----	M	1941	13735	Place-19
SMITH	Bob	14	-----	M	1941	13964	Place-3
SMITH	Jim	13	-----	M	1941	14067	Place-15
SMITH	Jacob	12	-----	M	1941	14306	Place-10
SMITH	Jacob	12	-----	M	1941	14340	Place-8
SMITH	Susan	11	-----	F	1941	14494	Place-24
SMITH	Jim	11	-----	M	1941	14540	Place-0
SMITH	Jacob	11	-----	M	1941	14637	Place-23
SMITH	Jenkins	10	-----	M	1941	14802	Place-26
SMITH	Jacob	9	-----	M	1941	14926	Place-10
SMITH	James	9	-----	M	1941	14975	Place-9
SMITH	Jim	9	-----	M	1941	15001	Place-1
SMITH	Susan	9	-----	F	1941	15031	Place-19
SMITH	Seonaid	8	-----	F	1941	15189	Place-8
SMITH	Suzanne	8	-----	F	1941	15317	Place-15
SMITH	Sharon	7	-----	F	1941	15432	Place-2
SMITH	Sheila	7	-----	F	1941	15578	Place-3
SMITH	Paulo	7	-----	M	1941	15583	Place-19
SMITH	Briony	5	-----	F	1941	15923	Place-19
SMITH	Paulo	5	-----	M	1941	15929	Place-20
SMITH	Bob	5	-----	M	1941	16039	Place-3
SMITH	Jim	5	-----	M	1941	16064	Place-28
SMITH	Paulo	5	-----	M	1941	16087	Place-24
SMITH	Shawn	4	-----	M	1941	16312	Place-2
SMITH	Jacob	3	-----	M	1941	16625	Place-27
SMITH	Paulo	3	-----	M	1941	16682	Place-5
SMITH	Joseph	2	-----	M	1941	16747	Place-17
SMITH	Bob	2	-----	M	1941	16767	Place-6
SMITH	Seonaid	2	-----	F	1941	16774	Place-17
SMITH	Susan	2	-----	F	1941	16848	Place-1
SMITH	Selina	1	-----	F	1941	17011	Place-4
SMITH	Joseph	1	-----	M	1941	17020	Place-29
SMITH	Sharon	1	-----	F	1941	17031	Place-17
SMITH	Paulo	1	-----	M	1941	17046	Place-24
SMITH	Sheila	1	-----	F	1941	17049	Place-19
SMITH	Joseph	1	-----	M	1941	17055	Place-19
SMITH	Sharon	1	-----	F	1941	17070	Place-21
SMITH	Shawn	1	-----	M	1941	17079	Place-7
SMITH	Sheila	1	-----	F	1941	17097	Place-14
SMITH	Briony	1	-----	F	1941	17105	Place-13
SMITH	James	1	-----	M	1941	17108	Place-24
SMITH	Seonaid	1	-----	F	1941	17113	Place-27
SMITH	Jenkins	1	-----	M	1941	17125	Place-29
SMITH	Sheila	1	-----	F	1941	17133	Place-7
SMITH	Sharon	1	-----	F	1941	17139	Place-9
SMITH	Sheila	1	-----	F	1941	17146	Place-2
SMITH	Bob	1	-----	M	1941	17157	Place-14
SMITH	Jacob	1	-----	M	1941	17158	Place-24
SMITH	Selina	1	-----	F	1941	17159	Place-7
SMITH	Paulo	1	-----	M	1941	17165	Place-18
SMITH	Jenkins	1	-----	M	1941	17168	Place-14
SMITH	Sheila	1	-----	F	1941	17176	Place-21
SMITH	Sharon	1	-----	F	1941	17177	Place-2
SMITH	Sheila	1	-----	F	1941	17185	Place-23
SMITH	Briony	1	-----	F	1941	17186	Place-29
SMITH	Suzanne	1	-----	F	1941	17189	Place-19
SMITH	Suzanne	1	-----	F	1941	17190	Place-7
SMITH	Susan	1	-----	F	1941	17193	Place-25
SMITH	Sharon	1	-----	F	1941	17202	Place-13
SMITH	Bob	1	-----	M	1941	17203	Place-27
SMITH	Shawn	1	-----	M	1941	17204	Place-3
SMITH	Jenkins	1	-----	M	1941	17208	Place-10
SMITH	Seonaid	1	-----	F	1941	17221	Place-29
SMITH	Seonaid	1	-----	F	1941	17234	Place-10
SMITH	Jim	1	-----	M	1941	17238	Place-23
SMITH	Jenkins	1	-----	M	1941	17239	Place-18
SMITH	Susan	1	-----	F	1941	17254	Place-26
SMITH	Sharon	1	-----	F	1941	17256	Place-11
SMITH	Jacob	1	-----	M	1941	17259	Place-22
SMITH	Jenkins	0	-----	M	1941	17311	Place-13
SMITH	Sheila	0	-----	F	1941	17322	Place-24
SMITH	Sheila	0	-----	F	1941	17323	Place-9
SMITH	Jim	0	-----	M	1941	17328	Place-26
SMITH	Jenkins	0	-----	M	1941	17329	Place-28
SMITH	Selina	0	-----	F	1941	17332	Place-13
SMITH	Joseph	0	-----	M	1941	17335	Place-13
SMITH	James	0	-----	M	1941	17341	Place-1
SMITH	Briony	0	-----	F	1941	17346	Place-5
SMITH	Selina	0	-----	F	1941	17347	Place-10
SMITH	Jenkins	0	-----	M	1941	17360	Place-16
SMITH	Sharon	0	-----	F	1941	17362	Place-2
SMITH	Bob	0	-----	M	1941	17366	Place-1
SMITH	Jim	0	-----	M	1941	17368	Place-18
SMITH	Briony	0	-----	F	1941	17372	Place-27
SMITH	James	0	-----	M	1941	17373	Place-13
SMITH	Sarah	0	-----	F	1941	17377	Place-29
SMITH	Sharon	0	-----	F	1941	17383	Place-26
SMITH	Bob	0	-----	M	1941	17384	Place-6
SMITH	Jenkins	0	-----	M	1941	17385	Place-2
SMITH	Jenkins	0	-----	M	1941	17400	Place-15
SMITH	Shawn	0	-----	M	1941	17401	Place-13
SMITH	Sheila	0	-----	F	1941	17402	Place-27
SMITH	Susan	0	-----	F	1941	17404	Place-10
SMITH	Jacob	0	-----	M	1941	17411	Place-3
SMITH	Susan	0	-----	F	1941	17421	Place-12
SMITH	Jenkins	0	-----	M	1941	17422	Place-13
SMITH	Suzanne	0	-----	F	1941	17427	Place-15
SMITH	Shawn	0	-----	M	1941	17430	Place-16
SMITH	Suzanne	0	-----	F	1941	17431	Place-16
SMITH	James	0	-----	M	1941	17432	Place-26
SMITH	Sharon	0	-----	F	1941	17435	Place-25
SMITH	Suzanne	0	-----	F	1941	17437	Place-28
SMITH	Suzanne	0	-----	F	1941	17439	Place-0
SMITH	Selina	0	-----	F	1941	17447	Place-13
SMITH	Briony	0	-----	F	1941	17454	Place-5
SMITH	Sheila	0	-----	F	1941	17457	Place-25
SMITH	Jenkins	0	-----	M	1941	17464	Place-15
SMITH	Susan	0	-----	F	1941	17466	Place-29
SMITH	Suzanne	0	-----	F	1941	17468	Place-18
SMITH	Susan	0	-----	F	1941	17476	Place-7
SMITH	Sharon	0	-----	F	1941	17495	Place-2
SMITH	Briony	0	-----	F	1941	17507	Place-8
SMITH	Shawn	0	-----	M	1941	17508	Place-4
SMITH	Susan	0	-----	F	1941	17509	Place-12
SMITH	Jim	0	-----	M	1941	17526	Place-0
SMITH	Seonaid	0	-----	F	1941	17530	Place-17
SMITH	Briony	0	-----	F	1941	17531	Place-23
SMITH	Sheila	0	-----	F	1941	17533	Place-1
SMITH	James	0	-----	M	1941	17535	Place-13
SMITH	Suzanne	0	-----	F	1941	17544	Place-10
SMITH	Bob	0	-----	M	1941	17550	Place-2
SMITH	Paulo	0	-----	M	1941	17554	Place-5
SMITH	Jim	0	-----	M	1941	17556	Place-0
SMITH	Briony	0	-----	F	1941	17561	Place-16
SMITH	Selina	0	-----	F	1941	17564	Place-15
SMITH	Suzanne	0	-----	F	1941	17565	Place-1
SMITH	Sheila	55	-----	F	1942	17576	Place-19
SMITH	Sharon	48	-----	F	1942	17586	Place-0
SMITH	Joseph	36	-----	M	1942	10146	Place-0
SMITH	Susan	57	-----	F	1942	16691	Place-23
SMITH	Susan	56	-----	F	1942	16149	Place-20
SMITH	Suzanne	43	-----	F	1942	15635	Place-17
SMITH	Suzanne	38	-----	F	1942	9817	Place-14
SMITH	Shawn	24	-----	M	1942	12224	Place-14
SMITH	Sarah	19	-----	F	1942	13146	Place-17
SMITH	Suzanne	15	-----	F	1942	13966	Place-26
SMITH	Sheila	9	-----	F	1942	15143	Place-22
SMITH	Seonaid	55	-----	F	1942	17302	Place-15
SMITH	Briony	52	-----	F	1942	13440	Place-18
SMITH	Seonaid	40	-----	F	1942	14875	Place-18
SMITH	Bob	31	-----	M	1942	10890	Place-5
SMITH	Jacob	56	-----	M	1942	7267	Place-28
SMITH	Jacob	55	-----	M	1942	7363	Place-28
SMITH	Briony	58	-----	F	1942	11156	Place-19
SMITH	Susan	59	-----	F	1942	15133	Place-1
SMITH	Sharon	56	-----	F	1942	7254	Place-4
SMITH	Sarah	55	-----	F	1942	14460	Place-6
SMITH	Sarah	51	-----	F	1942	12805	Place-4
SMITH	Sheila	30	-----	F	1942	11064	Place-4
SMITH	Jim	24	-----	M	1942	12128	Place-4
SMITH	Suzanne	62	-----	F	1942	16697	Place-7
SMITH	Susan	55	-----	F	1942	16706	Place-24
SMITH	James	58	-----	M	1942	7036	Place-17
SMITH	Seonaid	58	-----	F	1942	15379	Place-6
SMITH	Bob	51	-----	M	1942	7829	Place-1
SMITH	Briony	29	-----	F	1942	11273	Place-19
SMITH	Sarah	28	-----	F	1942	11398	Place-4
SMITH	Sharon	50	-----	F	1942	8006	Place-15
SMITH	James	57	-----	M	1942	7082	Place-21
SMITH	Jenkins	38	-----	M	1942	9710	Place-4
SMITH	Sarah	59	-----	F	1942	6878	Place-23
SMITH	Jenkins	28	-----	M	1942	11375	Place-25
SMITH	Suzanne	9	-----	F	1942	15188	Place-4
SMITH	Joseph	50	-----	M	1942	8093	Place-1
SMITH	Jim	51	-----	M	1942	7834	Place-7
SMITH	Joseph	34	-----	M	1942	10447	Place-7
SMITH	Seonaid	33	-----	F	1942	10656	Place-6
SMITH	James	57	-----	M	1942	7159	Place-23
SMITH	Suzanne	58	-----	F	1942	15389	Place-14
SMITH	Sarah	33	-----	F	1942	10511	Place-22
SMITH	Sheila	56	-----	F	1942	13201	Place-28
SMITH	Seonaid	57	-----	F	1942	14671	Place-12
SMITH	Jacob	61	-----	M	1942	6684	Place-8
SMITH	Bob	41	-----	M	1942	9276	Place-1
SMITH	Paulo	61	-----	M	1942	6687	Place-12
SMITH	Joseph	56	-----	M	1942	7315	Place-5
SMITH	Jenkins	28	-----	M	1942	11477	Place-0
SMITH	Sarah	41	-----	F	1942	13428	Place-15
SMITH	Briony	22	-----	F	1942	12490	Place-14
SMITH	Sharon	18	-----	F	1942	13347	Place-14
SMITH	Susan	58	-----	F	1942	10164	Place-8
SMITH	Shawn	58	-----	M	1942	7014	Place-4
SMITH	Joseph	37	-----	M	1942	9882	Place-0
SMITH	Paulo	53	-----	M	1942	7690	Place-17
SMITH	Jenkins	58	-----	M	1942	6962	Place-3
SMITH	Susan	58	-----	F	1942	9550	Place-6
SMITH	Shawn	58	-----	M	1942	7044	Place-3
SMITH	Sarah	30	-----	F	1942	11116	Place-8
SMITH	Sheila	25	-----	F	1942	11916	Place-25
SMITH	Bob	25	-----	M	1942	11969	Place-10
SMITH	Joseph	24	-----	M	1942	12120	Place-1
SMITH	James	23	-----	M	1942	12340	Place-5
SMITH	Seonaid	22	-----	F	1942	12495	Place-16
SMITH	Susan	21	-----	F	1942	12663	Place-24
SMITH	Paulo	21	-----	M	1942	12681	Place-4
SMITH	Jenkins	20	-----	M	1942	12914	Place-11
SMITH	Suzanne	20	-----	F	1942	12978	Place-16
SMITH	Selina	18	-----	F	1942	13276	Place-28
SMITH	Paulo	18	-----	M	1942	13293	Place-26
SMITH	James	17	-----	M	1942	13589	Place-28
SMITH	Briony	17	-----	F	1942	13615	Place-23
SMITH	Paulo	16	-----	M	1942	13671	Place-6
SMITH	Suzanne	16	-----	F	1942	13704	Place-19
SMITH	Sheila	16	-----	F	1942	13761	Place-11
SMITH	Seonaid	14	-----	F	1942	14142	Place-27
SMITH	Paulo	14	-----	M	1942	14205	Place-20
SMITH	Bob	14	-----	M	1942	14214	Place-11
SMITH	Bob	13	-----	M	1942	14370	Place-5
SMITH	Sharon	13	-----	F	1942	14450	Place-22
SMITH	Sharon	12	-----	F	1942	14503	Place-6
SMITH	Jenkins	11	-----	M	1942	14762	Place-28
SMITH	Sheila	11	-----	F	1942	14827	Place-3
SMITH	Paulo	11	-----	M	1942	14865	Place-8
SMITH	Bob	9	-----	M	1942	15149	Place-18
SMITH	Briony	9	-----	F	1942	15259	Place-15
SMITH	James	9	-----	M	1942	15316	Place-29
SMITH	Joseph	8	-----	M	1942	15486	Place-22
SMITH	Jacob	8	-----	M	1942	15498	Place-21
SMITH	Briony	8	-----	F	1942	15513	Place-26
SMITH	Seonaid	8	-----	F	1942	15609	Place-4
SMITH	Susan	6	-----	F	1942	15930	Place-23
SMITH	Jim	6	-----	M	1942	15946	Place-13
SMITH	Susan	6	-----	F	1942	16025	Place-17
SMITH	Sharon	5	-----	F	1942	16185	Place-15
SMITH	Joseph	5	-----	M	1942	16297	Place-8
SMITH	Bob	5	-----	M	1942	16311	Place-3
SMITH	Susan	5	-----	F	1942	16319	Place-21
SMITH	Selina	4	-----	F	1942	16466	Place-11
SMITH	Susan	4	-----	F	1942	16597	Place-23
SMITH	Shawn	4	-----	M	1942	16617	Place-12
SMITH	Bob	3	-----	M	1942	16768	Place-16
SMITH	Sharon	3	-----	F	1942	16775	Place-14
SMITH	Sheila	3	-----	F	1942	16795	Place-14
SMITH	Briony	3	-----	F	1942	16858	Place-29
SMITH	Sheila	3	-----	F	1942	16934	Place-7
SMITH	Sharon	2	-----	F	1942	17013	Place-15
SMITH	Bob	2	-----	M	1942	17115	Place-29
SMITH	Seonaid	1	-----	F	1942	17312	Place-2
SMITH	Bob	1	-----	M	1942	17314	Place-7
SMITH	Shawn	1	-----	M	1942	17316	Place-8
SMITH	Jim	1	-----	M	1942	17345	Place-16
SMITH	Sarah	1	-----	F	1942	17354	Place-15
SMITH	Jim	1	-----	M	1942	17363	Place-24
SMITH	Briony	1	-----	F	1942	17376	Place-11
SMITH	James	1	-----	M	1942	17381	Place-6
SMITH	Jenkins	1	-----	M	1942	17388	Place-25
SMITH	Sharon	1	-----	F	1942	17392	Place-22
SMITH	Bob	1	-----	M	1942	17393	Place-11
SMITH	Sheila	1	-----	F	1942	17395	Place-0
SMITH	Paulo	1	-----	M	1942	17399	Place-27
SMITH	Bob	1	-----	M	1942	17412	Place-14
SMITH	Suzanne	1	-----	F	1942	17416	Place-6
SMITH	Sheila	1	-----	F	1942	17436	Place-18
SMITH	Jim	1	-----	M	1942	17441	Place-16
SMITH	Sarah	1	-----	F	1942	17442	Place-3
SMITH	Seonaid	1	-----	F	1942	17443	Place-14
SMITH	Bob	1	-----	M	1942	17446	Place-9
SMITH	James	1	-----	M	1942	17448	Place-2
SMITH	Paulo	1	-----	M	1942	17458	Place-29
SMITH	Susan	1	-----	F	1942	17470	Place-5
SMITH	Briony	1	-----	F	1942	17491	Place-4
SMITH	Joseph	1	-----	M	1942	17493	Place-14
SMITH	Sheila	1	-----	F	1942	17496	Place-17
SMITH	Jim	1	-----	M	1942	17499	Place-13
SMITH	Briony	1	-----	F	1942	17500	Place-25
SMITH	Briony	1	-----	F	1942	17501	Place-15
SMITH	Suzanne	1	-----	F	1942	17504	Place-14
SMITH	Seonaid	1	-----	F	1942	17516	Place-8
SMITH	Jim	1	-----	M	1942	17521	Place-27
SMITH	Susan	1	-----	F	1942	17522	Place-10
SMITH	Susan	1	-----	F	1942	17538	Place-5
SMITH	Bob	1	-----	M	1942	17540	Place-4
SMITH	Paulo	1	-----	M	1942	17545	Place-1
SMITH	Shawn	1	-----	M	1942	17546	Place-26
SMITH	Suzanne	1	-----	F	1942	17552	Place-21
SMITH	Jim	1	-----	M	1942	17563	Place-15
SMITH	Sarah	1	-----	F	1942	17568	Place-29
SMITH	James	1	-----	M	1942	17569	Place-9
SMITH	Bob	1	-----	M	1942	17570	Place-6
SMITH	Jacob	0	-----	M	1942	17610	Place-12
SMITH	Jenkins	0	-----	M	1942	17613	Place-22
SMITH	Sharon	0	-----	F	1942	17614	Place-3
SMITH	Selina	0	-----	F	1942	17619	Place-0
SMITH	James	0	-----	M	1942	17620	Place-5
SMITH	Sarah	0	-----	F	1942	17622	Place-22
SMITH	Sheila	0	-----	F	1942	17627	Place-21
SMITH	Shawn	0	-----	M	1942	17635	Place-21
SMITH	Selina	0	-----	F	1942	17637	Place-5
SMITH	Selina	0	-----	F	1942	17640	Place-21
SMITH	Susan	0	-----	F	1942	17644	Place-15
SMITH	Bob	0	-----	M	1942	17646	Place-12
SMITH	Sharon	0	-----	F	1942	17651	Place-11
SMITH	Sharon	0	-----	F	1942	17652	Place-9
SMITH	Jacob	0	-----	M	1942	17654	Place-19
SMITH	Suzanne	0	-----	F	1942	17661	Place-23
SMITH	Seonaid	0	-----	F	1942	17670	Place-16
SMITH	Joseph	0	-----	M	1942	17673	Place-17
SMITH	Selina	0	-----	F	1942	17679	Place-28
SMITH	Sarah	0	-----	F	1942	17687	Place-29
SMITH	Jacob	0	-----	M	1942	17689	Place-26
SMITH	James	0	-----	M	1942	17690	Place-18
SMITH	Jacob	0	-----	M	1942	17692	Place-10
SMITH	Seonaid	0	-----	F	1942	17696	Place-24
SMITH	Jim	0	-----	M	1942	17698	Place-24
SMITH	Joseph	0	-----	M	1942	17704	Place-6
SMITH	James	0	-----	M	1942	17710	Place-1
SMITH	Jacob	0	-----	M	1942	17713	Place-9
SMITH	Susan	0	-----	F	1942	17714	Place-20
SMITH	Sharon	0	-----	F	1942	17718	Place-3
SMITH	Paulo	0	-----	M	1942	17721	Place-3
SMITH	Jenkins	0	-----	M	1942	17724	Place-23
SMITH	Selina	0	-----	F	1942	17725	Place-22
SMITH	Selina	0	-----	F	1942	17726	Place-6
SMITH	Sheila	0	-----	F	1942	17729	Place-26
SMITH	Suzanne	0	-----	F	1942	17735	Place-0
SMITH	Jacob	0	-----	M	1942	17738	Place-2
SMITH	Selina	0	-----	F	1942	17739	Place-0
SMITH	Bob	0	-----	M	1942	17740	Place-16
SMITH	Jenkins	0	-----	M	1942	17742	Place-22
SMITH	Jenkins	0	-----	M	1942	17752	Place-17
SMITH	Shawn	0	-----	M	1942	17763	Place-9
SMITH	Jenkins	0	-----	M	1942	17768	Place-7
SMITH	Briony	0	-----	F	1942	17770	Place-13
SMITH	Jenkins	0	-----	M	1942	17772	Place-7
SMITH	Seonaid	0	-----	F	1942	17776	Place-16
SMITH	Jenkins	0	-----	M	1942	17787	Place-8
SMITH	James	0	-----	M	1942	17798	Place-14
SMITH	Jacob	0	-----	M	1942	17801	Place-17
SMITH	Bob	0	-----	M	1942	17805	Place-18
SMITH	Sharon	0	-----	F	1942	17806	Place-1
SMITH	Jacob	0	-----	M	1942	17807	Place-7
SMITH	Jim	0	-----	M	1942	17811	Place-1
SMITH	Paulo	0	-----	M	1942	17815	Place-6
SMITH	Selina	0	-----	F	1942	17820	Place-25
SMITH	Sarah	0	-----	F	1942	17823	Place-1
SMITH	Bob	0	-----	M	1942	17826	Place-2
SMITH	Seonaid	0	-----	F	1942	17830	Place-18
SMITH	Shawn	0	-----	M	1942	17834	Place-23
SMITH	Jenkins	0	-----	M	1942	17835	Place-16
SMITH	Sharon	0	-----	F	1942	17840	Place-14
SMITH	Bob	0	-----	M	1942	17841	Place-10
SMITH	Bob	0	-----	M	1942	17843	Place-15
SMITH	Joseph	0	-----	M	1942	17846	Place-11
SMITH	Selina	0	-----	F	1942	17851	Place-16
SMITH	Jacob	38	-----	M	1943	9961	Place-1
SMITH	Suzanne	56	-----	F	1943	11325	Place-4
SMITH	Jenkins	21	-----	M	1943	12970	Place-28
SMITH	Joseph	35	-----	M	1943	10422	Place-22
SMITH	Paulo	32	-----	M	1943	10944	Place-4
SMITH	Jenkins	4	-----	M	1943	16745	Place-4
SMITH	James	1	-----	M	1943	17703	Place-15
SMITH	Sharon	29	-----	F	1943	17582	Place-5
SMITH	Jenkins	27	-----	M	1943	11766	Place-6
SMITH	Briony	56	-----	F	1943	7411	Place-24
SMITH	Paulo	55	-----	M	1943	7544	Place-6
SMITH	James	37	-----	M	1943	10096	Place-20
SMITH	Briony	38	-----	F	1943	9950	Place-15
SMITH	Bob	26	-----	M	1943	11935	Place-7
SMITH	Suzanne	22	-----	F	1943	12641	Place-28
SMITH	Jacob	55	-----	M	1943	7547	Place-11
SMITH	Briony	55	-----	F	1943	13828	Place-13
SMITH	Sheila	45	-----	F	1943	8863	Place-9
SMITH	Briony	26	-----	F	1943	11887	Place-28
SMITH	Seonaid	36	-----	F	1943	13645	Place-27
SMITH	Sharon	55	-----	F	1943	7479	Place-20
SMITH	Jim	10	-----	M	1943	15263	Place-27
SMITH	Jim	46	-----	M	1943	8676	Place-5
SMITH	Jacob	11	-----	M	1943	15042	Place-11
SMITH	Jim	53	-----	M	1943	7755	Place-13
SMITH	Paulo	26	-----	M	1943	11987	Place-4
SMITH	Jenkins	37	-----	M	1943	10098	Place-3
SMITH	Paulo	53	-----	M	1943	7732	Place-8
SMITH	Bob	55	-----	M	1943	7533	Place-12
SMITH	Sarah	7	-----	F	1943	16029	Place-4
SMITH	Bob	47	-----	M	1943	8553	Place-17
SMITH	Briony	7	-----	F	1943	16089	Place-28
SMITH	Sarah	48	-----	F	1943	8487	Place-11
SMITH	Sarah	50	-----	F	1943	12827	Place-9
SMITH	Jacob	58	-----	M	1943	7177	Place-14
SMITH	Briony	55	-----	F	1943	7491	Place-16
SMITH	Suzanne	26	-----	F	1943	11946	Place-6
SMITH	Jenkins	55	-----	M	1943	7502	Place-5
SMITH	Susan	33	-----	F	1943	10721	Place-15
SMITH	Seonaid	11	-----	F	1943	14997	Place-15
SMITH	Jacob	56	-----	M	1943	7377	Place-24
SMITH	Sheila	33	-----	F	1943	14880	Place-17
SMITH	Jenkins	55	-----	M	1943	7489	Place-12
SMITH	Suzanne	49	-----	F	1943	8280	Place-6
SMITH	Suzanne	57	-----	F	1943	7212	Place-19
SMITH	Joseph	59	-----	M	1943	6953	Place-19
SMITH	Sharon	19	-----	F	1943	13257	Place-0
SMITH	Jenkins	62	-----	M	1943	6649	Place-18
SMITH	Joseph	43	-----	M	1943	9209	Place-16
SMITH	Suzanne	55	-----	F	1943	12424	Place-22
SMITH	Susan	36	-----	F	1943	10228	Place-21
SMITH	Sheila	31	-----	F	1943	11103	Place-11
SMITH	Jacob	27	-----	M	1943	11803	Place-18
SMITH	Seonaid	26	-----	F	1943	12027	Place-22
SMITH	Sharon	24	-----	F	1943	12298	Place-10
SMITH	Joseph	22	-----	M	1943	12648	Place-25
SMITH	Jim	22	-----	M	1943	12751	Place-13
SMITH	Sarah	21	-----	F	1943	12845	Place-11
SMITH	Jacob	20	-----	M	1943	13079	Place-0
SMITH	Jenkins	19	-----	M	1943	13277	Place-14
SMITH	Sarah	19	-----	F	1943	13337	Place-25
SMITH	Paulo	19	-----	M	1943	13359	Place-2
SMITH	Shawn	19	-----	M	1943	13387	Place-1
SMITH	Sarah	18	-----	F	1943	13633	Place-7
SMITH	Briony	16	-----	F	1943	14004	Place-3
SMITH	Seonaid	15	-----	F	1943	14138	Place-7
SMITH	James	15	-----	M	1943	14159	Place-8
SMITH	Briony	14	-----	F	1943	14401	Place-18
SMITH	Susan	13	-----	F	1943	14486	Place-17
SMITH	Susan	13	-----	F	1943	14495	Place-4
SMITH	James	13	-----	M	1943	14614	Place-20
SMITH	James	12	-----	M	1943	14702	Place-3
SMITH	Shawn	12	-----	M	1943	14781	Place-0
SMITH	Suzanne	12	-----	F	1943	14824	Place-27
SMITH	Jacob	11	-----	M	1943	14953	Place-7
SMITH	Jenkins	10	-----	M	1943	15178	Place-10
SMITH	Joseph	10	-----	M	1943	15210	Place-1
SMITH	Bob	10	-----	M	1943	15226	Place-26
SMITH	James	10	-----	M	1943	15247	Place-26
SMITH	Briony	9	-----	F	1943	15493	Place-10
SMITH	Seonaid	9	-----	F	1943	15566	Place-20
SMITH	Paulo	9	-----	M	1943	15574	Place-10
SMITH	Briony	8	-----	F	1943	15729	Place-7
SMITH	Selina	7	-----	F	1943	16057	Place-23
SMITH	Jim	6	-----	M	1943	16368	Place-12
SMITH	Briony	6	-----	F	1943	16377	Place-23
SMITH	Paulo	5	-----	M	1943	16463	Place-17
SMITH	Joseph	5	-----	M	1943	16510	Place-2
SMITH	Sarah	4	-----	F	1943	16821	Place-0
SMITH	Jim	4	-----	M	1943	16857	Place-3
SMITH	Shawn	4	-----	M	1943	16898	Place-22
SMITH	Selina	3	-----	F	1943	17042	Place-17
SMITH	Jim	3	-----	M	1943	17170	Place-8
SMITH	Sheila	2	-----	F	1943	17339	Place-16
SMITH	Jenkins	2	-----	M	1943	17389	Place-12
SMITH	Sheila	2	-----	F	1943	17410	Place-24
SMITH	Joseph	1	-----	M	1943	17605	Place-27
SMITH	Sheila	1	-----	F	1943	17607	Place-2
SMITH	Paulo	1	-----	M	1943	17611	Place-2
SMITH	Selina	1	-----	F	1943	17617	Place-13
SMITH	Selina	1	-----	F	1943	17618	Place-9
SMITH	Sheila	1	-----	F	1943	17625	Place-1
SMITH	Sarah	1	-----	F	1943	17633	Place-4
SMITH	Joseph	1	-----	M	1943	17636	Place-16
SMITH	Bob	1	-----	M	1943	17665	Place-8
SMITH	Briony	1	-----	F	1943	17674	Place-25
SMITH	Susan	1	-----	F	1943	17675	Place-29
SMITH	Bob	1	-----	M	1943	17686	Place-22
SMITH	Joseph	1	-----	M	1943	17693	Place-5
SMITH	Suzanne	1	-----	F	1943	17707	Place-21
SMITH	Suzanne	1	-----	F	1943	17715	Place-2
SMITH	Jim	1	-----	M	1943	17717	Place-2
SMITH	Briony	1	-----	F	1943	17722	Place-12
SMITH	Shawn	1	-----	M	1943	17727	Place-24
SMITH	Jenkins	1	-----	M	1943	17730	Place-15
SMITH	Susan	1	-----	F	1943	17731	Place-16
SMITH	Paulo	1	-----	M	1943	17741	Place-13
SMITH	Seonaid	1	-----	F	1943	17745	Place-3
SMITH	Bob	1	-----	M	1943	17746	Place-13
SMITH	Seonaid	1	-----	F	1943	17748	Place-24
SMITH	Shawn	1	-----	M	1943	17756	Place-9
SMITH	Susan	1	-----	F	1943	17760	Place-20
SMITH	Jim	1	-----	M	1943	17769	Place-29
SMITH	Seonaid	1	-----	F	1943	17780	Place-27
SMITH	Sarah	1	-----	F	1943	17782	Place-21
SMITH	Paulo	1	-----	M	1943	17783	Place-11
SMITH	Bob	1	-----	M	1943	17803	Place-21
SMITH	Shawn	1	-----	M	1943	17810	Place-21
SMITH	Selina	1	-----	F	1943	17819	Place-16
SMITH	Jenkins	1	-----	M	1943	17822	Place-17
SMITH	Paulo	1	-----	M	1943	17825	Place-28
SMITH	Bob	1	-----	M	1943	17828	Place-13
SMITH	Jenkins	1	-----	M	1943	17829	Place-16
SMITH	Suzanne	1	-----	F	1943	17845	Place-13
SMITH	Selina	1	-----	F	1943	17848	Place-17
SMITH	Jenkins	1	-----	M	1943	17853	Place-3
SMITH	Bob	1	-----	M	1943	17854	Place-27
SMITH	Briony	1	-----	F	1943	17858	Place-21
SMITH	Seonaid	1	-----	F	1943	17859	Place-13
SMITH	Suzanne	0	-----	F	1943	17903	Place-17
SMITH	Jim	0	-----	M	1943	17904	Place-23
SMITH	Jim	0	-----	M	1943	17905	Place-12
SMITH	Jenkins	0	-----	M	1943	17910	Place-28
SMITH	Bob	0	-----	M	1943	17915	Place-15
SMITH	Selina	0	-----	F	1943	17924	Place-13
SMITH	Susan	0	-----	F	1943	17925	Place-20
SMITH	Paulo	0	-----	M	1943	17928	Place-13
SMITH	Sarah	0	-----	F	1943	17930	Place-23
SMITH	Jenkins	0	-----	M	1943	17932	Place-22
SMITH	Jim	0	-----	M	1943	17937	Place-7
SMITH	Suzanne	0	-----	F	1943	17941	Place-9
SMITH	Joseph	0	-----	M	1943	17945	Place-2
SMITH	Sharon	0	-----	F	1943	17947	Place-28
SMITH	Jacob	0	-----	M	1943	17956	Place-10
SMITH	James	0	-----	M	1943	17964	Place-29
SMITH	Sheila	0	-----	F	1943	17974	Place-0
SMITH	Jenkins	0	-----	M	1943	17977	Place-8
SMITH	Joseph	0	-----	M	1943	17978	Place-1
SMITH	Bob	0	-----	M	1943	17984	Place-4
SMITH	Sharon	0	-----	F	1943	17990	Place-29
SMITH	Selina	0	-----	F	1943	17991	Place-14
SMITH	Jenkins	0	-----	M	1943	17997	Place-0
SMITH	Susan	0	-----	F	1943	17998	Place-22
SMITH	James	0	-----	M	1943	17999	Place-23
SMITH	Shawn	0	-----	M	1943	18001	Place-9
SMITH	Sheila	0	-----	F	1943	18002	Place-17
SMITH	Joseph	0	-----	M	1943	18005	Place-26
SMITH	Briony	0	-----	F	1943	18009	Place-19
SMITH	Susan	0	-----	F	1943	18011	Place-24
SMITH	Jenkins	0	-----	M	1943	18017	Place-21
SMITH	Paulo	0	-----	M	1943	18021	Place-8
SMITH	Shawn	0	-----	M	1943	18025	Place-7
SMITH	Jacob	0	-----	M	1943	18031	Place-2
SMITH	Shawn	0	-----	M	1943	18035	Place-0
SMITH	Sharon	0	-----	F	1943	18036	Place-13
SMITH	Briony	0	-----	F	1943	18040	Place-17
SMITH	Sheila	0	-----	F	1943	18058	Place-28
SMITH	Sarah	0	-----	F	1943	18062	Place-10
SMITH	Sharon	0	-----	F	1943	18073	Place-22
SMITH	Seonaid	0	-----	F	1943	18077	Place-16
SMITH	Paulo	0	-----	M	1943	18083	Place-12
SMITH	Selina	0	-----	F	1943	18103	Place-11
SMITH	Sarah	0	-----	F	1943	18117	Place-24
SMITH	Susan	0	-----	F	1943	18118	Place-11
SMITH	Seonaid	0	-----	F	1943	18137	Place-14
SMITH	Briony	0	-----	F	1943	18144	Place-19
SMITH	Jim	0	-----	M	1943	18146	Place-9
SMITH	Seonaid	0	-----	F	1943	18150	Place-0
SMITH	Suzanne	0	-----	F	1943	18152	Place-25
SMITH	Shawn	25	-----	M	1944	12277	Place-7
SMITH	Bob	55	-----	M	1944	7677	Place-7
SMITH	Paulo	35	-----	M	1944	10509	Place-2
SMITH	Paulo	22	-----	M	1944	12940	Place-17
SMITH	Suzanne	59	-----	F	1944	10328	Place-7
SMITH	Seonaid	48	-----	F	1944	16151	Place-5
SMITH	Bob	33	-----	M	1944	10898	Place-28
SMITH	Suzanne	31	-----	F	1944	11274	Place-14
SMITH	Paulo	19	-----	M	1944	13461	Place-27
SMITH	Shawn	57	-----	M	1944	7352	Place-24
SMITH	Susan	55	-----	F	1944	16989	Place-18
SMITH	Susan	55	-----	F	1944	11506	Place-26
SMITH	Sheila	42	-----	F	1944	17596	Place-0
SMITH	Sarah	42	-----	F	1944	13004	Place-1
SMITH	Suzanne	54	-----	F	1944	16435	Place-4
SMITH	Shawn	55	-----	M	1944	7625	Place-3
SMITH	James	39	-----	M	1944	9960	Place-23
SMITH	Sheila	24	-----	F	1944	12537	Place-10
SMITH	James	6	-----	M	1944	16482	Place-14
SMITH	Sarah	5	-----	F	1944	16810	Place-10
SMITH	Jenkins	4	-----	M	1944	17102	Place-28
SMITH	Seonaid	57	-----	F	1944	17276	Place-23
SMITH	Susan	40	-----	F	1944	17297	Place-15
SMITH	Briony	33	-----	F	1944	10943	Place-20
SMITH	Jenkins	26	-----	M	1944	12228	Place-16
SMITH	Suzanne	55	-----	F	1944	16997	Place-2
SMITH	Jacob	38	-----	M	1944	10048	Place-26
SMITH	Shawn	37	-----	M	1944	10196	Place-22
SMITH	Shawn	27	-----	M	1944	11972	Place-26
SMITH	Sheila	62	-----	F	1944	16710	Place-20
SMITH	James	31	-----	M	1944	11186	Place-10
SMITH	Suzanne	45	-----	F	1944	14024	Place-26
SMITH	Selina	42	-----	F	1944	9515	Place-19
SMITH	Seonaid	61	-----	F	1944	16425	Place-25
SMITH	Bob	55	-----	M	1944	7578	Place-15
SMITH	Suzanne	33	-----	F	1944	10865	Place-8
SMITH	Sarah	33	-----	F	1944	10928	Place-4
SMITH	Briony	9	-----	F	1944	15795	Place-7
SMITH	Jenkins	29	-----	M	1944	11588	Place-8
SMITH	Jacob	34	-----	M	1944	10726	Place-19
SMITH	Sheila	40	-----	F	1944	15632	Place-14
SMITH	Susan	55	-----	F	1944	7607	Place-15
SMITH	Shawn	17	-----	M	1944	13863	Place-22
SMITH	Sharon	39	-----	F	1944	9867	Place-22
SMITH	Shawn	44	-----	M	1944	9187	Place-21
SMITH	Seonaid	36	-----	F	1944	10455	Place-10
SMITH	Paulo	55	-----	M	1944	7680	Place-26
SMITH	Paulo	41	-----	M	1944	9624	Place-7
SMITH	Joseph	55	-----	M	1944	7582	Place-20
SMITH	Suzanne	55	-----	F	1944	11665	Place-5
SMITH	Jacob	36	-----	M	1944	10374	Place-17
SMITH	Susan	67	-----	F	1944	13838	Place-0
SMITH	Sheila	50	-----	F	1944	13635	Place-1
SMITH	Susan	35	-----	F	1944	10547	Place-22
SMITH	Jim	57	-----	M	1944	7383	Place-15
SMITH	Jenkins	45	-----	M	1944	9047	Place-17
SMITH	Suzanne	33	-----	F	1944	10935	Place-7
SMITH	Selina	23	-----	F	1944	12704	Place-17
SMITH	Paulo	22	-----	M	1944	12866	Place-24
SMITH	Bob	22	-----	M	1944	12998	Place-6
SMITH	Seonaid	19	-----	F	1944	13621	Place-9
SMITH	James	18	-----	M	1944	13661	Place-10
SMITH	Jim	18	-----	M	1944	13666	Place-17
SMITH	Briony	18	-----	F	1944	13770	Place-5
SMITH	Selina	18	-----	F	1944	13784	Place-8
SMITH	Sharon	17	-----	F	1944	13867	Place-21
SMITH	Sheila	16	-----	F	1944	14167	Place-25
SMITH	Suzanne	15	-----	F	1944	14337	Place-7
SMITH	Jacob	15	-----	M	1944	14449	Place-15
SMITH	Sarah	13	-----	F	1944	14708	Place-22
SMITH	Bob	13	-----	M	1944	14776	Place-3
SMITH	Briony	12	-----	F	1944	14977	Place-20
SMITH	Briony	12	-----	F	1944	15061	Place-24
SMITH	Briony	12	-----	F	1944	15104	Place-11
SMITH	Bob	11	-----	M	1944	15284	Place-22
SMITH	Bob	10	-----	M	1944	15575	Place-26
SMITH	James	9	-----	M	1944	15727	Place-26
SMITH	Jim	9	-----	M	1944	15822	Place-18
SMITH	James	9	-----	M	1944	15855	Place-27
SMITH	Susan	8	-----	F	1944	15940	Place-11
SMITH	Jacob	8	-----	M	1944	16069	Place-26
SMITH	Suzanne	7	-----	F	1944	16290	Place-4
SMITH	Sarah	7	-----	F	1944	16406	Place-6
SMITH	James	6	-----	M	1944	16552	Place-23
SMITH	Jim	5	-----	M	1944	16758	Place-6
SMITH	James	5	-----	M	1944	16765	Place-17
SMITH	Sheila	5	-----	F	1944	16771	Place-20
SMITH	Briony	5	-----	F	1944	16780	Place-10
SMITH	Sarah	5	-----	F	1944	16969	Place-23
SMITH	Jim	4	-----	M	1944	17023	Place-25
SMITH	Sheila	4	-----	F	1944	17065	Place-12
SMITH	Paulo	4	-----	M	1944	17074	Place-7
SMITH	Jacob	4	-----	M	1944	17112	Place-23
SMITH	Jim	4	-----	M	1944	17118	Place-12
SMITH	Paulo	4	-----	M	1944	17228	Place-5
SMITH	Sarah	4	-----	F	1944	17230	Place-8
SMITH	Sarah	3	-----	F	1944	17318	Place-10
SMITH	Sheila	3	-----	F	1944	17467	Place-2
SMITH	Jacob	3	-----	M	1944	17478	Place-17
SMITH	Paulo	2	-----	M	1944	17697	Place-23
SMITH	Sheila	2	-----	F	1944	17701	Place-0
SMITH	Suzanne	2	-----	F	1944	17734	Place-18
SMITH	Seonaid	2	-----	F	1944	17765	Place-28
SMITH	Jim	2	-----	M	1944	17784	Place-12
SMITH	Susan	2	-----	F	1944	17796	Place-26
SMITH	James	1	-----	M	1944	17898	Place-6
SMITH	Jacob	1	-----	M	1944	17901	Place-28
SMITH	Jim	1	-----	M	1944	17912	Place-11
SMITH	Paulo	1	-----	M	1944	17914	Place-20
SMITH	Suzanne	1	-----	F	1944	17920	Place-24
SMITH	Briony	1	-----	F	1944	17921	Place-18
SMITH	Shawn	1	-----	M	1944	17940	Place-19
SMITH	Paulo	1	-----	M	1944	17944	Place-1
SMITH	Joseph	1	-----	M	1944	17952	Place-2
SMITH	Paulo	1	-----	M	1944	17968	Place-24
SMITH	Sheila	1	-----	F	1944	17983	Place-25
SMITH	Bob	1	-----	M	1944	17993	Place-15
SMITH	Susan	1	-----	F	1944	17994	Place-23
SMITH	Joseph	1	-----	M	1944	18003	Place-4
SMITH	Seonaid	1	-----	F	1944	18012	Place-21
SMITH	Paulo	1	-----	M	1944	18016	Place-4
SMITH	Bob	1	-----	M	1944	18063	Place-9
SMITH	Sheila	1	-----	F	1944	18070	Place-27
SMITH	Sharon	1	-----	F	1944	18085	Place-8
SMITH	Selina	1	-----	F	1944	18086	Place-19
SMITH	Bob	1	-----	M	1944	18090	Place-15
SMITH	Sheila	1	-----	F	1944	18099	Place-18
SMITH	Jenkins	1	-----	M	1944	18105	Place-15
SMITH	Sarah	1	-----	F	1944	18114	Place-16
SMITH	Joseph	1	-----	M	1944	18115	Place-26
SMITH	James	1	-----	M	1944	18120	Place-22
SMITH	Bob	1	-----	M	1944	18122	Place-28
SMITH	Briony	1	-----	F	1944	18131	Place-6
SMITH	Bob	1	-----	M	1944	18135	Place-15
SMITH	Joseph	1	-----	M	1944	18138	Place-11
SMITH	Sarah	1	-----	F	1944	18142	Place-21
SMITH	Suzanne	1	-----	F	1944	18145	Place-26
SMITH	Briony	0	-----	F	1944	18190	Place-16
SMITH	Joseph	0	-----	M	1944	18191	Place-10
SMITH	Bob	0	-----	M	1944	18193	Place-14
SMITH	Selina	0	-----	F	1944	18195	Place-26
SMITH	Susan	0	-----	F	1944	18198	Place-15
SMITH	Paulo	0	-----	M	1944	18199	Place-3
SMITH	Susan	0	-----	F	1944	18206	Place-4
SMITH	Susan	0	-----	F	1944	18212	Place-26
SMITH	Jenkins	0	-----	M	1944	18214	Place-5
SMITH	Jenkins	0	-----	M	1944	18219	Place-28
SMITH	James	0	-----	M	1944	18221	Place-19
SMITH	Jacob	0	-----	M	1944	18222	Place-8
SMITH	Jim	0	-----	M	1944	18225	Place-28
SMITH	Susan	0	-----	F	1944	18233	Place-6
SMITH	Seonaid	0	-----	F	1944	18235	Place-7
SMITH	Jim	0	-----	M	1944	18239	Place-1
SMITH	Jim	0	-----	M	1944	18242	Place-22
SMITH	Jim	0	-----	M	1944	18243	Place-25
SMITH	Suzanne	0	-----	F	1944	18250	Place-7
SMITH	Bob	0	-----	M	1944	18251	Place-6
SMITH	Sharon	0	-----	F	1944	18258	Place-26
SMITH	Jacob	0	-----	M	1944	18275	Place-11
SMITH	Joseph	0	-----	M	1944	18289	Place-19
SMITH	Sarah	0	-----	F	1944	18290	Place-20
SMITH	Sheila	0	-----	F	1944	18291	Place-14
SMITH	Paulo	0	-----	M	1944	18292	Place-1
SMITH	Bob	0	-----	M	1944	18299	Place-25
SMITH	Jenkins	0	-----	M	1944	18300	Place-16
SMITH	Sarah	0	-----	F	1944	18310	Place-0
SMITH	Jacob	0	-----	M	1944	18316	Place-16
SMITH	Sharon	0	-----	F	1944	18320	Place-24
SMITH	Paulo	0	-----	M	1944	18325	Place-21
SMITH	Briony	0	-----	F	1944	18329	Place-26
SMITH	James	0	-----	M	1944	18337	Place-13
SMITH	Suzanne	0	-----	F	1944	18338	Place-20
SMITH	Joseph	0	-----	M	1944	18342	Place-15
SMITH	Sheila	0	-----	F	1944	18344	Place-28
SMITH	James	0	-----	M	1944	18346	Place-23
SMITH	Sharon	0	-----	F	1944	18351	Place-15
SMITH	Shawn	0	-----	M	1944	18352	Place-13
SMITH	Jenkins	0	-----	M	1944	18353	Place-14
SMITH	Briony	0	-----	F	1944	18355	Place-23
SMITH	Susan	0	-----	F	1944	18359	Place-28
SMITH	Bob	0	-----	M	1944	18363	Place-22
SMITH	James	0	-----	M	1944	18364	Place-21
SMITH	Briony	0	-----	F	1944	18367	Place-9
SMITH	Sharon	0	-----	F	1944	18368	Place-9
SMITH	Bob	0	-----	M	1944	18375	Place-26
SMITH	Joseph	0	-----	M	1944	18376	Place-21
SMITH	Sharon	0	-----	F	1944	18377	Place-16
SMITH	Suzanne	0	-----	F	1944	18381	Place-16
SMITH	Joseph	0	-----	M	1944	18389	Place-17
SMITH	Bob	0	-----	M	1944	18391	Place-17
SMITH	Jim	0	-----	M	1944	18400	Place-7
SMITH	Briony	0	-----	F	1944	18409	Place-13
SMITH	Shawn	0	-----	M	1944	18415	Place-5
SMITH	Selina	0	-----	F	1944	18423	Place-28
SMITH	Briony	21	-----	F	1945	18458	Place-27
SMITH	Briony	52	-----	F	1945	18468	Place-7
SMITH	Briony	56	-----	F	1945	18482	Place-8
SMITH	Joseph	29	-----	M	1945	11785	Place-0
SMITH	Shawn	57	-----	M	1945	7523	Place-22
SMITH	Sharon	56	-----	F	1945	12808	Place-27
SMITH	Jim	56	-----	M	1945	7687	Place-21
SMITH	Sharon	55	-----	F	1945	17878	Place-26
SMITH	Paulo	20	-----	M	1945	13487	Place-7
SMITH	Sarah	64	-----	F	1945	16994	Place-12
SMITH	Suzanne	58	-----	F	1945	17001	Place-20
SMITH	Joseph	37	-----	M	1945	10369	Place-11
SMITH	Jenkins	47	-----	M	1945	8861	Place-15
SMITH	Jim	38	-----	M	1945	10306	Place-4
SMITH	Jim	55	-----	M	1945	7784	Place-16
SMITH	Selina	27	-----	F	1945	12134	Place-13
SMITH	Seonaid	45	-----	F	1945	17866	Place-28
SMITH	Sheila	22	-----	F	1945	17872	Place-29
SMITH	Sharon	47	-----	F	1945	8854	Place-24
SMITH	Jenkins	30	-----	M	1945	11609	Place-7
SMITH	James	28	-----	M	1945	11923	Place-20
SMITH	Selina	58	-----	F	1945	17577	Place-0
SMITH	Suzanne	28	-----	F	1945	11977	Place-2
SMITH	Paulo	55	-----	M	1945	7737	Place-14
SMITH	Sharon	58	-----	F	1945	11314	Place-4
SMITH	Jacob	39	-----	M	1945	10095	Place-9
SMITH	Sheila	40	-----	F	1945	16163	Place-7
SMITH	James	56	-----	M	1945	7580	Place-1
SMITH	Selina	23	-----	F	1945	12942	Place-20
SMITH	Jacob	38	-----	M	1945	10227	Place-13
SMITH	Selina	56	-----	F	1945	16148	Place-24
SMITH	Suzanne	55	-----	F	1945	12999	Place-10
SMITH	Sheila	28	-----	F	1945	11892	Place-14
SMITH	Paulo	27	-----	M	1945	12182	Place-24
SMITH	Sheila	10	-----	F	1945	15693	Place-12
SMITH	Seonaid	43	-----	F	1945	13634	Place-5
SMITH	James	36	-----	M	1945	10521	Place-20
SMITH	James	58	-----	M	1945	7385	Place-0
SMITH	Sarah	25	-----	F	1945	12473	Place-19
SMITH	Bob	35	-----	M	1945	10740	Place-0
SMITH	Shawn	57	-----	M	1945	7490	Place-7
SMITH	Jacob	35	-----	M	1945	10784	Place-3
SMITH	Shawn	12	-----	M	1945	15217	Place-0
SMITH	Briony	56	-----	F	1945	16156	Place-19
SMITH	Suzanne	31	-----	F	1945	11444	Place-16
SMITH	Shawn	55	-----	M	1945	7735	Place-4
SMITH	Jenkins	53	-----	M	1945	8015	Place-14
SMITH	Jim	61	-----	M	1945	6960	Place-23
SMITH	Selina	58	-----	F	1945	13844	Place-6
SMITH	Joseph	39	-----	M	1945	10087	Place-16
SMITH	Jacob	48	-----	M	1945	8710	Place-27
SMITH	Shawn	56	-----	M	1945	7658	Place-28
SMITH	Jim	56	-----	M	1945	7656	Place-8
SMITH	Jim	55	-----	M	1945	7748	Place-27
SMITH	Susan	56	-----	F	1945	13834	Place-20
SMITH	Seonaid	20	-----	F	1945	13630	Place-5
SMITH	Selina	47	-----	F	1945	8842	Place-5
SMITH	Briony	47	-----	F	1945	11871	Place-19
SMITH	Shawn	63	-----	M	1945	6755	Place-5
SMITH	Jim	36	-----	M	1945	10627	Place-17
SMITH	Sheila	21	-----	F	1945	13380	Place-21
SMITH	Jim	21	-----	M	1945	13386	Place-12
SMITH	Sharon	19	-----	F	1945	13712	Place-8
SMITH	Seonaid	19	-----	F	1945	13740	Place-13
SMITH	Sheila	18	-----	F	1945	13874	Place-6
SMITH	Jenkins	17	-----	M	1945	14052	Place-3
SMITH	Susan	16	-----	F	1945	14329	Place-3
SMITH	Seonaid	15	-----	F	1945	14573	Place-5
SMITH	Sharon	14	-----	F	1945	14737	Place-11
SMITH	Jenkins	14	-----	M	1945	14746	Place-27
SMITH	Joseph	14	-----	M	1945	14851	Place-27
SMITH	Seonaid	13	-----	F	1945	14979	Place-1
SMITH	Sarah	12	-----	F	1945	15192	Place-25
SMITH	James	11	-----	M	1945	15459	Place-4
SMITH	Suzanne	10	-----	F	1945	15677	Place-21
SMITH	Joseph	10	-----	M	1945	15809	Place-1
SMITH	Sheila	9	-----	F	1945	15980	Place-0
SMITH	Shawn	9	-----	M	1945	16071	Place-27
SMITH	James	8	-----	M	1945	16228	Place-25
SMITH	Jim	8	-----	M	1945	16356	Place-23
SMITH	Sheila	7	-----	F	1945	16558	Place-25
SMITH	James	7	-----	M	1945	16628	Place-19
SMITH	Susan	7	-----	F	1945	16633	Place-23
SMITH	Suzanne	7	-----	F	1945	16647	Place-16
SMITH	Jim	7	-----	M	1945	16654	Place-29
SMITH	James	6	-----	M	1945	16818	Place-27
SMITH	Sarah	6	-----	F	1945	16845	Place-28
SMITH	Susan	5	-----	F	1945	17119	Place-3
SMITH	Sheila	5	-----	F	1945	17160	Place-5
SMITH	Bob	5	-----	M	1945	17161	Place-24
SMITH	Seonaid	5	-----	F	1945	17167	Place-7
SMITH	Bob	5	-----	M	1945	17188	Place-21
SMITH	Joseph	5	-----	M	1945	17223	Place-22
SMITH	Jacob	4	-----	M	1945	17548	Place-23
SMITH	Briony	4	-----	F	1945	17549	Place-21
SMITH	Paulo	4	-----	M	1945	17567	Place-12
SMITH	Briony	3	-----	F	1945	17694	Place-19
SMITH	Jim	1	-----	M	1945	18196	Place-16
SMITH	Seonaid	1	-----	F	1945	18207	Place-24
SMITH	Susan	1	-----	F	1945	18226	Place-9
SMITH	Susan	1	-----	F	1945	18227	Place-28
SMITH	Briony	1	-----	F	1945	18232	Place-27
SMITH	Briony	1	-----	F	1945	18234	Place-26
SMITH	Joseph	1	-----	M	1945	18249	Place-29
SMITH	Bob	1	-----	M	1945	18256	Place-8
SMITH	Jim	1	-----	M	1945	18257	Place-7
SMITH	Sheila	1	-----	F	1945	18261	Place-23
SMITH	Seonaid	1	-----	F	1945	18265	Place-12
SMITH	James	1	-----	M	1945	18283	Place-15
SMITH	Jacob	1	-----	M	1945	18296	Place-23
SMITH	Jim	1	-----	M	1945	18298	Place-23
SMITH	Bob	1	-----	M	1945	18301	Place-21
SMITH	Paulo	1	-----	M	1945	18311	Place-22
SMITH	Shawn	1	-----	M	1945	18317	Place-5
SMITH	Sheila	1	-----	F	1945	18330	Place-2
SMITH	Selina	1	-----	F	1945	18339	Place-13
SMITH	Paulo	1	-----	M	1945	18340	Place-19
SMITH	Sheila	1	-----	F	1945	18343	Place-18
SMITH	Sarah	1	-----	F	1945	18357	Place-11
SMITH	Jacob	1	-----	M	1945	18362	Place-27
SMITH	James	1	-----	M	1945	18366	Place-23
SMITH	Sheila	1	-----	F	1945	18369	Place-7
SMITH	Sharon	1	-----	F	1945	18382	Place-16
SMITH	Sheila	1	-----	F	1945	18386	Place-1
SMITH	Paulo	1	-----	M	1945	18390	Place-5
SMITH	Selina	1	-----	F	1945	18392	Place-27
SMITH	Jacob	1	-----	M	1945	18393	Place-0
SMITH	Shawn	1	-----	M	1945	18395	Place-23
SMITH	Suzanne	1	-----	F	1945	18398	Place-17
SMITH	James	1	-----	M	1945	18401	Place-9
SMITH	Jenkins	1	-----	M	1945	18403	Place-14
SMITH	Paulo	1	-----	M	1945	18410	Place-5
SMITH	Sheila	1	-----	F	1945	18414	Place-29
SMITH	Briony	1	-----	F	1945	18417	Place-3
SMITH	Sheila	1	-----	F	1945	18424	Place-9
SMITH	Sharon	1	-----	F	1945	18429	Place-13
SMITH	Sharon	1	-----	F	1945	18434	Place-29
SMITH	Joseph	1	-----	M	1945	18440	Place-12
SMITH	Sarah	0	-----	F	1945	18499	Place-21
SMITH	Paulo	0	-----	M	1945	18505	Place-20
SMITH	Shawn	0	-----	M	1945	18520	Place-21
SMITH	Seonaid	0	-----	F	1945	18522	Place-2
SMITH	Paulo	0	-----	M	1945	18523	Place-8
SMITH	Jacob	0	-----	M	1945	18534	Place-12
SMITH	Selina	0	-----	F	1945	18536	Place-8
SMITH	Joseph	0	-----	M	1945	18539	Place-1
SMITH	Jacob	0	-----	M	1945	18550	Place-6
SMITH	Briony	0	-----	F	1945	18553	Place-20
SMITH	Sheila	0	-----	F	1945	18561	Place-26
SMITH	Paulo	0	-----	M	1945	18562	Place-17
SMITH	Susan	0	-----	F	1945	18563	Place-13
SMITH	Seonaid	0	-----	F	1945	18570	Place-3
SMITH	Selina	0	-----	F	1945	18578	Place-5
SMITH	Briony	0	-----	F	1945	18584	Place-14
SMITH	Sarah	0	-----	F	1945	18590	Place-29
SMITH	Sharon	0	-----	F	1945	18602	Place-13
SMITH	Susan	0	-----	F	1945	18605	Place-25
SMITH	Paulo	0	-----	M	1945	18609	Place-15
SMITH	Sheila	0	-----	F	1945	18611	Place-19
SMITH	Susan	0	-----	F	1945	18619	Place-18
SMITH	Sheila	0	-----	F	1945	18627	Place-0
SMITH	Joseph	0	-----	M	1945	18631	Place-0
SMITH	Jenkins	0	-----	M	1945	18632	Place-28
SMITH	Joseph	0	-----	M	1945	18643	Place-4
SMITH	Joseph	0	-----	M	1945	18645	Place-14
SMITH	Bob	0	-----	M	1945	18662	Place-16
SMITH	Sharon	0	-----	F	1945	18665	Place-29
SMITH	Jim	0	-----	M	1945	18666	Place-18
SMITH	Sharon	0	-----	F	1945	18682	Place-29
SMITH	Bob	0	-----	M	1945	18686	Place-15
SMITH	Seonaid	0	-----	F	1945	18687	Place-22
SMITH	Selina	0	-----	F	1945	18693	Place-17
SMITH	Joseph	0	-----	M	1945	18697	Place-5
SMITH	Seonaid	0	-----	F	1945	18699	Place-21
SMITH	Jenkins	0	-----	M	1945	18704	Place-28
SMITH	Susan	0	-----	F	1945	18708	Place-25
SMITH	Shawn	0	-----	M	1945	18712	Place-18
SMITH	Jim	0	-----	M	1945	18723	Place-7
SMITH	Briony	0	-----	F	1945	18725	Place-8
SMITH	Sheila	36	-----	F	1946	18768	Place-23
SMITH	Suzanne	22	-----	F	1946	18189	Place-15
SMITH	Bob	55	-----	M	1946	7913	Place-2
SMITH	Sarah	56	-----	F	1946	17306	Place-15
SMITH	Joseph	32	-----	M	1946	11428	Place-6
SMITH	James	35	-----	M	1946	10894	Place-0
SMITH	Jenkins	19	-----	M	1946	13951	Place-29
SMITH	Sharon	19	-----	F	1946	14000	Place-21
SMITH	Jenkins	12	-----	M	1946	15437	Place-8
SMITH	Sheila	29	-----	F	1946	18466	Place-2
SMITH	Selina	56	-----	F	1946	18472	Place-4
SMITH	Seonaid	27	-----	F	1946	12267	Place-23
SMITH	James	24	-----	M	1946	12967	Place-28
SMITH	Seonaid	40	-----	F	1946	10068	Place-3
SMITH	Jenkins	23	-----	M	1946	13164	Place-15
SMITH	Seonaid	45	-----	F	1946	16686	Place-17
SMITH	Susan	49	-----	F	1946	15128	Place-3
SMITH	Jacob	47	-----	M	1946	9036	Place-8
SMITH	Sheila	32	-----	F	1946	11387	Place-4
SMITH	Joseph	39	-----	M	1946	10256	Place-0
SMITH	Joseph	38	-----	M	1946	10423	Place-22
SMITH	Sheila	26	-----	F	1946	12433	Place-14
SMITH	Jacob	59	-----	M	1946	7355	Place-19
SMITH	Joseph	33	-----	M	1946	11245	Place-2
SMITH	Jenkins	56	-----	M	1946	7739	Place-6
SMITH	Paulo	57	-----	M	1946	7594	Place-18
SMITH	Jim	57	-----	M	1946	7659	Place-9
SMITH	Selina	18	-----	F	1946	14151	Place-1
SMITH	Selina	13	-----	F	1946	15350	Place-25
SMITH	Sarah	33	-----	F	1946	17572	Place-26
SMITH	Briony	35	-----	F	1946	17585	Place-5
SMITH	Suzanne	31	-----	F	1946	16701	Place-1
SMITH	Joseph	56	-----	M	1946	7720	Place-0
SMITH	Bob	30	-----	M	1946	11830	Place-23
SMITH	Jacob	58	-----	M	1946	7548	Place-9
SMITH	James	60	-----	M	1946	7229	Place-21
SMITH	Shawn	59	-----	M	1946	7379	Place-23
SMITH	Sarah	30	-----	F	1946	11822	Place-24
SMITH	Briony	40	-----	F	1946	16720	Place-3
SMITH	Sarah	31	-----	F	1946	15651	Place-14
SMITH	Sharon	55	-----	F	1946	11689	Place-14
SMITH	James	62	-----	M	1946	6955	Place-8
SMITH	Suzanne	29	-----	F	1946	11936	Place-1
SMITH	Briony	56	-----	F	1946	16712	Place-1
SMITH	Selina	56	-----	F	1946	16715	Place-5
SMITH	Bob	45	-----	M	1946	9372	Place-28
SMITH	Bob	53	-----	M	1946	8158	Place-7
SMITH	Briony	55	-----	F	1946	7825	Place-22
SMITH	Suzanne	47	-----	F	1946	15110	Place-16
SMITH	Shawn	58	-----	M	1946	7538	Place-11
SMITH	Sharon	55	-----	F	1946	14471	Place-19
SMITH	Briony	18	-----	F	1946	14130	Place-13
SMITH	Sheila	61	-----	F	1946	15897	Place-21
SMITH	Joseph	66	-----	M	1946	6540	Place-6
SMITH	Jacob	33	-----	M	1946	11299	Place-9
SMITH	Paulo	55	-----	M	1946	7899	Place-13
SMITH	Jim	56	-----	M	1946	7734	Place-27
SMITH	Jacob	29	-----	M	1946	11933	Place-24
SMITH	Joseph	29	-----	M	1946	11951	Place-23
SMITH	Jim	57	-----	M	1946	7646	Place-18
SMITH	Selina	22	-----	F	1946	13372	Place-22
SMITH	Sharon	22	-----	F	1946	13418	Place-10
SMITH	Briony	57	-----	F	1946	14657	Place-28
SMITH	Jacob	57	-----	M	1946	7589	Place-26
SMITH	Joseph	57	-----	M	1946	7609	Place-12
SMITH	Jacob	57	-----	M	1946	7624	Place-2
SMITH	Jim	37	-----	M	1946	10637	Place-6
SMITH	James	36	-----	M	1946	10698	Place-23
SMITH	Shawn	25	-----	M	1946	12741	Place-28
SMITH	Jacob	24	-----	M	1946	12873	Place-14
SMITH	Sharon	23	-----	F	1946	13078	Place-27
SMITH	Susan	23	-----	F	1946	13132	Place-2
SMITH	Paulo	21	-----	M	1946	13574	Place-10
SMITH	Shawn	19	-----	M	1946	13868	Place-21
SMITH	Joseph	18	-----	M	1946	14095	Place-0
SMITH	Suzanne	16	-----	F	1946	14485	Place-7
SMITH	Seonaid	16	-----	F	1946	14492	Place-16
SMITH	Sheila	14	-----	F	1946	14956	Place-9
SMITH	James	12	-----	M	1946	15442	Place-20
SMITH	Jim	12	-----	M	1946	15505	Place-19
SMITH	Bob	12	-----	M	1946	15546	Place-10
SMITH	Sheila	12	-----	F	1946	15619	Place-13
SMITH	Sheila	11	-----	F	1946	15739	Place-28
SMITH	Jenkins	11	-----	M	1946	15768	Place-23
SMITH	Sheila	10	-----	F	1946	16048	Place-21
SMITH	Selina	10	-----	F	1946	16114	Place-13
SMITH	Selina	10	-----	F	1946	16134	Place-22
SMITH	Sharon	9	-----	F	1946	16287	Place-25
SMITH	James	9	-----	M	1946	16339	Place-19
SMITH	Shawn	9	-----	M	1946	16402	Place-4
SMITH	Seonaid	8	-----	F	1946	16460	Place-5
SMITH	Suzanne	7	-----	F	1946	16751	Place-21
SMITH	Jim	7	-----	M	1946	16756	Place-29
SMITH	James	7	-----	M	1946	16796	Place-26
SMITH	Bob	7	-----	M	1946	16802	Place-26
SMITH	Suzanne	7	-----	F	1946	16854	Place-7
SMITH	Jenkins	7	-----	M	1946	16946	Place-4
SMITH	Suzanne	6	-----	F	1946	17103	Place-16
SMITH	Jim	4	-----	M	1946	17606	Place-5
SMITH	Sharon	4	-----	F	1946	17609	Place-21
SMITH	Jenkins	4	-----	M	1946	17616	Place-2
SMITH	Shawn	4	-----	M	1946	17643	Place-26
SMITH	Shawn	4	-----	M	1946	17659	Place-18
SMITH	Joseph	4	-----	M	1946	17790	Place-4
SMITH	Bob	3	-----	M	1946	17953	Place-15
SMITH	Sarah	3	-----	F	1946	17960	Place-25
SMITH	Selina	3	-----	F	1946	17996	Place-18
SMITH	Seonaid	3	-----	F	1946	18079	Place-17
SMITH	Bob	2	-----	M	1946	18200	Place-1
SMITH	Sheila	2	-----	F	1946	18312	Place-18
SMITH	Sharon	1	-----	F	1946	18498	Place-7
SMITH	Paulo	1	-----	M	1946	18502	Place-28
SMITH	Sarah	1	-----	F	1946	18504	Place-23
SMITH	Shawn	1	-----	M	1946	18509	Place-28
SMITH	Joseph	1	-----	M	1946	18526	Place-18
SMITH	Jacob	1	-----	M	1946	18528	Place-0
SMITH	Sheila	1	-----	F	1946	18529	Place-26
SMITH	Selina	1	-----	F	1946	18533	Place-11
SMITH	Sharon	1	-----	F	1946	18538	Place-19
SMITH	James	1	-----	M	1946	18540	Place-24
SMITH	Suzanne	1	-----	F	1946	18552	Place-7
SMITH	James	1	-----	M	1946	18554	Place-4
SMITH	Susan	1	-----	F	1946	18560	Place-16
SMITH	James	1	-----	M	1946	18574	Place-17
SMITH	Selina	1	-----	F	1946	18589	Place-15
SMITH	Seonaid	1	-----	F	1946	18592	Place-0
SMITH	Joseph	1	-----	M	1946	18593	Place-28
SMITH	Joseph	1	-----	M	1946	18598	Place-24
SMITH	Jim	1	-----	M	1946	18600	Place-24
SMITH	Susan	1	-----	F	1946	18606	Place-26
SMITH	Jim	1	-----	M	1946	18610	Place-12
SMITH	Paulo	1	-----	M	1946	18612	Place-26
SMITH	Jacob	1	-----	M	1946	18613	Place-24
SMITH	Sarah	1	-----	F	1946	18625	Place-7
SMITH	Jenkins	1	-----	M	1946	18634	Place-3
SMITH	Suzanne	1	-----	F	1946	18638	Place-0
SMITH	Shawn	1	-----	M	1946	18641	Place-10
SMITH	Shawn	1	-----	M	1946	18642	Place-22
SMITH	Paulo	1	-----	M	1946	18651	Place-14
SMITH	Jacob	1	-----	M	1946	18656	Place-21
SMITH	Joseph	1	-----	M	1946	18659	Place-23
SMITH	Suzanne	1	-----	F	1946	18664	Place-12
SMITH	Bob	1	-----	M	1946	18670	Place-1
SMITH	Sarah	1	-----	F	1946	18680	Place-6
SMITH	Shawn	1	-----	M	1946	18689	Place-26
SMITH	Jacob	1	-----	M	1946	18694	Place-10
SMITH	Susan	1	-----	F	1946	18696	Place-23
SMITH	Suzanne	1	-----	F	1946	18706	Place-17
SMITH	James	1	-----	M	1946	18715	Place-18
SMITH	Seonaid	1	-----	F	1946	18737	Place-18
SMITH	James	1	-----	M	1946	18740	Place-19
SMITH	Seonaid	0	-----	F	1946	18779	Place-4
SMITH	Shawn	0	-----	M	1946	18780	Place-15
SMITH	Susan	0	-----	F	1946	18791	Place-6
SMITH	Sharon	0	-----	F	1946	18792	Place-0
SMITH	James	0	-----	M	1946	18793	Place-19
SMITH	Shawn	0	-----	M	1946	18794	Place-5
SMITH	Joseph	0	-----	M	1946	18807	Place-29
SMITH	Bob	0	-----	M	1946	18814	Place-22
SMITH	Briony	0	-----	F	1946	18820	Place-23
SMITH	Sarah	0	-----	F	1946	18821	Place-9
SMITH	Joseph	0	-----	M	1946	18822	Place-13
SMITH	Sharon	0	-----	F	1946	18825	Place-26
SMITH	Shawn	0	-----	M	1946	18831	Place-13
SMITH	Briony	0	-----	F	1946	18836	Place-3
SMITH	Sharon	0	-----	F	1946	18839	Place-2
SMITH	Sheila	0	-----	F	1946	18845	Place-23
SMITH	James	0	-----	M	1946	18849	Place-7
SMITH	Selina	0	-----	F	1946	18861	Place-27
SMITH	Jacob	0	-----	M	1946	18884	Place-21
SMITH	Sharon	0	-----	F	1946	18892	Place-13
SMITH	Bob	0	-----	M	1946	18893	Place-10
SMITH	Briony	0	-----	F	1946	18901	Place-26
SMITH	Sharon	0	-----	F	1946	18902	Place-11
SMITH	James	0	-----	M	1946	18904	Place-26
SMITH	Sheila	0	-----	F	1946	18906	Place-29
SMITH	Jacob	0	-----	M	1946	18918	Place-15
SMITH	Susan	0	-----	F	1946	18925	Place-14
SMITH	Jenkins	0	-----	M	1946	18931	Place-26
SMITH	Susan	0	-----	F	1946	18935	Place-4
SMITH	Sharon	0	-----	F	1946	18936	Place-8
SMITH	Susan	0	-----	F	1946	18937	Place-19
SMITH	Jenkins	0	-----	M	1946	18939	Place-22
SMITH	Paulo	0	-----	M	1946	18943	Place-13
SMITH	Selina	0	-----	F	1946	18945	Place-2
SMITH	Jenkins	0	-----	M	1946	18948	Place-16
SMITH	Selina	0	-----	F	1946	18949	Place-11
SMITH	Jim	0	-----	M	1946	18953	Place-21
SMITH	Suzanne	0	-----	F	1946	18954	Place-6
SMITH	Paulo	0	-----	M	1946	18960	Place-22
SMITH	Sheila	0	-----	F	1946	18962	Place-12
SMITH	Sharon	0	-----	F	1946	18963	Place-14
SMITH	Jim	0	-----	M	1946	18964	Place-19
SMITH	Suzanne	0	-----	F	1946	18966	Place-12
SMITH	Joseph	0	-----	M	1946	18994	Place-10
SMITH	Briony	0	-----	F	1946	18997	Place-21
SMITH	Suzanne	0	-----	F	1946	18998	Place-28
SMITH	Suzanne	0	-----	F	1946	19000	Place-0
SMITH	Jim	0	-----	M	1946	19002	Place-29
SMITH	Suzanne	0	-----	F	1946	19005	Place-10
SMITH	Paulo	0	-----	M	1946	19010	Place-5
SMITH	Joseph	0	-----	M	1946	19012	Place-18
SMITH	Selina	52	-----	F	1947	19016	Place-6
SMITH	Susan	55	-----	F	1947	19027	Place-21
SMITH	Briony	58	-----	F	1947	14665	Place-0
SMITH	Jenkins	49	-----	M	1947	8864	Place-14
SMITH	Susan	55	-----	F	1947	8062	Place-14
SMITH	Paulo	34	-----	M	1947	11176	Place-9
SMITH	Jim	45	-----	M	1947	9431	Place-20
SMITH	James	17	-----	M	1947	14527	Place-7
SMITH	Sheila	58	-----	F	1947	18763	Place-18
SMITH	Seonaid	22	-----	F	1947	13623	Place-4
SMITH	Selina	57	-----	F	1947	13434	Place-9
SMITH	Shawn	60	-----	M	1947	7425	Place-21
SMITH	Sarah	18	-----	F	1947	14346	Place-27
SMITH	Sharon	16	-----	F	1947	14838	Place-10
SMITH	Jim	49	-----	M	1947	8895	Place-8
SMITH	Selina	35	-----	F	1947	11102	Place-19
SMITH	Sheila	19	-----	F	1947	14143	Place-13
SMITH	Sharon	55	-----	F	1947	14014	Place-27
SMITH	Sharon	21	-----	F	1947	13752	Place-1
SMITH	Bob	55	-----	M	1947	7975	Place-8
SMITH	Jenkins	38	-----	M	1947	10524	Place-6
SMITH	Briony	61	-----	F	1947	13223	Place-24
SMITH	Seonaid	26	-----	F	1947	12614	Place-17
SMITH	James	22	-----	M	1947	13554	Place-22
SMITH	James	21	-----	M	1947	13748	Place-25
SMITH	Sarah	32	-----	F	1947	18169	Place-16
SMITH	Seonaid	55	-----	F	1947	15626	Place-28
SMITH	Joseph	25	-----	M	1947	12908	Place-5
SMITH	Jim	32	-----	M	1947	11524	Place-23
SMITH	Jacob	51	-----	M	1947	8596	Place-25
SMITH	Bob	35	-----	M	1947	11111	Place-24
SMITH	James	21	-----	M	1947	13762	Place-7
SMITH	Sarah	55	-----	F	1947	17870	Place-21
SMITH	Sharon	66	-----	F	1947	6657	Place-16
SMITH	Jenkins	58	-----	M	1947	7604	Place-12
SMITH	Shawn	55	-----	M	1947	7957	Place-10
SMITH	Briony	56	-----	F	1947	17000	Place-15
SMITH	Joseph	61	-----	M	1947	7281	Place-20
SMITH	Bob	22	-----	M	1947	13628	Place-23
SMITH	Jacob	57	-----	M	1947	7713	Place-17
SMITH	Bob	29	-----	M	1947	12174	Place-20
SMITH	Sheila	30	-----	F	1947	11920	Place-24
SMITH	Sheila	40	-----	F	1947	15125	Place-4
SMITH	Joseph	31	-----	M	1947	11852	Place-26
SMITH	Shawn	31	-----	M	1947	11859	Place-1
SMITH	Paulo	24	-----	M	1947	13199	Place-7
SMITH	Jim	16	-----	M	1947	14713	Place-27
SMITH	Jim	56	-----	M	1947	7864	Place-4
SMITH	Bob	55	-----	M	1947	8036	Place-27
SMITH	Jenkins	49	-----	M	1947	8873	Place-15
SMITH	Susan	31	-----	F	1947	11694	Place-24
SMITH	Bob	55	-----	M	1947	8081	Place-0
SMITH	Sheila	55	-----	F	1947	14661	Place-11
SMITH	Joseph	63	-----	M	1947	6968	Place-16
SMITH	Paulo	49	-----	M	1947	8874	Place-8
SMITH	Paulo	33	-----	M	1947	11366	Place-18
SMITH	Shawn	55	-----	M	1947	8010	Place-7
SMITH	Sarah	55	-----	F	1947	8002	Place-2
SMITH	Joseph	28	-----	M	1947	12287	Place-29
SMITH	James	24	-----	M	1947	13095	Place-16
SMITH	James	55	-----	M	1947	8058	Place-3
SMITH	Suzanne	57	-----	F	1947	15895	Place-1
SMITH	Bob	56	-----	M	1947	7840	Place-14
SMITH	Joseph	55	-----	M	1947	8039	Place-19
SMITH	Susan	30	-----	F	1947	11948	Place-25
SMITH	Susan	53	-----	F	1947	15123	Place-16
SMITH	Sarah	56	-----	F	1947	12054	Place-18
SMITH	Briony	57	-----	F	1947	11319	Place-4
SMITH	Sheila	66	-----	F	1947	14465	Place-8
SMITH	Jacob	39	-----	M	1947	10441	Place-20
SMITH	Jenkins	58	-----	M	1947	7665	Place-19
SMITH	Seonaid	40	-----	F	1947	10281	Place-12
SMITH	Joseph	57	-----	M	1947	7717	Place-17
SMITH	Selina	55	-----	F	1947	10994	Place-21
SMITH	Shawn	57	-----	M	1947	7725	Place-18
SMITH	Jim	34	-----	M	1947	11253	Place-28
SMITH	Jenkins	29	-----	M	1947	12165	Place-5
SMITH	Bob	26	-----	M	1947	12769	Place-28
SMITH	Sharon	26	-----	F	1947	12776	Place-15
SMITH	James	25	-----	M	1947	12952	Place-9
SMITH	Jim	21	-----	M	1947	13705	Place-7
SMITH	Seonaid	19	-----	F	1947	14195	Place-0
SMITH	Briony	18	-----	F	1947	14297	Place-3
SMITH	Seonaid	17	-----	F	1947	14575	Place-16
SMITH	Susan	16	-----	F	1947	14793	Place-19
SMITH	Shawn	15	-----	M	1947	14915	Place-8
SMITH	Selina	15	-----	F	1947	15102	Place-13
SMITH	James	14	-----	M	1947	15207	Place-10
SMITH	Selina	14	-----	F	1947	15306	Place-16
SMITH	Shawn	13	-----	M	1947	15436	Place-29
SMITH	Jacob	13	-----	M	1947	15446	Place-5
SMITH	Jim	13	-----	M	1947	15618	Place-24
SMITH	Paulo	12	-----	M	1947	15744	Place-13
SMITH	Seonaid	12	-----	F	1947	15749	Place-21
SMITH	Joseph	12	-----	M	1947	15776	Place-29
SMITH	Seonaid	12	-----	F	1947	15815	Place-3
SMITH	James	12	-----	M	1947	15842	Place-1
SMITH	Bob	11	-----	M	1947	16007	Place-26
SMITH	James	11	-----	M	1947	16102	Place-4
SMITH	Jacob	10	-----	M	1947	16178	Place-16
SMITH	James	10	-----	M	1947	16179	Place-12
SMITH	Sharon	10	-----	F	1947	16180	Place-14
SMITH	Sheila	10	-----	F	1947	16218	Place-5
SMITH	Sheila	9	-----	F	1947	16490	Place-0
SMITH	Selina	9	-----	F	1947	16491	Place-10
SMITH	Bob	8	-----	M	1947	16749	Place-16
SMITH	Sarah	8	-----	F	1947	16754	Place-11
SMITH	Selina	8	-----	F	1947	16878	Place-25
SMITH	Seonaid	8	-----	F	1947	16965	Place-11
SMITH	Jacob	7	-----	M	1947	17091	Place-27
SMITH	Sheila	7	-----	F	1947	17128	Place-24
SMITH	James	7	-----	M	1947	17248	Place-16
SMITH	Sheila	6	-----	F	1947	17330	Place-11
SMITH	Joseph	6	-----	M	1947	17382	Place-26
SMITH	James	6	-----	M	1947	17480	Place-28
SMITH	Seonaid	6	-----	F	1947	17547	Place-13
SMITH	Sharon	5	-----	F	1947	17792	Place-6
SMITH	Shawn	4	-----	M	1947	18044	Place-21
SMITH	Bob	4	-----	M	1947	18064	Place-5
SMITH	Joseph	3	-----	M	1947	18201	Place-0
SMITH	Suzanne	3	-----	F	1947	18228	Place-7
SMITH	Joseph	3	-----	M	1947	18237	Place-13
SMITH	Shawn	2	-----	M	1947	18521	Place-9
SMITH	Selina	2	-----	F	1947	18692	Place-28
SMITH	Suzanne	2	-----	F	1947	18731	Place-17
SMITH	Susan	1	-----	F	1947	18783	Place-27
SMITH	Bob	1	-----	M	1947	18786	Place-24
SMITH	Selina	1	-----	F	1947	18789	Place-25
SMITH	Jenkins	1	-----	M	1947	18797	Place-22
SMITH	Jacob	1	-----	M	1947	18798	Place-20
SMITH	Seonaid	1	-----	F	1947	18802	Place-14
SMITH	Jacob	1	-----	M	1947	18804	Place-27
SMITH	Shawn	1	-----	M	1947	18813	Place-22
SMITH	Paulo	1	-----	M	1947	18817	Place-14
SMITH	Selina	1	-----	F	1947	18826	Place-28
SMITH	Paulo	1	-----	M	1947	18842	Place-1
SMITH	Suzanne	1	-----	F	1947	18846	Place-4
SMITH	Briony	1	-----	F	1947	18847	Place-12
SMITH	Sarah	1	-----	F	1947	18854	Place-19
SMITH	Joseph	1	-----	M	1947	18858	Place-24
SMITH	Jenkins	1	-----	M	1947	18860	Place-17
SMITH	Sarah	1	-----	F	1947	18867	Place-27
SMITH	Paulo	1	-----	M	1947	18869	Place-28
SMITH	Seonaid	1	-----	F	1947	18874	Place-1
SMITH	Shawn	1	-----	M	1947	18891	Place-23
SMITH	Selina	1	-----	F	1947	18895	Place-24
SMITH	Selina	1	-----	F	1947	18896	Place-25
SMITH	Suzanne	1	-----	F	1947	18903	Place-24
SMITH	Jim	1	-----	M	1947	18926	Place-0
SMITH	James	1	-----	M	1947	18929	Place-3
SMITH	Joseph	1	-----	M	1947	18932	Place-14
SMITH	James	1	-----	M	1947	18934	Place-1
SMITH	Bob	1	-----	M	1947	18946	Place-19
SMITH	Sheila	1	-----	F	1947	18951	Place-16
SMITH	Sheila	1	-----	F	1947	18955	Place-29
SMITH	Jacob	1	-----	M	1947	18956	Place-6
SMITH	Briony	1	-----	F	1947	18958	Place-24
SMITH	Selina	1	-----	F	1947	18959	Place-21
SMITH	Shawn	1	-----	M	1947	18972	Place-2
SMITH	Bob	1	-----	M	1947	18973	Place-13
SMITH	James	1	-----	M	1947	18974	Place-5
SMITH	Sarah	1	-----	F	1947	18975	Place-17
SMITH	Paulo	1	-----	M	1947	18979	Place-16
SMITH	Sarah	1	-----	F	1947	18981	Place-23
SMITH	Jim	1	-----	M	1947	18982	Place-13
SMITH	James	1	-----	M	1947	18987	Place-19
SMITH	Jenkins	1	-----	M	1947	18989	Place-0
SMITH	Sarah	1	-----	F	1947	19006	Place-12
SMITH	Jacob	1	-----	M	1947	19008	Place-9
SMITH	Bob	1	-----	M	1947	19013	Place-9
SMITH	Bob	0	-----	M	1947	19048	Place-27
SMITH	Jenkins	0	-----	M	1947	19054	Place-6
SMITH	Suzanne	0	-----	F	1947	19055	Place-27
SMITH	Sheila	0	-----	F	1947	19057	Place-20
SMITH	Suzanne	0	-----	F	1947	19066	Place-14
SMITH	Jim	0	-----	M	1947	19067	Place-0
SMITH	Paulo	0	-----	M	1947	19069	Place-20
SMITH	Paulo	0	-----	M	1947	19073	Place-0
SMITH	Sheila	0	-----	F	1947	19074	Place-29
SMITH	Jenkins	0	-----	M	1947	19080	Place-13
SMITH	Sharon	0	-----	F	1947	19082	Place-14
SMITH	Seonaid	0	-----	F	1947	19083	Place-2
SMITH	Sheila	0	-----	F	1947	19086	Place-20
SMITH	Bob	0	-----	M	1947	19092	Place-29
SMITH	Shawn	0	-----	M	1947	19095	Place-24
SMITH	Jim	0	-----	M	1947	19098	Place-7
SMITH	Bob	0	-----	M	1947	19099	Place-2
SMITH	Joseph	0	-----	M	1947	19100	Place-17
SMITH	Sheila	0	-----	F	1947	19101	Place-1
SMITH	Jacob	0	-----	M	1947	19104	Place-13
SMITH	Sharon	0	-----	F	1947	19110	Place-23
SMITH	James	0	-----	M	1947	19114	Place-8
SMITH	Susan	0	-----	F	1947	19117	Place-17
SMITH	Bob	0	-----	M	1947	19122	Place-25
SMITH	Briony	0	-----	F	1947	19132	Place-6
SMITH	Jacob	0	-----	M	1947	19136	Place-23
SMITH	Shawn	0	-----	M	1947	19146	Place-24
SMITH	Joseph	0	-----	M	1947	19148	Place-25
SMITH	Shawn	0	-----	M	1947	19157	Place-21
SMITH	Suzanne	0	-----	F	1947	19158	Place-20
SMITH	Paulo	0	-----	M	1947	19168	Place-28
SMITH	Jacob	0	-----	M	1947	19169	Place-13
SMITH	Sheila	0	-----	F	1947	19178	Place-0
SMITH	Bob	0	-----	M	1947	19187	Place-25
SMITH	Bob	0	-----	M	1947	19193	Place-23
SMITH	Shawn	0	-----	M	1947	19194	Place-19
SMITH	Shawn	0	-----	M	1947	19195	Place-12
SMITH	Joseph	0	-----	M	1947	19208	Place-1
SMITH	Jenkins	0	-----	M	1947	19217	Place-20
SMITH	Selina	0	-----	F	1947	19219	Place-2
SMITH	Joseph	0	-----	M	1947	19228	Place-22
SMITH	Susan	0	-----	F	1947	19231	Place-25
SMITH	Joseph	0	-----	M	1947	19232	Place-27
SMITH	James	0	-----	M	1947	19238	Place-12
SMITH	Suzanne	0	-----	F	1947	19241	Place-3
SMITH	Jim	0	-----	M	1947	19247	Place-7
SMITH	James	0	-----	M	1947	19249	Place-7
SMITH	Suzanne	0	-----	F	1947	19255	Place-28
SMITH	Shawn	0	-----	M	1947	19257	Place-22
SMITH	Briony	0	-----	F	1947	19259	Place-26
SMITH	Paulo	0	-----	M	1947	19261	Place-29
SMITH	James	0	-----	M	1947	19274	Place-2
SMITH	Jacob	0	-----	M	1947	19275	Place-19
SMITH	Shawn	0	-----	M	1947	19278	Place-2
SMITH	James	0	-----	M	1947	19280	Place-25
SMITH	Selina	0	-----	F	1947	19289	Place-27
SMITH	Joseph	27	-----	M	1948	12792	Place-9
SMITH	Suzanne	56	-----	F	1948	17882	Place-9
SMITH	Susan	50	-----	F	1948	12835	Place-16
SMITH	Suzanne	25	-----	F	1948	13121	Place-6
SMITH	Suzanne	14	-----	F	1948	15448	Place-8
SMITH	Susan	1	-----	F	1948	19052	Place-21
SMITH	Jenkins	1	-----	M	1948	19064	Place-10
SMITH	Sheila	20	-----	F	1948	14233	Place-24
SMITH	Briony	38	-----	F	1948	15630	Place-12
SMITH	Paulo	54	-----	M	1948	8285	Place-6
SMITH	Shawn	24	-----	M	1948	13320	Place-10
SMITH	Suzanne	11	-----	F	1948	16189	Place-6
SMITH	Bob	6	-----	M	1948	17615	Place-29
SMITH	Jim	6	-----	M	1948	17761	Place-16
SMITH	Sarah	52	-----	F	1948	18746	Place-13
SMITH	Shawn	55	-----	M	1948	8211	Place-10
SMITH	Briony	37	-----	F	1948	15904	Place-1
SMITH	Jenkins	29	-----	M	1948	12324	Place-18
SMITH	Shawn	54	-----	M	1948	8349	Place-7
SMITH	Shawn	19	-----	M	1948	14259	Place-28
SMITH	Paulo	7	-----	M	1948	17502	Place-18
SMITH	Seonaid	25	-----	F	1948	18446	Place-24
SMITH	Sharon	49	-----	F	1948	18455	Place-15
SMITH	Seonaid	56	-----	F	1948	10816	Place-3
SMITH	Joseph	56	-----	M	1948	8040	Place-21
SMITH	Bob	52	-----	M	1948	8574	Place-13
SMITH	James	32	-----	M	1948	11775	Place-3
SMITH	Briony	34	-----	F	1948	16988	Place-14
SMITH	Bob	52	-----	M	1948	8623	Place-8
SMITH	Sheila	57	-----	F	1948	7852	Place-5
SMITH	Sarah	26	-----	F	1948	12874	Place-28
SMITH	Jim	22	-----	M	1948	13688	Place-17
SMITH	Jacob	26	-----	M	1948	12886	Place-25
SMITH	Sharon	34	-----	F	1948	11422	Place-25
SMITH	Suzanne	22	-----	F	1948	13749	Place-3
SMITH	Paulo	9	-----	M	1948	16734	Place-27
SMITH	Joseph	38	-----	M	1948	10768	Place-2
SMITH	Sarah	37	-----	F	1948	10848	Place-6
SMITH	James	25	-----	M	1948	13023	Place-25
SMITH	Selina	59	-----	F	1948	17299	Place-2
SMITH	James	56	-----	M	1948	7990	Place-4
SMITH	Sarah	58	-----	F	1948	15636	Place-3
SMITH	Jenkins	58	-----	M	1948	7723	Place-0
SMITH	Selina	37	-----	F	1948	16987	Place-1
SMITH	Bob	68	-----	M	1948	6508	Place-28
SMITH	Joseph	62	-----	M	1948	7262	Place-29
SMITH	Selina	41	-----	F	1948	16685	Place-18
SMITH	Selina	32	-----	F	1948	16689	Place-23
SMITH	Susan	55	-----	F	1948	16716	Place-26
SMITH	Briony	57	-----	F	1948	16154	Place-9
SMITH	Susan	59	-----	F	1948	15642	Place-9
SMITH	Seonaid	56	-----	F	1948	8043	Place-28
SMITH	Paulo	56	-----	M	1948	8017	Place-8
SMITH	Jim	17	-----	M	1948	14846	Place-29
SMITH	Sheila	57	-----	F	1948	15871	Place-7
SMITH	Briony	49	-----	F	1948	15894	Place-4
SMITH	Jim	55	-----	M	1948	8244	Place-26
SMITH	Selina	58	-----	F	1948	14248	Place-16
SMITH	Sharon	50	-----	F	1948	8857	Place-3
SMITH	James	40	-----	M	1948	10471	Place-29
SMITH	Sarah	57	-----	F	1948	15401	Place-4
SMITH	Shawn	56	-----	M	1948	7997	Place-18
SMITH	Susan	34	-----	F	1948	11342	Place-9
SMITH	Sharon	59	-----	F	1948	7595	Place-0
SMITH	Jacob	57	-----	M	1948	7930	Place-19
SMITH	Bob	55	-----	M	1948	8213	Place-26
SMITH	James	42	-----	M	1948	10154	Place-7
SMITH	Sharon	25	-----	F	1948	13165	Place-13
SMITH	Jacob	25	-----	M	1948	13187	Place-27
SMITH	Jenkins	20	-----	M	1948	14158	Place-16
SMITH	Bob	19	-----	M	1948	14319	Place-11
SMITH	Sarah	18	-----	F	1948	14557	Place-10
SMITH	Suzanne	17	-----	F	1948	14856	Place-0
SMITH	Sharon	16	-----	F	1948	14911	Place-27
SMITH	James	16	-----	M	1948	14966	Place-19
SMITH	Susan	15	-----	F	1948	15169	Place-7
SMITH	Jim	15	-----	M	1948	15299	Place-5
SMITH	Briony	15	-----	F	1948	15313	Place-18
SMITH	Shawn	15	-----	M	1948	15362	Place-16
SMITH	Susan	14	-----	F	1948	15522	Place-26
SMITH	Paulo	14	-----	M	1948	15549	Place-27
SMITH	Shawn	13	-----	M	1948	15691	Place-17
SMITH	Joseph	12	-----	M	1948	16086	Place-14
SMITH	Shawn	10	-----	M	1948	16503	Place-9
SMITH	Sheila	10	-----	F	1948	16532	Place-28
SMITH	Jenkins	9	-----	M	1948	16766	Place-24
SMITH	Paulo	9	-----	M	1948	16811	Place-9
SMITH	Suzanne	9	-----	F	1948	16841	Place-29
SMITH	Jacob	9	-----	M	1948	16903	Place-27
SMITH	Paulo	8	-----	M	1948	17018	Place-16
SMITH	Suzanne	8	-----	F	1948	17030	Place-21
SMITH	Sarah	8	-----	F	1948	17116	Place-15
SMITH	Bob	8	-----	M	1948	17134	Place-11
SMITH	Paulo	6	-----	M	1948	17758	Place-18
SMITH	Jenkins	5	-----	M	1948	17939	Place-19
SMITH	Joseph	5	-----	M	1948	18013	Place-2
SMITH	Jim	5	-----	M	1948	18087	Place-6
SMITH	Seonaid	4	-----	F	1948	18267	Place-7
SMITH	Sarah	4	-----	F	1948	18284	Place-1
SMITH	Suzanne	4	-----	F	1948	18326	Place-16
SMITH	Briony	4	-----	F	1948	18333	Place-27
SMITH	Seonaid	4	-----	F	1948	18385	Place-4
SMITH	Bob	3	-----	M	1948	18617	Place-2
SMITH	Jenkins	3	-----	M	1948	18669	Place-6
SMITH	Sheila	2	-----	F	1948	18784	Place-15
SMITH	Sheila	2	-----	F	1948	18863	Place-17
SMITH	Jim	1	-----	M	1948	19056	Place-8
SMITH	Jacob	1	-----	M	1948	19060	Place-12
SMITH	Joseph	1	-----	M	1948	19065	Place-5
SMITH	Briony	1	-----	F	1948	19068	Place-11
SMITH	Jenkins	1	-----	M	1948	19091	Place-5
SMITH	Susan	1	-----	F	1948	19097	Place-25
SMITH	Suzanne	1	-----	F	1948	19115	Place-3
SMITH	Sheila	1	-----	F	1948	19116	Place-22
SMITH	Seonaid	1	-----	F	1948	19120	Place-15
SMITH	Suzanne	1	-----	F	1948	19121	Place-16
SMITH	Susan	1	-----	F	1948	19129	Place-21
SMITH	Suzanne	1	-----	F	1948	19133	Place-9
SMITH	Bob	1	-----	M	1948	19140	Place-17
SMITH	Briony	1	-----	F	1948	19149	Place-4
SMITH	Paulo	1	-----	M	1948	19159	Place-6
SMITH	Shawn	1	-----	M	1948	19181	Place-19
SMITH	Joseph	1	-----	M	1948	19189	Place-24
SMITH	Sharon	1	-----	F	1948	19192	Place-26
SMITH	James	1	-----	M	1948	19199	Place-5
SMITH	Jacob	1	-----	M	1948	19204	Place-27
SMITH	Seonaid	1	-----	F	1948	19212	Place-14
SMITH	James	1	-----	M	1948	19227	Place-9
SMITH	Suzanne	1	-----	F	1948	19230	Place-9
SMITH	Seonaid	1	-----	F	1948	19236	Place-16
SMITH	Joseph	1	-----	M	1948	19243	Place-11
SMITH	Jim	1	-----	M	1948	19245	Place-6
SMITH	Susan	1	-----	F	1948	19253	Place-9
SMITH	Susan	1	-----	F	1948	19264	Place-7
SMITH	Jim	1	-----	M	1948	19268	Place-24
SMITH	Paulo	1	-----	M	1948	19270	Place-16
SMITH	Paulo	1	-----	M	1948	19271	Place-8
SMITH	Briony	1	-----	F	1948	19276	Place-16
SMITH	James	1	-----	M	1948	19279	Place-13
SMITH	Susan	1	-----	F	1948	19284	Place-4
SMITH	Sheila	1	-----	F	1948	19286	Place-21
SMITH	Sharon	1	-----	F	1948	19291	Place-6
SMITH	Suzanne	1	-----	F	1948	19295	Place-4
SMITH	Paulo	1	-----	M	1948	19297	Place-9
SMITH	Susan	0	-----	F	1948	19350	Place-22
SMITH	Sarah	0	-----	F	1948	19353	Place-9
SMITH	Jacob	0	-----	M	1948	19360	Place-23
SMITH	Selina	0	-----	F	1948	19365	Place-29
SMITH	Bob	0	-----	M	1948	19367	Place-22
SMITH	Sharon	0	-----	F	1948	19374	Place-18
SMITH	Selina	0	-----	F	1948	19377	Place-11
SMITH	Seonaid	0	-----	F	1948	19380	Place-28
SMITH	Joseph	0	-----	M	1948	19383	Place-6
SMITH	Shawn	0	-----	M	1948	19387	Place-24
SMITH	Joseph	0	-----	M	1948	19388	Place-10
SMITH	Paulo	0	-----	M	1948	19389	Place-25
SMITH	Jacob	0	-----	M	1948	19393	Place-4
SMITH	Susan	0	-----	F	1948	19413	Place-18
SMITH	Jenkins	0	-----	M	1948	19415	Place-18
SMITH	Sheila	0	-----	F	1948	19416	Place-15
SMITH	Joseph	0	-----	M	1948	19423	Place-13
SMITH	Suzanne	0	-----	F	1948	19425	Place-25
SMITH	Jim	0	-----	M	1948	19431	Place-23
SMITH	Suzanne	0	-----	F	1948	19436	Place-29
SMITH	Shawn	0	-----	M	1948	19439	Place-29
SMITH	Paulo	0	-----	M	1948	19442	Place-2
SMITH	Bob	0	-----	M	1948	19451	Place-5
SMITH	Jim	0	-----	M	1948	19459	Place-25
SMITH	Jim	0	-----	M	1948	19463	Place-25
SMITH	Briony	0	-----	F	1948	19466	Place-29
SMITH	Briony	0	-----	F	1948	19467	Place-17
SMITH	Selina	0	-----	F	1948	19476	Place-29
SMITH	Selina	0	-----	F	1948	19497	Place-21
SMITH	Selina	0	-----	F	1948	19499	Place-13
SMITH	Sheila	0	-----	F	1948	19501	Place-21
SMITH	Jenkins	0	-----	M	1948	19514	Place-12
SMITH	Jacob	0	-----	M	1948	19516	Place-10
SMITH	Bob	0	-----	M	1948	19517	Place-4
SMITH	Sharon	0	-----	F	1948	19521	Place-16
SMITH	Jacob	0	-----	M	1948	19522	Place-12
SMITH	Suzanne	0	-----	F	1948	19523	Place-1
SMITH	Bob	0	-----	M	1948	19533	Place-17
SMITH	James	0	-----	M	1948	19537	Place-8
SMITH	James	0	-----	M	1948	19540	Place-14
SMITH	Jacob	0	-----	M	1948	19541	Place-0
SMITH	Suzanne	0	-----	F	1948	19559	Place-23
SMITH	Shawn	0	-----	M	1948	19571	Place-25
SMITH	Seonaid	0	-----	F	1948	19574	Place-13
SMITH	Suzanne	0	-----	F	1948	19578	Place-0
SMITH	Paulo	0	-----	M	1948	19583	Place-5
SMITH	Bob	0	-----	M	1948	19614	Place-12
SMITH	Jenkins	0	-----	M	1948	19619	Place-15
SMITH	Selina	0	-----	F	1948	19625	Place-10
SMITH	Jim	0	-----	M	1948	19626	Place-3
SMITH	Susan	55	-----	F	1949	19634	Place-2
SMITH	Briony	46	-----	F	1949	19653	Place-18
SMITH	Shawn	32	-----	M	1949	11895	Place-2
SMITH	Sarah	33	-----	F	1949	11768	Place-27
SMITH	Selina	63	-----	F	1949	13016	Place-1
SMITH	Sharon	55	-----	F	1949	15643	Place-11
SMITH	Selina	60	-----	F	1949	7675	Place-5
SMITH	James	57	-----	M	1949	7982	Place-18
SMITH	Shawn	27	-----	M	1949	12913	Place-14
SMITH	Sarah	20	-----	F	1949	14420	Place-1
SMITH	Paulo	18	-----	M	1949	14759	Place-6
SMITH	Joseph	24	-----	M	1949	13492	Place-7
SMITH	Jenkins	46	-----	M	1949	9600	Place-9
SMITH	Jacob	31	-----	M	1949	12162	Place-2
SMITH	Joseph	20	-----	M	1949	14317	Place-11
SMITH	Selina	61	-----	F	1949	18759	Place-17
SMITH	Jenkins	33	-----	M	1949	11855	Place-13
SMITH	Joseph	38	-----	M	1949	10889	Place-5
SMITH	Shawn	8	-----	M	1949	17566	Place-25
SMITH	Sheila	60	-----	F	1949	13424	Place-22
SMITH	Sharon	48	-----	F	1949	9311	Place-29
SMITH	Selina	43	-----	F	1949	10071	Place-14
SMITH	Paulo	55	-----	M	1949	8336	Place-11
SMITH	Sheila	47	-----	F	1949	17303	Place-1
SMITH	Sarah	33	-----	F	1949	11749	Place-4
SMITH	Jacob	42	-----	M	1949	10241	Place-14
SMITH	Joseph	19	-----	M	1949	14544	Place-12
SMITH	Paulo	11	-----	M	1949	16679	Place-29
SMITH	Sarah	10	-----	F	1949	16942	Place-26
SMITH	Sharon	29	-----	F	1949	18470	Place-16
SMITH	Sharon	57	-----	F	1949	18476	Place-14
SMITH	Sarah	26	-----	F	1949	13041	Place-9
SMITH	Jacob	56	-----	M	1949	8232	Place-18
SMITH	Jacob	22	-----	M	1949	13864	Place-25
SMITH	Sharon	5	-----	F	1949	18231	Place-6
SMITH	Sheila	38	-----	F	1949	10855	Place-10
SMITH	Jim	56	-----	M	1949	8185	Place-18
SMITH	Jim	62	-----	M	1949	7368	Place-23
SMITH	Sharon	59	-----	F	1949	13439	Place-22
SMITH	James	56	-----	M	1949	8128	Place-20
SMITH	Briony	57	-----	F	1949	15872	Place-6
SMITH	Sarah	58	-----	F	1949	15106	Place-22
SMITH	Sharon	36	-----	F	1949	14871	Place-13
SMITH	Sarah	15	-----	F	1949	15559	Place-28
SMITH	Sarah	56	-----	F	1949	17284	Place-7
SMITH	Selina	55	-----	F	1949	8375	Place-14
SMITH	Paulo	50	-----	M	1949	8945	Place-17
SMITH	Bob	30	-----	M	1949	12286	Place-3
SMITH	Jenkins	55	-----	M	1949	8307	Place-8
SMITH	Suzanne	55	-----	F	1949	16445	Place-13
SMITH	Jacob	29	-----	M	1949	12566	Place-12
SMITH	Joseph	61	-----	M	1949	7500	Place-3
SMITH	Shawn	39	-----	M	1949	10699	Place-4
SMITH	Selina	19	-----	F	1949	14651	Place-3
SMITH	Jim	37	-----	M	1949	11094	Place-27
SMITH	Jacob	42	-----	M	1949	10273	Place-7
SMITH	Paulo	29	-----	M	1949	12540	Place-14
SMITH	James	27	-----	M	1949	12850	Place-19
SMITH	Jim	26	-----	M	1949	13191	Place-19
SMITH	Seonaid	25	-----	F	1949	13409	Place-10
SMITH	James	24	-----	M	1949	13571	Place-8
SMITH	Selina	21	-----	F	1949	14113	Place-22
SMITH	Sharon	20	-----	F	1949	14434	Place-3
SMITH	Joseph	18	-----	M	1949	14840	Place-1
SMITH	Joseph	17	-----	M	1949	14914	Place-28
SMITH	Seonaid	15	-----	F	1949	15412	Place-19
SMITH	Sharon	15	-----	F	1949	15413	Place-6
SMITH	James	15	-----	M	1949	15503	Place-22
SMITH	Suzanne	14	-----	F	1949	15669	Place-16
SMITH	Susan	14	-----	F	1949	15688	Place-6
SMITH	Shawn	13	-----	M	1949	15909	Place-26
SMITH	Sarah	13	-----	F	1949	15919	Place-11
SMITH	Joseph	13	-----	M	1949	15970	Place-21
SMITH	Susan	13	-----	F	1949	16045	Place-19
SMITH	Jim	12	-----	M	1949	16282	Place-11
SMITH	Bob	12	-----	M	1949	16300	Place-6
SMITH	Sharon	12	-----	F	1949	16415	Place-28
SMITH	Sharon	11	-----	F	1949	16458	Place-8
SMITH	Sarah	11	-----	F	1949	16462	Place-24
SMITH	Suzanne	11	-----	F	1949	16494	Place-22
SMITH	Bob	9	-----	M	1949	17054	Place-13
SMITH	Joseph	9	-----	M	1949	17110	Place-0
SMITH	Sheila	9	-----	F	1949	17194	Place-2
SMITH	Susan	8	-----	F	1949	17320	Place-28
SMITH	Jenkins	8	-----	M	1949	17358	Place-14
SMITH	Selina	8	-----	F	1949	17378	Place-8
SMITH	Joseph	8	-----	M	1949	17398	Place-3
SMITH	Jenkins	8	-----	M	1949	17408	Place-19
SMITH	Seonaid	8	-----	F	1949	17462	Place-6
SMITH	Joseph	7	-----	M	1949	17677	Place-11
SMITH	Shawn	6	-----	M	1949	18018	Place-16
SMITH	Bob	6	-----	M	1949	18056	Place-7
SMITH	Joseph	5	-----	M	1949	18209	Place-6
SMITH	Joseph	5	-----	M	1949	18220	Place-5
SMITH	Joseph	5	-----	M	1949	18223	Place-0
SMITH	Paulo	4	-----	M	1949	18508	Place-14
SMITH	Sharon	4	-----	F	1949	18573	Place-1
SMITH	Sarah	4	-----	F	1949	18596	Place-6
SMITH	Bob	4	-----	M	1949	18601	Place-11
SMITH	Seonaid	3	-----	F	1949	18785	Place-4
SMITH	Joseph	3	-----	M	1949	18805	Place-5
SMITH	Sarah	3	-----	F	1949	18851	Place-16
SMITH	Sarah	3	-----	F	1949	18859	Place-1
SMITH	Briony	3	-----	F	1949	18980	Place-3
SMITH	Jacob	2	-----	M	1949	19108	Place-25
SMITH	Jim	2	-----	M	1949	19235	Place-17
SMITH	James	2	-----	M	1949	19281	Place-7
SMITH	Sarah	1	-----	F	1949	19348	Place-18
SMITH	Jacob	1	-----	M	1949	19349	Place-23
SMITH	Briony	1	-----	F	1949	19371	Place-5
SMITH	Jenkins	1	-----	M	1949	19376	Place-24
SMITH	Sarah	1	-----	F	1949	19396	Place-16
SMITH	Suzanne	1	-----	F	1949	19397	Place-20
SMITH	Suzanne	1	-----	F	1949	19399	Place-27
SMITH	Jenkins	1	-----	M	1949	19429	Place-29
SMITH	Briony	1	-----	F	1949	19437	Place-25
SMITH	Shawn	1	-----	M	1949	19447	Place-24
SMITH	Joseph	1	-----	M	1949	19449	Place-15
SMITH	Jim	1	-----	M	1949	19450	Place-20
SMITH	Susan	1	-----	F	1949	19455	Place-14
SMITH	Jenkins	1	-----	M	1949	19462	Place-21
SMITH	Paulo	1	-----	M	1949	19488	Place-18
SMITH	James	1	-----	M	1949	19491	Place-11
SMITH	Suzanne	1	-----	F	1949	19496	Place-21
SMITH	Seonaid	1	-----	F	1949	19506	Place-11
SMITH	Sharon	1	-----	F	1949	19515	Place-14
SMITH	Sheila	1	-----	F	1949	19518	Place-19
SMITH	Paulo	1	-----	M	1949	19527	Place-23
SMITH	Seonaid	1	-----	F	1949	19528	Place-5
SMITH	James	1	-----	M	1949	19531	Place-8
SMITH	Sarah	1	-----	F	1949	19552	Place-23
SMITH	Seonaid	1	-----	F	1949	19558	Place-29
SMITH	Sheila	1	-----	F	1949	19560	Place-4
SMITH	Joseph	1	-----	M	1949	19568	Place-27
SMITH	Suzanne	1	-----	F	1949	19569	Place-26
SMITH	Susan	1	-----	F	1949	19570	Place-29
SMITH	Selina	1	-----	F	1949	19575	Place-28
SMITH	Briony	1	-----	F	1949	19580	Place-17
SMITH	Susan	1	-----	F	1949	19588	Place-19
SMITH	Jacob	1	-----	M	1949	19589	Place-10
SMITH	Susan	1	-----	F	1949	19596	Place-23
SMITH	Jim	1	-----	M	1949	19603	Place-16
SMITH	Sarah	1	-----	F	1949	19605	Place-8
SMITH	Paulo	1	-----	M	1949	19616	Place-23
SMITH	Jim	1	-----	M	1949	19617	Place-22
SMITH	Sarah	1	-----	F	1949	19623	Place-2
SMITH	Sarah	0	-----	F	1949	19671	Place-22
SMITH	Susan	0	-----	F	1949	19676	Place-24
SMITH	Bob	0	-----	M	1949	19684	Place-7
SMITH	Bob	0	-----	M	1949	19686	Place-15
SMITH	Jacob	0	-----	M	1949	19690	Place-21
SMITH	Jim	0	-----	M	1949	19691	Place-9
SMITH	Suzanne	0	-----	F	1949	19698	Place-28
SMITH	Jacob	0	-----	M	1949	19703	Place-19
SMITH	Paulo	0	-----	M	1949	19705	Place-23
SMITH	Sheila	0	-----	F	1949	19717	Place-15
SMITH	Joseph	0	-----	M	1949	19718	Place-19
SMITH	Bob	0	-----	M	1949	19723	Place-9
SMITH	Sarah	0	-----	F	1949	19727	Place-10
SMITH	Jenkins	0	-----	M	1949	19732	Place-11
SMITH	Seonaid	0	-----	F	1949	19738	Place-10
SMITH	Paulo	0	-----	M	1949	19742	Place-17
SMITH	Shawn	0	-----	M	1949	19743	Place-9
SMITH	Jim	0	-----	M	1949	19744	Place-13
SMITH	Paulo	0	-----	M	1949	19747	Place-20
SMITH	Jacob	0	-----	M	1949	19750	Place-10
SMITH	James	0	-----	M	1949	19751	Place-9
SMITH	Susan	0	-----	F	1949	19752	Place-1
SMITH	Sharon	0	-----	F	1949	19756	Place-15
SMITH	Bob	0	-----	M	1949	19759	Place-12
SMITH	Joseph	0	-----	M	1949	19760	Place-29
SMITH	James	0	-----	M	1949	19761	Place-8
SMITH	Shawn	0	-----	M	1949	19762	Place-6
SMITH	Shawn	0	-----	M	1949	19763	Place-14
SMITH	Joseph	0	-----	M	1949	19770	Place-28
SMITH	Seonaid	0	-----	F	1949	19775	Place-23
SMITH	Paulo	0	-----	M	1949	19776	Place-9
SMITH	James	0	-----	M	1949	19784	Place-16
SMITH	Seonaid	0	-----	F	1949	19793	Place-12
SMITH	Paulo	0	-----	M	1949	19794	Place-11
SMITH	Paulo	0	-----	M	1949	19796	Place-17
SMITH	Susan	0	-----	F	1949	19798	Place-19
SMITH	Selina	0	-----	F	1949	19802	Place-20
SMITH	Briony	0	-----	F	1949	19804	Place-22
SMITH	Shawn	0	-----	M	1949	19806	Place-15
SMITH	Sheila	0	-----	F	1949	19810	Place-28
SMITH	Jim	0	-----	M	1949	19814	Place-22
SMITH	James	0	-----	M	1949	19826	Place-22
SMITH	Sheila	0	-----	F	1949	19827	Place-9
SMITH	Jim	0	-----	M	1949	19828	Place-11
SMITH	Bob	0	-----	M	1949	19835	Place-1
SMITH	Sarah	0	-----	F	1949	19840	Place-24
SMITH	Seonaid	0	-----	F	1949	19846	Place-5
SMITH	Susan	0	-----	F	1949	19847	Place-6
SMITH	Paulo	0	-----	M	1949	19854	Place-12
SMITH	Sharon	0	-----	F	1949	19857	Place-13
SMITH	Jim	0	-----	M	1949	19863	Place-29
SMITH	Jacob	0	-----	M	1949	19864	Place-20
SMITH	Seonaid	0	-----	F	1949	19868	Place-4
SMITH	Joseph	0	-----	M	1949	19870	Place-4
SMITH	Selina	0	-----	F	1949	19874	Place-29
SMITH	Sharon	0	-----	F	1949	19878	Place-16
SMITH	Bob	0	-----	M	1949	19883	Place-23
SMITH	Jenkins	0	-----	M	1949	19890	Place-27
SMITH	Suzanne	0	-----	F	1949	19891	Place-10
SMITH	Sheila	0	-----	F	1949	19894	Place-20
SMITH	Joseph	0	-----	M	1949	19911	Place-8
SMITH	Jim	0	-----	M	1949	19915	Place-13
SMITH	Jacob	0	-----	M	1949	19916	Place-20
SMITH	Jim	0	-----	M	1949	19920	Place-29
SMITH	Sarah	0	-----	F	1949	19922	Place-3
SMITH	Jacob	0	-----	M	1949	19927	Place-28
SMITH	Susan	0	-----	F	1949	19935	Place-27
SMITH	Briony	0	-----	F	1949	19943	Place-28
SMITH	Sarah	0	-----	F	1949	19946	Place-5
SMITH	Selina	0	-----	F	1949	19947	Place-0
SMITH	Sharon	57	-----	F	1950	19959	Place-2
SMITH	Suzanne	55	-----	F	1950	19972	Place-22
SMITH	Paulo	33	-----	M	1950	11907	Place-11
SMITH	Bob	39	-----	M	1950	10954	Place-0
SMITH	Sharon	21	-----	F	1950	14330	Place-13
SMITH	Shawn	27	-----	M	1950	13185	Place-25
SMITH	Seonaid	58	-----	F	1950	8065	Place-2
SMITH	Joseph	53	-----	M	1950	8751	Place-6
SMITH	Joseph	59	-----	M	1950	7921	Place-9
SMITH	Jenkins	26	-----	M	1950	13268	Place-13
SMITH	Paulo	22	-----	M	1950	14180	Place-28
SMITH	Bob	19	-----	M	1950	14830	Place-12
SMITH	Selina	1	-----	F	1950	19785	Place-23
SMITH	Susan	55	-----	F	1950	19629	Place-29
SMITH	Selina	55	-----	F	1950	19655	Place-19
SMITH	Sarah	22	-----	F	1950	19664	Place-0
SMITH	Bob	55	-----	M	1950	8406	Place-29
SMITH	Sarah	58	-----	F	1950	15876	Place-12
SMITH	Joseph	27	-----	M	1950	13035	Place-24
SMITH	Jacob	55	-----	M	1950	8469	Place-29
SMITH	Suzanne	19	-----	F	1950	14785	Place-9
SMITH	Bob	12	-----	M	1950	16589	Place-24
SMITH	Joseph	2	-----	M	1950	19404	Place-8
SMITH	Sarah	50	-----	F	1950	9104	Place-5
SMITH	Sheila	39	-----	F	1950	10910	Place-18
SMITH	Briony	55	-----	F	1950	11509	Place-24
SMITH	Shawn	25	-----	M	1950	13626	Place-25
SMITH	Seonaid	4	-----	F	1950	18910	Place-25
SMITH	Sharon	55	-----	F	1950	19028	Place-3
SMITH	Jacob	29	-----	M	1950	12785	Place-18
SMITH	Joseph	55	-----	M	1950	8453	Place-6
SMITH	Bob	24	-----	M	1950	13782	Place-0
SMITH	Jenkins	56	-----	M	1950	8286	Place-23
SMITH	Suzanne	55	-----	F	1950	17580	Place-3
SMITH	Briony	21	-----	F	1950	14389	Place-9
SMITH	Briony	27	-----	F	1950	18457	Place-25
SMITH	Susan	37	-----	F	1950	18463	Place-14
SMITH	Suzanne	57	-----	F	1950	18479	Place-21
SMITH	Seonaid	56	-----	F	1950	17280	Place-25
SMITH	Paulo	55	-----	M	1950	8459	Place-1
SMITH	Sarah	36	-----	F	1950	11360	Place-0
SMITH	Selina	29	-----	F	1950	12608	Place-1
SMITH	James	16	-----	M	1950	15590	Place-0
SMITH	Sheila	48	-----	F	1950	18181	Place-4
SMITH	Jacob	55	-----	M	1950	8408	Place-22
SMITH	Selina	33	-----	F	1950	11978	Place-9
SMITH	Seonaid	55	-----	F	1950	16986	Place-5
SMITH	Sharon	56	-----	F	1950	13219	Place-12
SMITH	James	13	-----	M	1950	16238	Place-16
SMITH	Selina	50	-----	F	1950	17584	Place-2
SMITH	Briony	57	-----	F	1950	17589	Place-28
SMITH	Susan	58	-----	F	1950	7987	Place-0
SMITH	Jenkins	35	-----	M	1950	11567	Place-24
SMITH	Joseph	56	-----	M	1950	8319	Place-5
SMITH	Shawn	38	-----	M	1950	11125	Place-14
SMITH	Bob	41	-----	M	1950	10564	Place-1
SMITH	Bob	57	-----	M	1950	8196	Place-29
SMITH	Sheila	12	-----	F	1950	16507	Place-21
SMITH	Sharon	57	-----	F	1950	16426	Place-21
SMITH	Sheila	60	-----	F	1950	16158	Place-1
SMITH	Bob	55	-----	M	1950	8395	Place-20
SMITH	Bob	41	-----	M	1950	10545	Place-13
SMITH	Bob	61	-----	M	1950	7614	Place-19
SMITH	Shawn	41	-----	M	1950	10594	Place-19
SMITH	Bob	37	-----	M	1950	11190	Place-3
SMITH	James	33	-----	M	1950	12033	Place-22
SMITH	Susan	32	-----	F	1950	12146	Place-26
SMITH	Sharon	30	-----	F	1950	12496	Place-25
SMITH	Joseph	29	-----	M	1950	12622	Place-19
SMITH	Selina	29	-----	F	1950	12668	Place-10
SMITH	Selina	22	-----	F	1950	14203	Place-18
SMITH	Sheila	21	-----	F	1950	14314	Place-25
SMITH	Selina	21	-----	F	1950	14446	Place-26
SMITH	Bob	19	-----	M	1950	14701	Place-7
SMITH	Bob	19	-----	M	1950	14718	Place-12
SMITH	Shawn	19	-----	M	1950	14795	Place-0
SMITH	Jim	18	-----	M	1950	14936	Place-3
SMITH	Jacob	18	-----	M	1950	14948	Place-15
SMITH	Suzanne	18	-----	F	1950	15021	Place-29
SMITH	Sharon	17	-----	F	1950	15171	Place-21
SMITH	Shawn	16	-----	M	1950	15461	Place-27
SMITH	James	16	-----	M	1950	15515	Place-2
SMITH	Jim	15	-----	M	1950	15676	Place-19
SMITH	Paulo	15	-----	M	1950	15742	Place-27
SMITH	Sheila	14	-----	F	1950	16107	Place-28
SMITH	Jim	13	-----	M	1950	16275	Place-25
SMITH	Suzanne	13	-----	F	1950	16285	Place-26
SMITH	Jenkins	13	-----	M	1950	16397	Place-14
SMITH	Jenkins	12	-----	M	1950	16513	Place-21
SMITH	Seonaid	11	-----	F	1950	16816	Place-20
SMITH	Sharon	11	-----	F	1950	16826	Place-28
SMITH	Jacob	11	-----	M	1950	16944	Place-13
SMITH	Suzanne	11	-----	F	1950	16954	Place-28
SMITH	Jenkins	8	-----	M	1950	17702	Place-26
SMITH	Paulo	8	-----	M	1950	17789	Place-7
SMITH	Jim	7	-----	M	1950	17906	Place-19
SMITH	Paulo	7	-----	M	1950	17975	Place-25
SMITH	Joseph	7	-----	M	1950	18126	Place-29
SMITH	James	7	-----	M	1950	18160	Place-22
SMITH	Bob	6	-----	M	1950	18304	Place-29
SMITH	Jim	4	-----	M	1950	18810	Place-24
SMITH	Selina	4	-----	F	1950	18908	Place-23
SMITH	Shawn	4	-----	M	1950	18938	Place-4
SMITH	Joseph	3	-----	M	1950	19147	Place-9
SMITH	Sharon	3	-----	F	1950	19167	Place-21
SMITH	Sheila	3	-----	F	1950	19226	Place-4
SMITH	Susan	3	-----	F	1950	19298	Place-9
SMITH	Jenkins	2	-----	M	1950	19402	Place-18
SMITH	Seonaid	2	-----	F	1950	19453	Place-6
SMITH	Seonaid	2	-----	F	1950	19461	Place-13
SMITH	Sheila	2	-----	F	1950	19525	Place-21
SMITH	Suzanne	1	-----	F	1950	19666	Place-14
SMITH	Susan	1	-----	F	1950	19669	Place-28
SMITH	Sharon	1	-----	F	1950	19687	Place-2
SMITH	Sarah	1	-----	F	1950	19701	Place-18
SMITH	Susan	1	-----	F	1950	19708	Place-5
SMITH	Suzanne	1	-----	F	1950	19710	Place-12
SMITH	Joseph	1	-----	M	1950	19713	Place-24
SMITH	Bob	1	-----	M	1950	19714	Place-18
SMITH	Jenkins	1	-----	M	1950	19715	Place-27
SMITH	Susan	1	-----	F	1950	19719	Place-23
SMITH	Jim	1	-----	M	1950	19721	Place-5
SMITH	James	1	-----	M	1950	19726	Place-6
SMITH	James	1	-----	M	1950	19728	Place-7
SMITH	Bob	1	-----	M	1950	19754	Place-11
SMITH	Susan	1	-----	F	1950	19765	Place-14
SMITH	Briony	1	-----	F	1950	19768	Place-9
SMITH	Shawn	1	-----	M	1950	19780	Place-26
SMITH	Jim	1	-----	M	1950	19799	Place-28
SMITH	Sharon	1	-----	F	1950	19808	Place-0
SMITH	Paulo	1	-----	M	1950	19829	Place-21
SMITH	Joseph	1	-----	M	1950	19837	Place-7
SMITH	Bob	1	-----	M	1950	19843	Place-5
SMITH	Seonaid	1	-----	F	1950	19851	Place-14
SMITH	Susan	1	-----	F	1950	19853	Place-13
SMITH	Briony	1	-----	F	1950	19855	Place-28
SMITH	Sarah	1	-----	F	1950	19865	Place-0
SMITH	Bob	1	-----	M	1950	19869	Place-7
SMITH	Seonaid	1	-----	F	1950	19886	Place-9
SMITH	Bob	1	-----	M	1950	19892	Place-17
SMITH	Joseph	1	-----	M	1950	19895	Place-23
SMITH	Selina	1	-----	F	1950	19901	Place-8
SMITH	Jenkins	1	-----	M	1950	19905	Place-9
SMITH	Paulo	1	-----	M	1950	19917	Place-19
SMITH	Bob	1	-----	M	1950	19923	Place-8
SMITH	Joseph	1	-----	M	1950	19924	Place-14
SMITH	Shawn	1	-----	M	1950	19931	Place-12
SMITH	Jacob	1	-----	M	1950	19933	Place-0
SMITH	Sharon	1	-----	F	1950	19936	Place-3
SMITH	Joseph	1	-----	M	1950	19940	Place-6
SMITH	Briony	1	-----	F	1950	19941	Place-8
SMITH	Sarah	0	-----	F	1950	20008	Place-18
SMITH	Selina	0	-----	F	1950	20018	Place-21
SMITH	Seonaid	0	-----	F	1950	20019	Place-1
SMITH	Suzanne	0	-----	F	1950	20021	Place-10
SMITH	Jacob	0	-----	M	1950	20023	Place-19
SMITH	Sharon	0	-----	F	1950	20030	Place-21
SMITH	Sarah	0	-----	F	1950	20034	Place-1
SMITH	Paulo	0	-----	M	1950	20037	Place-2
SMITH	Suzanne	0	-----	F	1950	20045	Place-26
SMITH	James	0	-----	M	1950	20047	Place-23
SMITH	Selina	0	-----	F	1950	20048	Place-16
SMITH	James	0	-----	M	1950	20054	Place-12
SMITH	Joseph	0	-----	M	1950	20055	Place-9
SMITH	Selina	0	-----	F	1950	20057	Place-19
SMITH	Paulo	0	-----	M	1950	20060	Place-11
SMITH	Sharon	0	-----	F	1950	20064	Place-18
SMITH	Sharon	0	-----	F	1950	20074	Place-21
SMITH	Sharon	0	-----	F	1950	20075	Place-18
SMITH	Sheila	0	-----	F	1950	20082	Place-20
SMITH	Bob	0	-----	M	1950	20083	Place-3
SMITH	Seonaid	0	-----	F	1950	20088	Place-9
SMITH	James	0	-----	M	1950	20091	Place-2
SMITH	Jenkins	0	-----	M	1950	20092	Place-20
SMITH	Jenkins	0	-----	M	1950	20098	Place-10
SMITH	Jim	0	-----	M	1950	20105	Place-19
SMITH	Sarah	0	-----	F	1950	20109	Place-18
SMITH	Sarah	0	-----	F	1950	20120	Place-21
SMITH	Bob	0	-----	M	1950	20124	Place-28
SMITH	Paulo	0	-----	M	1950	20128	Place-14
SMITH	Shawn	0	-----	M	1950	20131	Place-1
SMITH	Jenkins	0	-----	M	1950	20133	Place-15
SMITH	Sharon	0	-----	F	1950	20134	Place-15
SMITH	Joseph	0	-----	M	1950	20139	Place-28
SMITH	Suzanne	0	-----	F	1950	20155	Place-15
SMITH	Suzanne	0	-----	F	1950	20156	Place-16
SMITH	Susan	0	-----	F	1950	20157	Place-3
SMITH	Sheila	0	-----	F	1950	20162	Place-11
SMITH	Shawn	0	-----	M	1950	20179	Place-10
SMITH	Paulo	0	-----	M	1950	20187	Place-6
SMITH	Sheila	0	-----	F	1950	20188	Place-15
SMITH	Shawn	0	-----	M	1950	20192	Place-0
SMITH	Sheila	0	-----	F	1950	20195	Place-27
SMITH	Paulo	0	-----	M	1950	20203	Place-0
SMITH	Jacob	0	-----	M	1950	20204	Place-27
SMITH	Seonaid	0	-----	F	1950	20206	Place-4
SMITH	Sharon	0	-----	F	1950	20214	Place-6
SMITH	Jenkins	0	-----	M	1950	20215	Place-17
SMITH	Jacob	0	-----	M	1950	20217	Place-17
SMITH	Briony	0	-----	F	1950	20223	Place-29
SMITH	Sarah	0	-----	F	1950	20227	Place-8
SMITH	Jim	0	-----	M	1950	20233	Place-10
SMITH	Susan	0	-----	F	1950	20246	Place-5
SMITH	Seonaid	0	-----	F	1950	20255	Place-28
SMITH	Joseph	0	-----	M	1950	20262	Place-23
SMITH	Selina	0	-----	F	1950	20263	Place-23
SMITH	Jim	0	-----	M	1950	20264	Place-4
SMITH	Briony	31	-----	F	1951	20265	Place-14
SMITH	James	40	-----	M	1951	10942	Place-28
SMITH	Sharon	29	-----	F	1951	12876	Place-3
SMITH	Sheila	61	-----	F	1951	19311	Place-9
SMITH	Jacob	27	-----	M	1951	13378	Place-29
SMITH	Briony	45	-----	F	1951	10112	Place-7
SMITH	Briony	59	-----	F	1951	17581	Place-22
SMITH	Jenkins	33	-----	M	1951	12161	Place-4
SMITH	Seonaid	58	-----	F	1951	8247	Place-12
SMITH	James	49	-----	M	1951	9525	Place-7
SMITH	Jim	56	-----	M	1951	8467	Place-16
SMITH	Jacob	57	-----	M	1951	8364	Place-12
SMITH	Bob	59	-----	M	1951	8009	Place-11
SMITH	Jenkins	1	-----	M	1951	20182	Place-24
SMITH	Jim	33	-----	M	1951	12159	Place-0
SMITH	Sarah	41	-----	F	1951	14678	Place-14
SMITH	Sharon	62	-----	F	1951	19658	Place-19
SMITH	Seonaid	56	-----	F	1951	13648	Place-7
SMITH	Briony	59	-----	F	1951	7983	Place-12
SMITH	Seonaid	43	-----	F	1951	10488	Place-21
SMITH	Sheila	55	-----	F	1951	19303	Place-23
SMITH	Jim	43	-----	M	1951	10420	Place-13
SMITH	Bob	36	-----	M	1951	11606	Place-15
SMITH	Joseph	57	-----	M	1951	8293	Place-2
SMITH	Sharon	58	-----	F	1951	8223	Place-21
SMITH	Jacob	57	-----	M	1951	8305	Place-14
SMITH	Sheila	22	-----	F	1951	14433	Place-21
SMITH	Sharon	48	-----	F	1951	9668	Place-9
SMITH	Sheila	56	-----	F	1951	16713	Place-28
SMITH	Shawn	27	-----	M	1951	13402	Place-14
SMITH	Bob	6	-----	M	1951	18547	Place-22
SMITH	Shawn	61	-----	M	1951	7798	Place-1
SMITH	Sharon	22	-----	F	1951	14303	Place-15
SMITH	Bob	26	-----	M	1951	13482	Place-29
SMITH	Jenkins	36	-----	M	1951	11541	Place-24
SMITH	Jenkins	25	-----	M	1951	13756	Place-28
SMITH	Jim	36	-----	M	1951	11523	Place-25
SMITH	Sharon	56	-----	F	1951	11334	Place-16
SMITH	Jenkins	61	-----	M	1951	7711	Place-13
SMITH	Jenkins	26	-----	M	1951	13494	Place-7
SMITH	Jim	26	-----	M	1951	13521	Place-26
SMITH	Paulo	44	-----	M	1951	10234	Place-19
SMITH	Jacob	57	-----	M	1951	8312	Place-18
SMITH	Briony	57	-----	F	1951	14458	Place-12
SMITH	James	30	-----	M	1951	12634	Place-7
SMITH	Selina	35	-----	F	1951	11783	Place-19
SMITH	Jim	18	-----	M	1951	15163	Place-19
SMITH	Suzanne	65	-----	F	1951	12250	Place-3
SMITH	Sheila	38	-----	F	1951	16433	Place-1
SMITH	Susan	55	-----	F	1951	8641	Place-15
SMITH	Sheila	69	-----	F	1951	9547	Place-2
SMITH	Susan	17	-----	F	1951	15588	Place-13
SMITH	Selina	44	-----	F	1951	15638	Place-4
SMITH	Susan	53	-----	F	1951	14029	Place-19
SMITH	James	52	-----	M	1951	9017	Place-25
SMITH	Jim	40	-----	M	1951	10965	Place-14
SMITH	Bob	31	-----	M	1951	12497	Place-0
SMITH	Sharon	27	-----	F	1951	13383	Place-25
SMITH	Sheila	24	-----	F	1951	13899	Place-12
SMITH	Jenkins	20	-----	M	1951	14766	Place-12
SMITH	Joseph	19	-----	M	1951	15030	Place-1
SMITH	Selina	18	-----	F	1951	15288	Place-18
SMITH	Jim	17	-----	M	1951	15539	Place-6
SMITH	Shawn	16	-----	M	1951	15821	Place-9
SMITH	Jacob	16	-----	M	1951	15824	Place-13
SMITH	Selina	15	-----	F	1951	15917	Place-27
SMITH	Jenkins	15	-----	M	1951	15971	Place-9
SMITH	Suzanne	15	-----	F	1951	16115	Place-22
SMITH	Joseph	14	-----	M	1951	16330	Place-9
SMITH	Shawn	14	-----	M	1951	16370	Place-8
SMITH	Joseph	13	-----	M	1951	16587	Place-5
SMITH	Jacob	13	-----	M	1951	16601	Place-24
SMITH	Jacob	12	-----	M	1951	16856	Place-15
SMITH	Seonaid	11	-----	F	1951	17071	Place-24
SMITH	Briony	11	-----	F	1951	17078	Place-20
SMITH	Sharon	11	-----	F	1951	17081	Place-9
SMITH	Seonaid	11	-----	F	1951	17086	Place-16
SMITH	Susan	11	-----	F	1951	17209	Place-19
SMITH	James	11	-----	M	1951	17210	Place-11
SMITH	Jim	10	-----	M	1951	17321	Place-0
SMITH	Jenkins	10	-----	M	1951	17505	Place-15
SMITH	Seonaid	9	-----	F	1951	17720	Place-24
SMITH	Seonaid	9	-----	F	1951	17759	Place-18
SMITH	Jenkins	9	-----	M	1951	17771	Place-18
SMITH	Joseph	9	-----	M	1951	17795	Place-16
SMITH	Sharon	9	-----	F	1951	17832	Place-29
SMITH	Joseph	8	-----	M	1951	18020	Place-26
SMITH	Selina	8	-----	F	1951	18071	Place-7
SMITH	Bob	8	-----	M	1951	18088	Place-4
SMITH	Seonaid	7	-----	F	1951	18307	Place-15
SMITH	Jacob	7	-----	M	1951	18321	Place-19
SMITH	Susan	7	-----	F	1951	18422	Place-15
SMITH	Briony	6	-----	F	1951	18543	Place-5
SMITH	Joseph	5	-----	M	1951	18776	Place-19
SMITH	Jenkins	5	-----	M	1951	18862	Place-3
SMITH	Paulo	5	-----	M	1951	18898	Place-7
SMITH	Sheila	4	-----	F	1951	19118	Place-18
SMITH	Joseph	4	-----	M	1951	19246	Place-29
SMITH	Jim	3	-----	M	1951	19354	Place-3
SMITH	Bob	3	-----	M	1951	19384	Place-8
SMITH	Seonaid	3	-----	F	1951	19543	Place-28
SMITH	Briony	3	-----	F	1951	19555	Place-3
SMITH	Jenkins	3	-----	M	1951	19601	Place-10
SMITH	Joseph	3	-----	M	1951	19607	Place-4
SMITH	Suzanne	2	-----	F	1951	19679	Place-19
SMITH	Sheila	2	-----	F	1951	19749	Place-23
SMITH	Briony	2	-----	F	1951	19811	Place-19
SMITH	Paulo	2	-----	M	1951	19825	Place-10
SMITH	Paulo	2	-----	M	1951	19834	Place-27
SMITH	Shawn	2	-----	M	1951	19842	Place-16
SMITH	Sheila	2	-----	F	1951	19866	Place-29
SMITH	Jim	2	-----	M	1951	19881	Place-17
SMITH	Jenkins	1	-----	M	1951	19999	Place-28
SMITH	Selina	1	-----	F	1951	20000	Place-0
SMITH	James	1	-----	M	1951	20003	Place-1
SMITH	Seonaid	1	-----	F	1951	20011	Place-16
SMITH	Selina	1	-----	F	1951	20013	Place-26
SMITH	Jim	1	-----	M	1951	20014	Place-13
SMITH	James	1	-----	M	1951	20015	Place-4
SMITH	Paulo	1	-----	M	1951	20020	Place-27
SMITH	Seonaid	1	-----	F	1951	20032	Place-15
SMITH	Jacob	1	-----	M	1951	20035	Place-18
SMITH	Briony	1	-----	F	1951	20040	Place-12
SMITH	Joseph	1	-----	M	1951	20044	Place-29
SMITH	James	1	-----	M	1951	20046	Place-29
SMITH	Shawn	1	-----	M	1951	20069	Place-19
SMITH	Jim	1	-----	M	1951	20080	Place-22
SMITH	Selina	1	-----	F	1951	20084	Place-25
SMITH	Shawn	1	-----	M	1951	20090	Place-5
SMITH	Briony	1	-----	F	1951	20097	Place-18
SMITH	Bob	1	-----	M	1951	20101	Place-10
SMITH	Jenkins	1	-----	M	1951	20108	Place-10
SMITH	Seonaid	1	-----	F	1951	20111	Place-0
SMITH	Jim	1	-----	M	1951	20118	Place-22
SMITH	Sharon	1	-----	F	1951	20119	Place-28
SMITH	Joseph	1	-----	M	1951	20129	Place-24
SMITH	James	1	-----	M	1951	20143	Place-15
SMITH	Briony	1	-----	F	1951	20146	Place-13
SMITH	Seonaid	1	-----	F	1951	20150	Place-5
SMITH	Jim	1	-----	M	1951	20158	Place-6
SMITH	Sharon	1	-----	F	1951	20175	Place-7
SMITH	Suzanne	1	-----	F	1951	20180	Place-1
SMITH	Paulo	1	-----	M	1951	20186	Place-19
SMITH	Shawn	1	-----	M	1951	20189	Place-23
SMITH	Paulo	1	-----	M	1951	20194	Place-26
SMITH	Sheila	1	-----	F	1951	20199	Place-23
SMITH	Suzanne	1	-----	F	1951	20207	Place-16
SMITH	James	1	-----	M	1951	20222	Place-5
SMITH	Shawn	1	-----	M	1951	20229	Place-19
SMITH	Sarah	1	-----	F	1951	20235	Place-16
SMITH	Suzanne	1	-----	F	1951	20242	Place-29
SMITH	Sheila	1	-----	F	1951	20249	Place-0
SMITH	Sharon	1	-----	F	1951	20261	Place-9
SMITH	Suzanne	0	-----	F	1951	20302	Place-3
SMITH	James	0	-----	M	1951	20305	Place-2
SMITH	Seonaid	0	-----	F	1951	20311	Place-16
SMITH	Jim	0	-----	M	1951	20314	Place-1
SMITH	Sharon	0	-----	F	1951	20319	Place-15
SMITH	Jim	0	-----	M	1951	20324	Place-21
SMITH	Jenkins	0	-----	M	1951	20326	Place-7
SMITH	Susan	0	-----	F	1951	20340	Place-26
SMITH	Shawn	0	-----	M	1951	20344	Place-20
SMITH	Bob	0	-----	M	1951	20345	Place-11
SMITH	Sarah	0	-----	F	1951	20350	Place-17
SMITH	Sheila	0	-----	F	1951	20356	Place-9
SMITH	Joseph	0	-----	M	1951	20359	Place-3
SMITH	Susan	0	-----	F	1951	20360	Place-14
SMITH	Shawn	0	-----	M	1951	20361	Place-0
SMITH	Jacob	0	-----	M	1951	20370	Place-18
SMITH	Susan	0	-----	F	1951	20374	Place-18
SMITH	Sharon	0	-----	F	1951	20375	Place-6
SMITH	Jacob	0	-----	M	1951	20376	Place-24
SMITH	Jacob	0	-----	M	1951	20377	Place-8
SMITH	Jim	0	-----	M	1951	20379	Place-1
SMITH	Jenkins	0	-----	M	1951	20380	Place-2
SMITH	Selina	0	-----	F	1951	20383	Place-28
SMITH	Jacob	0	-----	M	1951	20390	Place-28
SMITH	Selina	0	-----	F	1951	20399	Place-22
SMITH	Sarah	0	-----	F	1951	20407	Place-9
SMITH	Susan	0	-----	F	1951	20411	Place-21
SMITH	Jenkins	0	-----	M	1951	20425	Place-22
SMITH	Shawn	0	-----	M	1951	20427	Place-9
SMITH	Suzanne	0	-----	F	1951	20428	Place-15
SMITH	Jim	0	-----	M	1951	20437	Place-16
SMITH	Jenkins	0	-----	M	1951	20441	Place-7
SMITH	Sheila	0	-----	F	1951	20442	Place-18
SMITH	Shawn	0	-----	M	1951	20447	Place-28
SMITH	Seonaid	0	-----	F	1951	20451	Place-14
SMITH	Jenkins	0	-----	M	1951	20461	Place-12
SMITH	Shawn	0	-----	M	1951	20464	Place-6
SMITH	Sharon	0	-----	F	1951	20476	Place-21
SMITH	Shawn	0	-----	M	1951	20478	Place-19
SMITH	Sarah	0	-----	F	1951	20489	Place-29
SMITH	Shawn	0	-----	M	1951	20495	Place-17
SMITH	Paulo	0	-----	M	1951	20496	Place-9
SMITH	Shawn	0	-----	M	1951	20500	Place-11
SMITH	Jacob	0	-----	M	1951	20503	Place-26
SMITH	Jacob	0	-----	M	1951	20507	Place-17
SMITH	Joseph	0	-----	M	1951	20509	Place-13
SMITH	Selina	0	-----	F	1951	20538	Place-23
SMITH	James	0	-----	M	1951	20542	Place-24
SMITH	Jacob	0	-----	M	1951	20553	Place-0
SMITH	Jenkins	0	-----	M	1951	20554	Place-9
SMITH	Jenkins	0	-----	M	1951	20564	Place-2
SMITH	Sheila	0	-----	F	1951	20567	Place-21
SMITH	Briony	55	-----	F	1952	19979	Place-9
SMITH	Jim	57	-----	M	1952	8468	Place-5
SMITH	Sharon	48	-----	F	1952	18747	Place-15
SMITH	James	41	-----	M	1952	10832	Place-5
SMITH	Shawn	59	-----	M	1952	8236	Place-14
SMITH	Sarah	37	-----	F	1952	11649	Place-22
SMITH	Sharon	24	-----	F	1952	14065	Place-12
SMITH	Shawn	28	-----	M	1952	13379	Place-3
SMITH	James	55	-----	M	1952	8768	Place-16
SMITH	Selina	38	-----	F	1952	11492	Place-9
SMITH	Seonaid	45	-----	F	1952	10239	Place-16
SMITH	Briony	25	-----	F	1952	13928	Place-8
SMITH	Selina	21	-----	F	1952	14680	Place-1
SMITH	Selina	19	-----	F	1952	15273	Place-4
SMITH	Suzanne	14	-----	F	1952	16605	Place-6
SMITH	Sharon	30	-----	F	1952	12979	Place-5
SMITH	Sharon	57	-----	F	1952	17286	Place-21
SMITH	Shawn	38	-----	M	1952	11439	Place-11
SMITH	Sarah	51	-----	F	1952	19964	Place-13
SMITH	Sheila	22	-----	F	1952	19997	Place-28
SMITH	Paulo	40	-----	M	1952	11104	Place-17
SMITH	Shawn	20	-----	M	1952	15018	Place-29
SMITH	Briony	20	-----	F	1952	15088	Place-1
SMITH	Sheila	15	-----	F	1952	16351	Place-22
SMITH	Seonaid	48	-----	F	1952	9814	Place-1
SMITH	Briony	59	-----	F	1952	18179	Place-10
SMITH	Susan	58	-----	F	1952	13204	Place-9
SMITH	Sarah	26	-----	F	1952	13727	Place-23
SMITH	Jacob	58	-----	M	1952	8365	Place-12
SMITH	Joseph	43	-----	M	1952	10526	Place-29
SMITH	Bob	59	-----	M	1952	8172	Place-2
SMITH	Bob	47	-----	M	1952	9874	Place-19
SMITH	Susan	23	-----	F	1952	14261	Place-22
SMITH	Bob	21	-----	M	1952	14749	Place-26
SMITH	Suzanne	57	-----	F	1952	19037	Place-19
SMITH	Bob	54	-----	M	1952	8892	Place-7
SMITH	Susan	50	-----	F	1952	15124	Place-26
SMITH	Jenkins	36	-----	M	1952	11755	Place-25
SMITH	Sarah	56	-----	F	1952	18745	Place-6
SMITH	Sarah	30	-----	F	1952	18772	Place-9
SMITH	Briony	35	-----	F	1952	18178	Place-27
SMITH	Jacob	41	-----	M	1952	10931	Place-18
SMITH	Sharon	50	-----	F	1952	15625	Place-6
SMITH	Briony	55	-----	F	1952	15634	Place-7
SMITH	Sheila	40	-----	F	1952	11001	Place-3
SMITH	Sheila	50	-----	F	1952	9417	Place-29
SMITH	Joseph	26	-----	M	1952	13750	Place-22
SMITH	Sarah	46	-----	F	1952	17873	Place-24
SMITH	Joseph	56	-----	M	1952	8551	Place-15
SMITH	Briony	59	-----	F	1952	12816	Place-15
SMITH	Bob	31	-----	M	1952	12804	Place-12
SMITH	Joseph	56	-----	M	1952	8619	Place-20
SMITH	Suzanne	9	-----	F	1952	18076	Place-22
SMITH	Joseph	55	-----	M	1952	8691	Place-20
SMITH	Suzanne	39	-----	F	1952	11247	Place-19
SMITH	Selina	57	-----	F	1952	17294	Place-12
SMITH	Suzanne	31	-----	F	1952	16984	Place-13
SMITH	Joseph	34	-----	M	1952	12186	Place-20
SMITH	Jim	58	-----	M	1952	8282	Place-16
SMITH	Suzanne	15	-----	F	1952	16380	Place-25
SMITH	James	30	-----	M	1952	12920	Place-28
SMITH	Sheila	55	-----	F	1952	14677	Place-19
SMITH	Joseph	56	-----	M	1952	8618	Place-20
SMITH	Briony	54	-----	F	1952	15394	Place-7
SMITH	Sarah	55	-----	F	1952	14017	Place-25
SMITH	Jim	42	-----	M	1952	10806	Place-17
SMITH	Susan	58	-----	F	1952	8326	Place-17
SMITH	Jim	40	-----	M	1952	11045	Place-6
SMITH	Selina	36	-----	F	1952	11702	Place-29
SMITH	Jenkins	27	-----	M	1952	13602	Place-17
SMITH	Sharon	26	-----	F	1952	13776	Place-13
SMITH	Joseph	25	-----	M	1952	13930	Place-22
SMITH	Jacob	23	-----	M	1952	14457	Place-3
SMITH	Bob	20	-----	M	1952	14934	Place-22
SMITH	Jim	19	-----	M	1952	15352	Place-19
SMITH	Sarah	18	-----	F	1952	15425	Place-6
SMITH	Jim	18	-----	M	1952	15534	Place-26
SMITH	Selina	17	-----	F	1952	15728	Place-17
SMITH	Seonaid	17	-----	F	1952	15782	Place-27
SMITH	Paulo	16	-----	M	1952	16005	Place-1
SMITH	Jacob	15	-----	M	1952	16181	Place-7
SMITH	Briony	15	-----	F	1952	16223	Place-4
SMITH	Sarah	14	-----	F	1952	16568	Place-5
SMITH	Bob	14	-----	M	1952	16660	Place-9
SMITH	Briony	13	-----	F	1952	16737	Place-17
SMITH	Paulo	13	-----	M	1952	16744	Place-7
SMITH	Joseph	13	-----	M	1952	16792	Place-21
SMITH	Seonaid	12	-----	F	1952	17051	Place-19
SMITH	Bob	12	-----	M	1952	17243	Place-8
SMITH	Susan	11	-----	F	1952	17405	Place-29
SMITH	Jim	10	-----	M	1952	17812	Place-23
SMITH	Suzanne	9	-----	F	1952	17965	Place-9
SMITH	Briony	9	-----	F	1952	18014	Place-14
SMITH	Sharon	8	-----	F	1952	18224	Place-27
SMITH	Sarah	8	-----	F	1952	18280	Place-3
SMITH	Jacob	8	-----	M	1952	18302	Place-24
SMITH	Selina	8	-----	F	1952	18308	Place-1
SMITH	Suzanne	7	-----	F	1952	18541	Place-18
SMITH	Sarah	7	-----	F	1952	18544	Place-17
SMITH	Sarah	7	-----	F	1952	18710	Place-25
SMITH	Sarah	6	-----	F	1952	18832	Place-26
SMITH	Susan	6	-----	F	1952	18983	Place-19
SMITH	Bob	5	-----	M	1952	19047	Place-18
SMITH	Sheila	5	-----	F	1952	19081	Place-5
SMITH	Jim	5	-----	M	1952	19206	Place-19
SMITH	Suzanne	4	-----	F	1952	19428	Place-4
SMITH	James	4	-----	M	1952	19546	Place-16
SMITH	Briony	4	-----	F	1952	19608	Place-6
SMITH	Jim	3	-----	M	1952	19779	Place-9
SMITH	James	3	-----	M	1952	19787	Place-27
SMITH	Paulo	3	-----	M	1952	19871	Place-7
SMITH	Bob	3	-----	M	1952	19903	Place-19
SMITH	Briony	2	-----	F	1952	20159	Place-24
SMITH	Susan	1	-----	F	1952	20306	Place-12
SMITH	Seonaid	1	-----	F	1952	20308	Place-4
SMITH	Bob	1	-----	M	1952	20310	Place-0
SMITH	Shawn	1	-----	M	1952	20320	Place-22
SMITH	Suzanne	1	-----	F	1952	20325	Place-17
SMITH	Briony	1	-----	F	1952	20327	Place-10
SMITH	Briony	1	-----	F	1952	20334	Place-7
SMITH	Shawn	1	-----	M	1952	20353	Place-28
SMITH	Sheila	1	-----	F	1952	20365	Place-1
SMITH	Paulo	1	-----	M	1952	20367	Place-9
SMITH	Briony	1	-----	F	1952	20369	Place-16
SMITH	Bob	1	-----	M	1952	20381	Place-22
SMITH	Susan	1	-----	F	1952	20388	Place-16
SMITH	Shawn	1	-----	M	1952	20389	Place-9
SMITH	Sarah	1	-----	F	1952	20400	Place-0
SMITH	Suzanne	1	-----	F	1952	20401	Place-15
SMITH	Bob	1	-----	M	1952	20402	Place-8
SMITH	Seonaid	1	-----	F	1952	20406	Place-11
SMITH	Susan	1	-----	F	1952	20408	Place-5
SMITH	Seonaid	1	-----	F	1952	20420	Place-22
SMITH	Joseph	1	-----	M	1952	20436	Place-2
SMITH	Jacob	1	-----	M	1952	20449	Place-7
SMITH	Bob	1	-----	M	1952	20452	Place-17
SMITH	Jenkins	1	-----	M	1952	20455	Place-6
SMITH	Jim	1	-----	M	1952	20458	Place-3
SMITH	Paulo	1	-----	M	1952	20481	Place-18
SMITH	Sarah	1	-----	F	1952	20482	Place-24
SMITH	Joseph	1	-----	M	1952	20486	Place-21
SMITH	Bob	1	-----	M	1952	20491	Place-27
SMITH	Sharon	1	-----	F	1952	20493	Place-17
SMITH	Sheila	1	-----	F	1952	20498	Place-12
SMITH	James	1	-----	M	1952	20499	Place-11
SMITH	Seonaid	1	-----	F	1952	20510	Place-20
SMITH	Sharon	1	-----	F	1952	20521	Place-10
SMITH	Shawn	1	-----	M	1952	20527	Place-8
SMITH	Joseph	1	-----	M	1952	20533	Place-27
SMITH	Bob	1	-----	M	1952	20543	Place-15
SMITH	Shawn	1	-----	M	1952	20544	Place-20
SMITH	Sharon	1	-----	F	1952	20546	Place-4
SMITH	Briony	1	-----	F	1952	20556	Place-17
SMITH	Seonaid	1	-----	F	1952	20559	Place-24
SMITH	Jim	1	-----	M	1952	20561	Place-13
SMITH	James	1	-----	M	1952	20562	Place-5
SMITH	Seonaid	0	-----	F	1952	20618	Place-28
SMITH	Suzanne	0	-----	F	1952	20624	Place-13
SMITH	Selina	0	-----	F	1952	20627	Place-28
SMITH	Jim	0	-----	M	1952	20629	Place-0
SMITH	James	0	-----	M	1952	20630	Place-27
SMITH	Paulo	0	-----	M	1952	20638	Place-10
SMITH	Joseph	0	-----	M	1952	20639	Place-8
SMITH	Shawn	0	-----	M	1952	20652	Place-11
SMITH	Sheila	0	-----	F	1952	20661	Place-4
SMITH	Shawn	0	-----	M	1952	20663	Place-28
SMITH	Seonaid	0	-----	F	1952	20664	Place-7
SMITH	Briony	0	-----	F	1952	20665	Place-29
SMITH	Jacob	0	-----	M	1952	20673	Place-7
SMITH	James	0	-----	M	1952	20677	Place-20
SMITH	Sarah	0	-----	F	1952	20679	Place-24
SMITH	Selina	0	-----	F	1952	20685	Place-23
SMITH	Jim	0	-----	M	1952	20691	Place-0
SMITH	Jacob	0	-----	M	1952	20694	Place-23
SMITH	James	0	-----	M	1952	20696	Place-11
SMITH	Sheila	0	-----	F	1952	20700	Place-7
SMITH	Paulo	0	-----	M	1952	20703	Place-28
SMITH	Briony	0	-----	F	1952	20707	Place-23
SMITH	Sheila	0	-----	F	1952	20728	Place-23
SMITH	Briony	0	-----	F	1952	20743	Place-11
SMITH	Jenkins	0	-----	M	1952	20748	Place-26
SMITH	Sarah	0	-----	F	1952	20749	Place-1
SMITH	Sharon	0	-----	F	1952	20752	Place-8
SMITH	Sharon	0	-----	F	1952	20756	Place-4
SMITH	Jim	0	-----	M	1952	20759	Place-0
SMITH	Sheila	0	-----	F	1952	20764	Place-9
SMITH	Briony	0	-----	F	1952	20779	Place-24
SMITH	Shawn	0	-----	M	1952	20784	Place-25
SMITH	James	0	-----	M	1952	20785	Place-28
SMITH	Joseph	0	-----	M	1952	20786	Place-20
SMITH	Sharon	0	-----	F	1952	20789	Place-7
SMITH	Sarah	0	-----	F	1952	20790	Place-28
SMITH	Seonaid	0	-----	F	1952	20792	Place-28
SMITH	Sharon	0	-----	F	1952	20794	Place-8
SMITH	Sheila	0	-----	F	1952	20800	Place-13
SMITH	Seonaid	0	-----	F	1952	20806	Place-7
SMITH	Sheila	0	-----	F	1952	20808	Place-16
SMITH	Seonaid	0	-----	F	1952	20812	Place-12
SMITH	Suzanne	0	-----	F	1952	20816	Place-12
SMITH	Bob	0	-----	M	1952	20817	Place-21
SMITH	Briony	0	-----	F	1952	20819	Place-26
SMITH	Sarah	0	-----	F	1952	20822	Place-7
SMITH	Bob	0	-----	M	1952	20824	Place-21
SMITH	Seonaid	0	-----	F	1952	20825	Place-10
SMITH	James	0	-----	M	1952	20826	Place-23
SMITH	Jenkins	0	-----	M	1952	20828	Place-18
SMITH	Sarah	0	-----	F	1952	20829	Place-1
SMITH	Susan	0	-----	F	1952	20830	Place-26
SMITH	Briony	0	-----	F	1952	20839	Place-20
SMITH	Jacob	0	-----	M	1952	20849	Place-13
SMITH	Selina	0	-----	F	1952	20850	Place-1
SMITH	Selina	0	-----	F	1952	20852	Place-14
SMITH	Suzanne	0	-----	F	1952	20857	Place-0
SMITH	Sarah	0	-----	F	1952	20860	Place-28
SMITH	Shawn	0	-----	M	1952	20865	Place-4
SMITH	Jim	0	-----	M	1952	20871	Place-22
SMITH	Bob	0	-----	M	1952	20886	Place-24
SMITH	Jacob	0	-----	M	1952	20890	Place-28
SMITH	Joseph	0	-----	M	1952	20900	Place-17
SMITH	Sharon	43	-----	F	1953	10795	Place-0
SMITH	Paulo	33	-----	M	1953	12451	Place-5
SMITH	Sheila	56	-----	F	1953	16441	Place-13
SMITH	Shawn	32	-----	M	1953	12677	Place-14
SMITH	Bob	7	-----	M	1953	18866	Place-21
SMITH	Sheila	1	-----	F	1953	20739	Place-4
SMITH	Briony	1	-----	F	1953	20908	Place-22
SMITH	Seonaid	30	-----	F	1953	20604	Place-3
SMITH	Bob	34	-----	M	1953	12299	Place-15
SMITH	Shawn	19	-----	M	1953	15532	Place-2
SMITH	Joseph	12	-----	M	1953	17369	Place-1
SMITH	Sheila	38	-----	F	1953	19662	Place-5
SMITH	Jenkins	31	-----	M	1953	12916	Place-10
SMITH	James	58	-----	M	1953	8472	Place-13
SMITH	Joseph	37	-----	M	1953	11813	Place-10
SMITH	Bob	56	-----	M	1953	8740	Place-20
SMITH	Joseph	55	-----	M	1953	8899	Place-13
SMITH	Jim	20	-----	M	1953	15304	Place-11
SMITH	Bob	19	-----	M	1953	15496	Place-24
SMITH	Shawn	6	-----	M	1953	19207	Place-8
SMITH	Bob	5	-----	M	1953	19381	Place-13
SMITH	Susan	56	-----	F	1953	19988	Place-4
SMITH	Seonaid	24	-----	F	1953	14342	Place-13
SMITH	Seonaid	30	-----	F	1953	18462	Place-17
SMITH	Selina	32	-----	F	1953	12689	Place-12
SMITH	Suzanne	32	-----	F	1953	17578	Place-12
SMITH	Paulo	55	-----	M	1953	8901	Place-5
SMITH	Sharon	56	-----	F	1953	19660	Place-15
SMITH	Susan	32	-----	F	1953	12621	Place-4
SMITH	Joseph	55	-----	M	1953	8815	Place-29
SMITH	Suzanne	46	-----	F	1953	17309	Place-1
SMITH	Paulo	42	-----	M	1953	10953	Place-4
SMITH	Briony	30	-----	F	1953	13157	Place-12
SMITH	Susan	60	-----	F	1953	8191	Place-27
SMITH	Susan	59	-----	F	1953	17282	Place-17
SMITH	Seonaid	56	-----	F	1953	13831	Place-18
SMITH	Briony	57	-----	F	1953	16137	Place-23
SMITH	James	30	-----	M	1953	13104	Place-22
SMITH	Briony	57	-----	F	1953	18176	Place-11
SMITH	Jacob	40	-----	M	1953	11170	Place-6
SMITH	Sheila	38	-----	F	1953	17893	Place-28
SMITH	Paulo	56	-----	M	1953	8756	Place-6
SMITH	Sharon	56	-----	F	1953	8766	Place-23
SMITH	James	18	-----	M	1953	15720	Place-20
SMITH	Paulo	35	-----	M	1953	12154	Place-20
SMITH	Joseph	28	-----	M	1953	13557	Place-3
SMITH	Seonaid	34	-----	F	1953	12316	Place-14
SMITH	Jacob	55	-----	M	1953	8890	Place-11
SMITH	James	34	-----	M	1953	12342	Place-16
SMITH	Sharon	55	-----	F	1953	12836	Place-6
SMITH	Briony	21	-----	F	1953	15003	Place-18
SMITH	Seonaid	42	-----	F	1953	15882	Place-20
SMITH	Joseph	43	-----	M	1953	10812	Place-7
SMITH	Jacob	58	-----	M	1953	8496	Place-19
SMITH	Sarah	40	-----	F	1953	11286	Place-17
SMITH	James	56	-----	M	1953	8718	Place-22
SMITH	Suzanne	31	-----	F	1953	12894	Place-21
SMITH	Jim	31	-----	M	1953	12899	Place-12
SMITH	Sarah	30	-----	F	1953	13119	Place-25
SMITH	Sarah	28	-----	F	1953	13509	Place-7
SMITH	Shawn	23	-----	M	1953	14605	Place-13
SMITH	Sharon	21	-----	F	1953	15052	Place-27
SMITH	Susan	21	-----	F	1953	15090	Place-9
SMITH	Seonaid	20	-----	F	1953	15377	Place-5
SMITH	Paulo	18	-----	M	1953	15662	Place-5
SMITH	Suzanne	18	-----	F	1953	15765	Place-20
SMITH	Shawn	18	-----	M	1953	15811	Place-5
SMITH	Shawn	17	-----	M	1953	15932	Place-7
SMITH	Jacob	17	-----	M	1953	16105	Place-10
SMITH	Shawn	16	-----	M	1953	16369	Place-14
SMITH	Jim	16	-----	M	1953	16392	Place-25
SMITH	Susan	16	-----	F	1953	16419	Place-13
SMITH	Sheila	15	-----	F	1953	16519	Place-6
SMITH	Sheila	15	-----	F	1953	16576	Place-6
SMITH	Bob	15	-----	M	1953	16593	Place-9
SMITH	Joseph	15	-----	M	1953	16673	Place-26
SMITH	Selina	14	-----	F	1953	16815	Place-0
SMITH	Briony	14	-----	F	1953	16834	Place-6
SMITH	Jacob	13	-----	M	1953	17249	Place-23
SMITH	Jacob	12	-----	M	1953	17353	Place-26
SMITH	Paulo	12	-----	M	1953	17463	Place-25
SMITH	Sharon	12	-----	F	1953	17469	Place-13
SMITH	Briony	11	-----	F	1953	17650	Place-3
SMITH	Paulo	11	-----	M	1953	17788	Place-28
SMITH	Suzanne	11	-----	F	1953	17863	Place-8
SMITH	Jim	10	-----	M	1953	18097	Place-27
SMITH	Jim	9	-----	M	1953	18211	Place-22
SMITH	Shawn	9	-----	M	1953	18281	Place-13
SMITH	Sharon	9	-----	F	1953	18324	Place-10
SMITH	Sheila	9	-----	F	1953	18421	Place-2
SMITH	Suzanne	8	-----	F	1953	18564	Place-17
SMITH	Sarah	8	-----	F	1953	18633	Place-16
SMITH	Jacob	7	-----	M	1953	18856	Place-17
SMITH	Joseph	7	-----	M	1953	18968	Place-24
SMITH	Sheila	6	-----	F	1953	19094	Place-20
SMITH	Selina	6	-----	F	1953	19141	Place-23
SMITH	Joseph	6	-----	M	1953	19210	Place-9
SMITH	Jim	6	-----	M	1953	19250	Place-8
SMITH	Jacob	5	-----	M	1953	19475	Place-28
SMITH	Seonaid	5	-----	F	1953	19500	Place-7
SMITH	Jenkins	5	-----	M	1953	19513	Place-22
SMITH	Selina	5	-----	F	1953	19600	Place-25
SMITH	Sheila	5	-----	F	1953	19624	Place-3
SMITH	Sharon	4	-----	F	1953	19700	Place-22
SMITH	Sharon	4	-----	F	1953	19786	Place-14
SMITH	Bob	4	-----	M	1953	19821	Place-3
SMITH	Paulo	4	-----	M	1953	19908	Place-12
SMITH	Jacob	3	-----	M	1953	20009	Place-26
SMITH	Susan	3	-----	F	1953	20027	Place-25
SMITH	James	3	-----	M	1953	20053	Place-19
SMITH	Seonaid	3	-----	F	1953	20107	Place-1
SMITH	Jim	3	-----	M	1953	20164	Place-2
SMITH	Jim	2	-----	M	1953	20300	Place-21
SMITH	Jenkins	2	-----	M	1953	20321	Place-7
SMITH	Susan	2	-----	F	1953	20416	Place-6
SMITH	Seonaid	2	-----	F	1953	20434	Place-20
SMITH	Shawn	2	-----	M	1953	20471	Place-0
SMITH	Seonaid	2	-----	F	1953	20472	Place-1
SMITH	Paulo	1	-----	M	1953	20619	Place-17
SMITH	Sarah	1	-----	F	1953	20620	Place-7
SMITH	Sheila	1	-----	F	1953	20642	Place-29
SMITH	Sarah	1	-----	F	1953	20645	Place-0
SMITH	Briony	1	-----	F	1953	20655	Place-17
SMITH	Jenkins	1	-----	M	1953	20659	Place-5
SMITH	James	1	-----	M	1953	20666	Place-9
SMITH	Jenkins	1	-----	M	1953	20676	Place-1
SMITH	Seonaid	1	-----	F	1953	20678	Place-27
SMITH	Seonaid	1	-----	F	1953	20680	Place-18
SMITH	James	1	-----	M	1953	20687	Place-4
SMITH	James	1	-----	M	1953	20692	Place-14
SMITH	Jenkins	1	-----	M	1953	20705	Place-9
SMITH	Jim	1	-----	M	1953	20724	Place-29
SMITH	Shawn	1	-----	M	1953	20725	Place-8
SMITH	Suzanne	1	-----	F	1953	20727	Place-24
SMITH	Shawn	1	-----	M	1953	20730	Place-1
SMITH	Joseph	1	-----	M	1953	20731	Place-13
SMITH	Shawn	1	-----	M	1953	20735	Place-29
SMITH	Susan	1	-----	F	1953	20740	Place-29
SMITH	Susan	1	-----	F	1953	20742	Place-8
SMITH	Shawn	1	-----	M	1953	20746	Place-26
SMITH	Jim	1	-----	M	1953	20750	Place-26
SMITH	Briony	1	-----	F	1953	20760	Place-27
SMITH	Selina	1	-----	F	1953	20761	Place-20
SMITH	Paulo	1	-----	M	1953	20766	Place-10
SMITH	Sarah	1	-----	F	1953	20775	Place-24
SMITH	James	1	-----	M	1953	20781	Place-28
SMITH	Joseph	1	-----	M	1953	20782	Place-25
SMITH	Selina	1	-----	F	1953	20788	Place-11
SMITH	Sharon	1	-----	F	1953	20791	Place-27
SMITH	Bob	1	-----	M	1953	20798	Place-4
SMITH	Jacob	1	-----	M	1953	20813	Place-1
SMITH	Jim	1	-----	M	1953	20818	Place-17
SMITH	Briony	1	-----	F	1953	20831	Place-19
SMITH	Seonaid	1	-----	F	1953	20832	Place-19
SMITH	James	1	-----	M	1953	20834	Place-27
SMITH	Seonaid	1	-----	F	1953	20836	Place-18
SMITH	Shawn	1	-----	M	1953	20838	Place-23
SMITH	Sheila	1	-----	F	1953	20843	Place-18
SMITH	Shawn	1	-----	M	1953	20866	Place-17
SMITH	Jenkins	1	-----	M	1953	20868	Place-22
SMITH	Jenkins	1	-----	M	1953	20880	Place-6
SMITH	Sharon	1	-----	F	1953	20881	Place-22
SMITH	Paulo	1	-----	M	1953	20883	Place-12
SMITH	Briony	1	-----	F	1953	20884	Place-1
SMITH	Joseph	1	-----	M	1953	20887	Place-5
SMITH	Paulo	1	-----	M	1953	20891	Place-24
SMITH	Susan	1	-----	F	1953	20893	Place-4
SMITH	Shawn	1	-----	M	1953	20902	Place-27
SMITH	James	0	-----	M	1953	20949	Place-1
SMITH	Paulo	0	-----	M	1953	20960	Place-7
SMITH	Jenkins	0	-----	M	1953	20961	Place-28
SMITH	Jim	0	-----	M	1953	20964	Place-11
SMITH	Paulo	0	-----	M	1953	20968	Place-2
SMITH	Sheila	0	-----	F	1953	20970	Place-28
SMITH	Susan	0	-----	F	1953	20984	Place-10
SMITH	Jenkins	0	-----	M	1953	20992	Place-10
SMITH	Suzanne	0	-----	F	1953	20995	Place-18
SMITH	Seonaid	0	-----	F	1953	21002	Place-25
SMITH	Joseph	0	-----	M	1953	21009	Place-16
SMITH	Jacob	0	-----	M	1953	21011	Place-12
SMITH	Bob	0	-----	M	1953	21014	Place-4
SMITH	Bob	0	-----	M	1953	21016	Place-7
SMITH	Briony	0	-----	F	1953	21019	Place-11
SMITH	Jacob	0	-----	M	1953	21030	Place-9
SMITH	Jenkins	0	-----	M	1953	21033	Place-25
SMITH	Seonaid	0	-----	F	1953	21042	Place-12
SMITH	Selina	0	-----	F	1953	21046	Place-2
SMITH	Jacob	0	-----	M	1953	21051	Place-26
SMITH	Selina	0	-----	F	1953	21053	Place-25
SMITH	Joseph	0	-----	M	1953	21060	Place-27
SMITH	Bob	0	-----	M	1953	21063	Place-8
SMITH	Jacob	0	-----	M	1953	21064	Place-23
SMITH	Shawn	0	-----	M	1953	21071	Place-15
SMITH	Shawn	0	-----	M	1953	21077	Place-15
SMITH	Shawn	0	-----	M	1953	21079	Place-28
SMITH	Seonaid	0	-----	F	1953	21099	Place-25
SMITH	Joseph	0	-----	M	1953	21101	Place-27
SMITH	Selina	0	-----	F	1953	21102	Place-4
SMITH	Selina	0	-----	F	1953	21104	Place-20
SMITH	Sheila	0	-----	F	1953	21112	Place-26
SMITH	James	0	-----	M	1953	21125	Place-23
SMITH	Bob	0	-----	M	1953	21128	Place-25
SMITH	Sharon	0	-----	F	1953	21134	Place-5
SMITH	Shawn	0	-----	M	1953	21136	Place-24
SMITH	Jacob	0	-----	M	1953	21138	Place-28
SMITH	Suzanne	0	-----	F	1953	21143	Place-13
SMITH	Seonaid	0	-----	F	1953	21149	Place-1
SMITH	Suzanne	0	-----	F	1953	21159	Place-1
SMITH	Shawn	0	-----	M	1953	21166	Place-13
SMITH	Sharon	0	-----	F	1953	21169	Place-29
SMITH	Jacob	0	-----	M	1953	21171	Place-28
SMITH	Joseph	0	-----	M	1953	21178	Place-3
SMITH	Sarah	0	-----	F	1953	21180	Place-5
SMITH	Bob	0	-----	M	1953	21186	Place-6
SMITH	Seonaid	0	-----	F	1953	21189	Place-23
SMITH	Sharon	0	-----	F	1953	21192	Place-15
SMITH	Bob	0	-----	M	1953	21197	Place-24
SMITH	Jim	0	-----	M	1953	21211	Place-0
SMITH	Susan	0	-----	F	1953	21217	Place-21
SMITH	Jenkins	0	-----	M	1953	21225	Place-26
SMITH	Briony	0	-----	F	1953	21226	Place-3
SMITH	Shawn	0	-----	M	1953	21231	Place-8
SMITH	Susan	0	-----	F	1953	21237	Place-3
SMITH	Sarah	0	-----	F	1953	21240	Place-16
SMITH	Briony	30	-----	F	1954	21260	Place-17
SMITH	Jacob	58	-----	M	1954	8578	Place-16
SMITH	Selina	55	-----	F	1954	19656	Place-10
SMITH	Susan	46	-----	F	1954	17275	Place-28
SMITH	Susan	23	-----	F	1954	14786	Place-24
SMITH	Suzanne	57	-----	F	1954	8703	Place-19
SMITH	Paulo	1	-----	M	1954	21074	Place-3
SMITH	Sarah	36	-----	F	1954	20926	Place-9
SMITH	Jim	39	-----	M	1954	11525	Place-21
SMITH	Jacob	33	-----	M	1954	12766	Place-18
SMITH	Sheila	41	-----	F	1954	15892	Place-23
SMITH	James	57	-----	M	1954	8757	Place-6
SMITH	Sheila	26	-----	F	1954	14049	Place-24
SMITH	Sheila	20	-----	F	1954	15537	Place-11
SMITH	Susan	2	-----	F	1954	20721	Place-2
SMITH	Sheila	34	-----	F	1954	20596	Place-21
SMITH	Selina	21	-----	F	1954	15231	Place-5
SMITH	Susan	58	-----	F	1954	8617	Place-3
SMITH	Sheila	19	-----	F	1954	15705	Place-26
SMITH	Suzanne	29	-----	F	1954	13464	Place-11
SMITH	Sharon	22	-----	F	1954	15064	Place-6
SMITH	Susan	34	-----	F	1954	20279	Place-15
SMITH	Sharon	31	-----	F	1954	20290	Place-21
SMITH	Seonaid	36	-----	F	1954	12073	Place-6
SMITH	Jacob	18	-----	M	1954	16125	Place-18
SMITH	Sarah	55	-----	F	1954	9061	Place-3
SMITH	Bob	44	-----	M	1954	10745	Place-19
SMITH	Sarah	51	-----	F	1954	13002	Place-25
SMITH	James	57	-----	M	1954	8704	Place-1
SMITH	Jenkins	29	-----	M	1954	13505	Place-24
SMITH	Sarah	58	-----	F	1954	8597	Place-27
SMITH	Sharon	33	-----	F	1954	17604	Place-4
SMITH	Sheila	31	-----	F	1954	19644	Place-15
SMITH	Sharon	34	-----	F	1954	12518	Place-20
SMITH	James	51	-----	M	1954	9679	Place-15
SMITH	Seonaid	32	-----	F	1954	17574	Place-20
SMITH	Joseph	26	-----	M	1954	14212	Place-1
SMITH	Sarah	55	-----	F	1954	16447	Place-26
SMITH	Selina	51	-----	F	1954	16141	Place-22
SMITH	Jenkins	56	-----	M	1954	8845	Place-9
SMITH	James	55	-----	M	1954	9046	Place-21
SMITH	Jacob	18	-----	M	1954	16002	Place-27
SMITH	Jacob	11	-----	M	1954	17931	Place-16
SMITH	Shawn	30	-----	M	1954	13290	Place-14
SMITH	James	62	-----	M	1954	7978	Place-10
SMITH	Jacob	51	-----	M	1954	9625	Place-25
SMITH	Shawn	66	-----	M	1954	7465	Place-29
SMITH	James	32	-----	M	1954	12843	Place-19
SMITH	Sharon	55	-----	F	1954	15868	Place-28
SMITH	Sharon	47	-----	F	1954	16977	Place-26
SMITH	Paulo	37	-----	M	1954	11938	Place-11
SMITH	James	55	-----	M	1954	8967	Place-23
SMITH	Susan	56	-----	F	1954	8852	Place-12
SMITH	Joseph	59	-----	M	1954	8442	Place-12
SMITH	Jim	57	-----	M	1954	8701	Place-8
SMITH	Shawn	34	-----	M	1954	12476	Place-28
SMITH	Paulo	41	-----	M	1954	11177	Place-21
SMITH	Sheila	32	-----	F	1954	12987	Place-5
SMITH	Sarah	26	-----	F	1954	14111	Place-9
SMITH	Sheila	25	-----	F	1954	14372	Place-22
SMITH	Sharon	24	-----	F	1954	14624	Place-23
SMITH	Selina	21	-----	F	1954	15177	Place-25
SMITH	Seonaid	21	-----	F	1954	15360	Place-10
SMITH	Selina	20	-----	F	1954	15562	Place-17
SMITH	Suzanne	20	-----	F	1954	15577	Place-28
SMITH	Shawn	19	-----	M	1954	15652	Place-13
SMITH	Paulo	19	-----	M	1954	15767	Place-27
SMITH	Shawn	18	-----	M	1954	16004	Place-7
SMITH	Briony	18	-----	F	1954	16120	Place-21
SMITH	Sharon	17	-----	F	1954	16270	Place-2
SMITH	Jacob	17	-----	M	1954	16381	Place-28
SMITH	Selina	16	-----	F	1954	16590	Place-6
SMITH	Jenkins	16	-----	M	1954	16632	Place-17
SMITH	Jim	15	-----	M	1954	16733	Place-16
SMITH	James	15	-----	M	1954	16913	Place-0
SMITH	Seonaid	15	-----	F	1954	16970	Place-3
SMITH	Sharon	14	-----	F	1954	17166	Place-7
SMITH	Sarah	14	-----	F	1954	17261	Place-28
SMITH	Bob	13	-----	M	1954	17344	Place-12
SMITH	Bob	13	-----	M	1954	17348	Place-9
SMITH	Jim	13	-----	M	1954	17403	Place-0
SMITH	Bob	12	-----	M	1954	17837	Place-2
SMITH	Joseph	12	-----	M	1954	17838	Place-28
SMITH	Bob	11	-----	M	1954	18045	Place-20
SMITH	Suzanne	10	-----	F	1954	18260	Place-9
SMITH	Selina	10	-----	F	1954	18295	Place-10
SMITH	Joseph	10	-----	M	1954	18319	Place-2
SMITH	Jim	9	-----	M	1954	18493	Place-28
SMITH	Suzanne	9	-----	F	1954	18507	Place-3
SMITH	Sarah	9	-----	F	1954	18736	Place-27
SMITH	Jenkins	8	-----	M	1954	18857	Place-21
SMITH	Shawn	7	-----	M	1954	19050	Place-25
SMITH	Seonaid	7	-----	F	1954	19078	Place-8
SMITH	Jacob	7	-----	M	1954	19125	Place-28
SMITH	Joseph	7	-----	M	1954	19160	Place-23
SMITH	Seonaid	7	-----	F	1954	19182	Place-10
SMITH	Shawn	6	-----	M	1954	19352	Place-8
SMITH	Suzanne	6	-----	F	1954	19411	Place-14
SMITH	Jenkins	6	-----	M	1954	19418	Place-27
SMITH	Joseph	6	-----	M	1954	19468	Place-24
SMITH	Jacob	6	-----	M	1954	19587	Place-20
SMITH	Jim	5	-----	M	1954	19675	Place-21
SMITH	Susan	5	-----	F	1954	19707	Place-25
SMITH	Joseph	5	-----	M	1954	19711	Place-0
SMITH	Sarah	5	-----	F	1954	19729	Place-11
SMITH	Sheila	5	-----	F	1954	19859	Place-20
SMITH	Bob	4	-----	M	1954	20163	Place-12
SMITH	Jacob	4	-----	M	1954	20181	Place-27
SMITH	Sheila	4	-----	F	1954	20201	Place-10
SMITH	Briony	4	-----	F	1954	20221	Place-10
SMITH	Sarah	4	-----	F	1954	20234	Place-13
SMITH	Sheila	3	-----	F	1954	20347	Place-21
SMITH	Shawn	3	-----	M	1954	20387	Place-4
SMITH	Jenkins	3	-----	M	1954	20398	Place-23
SMITH	Briony	3	-----	F	1954	20438	Place-10
SMITH	Shawn	3	-----	M	1954	20450	Place-5
SMITH	Selina	3	-----	F	1954	20541	Place-13
SMITH	Shawn	3	-----	M	1954	20552	Place-22
SMITH	Jacob	3	-----	M	1954	20569	Place-14
SMITH	Seonaid	2	-----	F	1954	20821	Place-28
SMITH	Joseph	2	-----	M	1954	20845	Place-10
SMITH	Selina	2	-----	F	1954	20862	Place-22
SMITH	Seonaid	1	-----	F	1954	20950	Place-2
SMITH	Suzanne	1	-----	F	1954	20953	Place-21
SMITH	Joseph	1	-----	M	1954	20972	Place-14
SMITH	Shawn	1	-----	M	1954	20975	Place-25
SMITH	Sheila	1	-----	F	1954	20979	Place-23
SMITH	Jenkins	1	-----	M	1954	20985	Place-29
SMITH	Briony	1	-----	F	1954	20993	Place-2
SMITH	Sharon	1	-----	F	1954	20996	Place-7
SMITH	Susan	1	-----	F	1954	20997	Place-15
SMITH	Paulo	1	-----	M	1954	21005	Place-4
SMITH	Joseph	1	-----	M	1954	21018	Place-15
SMITH	Suzanne	1	-----	F	1954	21021	Place-11
SMITH	Sheila	1	-----	F	1954	21034	Place-9
SMITH	Bob	1	-----	M	1954	21036	Place-26
SMITH	Joseph	1	-----	M	1954	21043	Place-8
SMITH	Selina	1	-----	F	1954	21044	Place-8
SMITH	Joseph	1	-----	M	1954	21045	Place-12
SMITH	Selina	1	-----	F	1954	21055	Place-29
SMITH	Sharon	1	-----	F	1954	21066	Place-2
SMITH	Briony	1	-----	F	1954	21072	Place-25
SMITH	Susan	1	-----	F	1954	21073	Place-10
SMITH	Sheila	1	-----	F	1954	21080	Place-9
SMITH	Selina	1	-----	F	1954	21082	Place-29
SMITH	Joseph	1	-----	M	1954	21124	Place-20
SMITH	Sheila	1	-----	F	1954	21129	Place-27
SMITH	Jacob	1	-----	M	1954	21133	Place-29
SMITH	Bob	1	-----	M	1954	21152	Place-11
SMITH	Sarah	1	-----	F	1954	21174	Place-4
SMITH	Sheila	1	-----	F	1954	21181	Place-15
SMITH	Briony	1	-----	F	1954	21187	Place-13
SMITH	Shawn	1	-----	M	1954	21188	Place-18
SMITH	Sarah	1	-----	F	1954	21190	Place-3
SMITH	Briony	1	-----	F	1954	21191	Place-20
SMITH	Seonaid	1	-----	F	1954	21208	Place-3
SMITH	James	1	-----	M	1954	21221	Place-8
SMITH	Seonaid	1	-----	F	1954	21224	Place-5
SMITH	Susan	1	-----	F	1954	21234	Place-5
SMITH	Selina	1	-----	F	1954	21236	Place-28
SMITH	Jacob	0	-----	M	1954	21280	Place-6
SMITH	Seonaid	0	-----	F	1954	21289	Place-5
SMITH	Sheila	0	-----	F	1954	21294	Place-19
SMITH	Seonaid	0	-----	F	1954	21300	Place-24
SMITH	Susan	0	-----	F	1954	21301	Place-21
SMITH	Sharon	0	-----	F	1954	21308	Place-19
SMITH	Jim	0	-----	M	1954	21309	Place-7
SMITH	Paulo	0	-----	M	1954	21311	Place-22
SMITH	Paulo	0	-----	M	1954	21312	Place-19
SMITH	Jim	0	-----	M	1954	21319	Place-29
SMITH	Sheila	0	-----	F	1954	21323	Place-17
SMITH	James	0	-----	M	1954	21325	Place-16
SMITH	Bob	0	-----	M	1954	21333	Place-23
SMITH	Susan	0	-----	F	1954	21350	Place-12
SMITH	Paulo	0	-----	M	1954	21352	Place-7
SMITH	Shawn	0	-----	M	1954	21354	Place-0
SMITH	Jacob	0	-----	M	1954	21355	Place-29
SMITH	Sharon	0	-----	F	1954	21358	Place-16
SMITH	James	0	-----	M	1954	21359	Place-15
SMITH	Sarah	0	-----	F	1954	21361	Place-3
SMITH	Sheila	0	-----	F	1954	21373	Place-14
SMITH	Joseph	0	-----	M	1954	21376	Place-1
SMITH	Shawn	0	-----	M	1954	21385	Place-24
SMITH	Briony	0	-----	F	1954	21389	Place-19
SMITH	James	0	-----	M	1954	21399	Place-17
SMITH	Suzanne	0	-----	F	1954	21404	Place-24
SMITH	Susan	0	-----	F	1954	21408	Place-2
SMITH	Susan	0	-----	F	1954	21425	Place-29
SMITH	Selina	0	-----	F	1954	21429	Place-28
SMITH	Shawn	0	-----	M	1954	21431	Place-18
SMITH	Briony	0	-----	F	1954	21437	Place-29
SMITH	James	0	-----	M	1954	21442	Place-18
SMITH	Susan	0	-----	F	1954	21443	Place-18
SMITH	Sheila	0	-----	F	1954	21446	Place-23
SMITH	Shawn	0	-----	M	1954	21452	Place-11
SMITH	Jenkins	0	-----	M	1954	21456	Place-26
SMITH	Sarah	0	-----	F	1954	21457	Place-13
SMITH	James	0	-----	M	1954	21461	Place-14
SMITH	Shawn	0	-----	M	1954	21462	Place-15
SMITH	Jenkins	0	-----	M	1954	21466	Place-24
SMITH	Seonaid	0	-----	F	1954	21469	Place-29
SMITH	Jim	0	-----	M	1954	21485	Place-11
SMITH	Jacob	0	-----	M	1954	21486	Place-26
SMITH	Paulo	0	-----	M	1954	21492	Place-20
SMITH	Bob	0	-----	M	1954	21495	Place-15
SMITH	Joseph	0	-----	M	1954	21501	Place-23
SMITH	Bob	0	-----	M	1954	21503	Place-12
SMITH	James	0	-----	M	1954	21506	Place-20
SMITH	Joseph	0	-----	M	1954	21512	Place-27
SMITH	Paulo	0	-----	M	1954	21514	Place-23
SMITH	Jim	0	-----	M	1954	21515	Place-26
SMITH	Joseph	0	-----	M	1954	21522	Place-4
SMITH	Suzanne	0	-----	F	1954	21525	Place-25
SMITH	Bob	0	-----	M	1954	21530	Place-19
SMITH	Sarah	0	-----	F	1954	21532	Place-3
SMITH	Suzanne	0	-----	F	1954	21536	Place-26
SMITH	James	0	-----	M	1954	21537	Place-3
SMITH	Jacob	0	-----	M	1954	21552	Place-2
SMITH	Jacob	0	-----	M	1954	21554	Place-5
SMITH	Seonaid	62	-----	F	1955	21571	Place-29
SMITH	Briony	23	-----	F	1955	20296	Place-22
SMITH	Sarah	39	-----	F	1955	20919	Place-11
SMITH	Sarah	61	-----	F	1955	12070	Place-4
SMITH	Susan	56	-----	F	1955	8984	Place-14
SMITH	Paulo	18	-----	M	1955	16176	Place-9
SMITH	Sheila	39	-----	F	1955	16722	Place-24
SMITH	Jim	55	-----	M	1955	9175	Place-12
SMITH	Bob	56	-----	M	1955	8959	Place-25
SMITH	Sharon	34	-----	F	1955	12695	Place-12
SMITH	James	23	-----	M	1955	14986	Place-24
SMITH	Seonaid	18	-----	F	1955	16317	Place-14
SMITH	Paulo	8	-----	M	1955	19112	Place-8
SMITH	Briony	35	-----	F	1955	12483	Place-4
SMITH	Shawn	26	-----	M	1955	14427	Place-9
SMITH	Sarah	63	-----	F	1955	15388	Place-19
SMITH	Jenkins	19	-----	M	1955	15931	Place-1
SMITH	Suzanne	56	-----	F	1955	20584	Place-15
SMITH	Selina	55	-----	F	1955	20268	Place-17
SMITH	Suzanne	25	-----	F	1955	14626	Place-7
SMITH	Jenkins	55	-----	M	1955	9192	Place-0
SMITH	Sharon	45	-----	F	1955	18456	Place-5
SMITH	Bob	50	-----	M	1955	10011	Place-10
SMITH	Jenkins	55	-----	M	1955	9134	Place-16
SMITH	Joseph	24	-----	M	1955	14792	Place-1
SMITH	Selina	32	-----	F	1955	18171	Place-28
SMITH	Sheila	53	-----	F	1955	16428	Place-4
SMITH	Sharon	59	-----	F	1955	14664	Place-3
SMITH	Jenkins	51	-----	M	1955	9785	Place-21
SMITH	Jim	26	-----	M	1955	14344	Place-17
SMITH	Jacob	32	-----	M	1955	13171	Place-6
SMITH	Sarah	58	-----	F	1955	8773	Place-29
SMITH	Sarah	25	-----	F	1955	14496	Place-29
SMITH	Briony	55	-----	F	1955	19659	Place-17
SMITH	James	55	-----	M	1955	9224	Place-29
SMITH	Selina	23	-----	F	1955	15025	Place-18
SMITH	Bob	9	-----	M	1955	18899	Place-9
SMITH	Seonaid	8	-----	F	1955	19202	Place-15
SMITH	Sharon	55	-----	F	1955	19313	Place-9
SMITH	Jenkins	57	-----	M	1955	8914	Place-1
SMITH	Bob	56	-----	M	1955	8997	Place-23
SMITH	Selina	55	-----	F	1955	9196	Place-21
SMITH	Sharon	75	-----	F	1955	18758	Place-6
SMITH	Sheila	35	-----	F	1955	16975	Place-2
SMITH	Suzanne	60	-----	F	1955	18460	Place-13
SMITH	Shawn	38	-----	M	1955	12046	Place-1
SMITH	Jenkins	64	-----	M	1955	7833	Place-8
SMITH	Selina	55	-----	F	1955	14881	Place-20
SMITH	Joseph	40	-----	M	1955	11535	Place-8
SMITH	Jenkins	21	-----	M	1955	15602	Place-4
SMITH	Suzanne	15	-----	F	1955	17173	Place-10
SMITH	Jacob	13	-----	M	1955	17744	Place-15
SMITH	Joseph	28	-----	M	1955	13974	Place-28
SMITH	Paulo	34	-----	M	1955	12700	Place-17
SMITH	Briony	56	-----	F	1955	13840	Place-20
SMITH	James	62	-----	M	1955	8228	Place-29
SMITH	Joseph	58	-----	M	1955	8755	Place-28
SMITH	Susan	31	-----	F	1955	13259	Place-24
SMITH	James	54	-----	M	1955	9380	Place-17
SMITH	Sharon	55	-----	F	1955	9103	Place-12
SMITH	Jacob	55	-----	M	1955	9226	Place-24
SMITH	Sharon	58	-----	F	1955	12071	Place-15
SMITH	Jim	56	-----	M	1955	8994	Place-20
SMITH	Sarah	36	-----	F	1955	12390	Place-26
SMITH	Paulo	44	-----	M	1955	10893	Place-5
SMITH	Sharon	34	-----	F	1955	12643	Place-18
SMITH	Jim	27	-----	M	1955	14144	Place-17
SMITH	Joseph	21	-----	M	1955	15584	Place-20
SMITH	Sharon	20	-----	F	1955	15804	Place-17
SMITH	Jenkins	19	-----	M	1955	15993	Place-29
SMITH	Shawn	17	-----	M	1955	16566	Place-14
SMITH	Joseph	17	-----	M	1955	16584	Place-29
SMITH	Joseph	17	-----	M	1955	16594	Place-14
SMITH	Joseph	16	-----	M	1955	16781	Place-9
SMITH	Briony	16	-----	F	1955	16951	Place-12
SMITH	Jenkins	15	-----	M	1955	17148	Place-8
SMITH	Seonaid	14	-----	F	1955	17428	Place-17
SMITH	Jenkins	13	-----	M	1955	17628	Place-9
SMITH	Bob	13	-----	M	1955	17800	Place-6
SMITH	Sarah	12	-----	F	1955	17972	Place-9
SMITH	Shawn	12	-----	M	1955	18147	Place-29
SMITH	Shawn	12	-----	M	1955	18148	Place-22
SMITH	Selina	11	-----	F	1955	18286	Place-29
SMITH	Briony	9	-----	F	1955	18907	Place-14
SMITH	Selina	9	-----	F	1955	18930	Place-9
SMITH	Seonaid	9	-----	F	1955	19009	Place-20
SMITH	Seonaid	7	-----	F	1955	19609	Place-20
SMITH	Paulo	6	-----	M	1955	19704	Place-16
SMITH	Bob	6	-----	M	1955	19820	Place-27
SMITH	Sarah	6	-----	F	1955	19849	Place-23
SMITH	Susan	6	-----	F	1955	19884	Place-7
SMITH	Seonaid	6	-----	F	1955	19912	Place-22
SMITH	Suzanne	5	-----	F	1955	20001	Place-12
SMITH	Sharon	5	-----	F	1955	20005	Place-23
SMITH	Sarah	5	-----	F	1955	20113	Place-13
SMITH	Paulo	5	-----	M	1955	20153	Place-12
SMITH	Sarah	5	-----	F	1955	20170	Place-23
SMITH	Suzanne	5	-----	F	1955	20252	Place-21
SMITH	Jenkins	4	-----	M	1955	20435	Place-19
SMITH	Jim	4	-----	M	1955	20528	Place-22
SMITH	Shawn	3	-----	M	1955	20715	Place-12
SMITH	Joseph	3	-----	M	1955	20907	Place-10
SMITH	Sarah	2	-----	F	1955	21048	Place-14
SMITH	Suzanne	2	-----	F	1955	21182	Place-28
SMITH	James	1	-----	M	1955	21285	Place-24
SMITH	Seonaid	1	-----	F	1955	21287	Place-28
SMITH	Sheila	1	-----	F	1955	21292	Place-17
SMITH	Jim	1	-----	M	1955	21297	Place-26
SMITH	Bob	1	-----	M	1955	21303	Place-0
SMITH	Jacob	1	-----	M	1955	21306	Place-1
SMITH	Susan	1	-----	F	1955	21314	Place-1
SMITH	Selina	1	-----	F	1955	21315	Place-8
SMITH	Sharon	1	-----	F	1955	21324	Place-8
SMITH	Selina	1	-----	F	1955	21329	Place-24
SMITH	Suzanne	1	-----	F	1955	21332	Place-15
SMITH	Selina	1	-----	F	1955	21334	Place-0
SMITH	Sarah	1	-----	F	1955	21342	Place-20
SMITH	Sarah	1	-----	F	1955	21348	Place-0
SMITH	Selina	1	-----	F	1955	21371	Place-7
SMITH	Paulo	1	-----	M	1955	21378	Place-28
SMITH	Shawn	1	-----	M	1955	21380	Place-24
SMITH	Seonaid	1	-----	F	1955	21383	Place-6
SMITH	Jacob	1	-----	M	1955	21386	Place-23
SMITH	Seonaid	1	-----	F	1955	21390	Place-26
SMITH	Jenkins	1	-----	M	1955	21395	Place-21
SMITH	Sarah	1	-----	F	1955	21398	Place-28
SMITH	Briony	1	-----	F	1955	21403	Place-13
SMITH	Paulo	1	-----	M	1955	21438	Place-21
SMITH	Sharon	1	-----	F	1955	21447	Place-25
SMITH	James	1	-----	M	1955	21448	Place-15
SMITH	Seonaid	1	-----	F	1955	21453	Place-24
SMITH	Briony	1	-----	F	1955	21470	Place-24
SMITH	Paulo	1	-----	M	1955	21491	Place-16
SMITH	Suzanne	1	-----	F	1955	21497	Place-18
SMITH	Sharon	1	-----	F	1955	21499	Place-14
SMITH	Sharon	1	-----	F	1955	21500	Place-3
SMITH	Sharon	1	-----	F	1955	21505	Place-5
SMITH	Shawn	1	-----	M	1955	21507	Place-19
SMITH	Jim	1	-----	M	1955	21509	Place-20
SMITH	Selina	1	-----	F	1955	21510	Place-0
SMITH	Sheila	1	-----	F	1955	21511	Place-4
SMITH	Bob	1	-----	M	1955	21516	Place-5
SMITH	Selina	1	-----	F	1955	21520	Place-3
SMITH	Jenkins	1	-----	M	1955	21534	Place-2
SMITH	Paulo	1	-----	M	1955	21541	Place-21
SMITH	Joseph	1	-----	M	1955	21550	Place-22
SMITH	Joseph	0	-----	M	1955	21593	Place-24
SMITH	Selina	0	-----	F	1955	21598	Place-3
SMITH	Sharon	0	-----	F	1955	21600	Place-2
SMITH	Seonaid	0	-----	F	1955	21617	Place-6
SMITH	Jenkins	0	-----	M	1955	21623	Place-20
SMITH	Jacob	0	-----	M	1955	21629	Place-29
SMITH	Jacob	0	-----	M	1955	21632	Place-3
SMITH	Joseph	0	-----	M	1955	21633	Place-29
SMITH	Seonaid	0	-----	F	1955	21634	Place-11
SMITH	Jenkins	0	-----	M	1955	21640	Place-3
SMITH	Selina	0	-----	F	1955	21641	Place-17
SMITH	Paulo	0	-----	M	1955	21642	Place-28
SMITH	Joseph	0	-----	M	1955	21648	Place-14
SMITH	Briony	0	-----	F	1955	21652	Place-13
SMITH	Jacob	0	-----	M	1955	21658	Place-23
SMITH	Briony	0	-----	F	1955	21661	Place-21
SMITH	Suzanne	0	-----	F	1955	21667	Place-18
SMITH	Jenkins	0	-----	M	1955	21675	Place-13
SMITH	Jenkins	0	-----	M	1955	21680	Place-18
SMITH	Jacob	0	-----	M	1955	21682	Place-16
SMITH	Jenkins	0	-----	M	1955	21696	Place-10
SMITH	Briony	0	-----	F	1955	21697	Place-0
SMITH	Jim	0	-----	M	1955	21701	Place-22
SMITH	Sarah	0	-----	F	1955	21703	Place-16
SMITH	Jenkins	0	-----	M	1955	21708	Place-9
SMITH	James	0	-----	M	1955	21712	Place-8
SMITH	Joseph	0	-----	M	1955	21722	Place-26
SMITH	Selina	0	-----	F	1955	21725	Place-15
SMITH	Suzanne	0	-----	F	1955	21727	Place-0
SMITH	Joseph	0	-----	M	1955	21729	Place-26
SMITH	Jacob	0	-----	M	1955	21733	Place-10
SMITH	Sheila	0	-----	F	1955	21734	Place-5
SMITH	Jim	0	-----	M	1955	21740	Place-1
SMITH	Joseph	0	-----	M	1955	21741	Place-25
SMITH	Selina	0	-----	F	1955	21742	Place-29
SMITH	Seonaid	0	-----	F	1955	21744	Place-28
SMITH	Sharon	0	-----	F	1955	21745	Place-7
SMITH	James	0	-----	M	1955	21746	Place-26
SMITH	Susan	0	-----	F	1955	21747	Place-14
SMITH	Jenkins	0	-----	M	1955	21748	Place-2
SMITH	Sharon	0	-----	F	1955	21749	Place-29
SMITH	Jacob	0	-----	M	1955	21760	Place-18
SMITH	Sharon	0	-----	F	1955	21763	Place-26
SMITH	Susan	0	-----	F	1955	21764	Place-7
SMITH	Susan	0	-----	F	1955	21769	Place-7
SMITH	Paulo	0	-----	M	1955	21775	Place-19
SMITH	Susan	0	-----	F	1955	21776	Place-2
SMITH	Suzanne	0	-----	F	1955	21786	Place-23
SMITH	Jenkins	0	-----	M	1955	21789	Place-1
SMITH	Sheila	0	-----	F	1955	21790	Place-11
SMITH	Bob	0	-----	M	1955	21793	Place-27
SMITH	Jim	0	-----	M	1955	21808	Place-23
SMITH	Sharon	0	-----	F	1955	21817	Place-9
SMITH	Susan	0	-----	F	1955	21818	Place-9
SMITH	Briony	0	-----	F	1955	21819	Place-26
SMITH	Shawn	0	-----	M	1955	21826	Place-10
SMITH	Bob	0	-----	M	1955	21833	Place-19
SMITH	Selina	0	-----	F	1955	21838	Place-20
SMITH	Selina	0	-----	F	1955	21846	Place-0
SMITH	James	0	-----	M	1955	21850	Place-10
SMITH	Jenkins	0	-----	M	1955	21861	Place-8
SMITH	Jacob	0	-----	M	1955	21867	Place-18
SMITH	Sheila	0	-----	F	1955	21872	Place-16
SMITH	Sharon	0	-----	F	1955	21875	Place-17
SMITH	Shawn	0	-----	M	1955	21876	Place-26
SMITH	Bob	0	-----	M	1955	21877	Place-2
SMITH	Sharon	20	-----	F	1956	21900	Place-28
SMITH	Joseph	55	-----	M	1956	9358	Place-21
SMITH	Bob	55	-----	M	1956	9378	Place-26
SMITH	Suzanne	43	-----	F	1956	20912	Place-6
SMITH	Sharon	44	-----	F	1956	19985	Place-25
SMITH	Susan	21	-----	F	1956	15819	Place-9
SMITH	Selina	41	-----	F	1956	18184	Place-17
SMITH	Joseph	45	-----	M	1956	10854	Place-12
SMITH	Sharon	43	-----	F	1956	18749	Place-16
SMITH	Sheila	57	-----	F	1956	21572	Place-15
SMITH	Selina	43	-----	F	1956	20582	Place-2
SMITH	Selina	39	-----	F	1956	20601	Place-2
SMITH	Jenkins	58	-----	M	1956	8897	Place-27
SMITH	Shawn	40	-----	M	1956	11738	Place-10
SMITH	Jacob	37	-----	M	1956	12326	Place-6
SMITH	Jenkins	28	-----	M	1956	14085	Place-23
SMITH	Shawn	7	-----	M	1956	19797	Place-2
SMITH	James	40	-----	M	1956	11780	Place-19
SMITH	Briony	39	-----	F	1956	11903	Place-10
SMITH	Jenkins	56	-----	M	1956	9213	Place-6
SMITH	Sheila	19	-----	F	1956	16295	Place-24
SMITH	Suzanne	55	-----	F	1956	20910	Place-13
SMITH	Sheila	56	-----	F	1956	20940	Place-29
SMITH	Sarah	55	-----	F	1956	20941	Place-8
SMITH	Seonaid	31	-----	F	1956	18450	Place-23
SMITH	Sharon	41	-----	F	1956	15409	Place-2
SMITH	Susan	59	-----	F	1956	14462	Place-21
SMITH	Bob	13	-----	M	1956	18108	Place-17
SMITH	Shawn	26	-----	M	1956	14535	Place-27
SMITH	Susan	51	-----	F	1956	13427	Place-0
SMITH	James	55	-----	M	1956	9265	Place-15
SMITH	Paulo	55	-----	M	1956	9393	Place-2
SMITH	Paulo	37	-----	M	1956	12271	Place-29
SMITH	Sarah	55	-----	F	1956	15105	Place-0
SMITH	Sheila	28	-----	F	1956	14198	Place-15
SMITH	Bob	24	-----	M	1956	15053	Place-3
SMITH	Sheila	55	-----	F	1956	19982	Place-17
SMITH	Paulo	46	-----	M	1956	10688	Place-9
SMITH	Bob	22	-----	M	1956	15582	Place-17
SMITH	Seonaid	55	-----	F	1956	9268	Place-24
SMITH	Sarah	25	-----	F	1956	14720	Place-27
SMITH	Bob	21	-----	M	1956	15805	Place-13
SMITH	Jenkins	12	-----	M	1956	18269	Place-21
SMITH	Seonaid	42	-----	F	1956	11406	Place-18
SMITH	Briony	57	-----	F	1956	16437	Place-29
SMITH	Suzanne	67	-----	F	1956	7657	Place-29
SMITH	Jenkins	49	-----	M	1956	10255	Place-11
SMITH	Sarah	55	-----	F	1956	18764	Place-16
SMITH	Sharon	32	-----	F	1956	18773	Place-17
SMITH	Sharon	55	-----	F	1956	17884	Place-4
SMITH	Bob	15	-----	M	1956	17351	Place-25
SMITH	Seonaid	41	-----	F	1956	16454	Place-24
SMITH	Jacob	55	-----	M	1956	9376	Place-14
SMITH	Shawn	33	-----	M	1956	13133	Place-27
SMITH	Paulo	34	-----	M	1956	12963	Place-28
SMITH	Joseph	33	-----	M	1956	13126	Place-29
SMITH	Jenkins	34	-----	M	1956	12986	Place-27
SMITH	Sarah	45	-----	F	1956	10880	Place-26
SMITH	Jacob	40	-----	M	1956	11860	Place-19
SMITH	Jim	57	-----	M	1956	9010	Place-28
SMITH	Sarah	21	-----	F	1956	15817	Place-22
SMITH	Jim	56	-----	M	1956	9126	Place-29
SMITH	Shawn	55	-----	M	1956	9288	Place-27
SMITH	Joseph	27	-----	M	1956	14438	Place-29
SMITH	Shawn	26	-----	M	1956	14558	Place-1
SMITH	Jim	25	-----	M	1956	14717	Place-5
SMITH	Selina	22	-----	F	1956	15554	Place-8
SMITH	Paulo	21	-----	M	1956	15675	Place-24
SMITH	Sharon	17	-----	F	1956	16953	Place-21
SMITH	James	16	-----	M	1956	17226	Place-7
SMITH	Paulo	15	-----	M	1956	17319	Place-18
SMITH	Paulo	15	-----	M	1956	17425	Place-26
SMITH	Selina	14	-----	F	1956	17767	Place-6
SMITH	Joseph	14	-----	M	1956	17786	Place-17
SMITH	James	13	-----	M	1956	18116	Place-1
SMITH	Briony	13	-----	F	1956	18161	Place-12
SMITH	Jenkins	12	-----	M	1956	18204	Place-7
SMITH	Suzanne	11	-----	F	1956	18518	Place-18
SMITH	Joseph	11	-----	M	1956	18716	Place-22
SMITH	Shawn	10	-----	M	1956	18871	Place-24
SMITH	Bob	10	-----	M	1956	18976	Place-26
SMITH	Paulo	10	-----	M	1956	19003	Place-6
SMITH	Jenkins	9	-----	M	1956	19183	Place-1
SMITH	Joseph	8	-----	M	1956	19361	Place-12
SMITH	Paulo	8	-----	M	1956	19379	Place-2
SMITH	Joseph	8	-----	M	1956	19406	Place-28
SMITH	Paulo	8	-----	M	1956	19520	Place-21
SMITH	Bob	8	-----	M	1956	19582	Place-23
SMITH	James	7	-----	M	1956	19781	Place-24
SMITH	Jacob	6	-----	M	1956	20016	Place-21
SMITH	Seonaid	6	-----	F	1956	20024	Place-14
SMITH	Sarah	5	-----	F	1956	20323	Place-24
SMITH	Suzanne	5	-----	F	1956	20336	Place-13
SMITH	Bob	4	-----	M	1956	20723	Place-25
SMITH	Jacob	4	-----	M	1956	20856	Place-28
SMITH	Suzanne	4	-----	F	1956	20879	Place-21
SMITH	Sarah	4	-----	F	1956	20896	Place-21
SMITH	Sarah	3	-----	F	1956	20998	Place-26
SMITH	Jim	3	-----	M	1956	21070	Place-29
SMITH	Susan	3	-----	F	1956	21123	Place-1
SMITH	Sarah	3	-----	F	1956	21130	Place-7
SMITH	Briony	3	-----	F	1956	21135	Place-24
SMITH	Jim	2	-----	M	1956	21449	Place-11
SMITH	Briony	2	-----	F	1956	21459	Place-25
SMITH	Sheila	2	-----	F	1956	21475	Place-21
SMITH	Suzanne	2	-----	F	1956	21518	Place-11
SMITH	Sheila	1	-----	F	1956	21589	Place-3
SMITH	Briony	1	-----	F	1956	21596	Place-24
SMITH	Selina	1	-----	F	1956	21597	Place-7
SMITH	Jenkins	1	-----	M	1956	21601	Place-22
SMITH	Susan	1	-----	F	1956	21606	Place-16
SMITH	Seonaid	1	-----	F	1956	21612	Place-12
SMITH	Bob	1	-----	M	1956	21645	Place-18
SMITH	Sarah	1	-----	F	1956	21649	Place-19
SMITH	Susan	1	-----	F	1956	21655	Place-18
SMITH	Sarah	1	-----	F	1956	21657	Place-1
SMITH	Sarah	1	-----	F	1956	21660	Place-14
SMITH	Shawn	1	-----	M	1956	21668	Place-14
SMITH	Joseph	1	-----	M	1956	21673	Place-25
SMITH	Sheila	1	-----	F	1956	21683	Place-24
SMITH	Suzanne	1	-----	F	1956	21689	Place-21
SMITH	Jacob	1	-----	M	1956	21693	Place-3
SMITH	Sheila	1	-----	F	1956	21709	Place-4
SMITH	Sarah	1	-----	F	1956	21721	Place-11
SMITH	Sarah	1	-----	F	1956	21737	Place-5
SMITH	Suzanne	1	-----	F	1956	21762	Place-2
SMITH	Bob	1	-----	M	1956	21766	Place-27
SMITH	Bob	1	-----	M	1956	21767	Place-16
SMITH	Paulo	1	-----	M	1956	21779	Place-18
SMITH	Seonaid	1	-----	F	1956	21791	Place-24
SMITH	Briony	1	-----	F	1956	21794	Place-16
SMITH	Selina	1	-----	F	1956	21799	Place-17
SMITH	Briony	1	-----	F	1956	21801	Place-5
SMITH	Seonaid	1	-----	F	1956	21802	Place-7
SMITH	Sharon	1	-----	F	1956	21806	Place-23
SMITH	Seonaid	1	-----	F	1956	21813	Place-4
SMITH	Sheila	1	-----	F	1956	21836	Place-27
SMITH	Shawn	1	-----	M	1956	21837	Place-21
SMITH	Sarah	1	-----	F	1956	21844	Place-12
SMITH	Sarah	1	-----	F	1956	21849	Place-20
SMITH	Sheila	1	-----	F	1956	21858	Place-10
SMITH	Susan	1	-----	F	1956	21862	Place-10
SMITH	Seonaid	1	-----	F	1956	21864	Place-25
SMITH	Sheila	1	-----	F	1956	21871	Place-23
SMITH	Jim	1	-----	M	1956	21874	Place-2
SMITH	James	1	-----	M	1956	21878	Place-28
SMITH	Sharon	1	-----	F	1956	21882	Place-18
SMITH	Jacob	0	-----	M	1956	21935	Place-16
SMITH	Susan	0	-----	F	1956	21936	Place-0
SMITH	Selina	0	-----	F	1956	21937	Place-28
SMITH	Shawn	0	-----	M	1956	21939	Place-19
SMITH	Suzanne	0	-----	F	1956	21952	Place-6
SMITH	Paulo	0	-----	M	1956	21956	Place-11
SMITH	Jenkins	0	-----	M	1956	21958	Place-24
SMITH	Jacob	0	-----	M	1956	21959	Place-26
SMITH	Seonaid	0	-----	F	1956	21960	Place-16
SMITH	Suzanne	0	-----	F	1956	21965	Place-9
SMITH	Jacob	0	-----	M	1956	21971	Place-25
SMITH	Sheila	0	-----	F	1956	21980	Place-2
SMITH	Sarah	0	-----	F	1956	21984	Place-16
SMITH	Sarah	0	-----	F	1956	21994	Place-3
SMITH	Suzanne	0	-----	F	1956	22008	Place-18
SMITH	Jacob	0	-----	M	1956	22010	Place-19
SMITH	Selina	0	-----	F	1956	22011	Place-6
SMITH	Jenkins	0	-----	M	1956	22020	Place-24
SMITH	Susan	0	-----	F	1956	22023	Place-15
SMITH	Seonaid	0	-----	F	1956	22034	Place-21
SMITH	Sarah	0	-----	F	1956	22037	Place-13
SMITH	Briony	0	-----	F	1956	22039	Place-27
SMITH	Sheila	0	-----	F	1956	22043	Place-8
SMITH	Briony	0	-----	F	1956	22045	Place-29
SMITH	Sheila	0	-----	F	1956	22047	Place-21
SMITH	Jacob	0	-----	M	1956	22053	Place-12
SMITH	Paulo	0	-----	M	1956	22054	Place-0
SMITH	Joseph	0	-----	M	1956	22063	Place-3
SMITH	Bob	0	-----	M	1956	22072	Place-13
SMITH	Jacob	0	-----	M	1956	22077	Place-4
SMITH	Jim	0	-----	M	1956	22078	Place-15
SMITH	Selina	0	-----	F	1956	22093	Place-29
SMITH	Jim	0	-----	M	1956	22096	Place-8
SMITH	Jacob	0	-----	M	1956	22097	Place-29
SMITH	Jacob	0	-----	M	1956	22103	Place-20
SMITH	Seonaid	0	-----	F	1956	22107	Place-1
SMITH	Sarah	0	-----	F	1956	22116	Place-24
SMITH	Briony	0	-----	F	1956	22126	Place-16
SMITH	Paulo	0	-----	M	1956	22130	Place-9
SMITH	Jacob	0	-----	M	1956	22131	Place-21
SMITH	Sharon	0	-----	F	1956	22138	Place-18
SMITH	Joseph	0	-----	M	1956	22141	Place-12
SMITH	Sarah	0	-----	F	1956	22145	Place-28
SMITH	Joseph	0	-----	M	1956	22149	Place-24
SMITH	Jacob	0	-----	M	1956	22153	Place-21
SMITH	Paulo	0	-----	M	1956	22158	Place-7
SMITH	Jenkins	0	-----	M	1956	22161	Place-25
SMITH	Suzanne	0	-----	F	1956	22164	Place-18
SMITH	Sharon	0	-----	F	1956	22177	Place-6
SMITH	Selina	0	-----	F	1956	22178	Place-17
SMITH	Sharon	0	-----	F	1956	22185	Place-19
SMITH	Sheila	0	-----	F	1956	22189	Place-20
SMITH	Sarah	0	-----	F	1956	22201	Place-12
SMITH	Susan	0	-----	F	1956	22214	Place-17
SMITH	Jacob	0	-----	M	1956	22216	Place-14
SMITH	James	0	-----	M	1956	22235	Place-22
SMITH	Suzanne	0	-----	F	1956	22236	Place-15
SMITH	Sharon	0	-----	F	1956	22237	Place-5
SMITH	Sarah	0	-----	F	1956	22240	Place-5
SMITH	Briony	56	-----	F	1957	22263	Place-13
SMITH	Bob	29	-----	M	1957	14155	Place-20
SMITH	Paulo	29	-----	M	1957	14062	Place-3
SMITH	Jacob	39	-----	M	1957	12104	Place-10
SMITH	Joseph	58	-----	M	1957	9038	Place-22
SMITH	Paulo	40	-----	M	1957	12004	Place-2
SMITH	Jacob	55	-----	M	1957	9508	Place-11
SMITH	Suzanne	38	-----	F	1957	21902	Place-27
SMITH	Paulo	26	-----	M	1957	14730	Place-9
SMITH	James	55	-----	M	1957	9519	Place-14
SMITH	Susan	22	-----	F	1957	15753	Place-3
SMITH	Jacob	29	-----	M	1957	14070	Place-29
SMITH	Sharon	40	-----	F	1957	16692	Place-11
SMITH	James	42	-----	M	1957	11546	Place-5
SMITH	Bob	28	-----	M	1957	14270	Place-8
SMITH	Joseph	43	-----	M	1957	11455	Place-18
SMITH	Selina	27	-----	F	1957	14491	Place-29
SMITH	Selina	33	-----	F	1957	13391	Place-6
SMITH	Jenkins	56	-----	M	1957	9250	Place-19
SMITH	Shawn	57	-----	M	1957	9151	Place-9
SMITH	Jenkins	56	-----	M	1957	9353	Place-0
SMITH	Susan	33	-----	F	1957	13275	Place-4
SMITH	Jim	55	-----	M	1957	9424	Place-16
SMITH	Bob	24	-----	M	1957	15314	Place-9
SMITH	Jenkins	51	-----	M	1957	10131	Place-3
SMITH	Sharon	56	-----	F	1957	21574	Place-22
SMITH	Shawn	52	-----	M	1957	9929	Place-27
SMITH	Jacob	32	-----	M	1957	13559	Place-0
SMITH	Sharon	61	-----	F	1957	17579	Place-2
SMITH	Shawn	56	-----	M	1957	9255	Place-3
SMITH	Suzanne	12	-----	F	1957	18702	Place-23
SMITH	Paulo	52	-----	M	1957	9949	Place-27
SMITH	Sharon	27	-----	F	1957	14582	Place-4
SMITH	Suzanne	56	-----	F	1957	14469	Place-1
SMITH	James	44	-----	M	1957	11251	Place-26
SMITH	Jim	51	-----	M	1957	10079	Place-23
SMITH	Briony	58	-----	F	1957	8991	Place-9
SMITH	Bob	58	-----	M	1957	9003	Place-19
SMITH	Bob	56	-----	M	1957	9306	Place-20
SMITH	Sarah	56	-----	F	1957	19338	Place-10
SMITH	Selina	53	-----	F	1957	18484	Place-26
SMITH	James	55	-----	M	1957	9473	Place-0
SMITH	Briony	55	-----	F	1957	13643	Place-10
SMITH	Joseph	23	-----	M	1957	15468	Place-18
SMITH	Suzanne	42	-----	F	1957	20592	Place-20
SMITH	Shawn	55	-----	M	1957	9514	Place-29
SMITH	Jenkins	55	-----	M	1957	9451	Place-10
SMITH	James	36	-----	M	1957	12654	Place-12
SMITH	Jenkins	30	-----	M	1957	13967	Place-23
SMITH	Sheila	14	-----	F	1957	18104	Place-7
SMITH	Sharon	29	-----	F	1957	20287	Place-11
SMITH	Paulo	35	-----	M	1957	12860	Place-9
SMITH	Seonaid	30	-----	F	1957	19642	Place-4
SMITH	Paulo	55	-----	M	1957	9472	Place-0
SMITH	Shawn	34	-----	M	1957	13099	Place-9
SMITH	Susan	57	-----	F	1957	12837	Place-2
SMITH	James	18	-----	M	1957	16941	Place-10
SMITH	Jacob	57	-----	M	1957	9117	Place-17
SMITH	Seonaid	57	-----	F	1957	13846	Place-23
SMITH	Jenkins	57	-----	M	1957	9229	Place-1
SMITH	Jenkins	57	-----	M	1957	9231	Place-10
SMITH	Seonaid	55	-----	F	1957	18467	Place-18
SMITH	Susan	56	-----	F	1957	9281	Place-4
SMITH	Briony	53	-----	F	1957	9753	Place-9
SMITH	Shawn	56	-----	M	1957	9369	Place-29
SMITH	Sarah	59	-----	F	1957	15129	Place-21
SMITH	James	33	-----	M	1957	13285	Place-11
SMITH	Sarah	55	-----	F	1957	18473	Place-28
SMITH	Susan	45	-----	F	1957	11078	Place-3
SMITH	Seonaid	39	-----	F	1957	12175	Place-18
SMITH	Shawn	65	-----	M	1957	7999	Place-17
SMITH	Bob	30	-----	M	1957	13965	Place-5
SMITH	Suzanne	40	-----	F	1957	11952	Place-7
SMITH	Jenkins	18	-----	M	1957	16831	Place-8
SMITH	Jim	16	-----	M	1957	17471	Place-8
SMITH	Joseph	40	-----	M	1957	11897	Place-11
SMITH	Joseph	60	-----	M	1957	8681	Place-21
SMITH	Jenkins	58	-----	M	1957	9013	Place-28
SMITH	Briony	59	-----	F	1957	8870	Place-10
SMITH	Jim	34	-----	M	1957	13170	Place-20
SMITH	Jim	28	-----	M	1957	14323	Place-0
SMITH	Paulo	24	-----	M	1957	15165	Place-24
SMITH	Sharon	22	-----	F	1957	15736	Place-11
SMITH	Bob	20	-----	M	1957	16182	Place-28
SMITH	Sharon	19	-----	F	1957	16578	Place-14
SMITH	Seonaid	19	-----	F	1957	16618	Place-4
SMITH	Jim	19	-----	M	1957	16653	Place-18
SMITH	Susan	19	-----	F	1957	16672	Place-0
SMITH	Selina	18	-----	F	1957	16875	Place-12
SMITH	Paulo	18	-----	M	1957	16906	Place-22
SMITH	Jim	17	-----	M	1957	17010	Place-26
SMITH	Sarah	17	-----	F	1957	17039	Place-28
SMITH	Jenkins	17	-----	M	1957	17072	Place-22
SMITH	Paulo	17	-----	M	1957	17163	Place-27
SMITH	James	16	-----	M	1957	17474	Place-6
SMITH	Jenkins	14	-----	M	1957	17963	Place-14
SMITH	Sarah	14	-----	F	1957	17966	Place-28
SMITH	Sharon	14	-----	F	1957	18136	Place-28
SMITH	Susan	13	-----	F	1957	18274	Place-26
SMITH	Paulo	12	-----	M	1957	18535	Place-20
SMITH	Susan	12	-----	F	1957	18548	Place-1
SMITH	Seonaid	12	-----	F	1957	18555	Place-13
SMITH	Shawn	12	-----	M	1957	18567	Place-26
SMITH	Paulo	12	-----	M	1957	18597	Place-1
SMITH	Jenkins	12	-----	M	1957	18629	Place-16
SMITH	Jacob	11	-----	M	1957	18795	Place-5
SMITH	Jim	11	-----	M	1957	18812	Place-9
SMITH	Joseph	11	-----	M	1957	18829	Place-3
SMITH	Susan	11	-----	F	1957	18928	Place-28
SMITH	Sharon	11	-----	F	1957	18993	Place-27
SMITH	Joseph	10	-----	M	1957	19045	Place-9
SMITH	Susan	10	-----	F	1957	19096	Place-6
SMITH	Susan	10	-----	F	1957	19137	Place-20
SMITH	Sheila	10	-----	F	1957	19254	Place-10
SMITH	Suzanne	10	-----	F	1957	19273	Place-20
SMITH	James	9	-----	M	1957	19386	Place-13
SMITH	Sarah	9	-----	F	1957	19556	Place-14
SMITH	Jenkins	8	-----	M	1957	19746	Place-22
SMITH	Susan	8	-----	F	1957	19862	Place-28
SMITH	Sarah	7	-----	F	1957	20010	Place-23
SMITH	Selina	7	-----	F	1957	20038	Place-6
SMITH	Jim	7	-----	M	1957	20183	Place-29
SMITH	James	7	-----	M	1957	20226	Place-28
SMITH	Briony	7	-----	F	1957	20248	Place-29
SMITH	Jenkins	6	-----	M	1957	20297	Place-15
SMITH	Briony	6	-----	F	1957	20480	Place-10
SMITH	Jim	5	-----	M	1957	20625	Place-26
SMITH	Sarah	5	-----	F	1957	20658	Place-2
SMITH	Joseph	5	-----	M	1957	20693	Place-20
SMITH	Sharon	5	-----	F	1957	20765	Place-10
SMITH	Selina	5	-----	F	1957	20783	Place-6
SMITH	Paulo	5	-----	M	1957	20810	Place-18
SMITH	Jenkins	4	-----	M	1957	20987	Place-6
SMITH	Paulo	4	-----	M	1957	21062	Place-29
SMITH	Sharon	4	-----	F	1957	21161	Place-26
SMITH	Jim	4	-----	M	1957	21223	Place-27
SMITH	Seonaid	2	-----	F	1957	21644	Place-2
SMITH	James	2	-----	M	1957	21647	Place-22
SMITH	Suzanne	2	-----	F	1957	21650	Place-13
SMITH	Sheila	2	-----	F	1957	21739	Place-11
SMITH	Jenkins	2	-----	M	1957	21851	Place-9
SMITH	Seonaid	1	-----	F	1957	21938	Place-1
SMITH	Sarah	1	-----	F	1957	21947	Place-24
SMITH	Suzanne	1	-----	F	1957	21964	Place-19
SMITH	Shawn	1	-----	M	1957	21966	Place-29
SMITH	Bob	1	-----	M	1957	21967	Place-24
SMITH	Seonaid	1	-----	F	1957	21970	Place-3
SMITH	Jacob	1	-----	M	1957	21977	Place-7
SMITH	Suzanne	1	-----	F	1957	21979	Place-25
SMITH	Sarah	1	-----	F	1957	21990	Place-11
SMITH	Jacob	1	-----	M	1957	22001	Place-23
SMITH	Paulo	1	-----	M	1957	22004	Place-4
SMITH	Jenkins	1	-----	M	1957	22018	Place-26
SMITH	Jim	1	-----	M	1957	22056	Place-6
SMITH	Briony	1	-----	F	1957	22066	Place-9
SMITH	James	1	-----	M	1957	22070	Place-18
SMITH	Joseph	1	-----	M	1957	22075	Place-28
SMITH	James	1	-----	M	1957	22079	Place-28
SMITH	Sheila	1	-----	F	1957	22084	Place-10
SMITH	Sarah	1	-----	F	1957	22088	Place-20
SMITH	Suzanne	1	-----	F	1957	22101	Place-19
SMITH	Jim	1	-----	M	1957	22113	Place-9
SMITH	Selina	1	-----	F	1957	22118	Place-1
SMITH	Jacob	1	-----	M	1957	22123	Place-19
SMITH	Jacob	1	-----	M	1957	22127	Place-8
SMITH	Jim	1	-----	M	1957	22147	Place-13
SMITH	Sarah	1	-----	F	1957	22165	Place-23
SMITH	James	1	-----	M	1957	22171	Place-12
SMITH	Jacob	1	-----	M	1957	22180	Place-10
SMITH	Shawn	1	-----	M	1957	22183	Place-10
SMITH	Joseph	1	-----	M	1957	22187	Place-6
SMITH	Jenkins	1	-----	M	1957	22190	Place-9
SMITH	Selina	1	-----	F	1957	22192	Place-4
SMITH	Sheila	1	-----	F	1957	22196	Place-19
SMITH	Paulo	1	-----	M	1957	22198	Place-0
SMITH	Susan	1	-----	F	1957	22208	Place-10
SMITH	Jenkins	1	-----	M	1957	22220	Place-24
SMITH	Paulo	1	-----	M	1957	22221	Place-12
SMITH	Briony	1	-----	F	1957	22227	Place-28
SMITH	Jacob	1	-----	M	1957	22228	Place-24
SMITH	Joseph	1	-----	M	1957	22238	Place-13
SMITH	Briony	1	-----	F	1957	22242	Place-22
SMITH	Jacob	0	-----	M	1957	22286	Place-8
SMITH	James	0	-----	M	1957	22299	Place-25
SMITH	Jacob	0	-----	M	1957	22302	Place-3
SMITH	Sheila	0	-----	F	1957	22303	Place-9
SMITH	Susan	0	-----	F	1957	22305	Place-1
SMITH	Jim	0	-----	M	1957	22307	Place-6
SMITH	Sheila	0	-----	F	1957	22314	Place-8
SMITH	Selina	0	-----	F	1957	22330	Place-2
SMITH	Seonaid	0	-----	F	1957	22340	Place-8
SMITH	Susan	0	-----	F	1957	22390	Place-29
SMITH	Paulo	0	-----	M	1957	22391	Place-9
SMITH	Paulo	0	-----	M	1957	22396	Place-18
SMITH	Sarah	0	-----	F	1957	22397	Place-10
SMITH	Joseph	0	-----	M	1957	22404	Place-9
SMITH	James	0	-----	M	1957	22405	Place-19
SMITH	Seonaid	0	-----	F	1957	22408	Place-14
SMITH	Bob	0	-----	M	1957	22410	Place-6
SMITH	Sharon	0	-----	F	1957	22419	Place-24
SMITH	Shawn	0	-----	M	1957	22420	Place-18
SMITH	Seonaid	0	-----	F	1957	22421	Place-25
SMITH	Jacob	0	-----	M	1957	22422	Place-12
SMITH	Selina	0	-----	F	1957	22432	Place-24
SMITH	Briony	0	-----	F	1957	22436	Place-8
SMITH	Jacob	0	-----	M	1957	22446	Place-0
SMITH	Paulo	0	-----	M	1957	22452	Place-25
SMITH	Sharon	0	-----	F	1957	22462	Place-14
SMITH	Jenkins	0	-----	M	1957	22468	Place-28
SMITH	Paulo	0	-----	M	1957	22472	Place-16
SMITH	Selina	0	-----	F	1957	22473	Place-19
SMITH	Jenkins	0	-----	M	1957	22475	Place-28
SMITH	James	0	-----	M	1957	22476	Place-1
SMITH	James	0	-----	M	1957	22498	Place-4
SMITH	Jenkins	0	-----	M	1957	22502	Place-16
SMITH	Sarah	0	-----	F	1957	22503	Place-21
SMITH	Shawn	0	-----	M	1957	22505	Place-23
SMITH	Selina	0	-----	F	1957	22524	Place-22
SMITH	Bob	0	-----	M	1957	22532	Place-23
SMITH	Selina	0	-----	F	1957	22535	Place-9
SMITH	Jacob	0	-----	M	1957	22550	Place-18
SMITH	James	0	-----	M	1957	22553	Place-0
SMITH	James	0	-----	M	1957	22554	Place-4
SMITH	Sheila	0	-----	F	1957	22557	Place-6
SMITH	Sarah	0	-----	F	1957	22564	Place-13
SMITH	Suzanne	0	-----	F	1957	22578	Place-7
SMITH	Shawn	0	-----	M	1957	22579	Place-2
SMITH	Sharon	0	-----	F	1957	22585	Place-22
SMITH	Sharon	0	-----	F	1957	22587	Place-2
SMITH	Sharon	0	-----	F	1957	22591	Place-12
SMITH	Sheila	0	-----	F	1957	22592	Place-18
SMITH	Sarah	0	-----	F	1957	22595	Place-20
SMITH	Seonaid	0	-----	F	1957	22597	Place-9
SMITH	James	0	-----	M	1957	22598	Place-12
SMITH	Sheila	0	-----	F	1957	22602	Place-12
SMITH	Susan	21	-----	F	1958	22624	Place-3
SMITH	Shawn	23	-----	M	1958	15826	Place-9
SMITH	James	62	-----	M	1958	8639	Place-10
SMITH	Sheila	37	-----	F	1958	12784	Place-10
SMITH	Sheila	43	-----	F	1958	15408	Place-2
SMITH	Jacob	27	-----	M	1958	14854	Place-17
SMITH	Susan	20	-----	F	1958	16623	Place-9
SMITH	Susan	17	-----	F	1958	17407	Place-6
SMITH	Joseph	17	-----	M	1958	17560	Place-6
SMITH	Sheila	30	-----	F	1958	22258	Place-28
SMITH	Sheila	51	-----	F	1958	22267	Place-21
SMITH	Susan	55	-----	F	1958	22270	Place-22
SMITH	Sheila	30	-----	F	1958	14196	Place-1
SMITH	Seonaid	37	-----	F	1958	21247	Place-10
SMITH	Joseph	32	-----	M	1958	13744	Place-27
SMITH	Jim	34	-----	M	1958	13316	Place-1
SMITH	Jim	56	-----	M	1958	9436	Place-10
SMITH	Bob	57	-----	M	1958	9284	Place-14
SMITH	Bob	55	-----	M	1958	9551	Place-22
SMITH	Jacob	37	-----	M	1958	12770	Place-6
SMITH	Shawn	58	-----	M	1958	9152	Place-11
SMITH	Paulo	49	-----	M	1958	10576	Place-18
SMITH	Selina	56	-----	F	1958	21273	Place-14
SMITH	Sharon	25	-----	F	1958	21277	Place-13
SMITH	James	30	-----	M	1958	14094	Place-28
SMITH	Jenkins	25	-----	M	1958	15213	Place-19
SMITH	Suzanne	36	-----	F	1958	19633	Place-6
SMITH	Susan	63	-----	F	1958	19306	Place-12
SMITH	Joseph	57	-----	M	1958	9329	Place-13
SMITH	Paulo	21	-----	M	1958	16266	Place-18
SMITH	Susan	40	-----	F	1958	20936	Place-5
SMITH	James	58	-----	M	1958	9112	Place-19
SMITH	Seonaid	59	-----	F	1958	16429	Place-28
SMITH	Joseph	56	-----	M	1958	9502	Place-9
SMITH	Joseph	52	-----	M	1958	10152	Place-13
SMITH	Joseph	58	-----	M	1958	9199	Place-27
SMITH	Sheila	55	-----	F	1958	16709	Place-12
SMITH	Shawn	13	-----	M	1958	18637	Place-6
SMITH	Briony	60	-----	F	1958	20576	Place-13
SMITH	Suzanne	58	-----	F	1958	17595	Place-25
SMITH	Seonaid	52	-----	F	1958	10092	Place-6
SMITH	Jenkins	56	-----	M	1958	9524	Place-21
SMITH	Selina	18	-----	F	1958	17021	Place-21
SMITH	Seonaid	57	-----	F	1958	20272	Place-13
SMITH	Jim	55	-----	M	1958	9629	Place-16
SMITH	Shawn	58	-----	M	1958	9201	Place-28
SMITH	Sharon	56	-----	F	1958	12598	Place-24
SMITH	Sarah	54	-----	F	1958	16971	Place-0
SMITH	Paulo	23	-----	M	1958	15724	Place-24
SMITH	Paulo	59	-----	M	1958	8939	Place-17
SMITH	Seonaid	56	-----	F	1958	9409	Place-4
SMITH	Sarah	32	-----	F	1958	13695	Place-29
SMITH	Sarah	14	-----	F	1958	18412	Place-14
SMITH	Sharon	57	-----	F	1958	19639	Place-25
SMITH	Jim	55	-----	M	1958	9611	Place-8
SMITH	Paulo	55	-----	M	1958	9583	Place-18
SMITH	Jenkins	58	-----	M	1958	9181	Place-8
SMITH	Jacob	52	-----	M	1958	10059	Place-11
SMITH	Seonaid	46	-----	F	1958	11031	Place-20
SMITH	Joseph	41	-----	M	1958	11919	Place-18
SMITH	Bob	59	-----	M	1958	8938	Place-1
SMITH	Selina	31	-----	F	1958	13860	Place-2
SMITH	Sarah	31	-----	F	1958	13880	Place-24
SMITH	Jim	56	-----	M	1958	9503	Place-17
SMITH	James	48	-----	M	1958	10773	Place-28
SMITH	Joseph	33	-----	M	1958	13543	Place-11
SMITH	Jacob	58	-----	M	1958	9135	Place-27
SMITH	Jenkins	45	-----	M	1958	11220	Place-25
SMITH	Shawn	60	-----	M	1958	8888	Place-9
SMITH	Susan	56	-----	F	1958	13224	Place-7
SMITH	Joseph	55	-----	M	1958	9595	Place-10
SMITH	Shawn	58	-----	M	1958	9195	Place-13
SMITH	Jim	59	-----	M	1958	8971	Place-15
SMITH	Paulo	56	-----	M	1958	9440	Place-15
SMITH	Paulo	56	-----	M	1958	9423	Place-12
SMITH	Paulo	19	-----	M	1958	16793	Place-21
SMITH	Bob	56	-----	M	1958	9484	Place-28
SMITH	Paulo	55	-----	M	1958	9638	Place-16
SMITH	Sharon	58	-----	F	1958	9123	Place-25
SMITH	Jacob	24	-----	M	1958	15510	Place-2
SMITH	Seonaid	24	-----	F	1958	15616	Place-23
SMITH	Sarah	23	-----	F	1958	15709	Place-17
SMITH	Joseph	23	-----	M	1958	15803	Place-5
SMITH	Paulo	22	-----	M	1958	16109	Place-4
SMITH	Jim	21	-----	M	1958	16308	Place-0
SMITH	Shawn	21	-----	M	1958	16379	Place-13
SMITH	Selina	21	-----	F	1958	16384	Place-0
SMITH	Shawn	20	-----	M	1958	16569	Place-21
SMITH	Sheila	18	-----	F	1958	17085	Place-3
SMITH	Jim	18	-----	M	1958	17096	Place-4
SMITH	Briony	17	-----	F	1958	17379	Place-5
SMITH	Bob	16	-----	M	1958	17755	Place-26
SMITH	James	16	-----	M	1958	17797	Place-20
SMITH	Jenkins	16	-----	M	1958	17813	Place-18
SMITH	Joseph	16	-----	M	1958	17847	Place-29
SMITH	Sarah	14	-----	F	1958	18236	Place-14
SMITH	Briony	14	-----	F	1958	18254	Place-20
SMITH	Sarah	14	-----	F	1958	18335	Place-0
SMITH	Paulo	13	-----	M	1958	18495	Place-21
SMITH	Jim	13	-----	M	1958	18660	Place-15
SMITH	Bob	13	-----	M	1958	18741	Place-5
SMITH	Sharon	11	-----	F	1958	19150	Place-18
SMITH	Jacob	11	-----	M	1958	19164	Place-12
SMITH	Sarah	11	-----	F	1958	19258	Place-0
SMITH	Sheila	10	-----	F	1958	19492	Place-24
SMITH	Joseph	10	-----	M	1958	19507	Place-25
SMITH	James	10	-----	M	1958	19508	Place-9
SMITH	Sarah	9	-----	F	1958	19845	Place-1
SMITH	Suzanne	9	-----	F	1958	19896	Place-3
SMITH	Jim	9	-----	M	1958	19942	Place-16
SMITH	Bob	8	-----	M	1958	20231	Place-2
SMITH	Briony	7	-----	F	1958	20333	Place-3
SMITH	Selina	7	-----	F	1958	20348	Place-7
SMITH	Sarah	7	-----	F	1958	20550	Place-29
SMITH	Sharon	6	-----	F	1958	20768	Place-16
SMITH	Bob	6	-----	M	1958	20833	Place-28
SMITH	Sarah	6	-----	F	1958	20855	Place-25
SMITH	Joseph	6	-----	M	1958	20905	Place-9
SMITH	Bob	5	-----	M	1958	21076	Place-23
SMITH	Sarah	5	-----	F	1958	21084	Place-26
SMITH	Sharon	5	-----	F	1958	21156	Place-9
SMITH	Sharon	5	-----	F	1958	21196	Place-5
SMITH	Joseph	4	-----	M	1958	21318	Place-19
SMITH	Briony	4	-----	F	1958	21392	Place-6
SMITH	Susan	4	-----	F	1958	21478	Place-26
SMITH	James	3	-----	M	1958	21613	Place-0
SMITH	Paulo	3	-----	M	1958	21664	Place-16
SMITH	Susan	3	-----	F	1958	21824	Place-10
SMITH	Sharon	2	-----	F	1958	21940	Place-17
SMITH	Jacob	2	-----	M	1958	22017	Place-6
SMITH	Jim	2	-----	M	1958	22159	Place-2
SMITH	Suzanne	2	-----	F	1958	22188	Place-9
SMITH	Suzanne	2	-----	F	1958	22217	Place-29
SMITH	Selina	1	-----	F	1958	22290	Place-17
SMITH	Selina	1	-----	F	1958	22300	Place-1
SMITH	Suzanne	1	-----	F	1958	22309	Place-19
SMITH	Susan	1	-----	F	1958	22311	Place-21
SMITH	Sharon	1	-----	F	1958	22318	Place-6
SMITH	Susan	1	-----	F	1958	22327	Place-16
SMITH	Shawn	1	-----	M	1958	22332	Place-15
SMITH	Briony	1	-----	F	1958	22347	Place-8
SMITH	Jacob	1	-----	M	1958	22355	Place-15
SMITH	Sarah	1	-----	F	1958	22356	Place-21
SMITH	Joseph	1	-----	M	1958	22362	Place-23
SMITH	James	1	-----	M	1958	22363	Place-9
SMITH	Sheila	1	-----	F	1958	22368	Place-21
SMITH	Sarah	1	-----	F	1958	22369	Place-4
SMITH	Selina	1	-----	F	1958	22373	Place-29
SMITH	Selina	1	-----	F	1958	22375	Place-27
SMITH	Jenkins	1	-----	M	1958	22377	Place-27
SMITH	Paulo	1	-----	M	1958	22379	Place-9
SMITH	Jacob	1	-----	M	1958	22389	Place-13
SMITH	Sheila	1	-----	F	1958	22393	Place-15
SMITH	Sarah	1	-----	F	1958	22398	Place-25
SMITH	Selina	1	-----	F	1958	22400	Place-15
SMITH	Suzanne	1	-----	F	1958	22402	Place-5
SMITH	Bob	1	-----	M	1958	22411	Place-18
SMITH	Jim	1	-----	M	1958	22412	Place-23
SMITH	Suzanne	1	-----	F	1958	22413	Place-18
SMITH	Sarah	1	-----	F	1958	22415	Place-6
SMITH	Sharon	1	-----	F	1958	22423	Place-13
SMITH	Selina	1	-----	F	1958	22428	Place-3
SMITH	Suzanne	1	-----	F	1958	22434	Place-20
SMITH	Susan	1	-----	F	1958	22439	Place-21
SMITH	Jenkins	1	-----	M	1958	22443	Place-28
SMITH	Shawn	1	-----	M	1958	22444	Place-16
SMITH	Suzanne	1	-----	F	1958	22450	Place-23
SMITH	Jacob	1	-----	M	1958	22454	Place-14
SMITH	Jacob	1	-----	M	1958	22455	Place-6
SMITH	Joseph	1	-----	M	1958	22458	Place-2
SMITH	Bob	1	-----	M	1958	22461	Place-29
SMITH	Seonaid	1	-----	F	1958	22465	Place-6
SMITH	James	1	-----	M	1958	22470	Place-27
SMITH	Jim	1	-----	M	1958	22477	Place-6
SMITH	Jacob	1	-----	M	1958	22495	Place-15
SMITH	James	1	-----	M	1958	22519	Place-25
SMITH	Joseph	1	-----	M	1958	22526	Place-1
SMITH	Joseph	1	-----	M	1958	22542	Place-4
SMITH	Briony	1	-----	F	1958	22544	Place-9
SMITH	Sheila	1	-----	F	1958	22547	Place-2
SMITH	Shawn	1	-----	M	1958	22548	Place-8
SMITH	Shawn	1	-----	M	1958	22551	Place-15
SMITH	Jacob	1	-----	M	1958	22552	Place-11
SMITH	Bob	1	-----	M	1958	22555	Place-22
SMITH	Suzanne	1	-----	F	1958	22556	Place-4
SMITH	Sheila	1	-----	F	1958	22559	Place-0
SMITH	Briony	1	-----	F	1958	22562	Place-26
SMITH	James	1	-----	M	1958	22580	Place-24
SMITH	Jacob	1	-----	M	1958	22582	Place-6
SMITH	Sharon	1	-----	F	1958	22590	Place-0
SMITH	Sarah	1	-----	F	1958	22594	Place-0
SMITH	Seonaid	1	-----	F	1958	22605	Place-13
SMITH	Sheila	0	-----	F	1958	22644	Place-8
SMITH	Paulo	0	-----	M	1958	22657	Place-5
SMITH	Jim	0	-----	M	1958	22662	Place-26
SMITH	Selina	0	-----	F	1958	22666	Place-23
SMITH	Sheila	0	-----	F	1958	22669	Place-25
SMITH	Susan	0	-----	F	1958	22673	Place-7
SMITH	Sharon	0	-----	F	1958	22674	Place-11
SMITH	Bob	0	-----	M	1958	22679	Place-8
SMITH	Sharon	0	-----	F	1958	22680	Place-8
SMITH	James	0	-----	M	1958	22683	Place-6
SMITH	Jacob	0	-----	M	1958	22685	Place-14
SMITH	Seonaid	0	-----	F	1958	22698	Place-19
SMITH	Bob	0	-----	M	1958	22701	Place-18
SMITH	Suzanne	0	-----	F	1958	22703	Place-2
SMITH	Joseph	0	-----	M	1958	22706	Place-0
SMITH	Jenkins	0	-----	M	1958	22715	Place-12
SMITH	Briony	0	-----	F	1958	22728	Place-5
SMITH	Jim	0	-----	M	1958	22732	Place-26
SMITH	Susan	0	-----	F	1958	22736	Place-0
SMITH	Briony	0	-----	F	1958	22738	Place-8
SMITH	Sharon	0	-----	F	1958	22744	Place-3
SMITH	Jim	0	-----	M	1958	22748	Place-29
SMITH	Bob	0	-----	M	1958	22751	Place-10
SMITH	Jenkins	0	-----	M	1958	22755	Place-11
SMITH	Bob	0	-----	M	1958	22766	Place-19
SMITH	Shawn	0	-----	M	1958	22770	Place-5
SMITH	Bob	0	-----	M	1958	22773	Place-13
SMITH	Briony	0	-----	F	1958	22774	Place-3
SMITH	Sharon	0	-----	F	1958	22778	Place-29
SMITH	Bob	0	-----	M	1958	22779	Place-2
SMITH	Sheila	0	-----	F	1958	22788	Place-24
SMITH	Paulo	0	-----	M	1958	22794	Place-16
SMITH	Jenkins	0	-----	M	1958	22798	Place-8
SMITH	James	0	-----	M	1958	22803	Place-21
SMITH	Shawn	0	-----	M	1958	22810	Place-0
SMITH	Selina	0	-----	F	1958	22813	Place-4
SMITH	Sheila	0	-----	F	1958	22820	Place-13
SMITH	Jenkins	0	-----	M	1958	22829	Place-1
SMITH	Sheila	0	-----	F	1958	22845	Place-16
SMITH	Shawn	0	-----	M	1958	22850	Place-20
SMITH	Jenkins	0	-----	M	1958	22856	Place-21
SMITH	Paulo	0	-----	M	1958	22857	Place-24
SMITH	Suzanne	0	-----	F	1958	22862	Place-13
SMITH	Jacob	0	-----	M	1958	22872	Place-26
SMITH	Sarah	0	-----	F	1958	22873	Place-0
SMITH	Bob	0	-----	M	1958	22881	Place-17
SMITH	Bob	0	-----	M	1958	22882	Place-16
SMITH	Selina	0	-----	F	1958	22890	Place-0
SMITH	Sharon	0	-----	F	1958	22892	Place-2
SMITH	Suzanne	0	-----	F	1958	22896	Place-8
SMITH	Briony	0	-----	F	1958	22901	Place-10
SMITH	Paulo	0	-----	M	1958	22903	Place-2
SMITH	Sharon	0	-----	F	1958	22907	Place-12
SMITH	Paulo	0	-----	M	1958	22908	Place-1
SMITH	Jenkins	0	-----	M	1958	22917	Place-14
SMITH	Sheila	0	-----	F	1958	22927	Place-5
SMITH	Joseph	0	-----	M	1958	22939	Place-18
SMITH	Paulo	0	-----	M	1958	22940	Place-18
SMITH	Briony	0	-----	F	1958	22946	Place-14
SMITH	Sarah	0	-----	F	1958	22947	Place-9
