Surname	Forename	Spouse Surname	Spouse Forename	Year	Ref	RD Name
SMITH	Shawn	SMITH	Suzanne	1755	90	Place-24
SMITH	Jenkins	SMITH	Seonaid	1755	196	Place-6
SMITH	Shawn	SMITH	Seonaid	1756	90	Place-24
SMITH	Paulo	SMITH	Suzanne	1756	322	Place-29
SMITH	Jacob	SMITH	Sheila	1757	108	Place-6
SMITH	James	SMITH	Sarah	1757	137	Place-25
SMITH	Bob	SMITH	Sharon	1757	243	Place-15
SMITH	Shawn	SMITH	Suzanne	1757	395	Place-5
SMITH	Jenkins	SMITH	Sharon	1758	301	Place-19
SMITH	Shawn	SMITH	Selina	1758	24	Place-22
SMITH	Jim	SMITH	Selina	1758	30	Place-29
SMITH	Bob	SMITH	Sheila	1758	113	Place-23
SMITH	Bob	SMITH	Sarah	1758	152	Place-12
SMITH	Bob	SMITH	Briony	1758	218	Place-18
SMITH	Jenkins	SMITH	Susan	1758	339	Place-13
SMITH	Jim	SMITH	Sarah	1759	30	Place-29
SMITH	Bob	SMITH	Sarah	1760	229	Place-29
SMITH	Shawn	SMITH	Sharon	1760	293	Place-24
SMITH	Jim	SMITH	Sarah	1761	340	Place-9
SMITH	Shawn	SMITH	Selina	1761	294	Place-2
SMITH	Bob	SMITH	Seonaid	1761	229	Place-29
SMITH	Bob	SMITH	Briony	1761	158	Place-20
SMITH	Jim	SMITH	Sarah	1761	97	Place-1
SMITH	Bob	SMITH	Seonaid	1761	113	Place-23
SMITH	Shawn	SMITH	Sarah	1761	217	Place-26
SMITH	Jim	SMITH	Suzanne	1762	386	Place-8
SMITH	Jacob	SMITH	Sheila	1762	232	Place-3
SMITH	Jenkins	SMITH	Sharon	1762	6	Place-20
SMITH	Jim	SMITH	Briony	1763	97	Place-8
SMITH	Paulo	SMITH	Selina	1763	289	Place-1
SMITH	Jim	SMITH	Susan	1763	187	Place-24
SMITH	Bob	SMITH	Selina	1763	312	Place-22
SMITH	Jim	SMITH	Briony	1764	386	Place-8
SMITH	Jacob	SMITH	Sarah	1764	55	Place-6
SMITH	Shawn	SMITH	Selina	1764	24	Place-22
SMITH	Bob	SMITH	Susan	1764	113	Place-23
SMITH	Jim	SMITH	Selina	1764	192	Place-9
SMITH	James	SMITH	Susan	1765	133	Place-3
SMITH	Jacob	SMITH	Sheila	1765	193	Place-25
SMITH	Jim	SMITH	Sharon	1766	315	Place-9
SMITH	Jim	SMITH	Sarah	1767	192	Place-9
SMITH	Shawn	SMITH	Sheila	1770	217	Place-8
SMITH	Bob	SMITH	Sarah	1771	218	Place-1
SMITH	Bob	SMITH	Suzanne	1771	229	Place-29
SMITH	Bob	SMITH	Briony	1771	299	Place-13
SMITH	Jacob	SMITH	Susan	1771	108	Place-6
SMITH	Jim	SMITH	Seonaid	1771	192	Place-9
SMITH	Bob	SMITH	Selina	1773	389	Place-17
SMITH	Joseph	SMITH	Seonaid	1773	11	Place-23
SMITH	Joseph	SMITH	Selina	1774	223	Place-20
SMITH	James	SMITH	Sheila	1774	62	Place-26
SMITH	Jacob	SMITH	Sheila	1774	193	Place-25
SMITH	Jim	SMITH	Seonaid	1775	12	Place-27
SMITH	James	SMITH	Suzanne	1775	62	Place-26
SMITH	Bob	SMITH	Selina	1775	329	Place-23
SMITH	Jenkins	SMITH	Sarah	1775	270	Place-20
SMITH	Jacob	SMITH	Sheila	1776	18	Place-24
SMITH	Bob	SMITH	Suzanne	1776	299	Place-28
SMITH	Jacob	SMITH	Sarah	1776	420	Place-15
SMITH	Jim	SMITH	Seonaid	1776	160	Place-17
SMITH	Joseph	SMITH	Suzanne	1777	11	Place-23
SMITH	Paulo	SMITH	Selina	1777	23	Place-16
SMITH	Bob	SMITH	Seonaid	1777	445	Place-26
SMITH	Jim	SMITH	Seonaid	1778	457	Place-9
SMITH	Jacob	SMITH	Susan	1779	420	Place-15
SMITH	Jenkins	SMITH	Selina	1779	1	Place-17
SMITH	Bob	SMITH	Sarah	1779	445	Place-26
SMITH	Jim	SMITH	Susan	1780	97	Place-16
SMITH	Jim	SMITH	Sarah	1780	12	Place-8
SMITH	Jenkins	SMITH	Sarah	1780	339	Place-28
SMITH	Jacob	SMITH	Susan	1780	350	Place-3
SMITH	Bob	SMITH	Seonaid	1780	243	Place-15
SMITH	Bob	SMITH	Susan	1781	255	Place-9
SMITH	Jenkins	SMITH	Suzanne	1781	74	Place-14
SMITH	James	SMITH	Seonaid	1782	62	Place-26
SMITH	Jenkins	SMITH	Seonaid	1782	361	Place-21
SMITH	Jacob	SMITH	Seonaid	1783	420	Place-8
SMITH	Paulo	SMITH	Suzanne	1783	484	Place-15
SMITH	Joseph	SMITH	Suzanne	1784	547	Place-12
SMITH	Jim	SMITH	Suzanne	1784	457	Place-27
SMITH	Jim	SMITH	Sarah	1784	160	Place-17
SMITH	Joseph	SMITH	Sharon	1784	559	Place-20
SMITH	James	SMITH	Sheila	1784	613	Place-14
SMITH	James	SMITH	Seonaid	1785	611	Place-20
SMITH	Jim	SMITH	Sarah	1785	132	Place-21
SMITH	Jenkins	SMITH	Seonaid	1785	361	Place-21
SMITH	James	SMITH	Selina	1786	258	Place-4
SMITH	Shawn	SMITH	Sheila	1786	695	Place-26
SMITH	Bob	SMITH	Sheila	1786	444	Place-24
SMITH	Jacob	SMITH	Selina	1786	545	Place-27
SMITH	Jim	SMITH	Seonaid	1786	574	Place-17
SMITH	Jenkins	SMITH	Suzanne	1787	316	Place-3
SMITH	Jim	SMITH	Briony	1787	304	Place-16
SMITH	Joseph	SMITH	Briony	1787	28	Place-25
SMITH	Jim	SMITH	Sarah	1788	315	Place-19
SMITH	Shawn	SMITH	Selina	1788	455	Place-26
SMITH	Joseph	SMITH	Susan	1789	142	Place-28
SMITH	Shawn	SMITH	Sarah	1789	724	Place-17
SMITH	Shawn	SMITH	Briony	1789	723	Place-9
SMITH	Joseph	SMITH	Sarah	1790	429	Place-9
SMITH	Jim	SMITH	Sharon	1790	304	Place-16
SMITH	Joseph	SMITH	Sarah	1791	81	Place-11
SMITH	James	SMITH	Sarah	1791	718	Place-6
SMITH	James	SMITH	Sharon	1791	757	Place-14
SMITH	Joseph	SMITH	Sarah	1792	588	Place-27
SMITH	Jacob	SMITH	Susan	1792	625	Place-16
SMITH	Shawn	SMITH	Sheila	1792	408	Place-4
SMITH	Jim	SMITH	Sarah	1792	315	Place-19
SMITH	Shawn	SMITH	Suzanne	1792	730	Place-3
SMITH	Jenkins	SMITH	Selina	1792	768	Place-1
SMITH	James	SMITH	Selina	1792	786	Place-9
SMITH	Shawn	SMITH	Suzanne	1793	317	Place-3
SMITH	Paulo	SMITH	Briony	1793	454	Place-20
SMITH	James	SMITH	Susan	1793	611	Place-20
SMITH	Joseph	SMITH	Sharon	1793	81	Place-11
SMITH	Bob	SMITH	Susan	1794	694	Place-19
SMITH	Shawn	SMITH	Sarah	1794	561	Place-9
SMITH	Jim	SMITH	Seonaid	1794	738	Place-24
SMITH	Shawn	SMITH	Sheila	1794	642	Place-20
SMITH	Bob	SMITH	Seonaid	1795	694	Place-19
SMITH	Shawn	SMITH	Suzanne	1795	13	Place-26
SMITH	Joseph	SMITH	Seonaid	1795	629	Place-21
SMITH	Joseph	SMITH	Sharon	1795	569	Place-8
SMITH	James	SMITH	Briony	1795	611	Place-20
SMITH	Joseph	SMITH	Seonaid	1796	223	Place-24
SMITH	Jim	SMITH	Susan	1797	777	Place-0
SMITH	Jim	SMITH	Seonaid	1797	457	Place-17
SMITH	Joseph	SMITH	Sharon	1797	81	Place-4
SMITH	Bob	SMITH	Sharon	1797	694	Place-19
SMITH	Shawn	SMITH	Sheila	1797	404	Place-7
SMITH	Jenkins	SMITH	Susan	1797	504	Place-27
SMITH	Jacob	SMITH	Sarah	1798	883	Place-28
SMITH	James	SMITH	Suzanne	1798	613	Place-28
SMITH	Joseph	SMITH	Sheila	1798	547	Place-14
SMITH	Bob	SMITH	Sharon	1798	486	Place-2
SMITH	Bob	SMITH	Sharon	1798	900	Place-26
SMITH	Jim	SMITH	Briony	1799	457	Place-14
SMITH	Paulo	SMITH	Suzanne	1799	823	Place-11
SMITH	Jim	SMITH	Selina	1799	928	Place-24
SMITH	Bob	SMITH	Sheila	1800	927	Place-5
SMITH	Shawn	SMITH	Seonaid	1800	695	Place-10
SMITH	Shawn	SMITH	Sharon	1801	723	Place-21
SMITH	Jenkins	SMITH	Sharon	1801	498	Place-7
SMITH	Shawn	SMITH	Briony	1802	705	Place-22
SMITH	Jacob	SMITH	Seonaid	1802	860	Place-24
SMITH	Jacob	SMITH	Briony	1803	755	Place-12
SMITH	Jim	SMITH	Sharon	1803	877	Place-24
SMITH	James	SMITH	Suzanne	1803	844	Place-24
SMITH	Joseph	SMITH	Sharon	1803	559	Place-20
SMITH	Jacob	SMITH	Sarah	1803	860	Place-24
SMITH	Jim	SMITH	Briony	1804	555	Place-9
SMITH	Joseph	SMITH	Sarah	1804	570	Place-18
SMITH	Paulo	SMITH	Selina	1804	639	Place-12
SMITH	James	SMITH	Sharon	1804	946	Place-24
SMITH	Paulo	SMITH	Selina	1805	823	Place-11
SMITH	Joseph	SMITH	Susan	1805	750	Place-20
SMITH	James	SMITH	Seonaid	1805	822	Place-8
SMITH	Joseph	SMITH	Susan	1806	857	Place-20
SMITH	Bob	SMITH	Sarah	1806	745	Place-22
SMITH	Jenkins	SMITH	Susan	1806	1032	Place-23
SMITH	Jim	SMITH	Selina	1806	937	Place-7
SMITH	Paulo	SMITH	Briony	1806	754	Place-28
SMITH	Jenkins	SMITH	Suzanne	1806	426	Place-6
SMITH	James	SMITH	Sarah	1806	757	Place-14
SMITH	Jacob	SMITH	Sharon	1806	860	Place-24
SMITH	Jacob	SMITH	Susan	1807	860	Place-25
SMITH	Shawn	SMITH	Selina	1807	404	Place-7
SMITH	Jacob	SMITH	Sharon	1807	420	Place-8
SMITH	Bob	SMITH	Selina	1807	1062	Place-24
SMITH	Jim	SMITH	Briony	1808	932	Place-11
SMITH	Bob	SMITH	Briony	1808	583	Place-11
SMITH	Joseph	SMITH	Suzanne	1808	857	Place-20
SMITH	Joseph	SMITH	Sarah	1808	912	Place-28
SMITH	Jenkins	SMITH	Selina	1808	1068	Place-19
SMITH	James	SMITH	Briony	1809	1006	Place-21
SMITH	Bob	SMITH	Sharon	1809	1163	Place-25
SMITH	Shawn	SMITH	Seonaid	1810	724	Place-5
SMITH	Jim	SMITH	Susan	1810	1127	Place-26
SMITH	Joseph	SMITH	Selina	1810	774	Place-14
SMITH	Jacob	SMITH	Suzanne	1810	545	Place-24
SMITH	Paulo	SMITH	Sharon	1810	1219	Place-28
SMITH	Bob	SMITH	Briony	1811	679	Place-10
SMITH	James	SMITH	Sheila	1811	718	Place-9
SMITH	Shawn	SMITH	Seonaid	1811	630	Place-23
SMITH	Bob	SMITH	Sarah	1812	972	Place-9
SMITH	Paulo	SMITH	Seonaid	1812	754	Place-14
SMITH	Bob	SMITH	Sheila	1812	583	Place-11
SMITH	James	SMITH	Briony	1812	1074	Place-29
SMITH	Paulo	SMITH	Sharon	1812	1061	Place-3
SMITH	Shawn	SMITH	Suzanne	1812	723	Place-21
SMITH	Bob	SMITH	Sarah	1813	864	Place-13
SMITH	Bob	SMITH	Suzanne	1813	583	Place-11
SMITH	Bob	SMITH	Briony	1814	1163	Place-13
SMITH	Bob	SMITH	Briony	1814	900	Place-28
SMITH	Jacob	SMITH	Briony	1814	1242	Place-11
SMITH	Jim	SMITH	Seonaid	1815	802	Place-9
SMITH	Bob	SMITH	Sharon	1815	1024	Place-12
SMITH	Paulo	SMITH	Selina	1815	1219	Place-13
SMITH	Jim	SMITH	Susan	1815	1110	Place-13
SMITH	Joseph	SMITH	Suzanne	1815	204	Place-20
SMITH	James	SMITH	Selina	1815	757	Place-14
SMITH	Joseph	SMITH	Seonaid	1816	626	Place-13
SMITH	Jim	SMITH	Suzanne	1816	907	Place-28
SMITH	Jenkins	SMITH	Susan	1816	1240	Place-20
SMITH	James	SMITH	Sarah	1816	1157	Place-17
SMITH	Paulo	SMITH	Briony	1816	1008	Place-1
SMITH	Jim	SMITH	Seonaid	1816	1417	Place-20
SMITH	Jenkins	SMITH	Susan	1817	1175	Place-26
SMITH	Joseph	SMITH	Suzanne	1817	626	Place-13
SMITH	Paulo	SMITH	Sharon	1817	845	Place-16
SMITH	Jim	SMITH	Sharon	1817	765	Place-26
SMITH	Jenkins	SMITH	Suzanne	1817	1032	Place-7
SMITH	Bob	SMITH	Sharon	1817	1062	Place-24
SMITH	Jacob	SMITH	Sharon	1817	1360	Place-8
SMITH	Joseph	SMITH	Sheila	1818	559	Place-22
SMITH	Paulo	SMITH	Suzanne	1818	1213	Place-7
SMITH	Jenkins	SMITH	Suzanne	1818	1068	Place-10
SMITH	Jim	SMITH	Selina	1818	765	Place-26
SMITH	Joseph	SMITH	Selina	1818	1060	Place-11
SMITH	James	SMITH	Sharon	1818	1157	Place-17
SMITH	Bob	SMITH	Selina	1818	1388	Place-26
SMITH	Bob	SMITH	Seonaid	1819	1468	Place-11
SMITH	Bob	SMITH	Selina	1819	1024	Place-20
SMITH	James	SMITH	Selina	1819	1434	Place-24
SMITH	Bob	SMITH	Seonaid	1819	679	Place-10
SMITH	Jim	SMITH	Suzanne	1819	555	Place-5
SMITH	Shawn	SMITH	Suzanne	1819	1192	Place-29
SMITH	Joseph	SMITH	Susan	1820	912	Place-13
SMITH	Joseph	SMITH	Seonaid	1820	774	Place-27
SMITH	Bob	SMITH	Sheila	1820	1163	Place-13
SMITH	Jenkins	SMITH	Suzanne	1821	1183	Place-23
SMITH	James	SMITH	Briony	1821	1303	Place-9
SMITH	Shawn	SMITH	Sarah	1821	1560	Place-28
SMITH	Shawn	SMITH	Sheila	1822	1376	Place-5
SMITH	Jenkins	SMITH	Sharon	1822	1318	Place-1
SMITH	Paulo	SMITH	Sarah	1822	1213	Place-7
SMITH	James	SMITH	Selina	1822	1074	Place-28
SMITH	Jacob	SMITH	Susan	1822	1274	Place-2
SMITH	James	SMITH	Briony	1822	1006	Place-6
SMITH	Jim	SMITH	Suzanne	1822	1424	Place-8
SMITH	Bob	SMITH	Sarah	1823	1106	Place-7
SMITH	Jenkins	SMITH	Sarah	1823	1374	Place-12
SMITH	Jenkins	SMITH	Sheila	1823	1318	Place-1
SMITH	Jacob	SMITH	Suzanne	1823	1274	Place-2
SMITH	Joseph	SMITH	Sarah	1823	717	Place-9
SMITH	Paulo	SMITH	Sharon	1823	1411	Place-24
SMITH	Shawn	SMITH	Seonaid	1823	1448	Place-28
SMITH	Bob	SMITH	Sarah	1824	1656	Place-2
SMITH	Jenkins	SMITH	Sharon	1824	1438	Place-12
SMITH	Jenkins	SMITH	Sheila	1824	1441	Place-7
SMITH	Jenkins	SMITH	Sharon	1825	1489	Place-7
SMITH	Jenkins	SMITH	Susan	1825	1032	Place-8
SMITH	James	SMITH	Selina	1825	1528	Place-17
SMITH	Jenkins	SMITH	Susan	1825	1660	Place-9
SMITH	Jim	SMITH	Seonaid	1825	777	Place-7
SMITH	Bob	SMITH	Sarah	1825	1253	Place-5
SMITH	Shawn	SMITH	Sharon	1825	1448	Place-28
SMITH	Jenkins	SMITH	Susan	1826	1660	Place-0
SMITH	Jenkins	SMITH	Sharon	1826	1175	Place-23
SMITH	Bob	SMITH	Seonaid	1826	900	Place-21
SMITH	Shawn	SMITH	Susan	1826	1405	Place-22
SMITH	James	SMITH	Susan	1826	1528	Place-17
SMITH	Bob	SMITH	Susan	1826	927	Place-6
SMITH	Jim	SMITH	Sarah	1826	1110	Place-28
SMITH	Shawn	SMITH	Selina	1826	1560	Place-28
SMITH	Paulo	SMITH	Sheila	1826	1648	Place-0
SMITH	Joseph	SMITH	Suzanne	1826	1723	Place-3
SMITH	Bob	SMITH	Susan	1827	1388	Place-24
SMITH	Jenkins	SMITH	Suzanne	1827	1613	Place-2
SMITH	Jacob	SMITH	Selina	1827	1242	Place-2
SMITH	Jim	SMITH	Seonaid	1827	928	Place-8
SMITH	Jenkins	SMITH	Suzanne	1827	1318	Place-15
SMITH	Bob	SMITH	Susan	1827	1471	Place-29
SMITH	Jim	SMITH	Susan	1827	1332	Place-18
SMITH	Jenkins	SMITH	Suzanne	1827	784	Place-8
SMITH	Bob	SMITH	Seonaid	1828	927	Place-25
SMITH	Jenkins	SMITH	Briony	1828	1441	Place-7
SMITH	James	SMITH	Seonaid	1829	1157	Place-14
SMITH	James	SMITH	Seonaid	1829	1792	Place-17
SMITH	Jacob	SMITH	Suzanne	1830	1841	Place-9
SMITH	Joseph	SMITH	Sheila	1830	1617	Place-19
SMITH	Jim	SMITH	Sheila	1830	928	Place-8
SMITH	Jim	SMITH	Briony	1830	1720	Place-23
SMITH	Jenkins	SMITH	Selina	1830	1731	Place-26
SMITH	James	SMITH	Seonaid	1830	1743	Place-21
SMITH	Jenkins	SMITH	Briony	1831	1613	Place-26
SMITH	Jim	SMITH	Suzanne	1831	1417	Place-4
SMITH	James	SMITH	Sarah	1831	1579	Place-29
SMITH	Jim	SMITH	Sharon	1831	1292	Place-29
SMITH	Jim	SMITH	Seonaid	1831	1491	Place-0
SMITH	Paulo	SMITH	Sarah	1831	1008	Place-25
SMITH	Jim	SMITH	Sheila	1831	907	Place-28
SMITH	Joseph	SMITH	Briony	1831	1723	Place-3
SMITH	Paulo	SMITH	Sheila	1831	1828	Place-5
SMITH	Bob	SMITH	Seonaid	1832	1514	Place-9
SMITH	Joseph	SMITH	Briony	1832	1625	Place-8
SMITH	Joseph	SMITH	Susan	1832	1922	Place-9
SMITH	James	SMITH	Briony	1833	1743	Place-23
SMITH	Bob	SMITH	Sarah	1833	900	Place-7
SMITH	Jenkins	SMITH	Sharon	1833	1463	Place-17
SMITH	Joseph	SMITH	Sheila	1833	1079	Place-17
SMITH	Jenkins	SMITH	Sheila	1833	1068	Place-10
SMITH	Bob	SMITH	Suzanne	1834	1249	Place-3
SMITH	James	SMITH	Sharon	1834	1743	Place-23
SMITH	Shawn	SMITH	Susan	1834	964	Place-19
SMITH	Bob	SMITH	Suzanne	1834	1445	Place-4
SMITH	Joseph	SMITH	Suzanne	1834	1231	Place-5
SMITH	Jenkins	SMITH	Briony	1834	1183	Place-23
SMITH	Bob	SMITH	Sarah	1834	1454	Place-23
SMITH	Shawn	SMITH	Seonaid	1834	1508	Place-23
SMITH	Joseph	SMITH	Seonaid	1834	1866	Place-17
SMITH	Jim	SMITH	Susan	1835	1720	Place-18
SMITH	Jacob	SMITH	Selina	1835	1090	Place-7
SMITH	Shawn	SMITH	Susan	1835	2046	Place-11
SMITH	Jacob	SMITH	Susan	1835	1852	Place-8
SMITH	Jacob	SMITH	Susan	1835	1274	Place-10
SMITH	Jacob	SMITH	Susan	1835	1360	Place-5
SMITH	Paulo	SMITH	Seonaid	1835	1895	Place-22
SMITH	Jenkins	SMITH	Suzanne	1835	1183	Place-23
SMITH	Joseph	SMITH	Susan	1835	1625	Place-8
SMITH	Jenkins	SMITH	Suzanne	1835	2015	Place-23
SMITH	Jenkins	SMITH	Susan	1836	1721	Place-25
SMITH	Jim	SMITH	Suzanne	1836	2117	Place-25
SMITH	Paulo	SMITH	Sharon	1836	1497	Place-15
SMITH	Jenkins	SMITH	Sheila	1836	1318	Place-15
SMITH	Jenkins	SMITH	Sheila	1836	1374	Place-12
SMITH	Paulo	SMITH	Seonaid	1836	1355	Place-12
SMITH	Joseph	SMITH	Seonaid	1836	1625	Place-8
SMITH	Jacob	SMITH	Briony	1836	1955	Place-2
SMITH	Jacob	SMITH	Suzanne	1837	2111	Place-22
SMITH	Bob	SMITH	Suzanne	1837	1106	Place-4
SMITH	Jenkins	SMITH	Suzanne	1837	1613	Place-26
SMITH	Jacob	SMITH	Seonaid	1837	2149	Place-10
SMITH	James	SMITH	Seonaid	1837	1303	Place-4
SMITH	Jenkins	SMITH	Briony	1837	1183	Place-23
SMITH	Jim	SMITH	Sheila	1838	1501	Place-21
SMITH	Jacob	SMITH	Selina	1838	2026	Place-23
SMITH	Paulo	SMITH	Briony	1838	1386	Place-9
SMITH	Shawn	SMITH	Sheila	1838	1675	Place-8
SMITH	Bob	SMITH	Sharon	1838	1388	Place-24
SMITH	Jacob	SMITH	Susan	1838	1944	Place-18
SMITH	Jim	SMITH	Sheila	1838	2161	Place-22
SMITH	Jenkins	SMITH	Sarah	1839	1100	Place-26
SMITH	Jacob	SMITH	Seonaid	1839	1852	Place-8
SMITH	Jenkins	SMITH	Sheila	1839	2052	Place-0
SMITH	Jenkins	SMITH	Selina	1840	1438	Place-4
SMITH	Jacob	SMITH	Suzanne	1840	1841	Place-12
SMITH	Paulo	SMITH	Selina	1840	1652	Place-20
SMITH	Jenkins	SMITH	Sarah	1840	1613	Place-26
SMITH	Bob	SMITH	Susan	1840	1024	Place-14
SMITH	Joseph	SMITH	Sharon	1840	1829	Place-22
SMITH	Paulo	SMITH	Seonaid	1840	1853	Place-10
SMITH	Shawn	SMITH	Sarah	1841	1930	Place-23
SMITH	Paulo	SMITH	Selina	1841	1497	Place-8
SMITH	Shawn	SMITH	Suzanne	1841	1305	Place-7
SMITH	Shawn	SMITH	Selina	1841	2109	Place-15
SMITH	Jenkins	SMITH	Sarah	1841	1374	Place-1
SMITH	Jim	SMITH	Briony	1841	1424	Place-13
SMITH	Jim	SMITH	Susan	1841	2117	Place-25
SMITH	Shawn	SMITH	Sharon	1841	1448	Place-9
SMITH	Paulo	SMITH	Seonaid	1841	1355	Place-12
SMITH	James	SMITH	Selina	1842	2315	Place-17
SMITH	Jim	SMITH	Seonaid	1842	2061	Place-26
SMITH	Shawn	SMITH	Briony	1842	2090	Place-28
SMITH	Joseph	SMITH	Selina	1843	1286	Place-16
SMITH	Paulo	SMITH	Sharon	1843	2246	Place-4
SMITH	James	SMITH	Briony	1843	1434	Place-23
SMITH	Bob	SMITH	Sheila	1843	1471	Place-28
SMITH	Bob	SMITH	Suzanne	1843	1468	Place-27
SMITH	James	SMITH	Briony	1843	1303	Place-4
SMITH	Shawn	SMITH	Briony	1843	1571	Place-28
SMITH	James	SMITH	Sheila	1844	1549	Place-28
SMITH	Paulo	SMITH	Briony	1844	2162	Place-0
SMITH	Jenkins	SMITH	Susan	1844	1613	Place-26
SMITH	Shawn	SMITH	Susan	1844	1498	Place-27
SMITH	Bob	SMITH	Susan	1844	1072	Place-27
SMITH	Bob	SMITH	Seonaid	1844	2463	Place-25
SMITH	Jim	SMITH	Selina	1845	2163	Place-15
SMITH	Paulo	SMITH	Seonaid	1845	1419	Place-3
SMITH	Jim	SMITH	Susan	1845	1421	Place-20
SMITH	James	SMITH	Susan	1845	1434	Place-23
SMITH	Paulo	SMITH	Sharon	1845	1497	Place-21
SMITH	Jim	SMITH	Sheila	1845	2087	Place-13
SMITH	Jacob	SMITH	Susan	1845	1090	Place-13
SMITH	Bob	SMITH	Susan	1845	1969	Place-0
SMITH	Joseph	SMITH	Seonaid	1845	1862	Place-9
SMITH	Jenkins	SMITH	Susan	1845	2052	Place-0
SMITH	Bob	SMITH	Sheila	1845	2258	Place-25
SMITH	Jim	SMITH	Selina	1846	2247	Place-8
SMITH	Joseph	SMITH	Suzanne	1846	2407	Place-27
SMITH	James	SMITH	Sarah	1846	2142	Place-7
SMITH	Paulo	SMITH	Seonaid	1846	1411	Place-19
SMITH	Paulo	SMITH	Seonaid	1846	1214	Place-6
SMITH	Shawn	SMITH	Selina	1847	1305	Place-2
SMITH	Jenkins	SMITH	Susan	1847	1717	Place-7
SMITH	Bob	SMITH	Suzanne	1847	1593	Place-13
SMITH	James	SMITH	Selina	1847	1865	Place-4
SMITH	Jenkins	SMITH	Sharon	1847	1721	Place-25
SMITH	James	SMITH	Seonaid	1847	2476	Place-23
SMITH	Jim	SMITH	Sarah	1847	2244	Place-10
SMITH	Jacob	SMITH	Sheila	1847	2647	Place-26
SMITH	Paulo	SMITH	Suzanne	1848	2556	Place-23
SMITH	James	SMITH	Sarah	1848	1276	Place-1
SMITH	Joseph	SMITH	Sharon	1848	1539	Place-13
SMITH	Jim	SMITH	Selina	1848	2243	Place-18
SMITH	Jacob	SMITH	Sheila	1848	2530	Place-10
SMITH	Joseph	SMITH	Susan	1848	2189	Place-22
SMITH	Joseph	SMITH	Seonaid	1848	2372	Place-7
SMITH	Jim	SMITH	Briony	1848	2542	Place-21
SMITH	Jim	SMITH	Sarah	1848	2699	Place-4
SMITH	Bob	SMITH	Sarah	1849	1388	Place-12
SMITH	Jim	SMITH	Seonaid	1849	1491	Place-26
SMITH	Bob	SMITH	Seonaid	1849	2463	Place-28
SMITH	Jacob	SMITH	Seonaid	1849	2577	Place-10
SMITH	Jenkins	SMITH	Suzanne	1849	2143	Place-9
SMITH	Jacob	SMITH	Suzanne	1849	2497	Place-10
SMITH	Joseph	SMITH	Suzanne	1849	2668	Place-15
SMITH	Paulo	SMITH	Sharon	1849	2674	Place-24
SMITH	Joseph	SMITH	Susan	1849	2748	Place-20
SMITH	Paulo	SMITH	Selina	1850	1419	Place-15
SMITH	Jacob	SMITH	Selina	1850	1360	Place-2
SMITH	Paulo	SMITH	Sharon	1850	2556	Place-23
SMITH	Jacob	SMITH	Seonaid	1850	2295	Place-8
SMITH	Jenkins	SMITH	Selina	1850	1463	Place-6
SMITH	Jim	SMITH	Susan	1850	2243	Place-18
SMITH	Jacob	SMITH	Suzanne	1850	1944	Place-28
SMITH	Jim	SMITH	Briony	1850	2283	Place-5
SMITH	Shawn	SMITH	Selina	1850	2687	Place-6
SMITH	Jim	SMITH	Susan	1851	2394	Place-23
SMITH	Paulo	SMITH	Sarah	1851	1824	Place-28
SMITH	Jim	SMITH	Sharon	1851	2574	Place-18
SMITH	Joseph	SMITH	Susan	1851	2793	Place-6
SMITH	Bob	SMITH	Sarah	1851	1583	Place-29
SMITH	Bob	SMITH	Suzanne	1851	1514	Place-5
SMITH	Jim	SMITH	Susan	1851	2019	Place-26
SMITH	Jim	SMITH	Sarah	1851	2359	Place-7
SMITH	Jim	SMITH	Selina	1852	2163	Place-9
SMITH	Paulo	SMITH	Seonaid	1852	1497	Place-13
SMITH	Jacob	SMITH	Sarah	1852	2026	Place-16
SMITH	Joseph	SMITH	Sarah	1852	1829	Place-25
SMITH	Jim	SMITH	Sharon	1852	1724	Place-7
SMITH	Shawn	SMITH	Sarah	1852	2656	Place-6
SMITH	Paulo	SMITH	Sarah	1853	1497	Place-13
SMITH	James	SMITH	Susan	1853	2228	Place-1
SMITH	Joseph	SMITH	Susan	1853	1866	Place-17
SMITH	Paulo	SMITH	Suzanne	1853	2416	Place-1
SMITH	Shawn	SMITH	Briony	1853	2595	Place-3
SMITH	James	SMITH	Susan	1854	1543	Place-29
SMITH	Paulo	SMITH	Sheila	1854	1652	Place-1
SMITH	James	SMITH	Susan	1854	2989	Place-5
SMITH	Jacob	SMITH	Suzanne	1855	2497	Place-28
SMITH	James	SMITH	Briony	1855	2945	Place-20
SMITH	Jenkins	SMITH	Sheila	1855	2951	Place-23
SMITH	Jim	SMITH	Briony	1855	2574	Place-18
SMITH	Jacob	SMITH	Sarah	1855	1852	Place-15
SMITH	Jim	SMITH	Sarah	1855	2232	Place-24
SMITH	Shawn	SMITH	Briony	1855	2687	Place-6
SMITH	Jenkins	SMITH	Briony	1856	2015	Place-26
SMITH	Joseph	SMITH	Sharon	1856	2940	Place-8
SMITH	James	SMITH	Seonaid	1856	2945	Place-20
SMITH	Joseph	SMITH	Briony	1856	2793	Place-16
SMITH	James	SMITH	Selina	1856	2228	Place-1
SMITH	Jenkins	SMITH	Sharon	1856	2421	Place-29
SMITH	Joseph	SMITH	Seonaid	1857	1857	Place-13
SMITH	Joseph	SMITH	Suzanne	1857	2668	Place-4
SMITH	Joseph	SMITH	Susan	1857	2654	Place-18
SMITH	Bob	SMITH	Susan	1857	1954	Place-6
SMITH	Jenkins	SMITH	Sheila	1857	2843	Place-15
SMITH	Paulo	SMITH	Selina	1857	1497	Place-13
SMITH	Jacob	SMITH	Selina	1857	1436	Place-14
SMITH	Jacob	SMITH	Briony	1857	2919	Place-28
SMITH	Paulo	SMITH	Sarah	1857	3144	Place-24
SMITH	Bob	SMITH	Sarah	1857	3182	Place-20
SMITH	James	SMITH	Selina	1858	2760	Place-18
SMITH	Joseph	SMITH	Suzanne	1858	2407	Place-0
SMITH	James	SMITH	Seonaid	1858	2709	Place-19
SMITH	Joseph	SMITH	Sharon	1858	2793	Place-16
SMITH	Jim	SMITH	Sharon	1858	2730	Place-15
SMITH	Paulo	SMITH	Sheila	1858	2578	Place-8
SMITH	Bob	SMITH	Susan	1858	2968	Place-21
SMITH	James	SMITH	Sarah	1858	3130	Place-25
SMITH	James	SMITH	Seonaid	1858	3143	Place-22
SMITH	Bob	SMITH	Seonaid	1859	3227	Place-20
SMITH	Jenkins	SMITH	Suzanne	1859	2926	Place-19
SMITH	Joseph	SMITH	Sarah	1859	2483	Place-16
SMITH	Jenkins	SMITH	Sarah	1859	2843	Place-15
SMITH	Shawn	SMITH	Susan	1859	2516	Place-15
SMITH	Jacob	SMITH	Susan	1859	3000	Place-16
SMITH	Jacob	SMITH	Selina	1860	3220	Place-23
SMITH	Shawn	SMITH	Sheila	1860	2245	Place-28
SMITH	Shawn	SMITH	Sarah	1860	3116	Place-17
SMITH	James	SMITH	Seonaid	1860	3243	Place-1
SMITH	James	SMITH	Sheila	1860	2315	Place-4
SMITH	Joseph	SMITH	Susan	1860	1552	Place-16
SMITH	Jim	SMITH	Sheila	1860	2995	Place-19
SMITH	Jim	SMITH	Sheila	1860	3087	Place-22
SMITH	Paulo	SMITH	Susan	1860	3129	Place-26
SMITH	Shawn	SMITH	Briony	1861	3092	Place-8
SMITH	Joseph	SMITH	Seonaid	1861	2940	Place-6
SMITH	James	SMITH	Seonaid	1861	1908	Place-6
SMITH	Jim	SMITH	Susan	1861	3087	Place-22
SMITH	James	SMITH	Susan	1862	3399	Place-0
SMITH	Bob	SMITH	Sheila	1862	3182	Place-21
SMITH	Shawn	SMITH	Sharon	1862	2109	Place-1
SMITH	Jim	SMITH	Briony	1862	2394	Place-23
SMITH	Jim	SMITH	Sharon	1862	2699	Place-4
SMITH	James	SMITH	Sheila	1862	2731	Place-0
SMITH	Bob	SMITH	Briony	1862	3413	Place-1
SMITH	Jacob	SMITH	Suzanne	1862	3509	Place-11
SMITH	Jim	SMITH	Susan	1863	3412	Place-21
SMITH	Jenkins	SMITH	Sarah	1863	3514	Place-29
SMITH	Jim	SMITH	Sharon	1863	3515	Place-21
SMITH	Jacob	SMITH	Sheila	1863	3149	Place-17
SMITH	Jenkins	SMITH	Susan	1863	2619	Place-27
SMITH	Paulo	SMITH	Susan	1863	3109	Place-22
SMITH	James	SMITH	Suzanne	1863	3207	Place-1
SMITH	Shawn	SMITH	Sarah	1863	3353	Place-29
SMITH	James	SMITH	Sarah	1863	3369	Place-23
SMITH	Jenkins	SMITH	Selina	1863	3396	Place-12
SMITH	Shawn	SMITH	Sarah	1864	3497	Place-0
SMITH	Shawn	SMITH	Briony	1864	2109	Place-20
SMITH	Bob	SMITH	Susan	1864	3389	Place-13
SMITH	Joseph	SMITH	Seonaid	1864	1862	Place-8
SMITH	Paulo	SMITH	Suzanne	1864	1652	Place-1
SMITH	Jacob	SMITH	Susan	1864	2577	Place-10
SMITH	Shawn	SMITH	Sheila	1864	3272	Place-13
SMITH	Joseph	SMITH	Sarah	1864	3330	Place-14
SMITH	Jacob	SMITH	Briony	1864	3416	Place-2
SMITH	Joseph	SMITH	Selina	1864	3611	Place-17
SMITH	Bob	SMITH	Seonaid	1865	3150	Place-16
SMITH	Shawn	SMITH	Sheila	1865	3497	Place-0
SMITH	James	SMITH	Sarah	1865	3143	Place-7
SMITH	Jenkins	SMITH	Seonaid	1865	2015	Place-18
SMITH	Joseph	SMITH	Sharon	1865	2793	Place-17
SMITH	Bob	SMITH	Suzanne	1865	3210	Place-22
SMITH	Jim	SMITH	Seonaid	1865	3236	Place-23
SMITH	Shawn	SMITH	Seonaid	1865	2299	Place-4
SMITH	Joseph	SMITH	Sheila	1865	2940	Place-6
SMITH	Paulo	SMITH	Briony	1865	2905	Place-12
SMITH	Jacob	SMITH	Sheila	1865	2530	Place-14
SMITH	James	SMITH	Suzanne	1865	3181	Place-17
SMITH	Jim	SMITH	Susan	1865	3341	Place-26
SMITH	Paulo	SMITH	Briony	1865	3579	Place-5
SMITH	Joseph	SMITH	Selina	1866	2639	Place-19
SMITH	Bob	SMITH	Suzanne	1866	2968	Place-6
SMITH	James	SMITH	Sheila	1866	1894	Place-24
SMITH	Paulo	SMITH	Sheila	1866	2556	Place-25
SMITH	Jim	SMITH	Sarah	1866	3270	Place-8
SMITH	Jim	SMITH	Suzanne	1866	2243	Place-8
SMITH	James	SMITH	Susan	1866	2476	Place-17
SMITH	Bob	SMITH	Seonaid	1866	3210	Place-22
SMITH	Jim	SMITH	Sheila	1866	2787	Place-2
SMITH	Paulo	SMITH	Suzanne	1866	1853	Place-10
SMITH	Bob	SMITH	Seonaid	1866	3610	Place-15
SMITH	James	SMITH	Briony	1867	3117	Place-9
SMITH	Paulo	SMITH	Susan	1867	3351	Place-11
SMITH	Jenkins	SMITH	Susan	1867	3799	Place-24
SMITH	Paulo	SMITH	Briony	1867	2556	Place-25
SMITH	James	SMITH	Suzanne	1867	2099	Place-5
SMITH	James	SMITH	Sharon	1867	3544	Place-26
SMITH	Jim	SMITH	Sharon	1867	3515	Place-21
SMITH	Jacob	SMITH	Briony	1867	3149	Place-17
SMITH	Paulo	SMITH	Sarah	1867	2674	Place-19
SMITH	Jim	SMITH	Sheila	1867	2610	Place-29
SMITH	Jacob	SMITH	Sharon	1867	3379	Place-22
SMITH	Joseph	SMITH	Sarah	1867	3486	Place-4
SMITH	Bob	SMITH	Seonaid	1868	2893	Place-7
SMITH	Joseph	SMITH	Suzanne	1868	3876	Place-18
SMITH	Bob	SMITH	Selina	1868	3150	Place-16
SMITH	Jacob	SMITH	Selina	1868	2026	Place-2
SMITH	Bob	SMITH	Sheila	1868	3568	Place-23
SMITH	James	SMITH	Selina	1868	2989	Place-11
SMITH	James	SMITH	Sarah	1868	2945	Place-20
SMITH	Jacob	SMITH	Selina	1868	2111	Place-0
SMITH	Jenkins	SMITH	Sarah	1868	2421	Place-29
SMITH	Joseph	SMITH	Seonaid	1868	3420	Place-6
SMITH	Jacob	SMITH	Briony	1868	3509	Place-11
SMITH	Joseph	SMITH	Sheila	1868	3679	Place-13
SMITH	Joseph	SMITH	Briony	1869	3774	Place-4
SMITH	Paulo	SMITH	Sheila	1869	3144	Place-27
SMITH	Bob	SMITH	Selina	1869	3568	Place-23
SMITH	Jim	SMITH	Briony	1869	2469	Place-12
SMITH	Bob	SMITH	Selina	1869	3702	Place-21
SMITH	Jim	SMITH	Selina	1869	2787	Place-2
SMITH	Jacob	SMITH	Sharon	1869	3133	Place-4
SMITH	Jacob	SMITH	Susan	1869	3367	Place-26
SMITH	Jenkins	SMITH	Sharon	1869	3859	Place-13
SMITH	Paulo	SMITH	Susan	1870	3687	Place-8
SMITH	Joseph	SMITH	Sarah	1870	3697	Place-23
SMITH	Jim	SMITH	Sharon	1870	3270	Place-23
SMITH	Jim	SMITH	Susan	1870	3412	Place-13
SMITH	Jenkins	SMITH	Susan	1870	3780	Place-18
SMITH	Bob	SMITH	Susan	1870	4035	Place-13
SMITH	Jacob	SMITH	Sheila	1870	3218	Place-24
SMITH	Joseph	SMITH	Sarah	1870	2483	Place-16
SMITH	Jacob	SMITH	Briony	1870	2289	Place-24
SMITH	Shawn	SMITH	Sharon	1870	3353	Place-29
SMITH	Bob	SMITH	Briony	1871	3992	Place-23
SMITH	Jenkins	SMITH	Sarah	1871	3709	Place-23
SMITH	Jacob	SMITH	Sarah	1871	3427	Place-8
SMITH	Paulo	SMITH	Sarah	1871	2636	Place-13
SMITH	Jenkins	SMITH	Sharon	1871	4051	Place-28
SMITH	Shawn	SMITH	Sharon	1871	1913	Place-19
SMITH	Joseph	SMITH	Briony	1872	2654	Place-12
SMITH	Shawn	SMITH	Sheila	1872	3943	Place-3
SMITH	Bob	SMITH	Susan	1872	2968	Place-6
SMITH	Jim	SMITH	Sharon	1872	3577	Place-9
SMITH	Bob	SMITH	Sheila	1872	3568	Place-23
SMITH	Jacob	SMITH	Susan	1873	3149	Place-21
SMITH	Bob	SMITH	Sheila	1873	2929	Place-15
SMITH	Bob	SMITH	Sheila	1873	3210	Place-26
SMITH	Shawn	SMITH	Suzanne	1873	2832	Place-17
SMITH	Jacob	SMITH	Susan	1873	3581	Place-18
SMITH	Paulo	SMITH	Sarah	1873	4018	Place-23
SMITH	Bob	SMITH	Briony	1873	2968	Place-6
SMITH	Jim	SMITH	Susan	1873	3341	Place-25
SMITH	Jim	SMITH	Sheila	1873	4229	Place-24
SMITH	Bob	SMITH	Susan	1873	3182	Place-21
SMITH	Joseph	SMITH	Sharon	1873	3494	Place-23
SMITH	Paulo	SMITH	Suzanne	1873	3747	Place-27
SMITH	Joseph	SMITH	Sharon	1873	3878	Place-10
SMITH	Paulo	SMITH	Selina	1873	4109	Place-3
SMITH	Jacob	SMITH	Selina	1873	4193	Place-21
SMITH	Jim	SMITH	Susan	1874	2995	Place-9
SMITH	James	SMITH	Sheila	1874	3243	Place-27
SMITH	Shawn	SMITH	Suzanne	1874	3575	Place-16
SMITH	Shawn	SMITH	Sheila	1874	2106	Place-9
SMITH	James	SMITH	Seonaid	1874	3489	Place-2
SMITH	Jim	SMITH	Sharon	1874	3360	Place-9
SMITH	Jacob	SMITH	Suzanne	1874	2960	Place-25
SMITH	Jim	SMITH	Suzanne	1874	3335	Place-6
SMITH	James	SMITH	Selina	1874	3399	Place-7
SMITH	Shawn	SMITH	Sarah	1874	2687	Place-25
SMITH	Paulo	SMITH	Briony	1874	2246	Place-27
SMITH	Jacob	SMITH	Sarah	1874	2289	Place-24
SMITH	Jacob	SMITH	Sharon	1874	3509	Place-11
SMITH	Paulo	SMITH	Sarah	1874	3954	Place-26
SMITH	Shawn	SMITH	Susan	1874	4012	Place-5
SMITH	Jacob	SMITH	Susan	1874	4099	Place-0
SMITH	Paulo	SMITH	Susan	1875	2769	Place-19
SMITH	Jenkins	SMITH	Susan	1875	3292	Place-10
SMITH	Jacob	SMITH	Sarah	1875	2919	Place-10
SMITH	Joseph	SMITH	Seonaid	1875	3611	Place-9
SMITH	Bob	SMITH	Briony	1875	2968	Place-9
SMITH	Bob	SMITH	Selina	1875	3653	Place-2
SMITH	Paulo	SMITH	Sharon	1875	4018	Place-23
SMITH	Paulo	SMITH	Sheila	1875	2898	Place-29
SMITH	James	SMITH	Briony	1875	2373	Place-9
SMITH	Jim	SMITH	Sheila	1875	3341	Place-25
SMITH	Bob	SMITH	Briony	1875	3030	Place-5
SMITH	Paulo	SMITH	Briony	1875	3144	Place-27
SMITH	James	SMITH	Selina	1875	2945	Place-20
SMITH	Shawn	SMITH	Selina	1875	4276	Place-6
SMITH	Jim	SMITH	Seonaid	1876	3027	Place-8
SMITH	Jim	SMITH	Suzanne	1876	2787	Place-11
SMITH	Jim	SMITH	Susan	1876	4216	Place-24
SMITH	Jacob	SMITH	Selina	1876	3416	Place-7
SMITH	Jacob	SMITH	Sharon	1876	4147	Place-27
SMITH	Jenkins	SMITH	Sharon	1876	2872	Place-24
SMITH	Bob	SMITH	Suzanne	1876	3676	Place-18
SMITH	Joseph	SMITH	Sarah	1876	2668	Place-29
SMITH	Bob	SMITH	Susan	1876	3250	Place-13
SMITH	Jim	SMITH	Selina	1876	3515	Place-25
SMITH	Paulo	SMITH	Susan	1876	3951	Place-2
SMITH	Joseph	SMITH	Suzanne	1876	3554	Place-10
SMITH	Paulo	SMITH	Sheila	1876	2246	Place-27
SMITH	James	SMITH	Selina	1876	2989	Place-11
SMITH	Joseph	SMITH	Susan	1876	4290	Place-10
SMITH	Shawn	SMITH	Susan	1876	4322	Place-23
SMITH	Jacob	SMITH	Sarah	1877	4302	Place-24
SMITH	Jenkins	SMITH	Sheila	1877	3396	Place-13
SMITH	Bob	SMITH	Sharon	1877	3610	Place-11
SMITH	Jacob	SMITH	Briony	1877	3427	Place-8
SMITH	Paulo	SMITH	Selina	1877	4125	Place-16
SMITH	Paulo	SMITH	Selina	1877	3579	Place-5
SMITH	Paulo	SMITH	Sarah	1877	3820	Place-28
SMITH	James	SMITH	Susan	1877	3948	Place-7
SMITH	Shawn	SMITH	Sheila	1877	4012	Place-5
SMITH	Bob	SMITH	Seonaid	1877	4107	Place-24
SMITH	Bob	SMITH	Sarah	1877	4186	Place-15
SMITH	Bob	SMITH	Sheila	1878	4128	Place-12
SMITH	Jenkins	SMITH	Susan	1878	3603	Place-26
SMITH	Bob	SMITH	Selina	1878	3825	Place-17
SMITH	Joseph	SMITH	Sarah	1878	4393	Place-14
SMITH	James	SMITH	Sheila	1878	2760	Place-20
SMITH	Paulo	SMITH	Sheila	1878	4248	Place-6
SMITH	James	SMITH	Selina	1878	3489	Place-2
SMITH	Paulo	SMITH	Sarah	1878	3687	Place-8
SMITH	Joseph	SMITH	Sarah	1878	3876	Place-18
SMITH	Joseph	SMITH	Sarah	1878	4074	Place-6
SMITH	Joseph	SMITH	Sarah	1878	4461	Place-4
SMITH	Paulo	SMITH	Sharon	1878	4615	Place-15
SMITH	Jacob	SMITH	Sharon	1879	3220	Place-0
SMITH	Bob	SMITH	Seonaid	1879	4128	Place-12
SMITH	Jenkins	SMITH	Seonaid	1879	3934	Place-15
SMITH	Jenkins	SMITH	Sarah	1879	3603	Place-26
SMITH	Joseph	SMITH	Selina	1879	3486	Place-17
SMITH	Bob	SMITH	Selina	1879	3610	Place-11
SMITH	Jim	SMITH	Susan	1879	2394	Place-12
SMITH	James	SMITH	Suzanne	1879	3143	Place-7
SMITH	James	SMITH	Suzanne	1879	3319	Place-23
SMITH	Paulo	SMITH	Briony	1879	3954	Place-26
SMITH	Paulo	SMITH	Suzanne	1879	4697	Place-28
SMITH	Paulo	SMITH	Sarah	1880	3999	Place-8
SMITH	Shawn	SMITH	Seonaid	1880	4599	Place-2
SMITH	Jenkins	SMITH	Seonaid	1880	4781	Place-19
SMITH	Bob	SMITH	Seonaid	1880	2552	Place-18
SMITH	Jenkins	SMITH	Selina	1880	3934	Place-15
SMITH	Shawn	SMITH	Sheila	1880	3358	Place-1
SMITH	Jacob	SMITH	Sharon	1880	4476	Place-13
SMITH	Jenkins	SMITH	Briony	1880	4308	Place-24
SMITH	Jacob	SMITH	Sharon	1881	3509	Place-22
SMITH	Shawn	SMITH	Sarah	1881	3115	Place-26
SMITH	James	SMITH	Selina	1881	3449	Place-6
SMITH	Joseph	SMITH	Briony	1881	4746	Place-2
SMITH	Paulo	SMITH	Sheila	1881	4423	Place-7
SMITH	Jim	SMITH	Selina	1881	3965	Place-7
SMITH	James	SMITH	Seonaid	1881	3489	Place-2
SMITH	Jim	SMITH	Briony	1881	3515	Place-25
SMITH	Shawn	SMITH	Sarah	1881	4735	Place-25
SMITH	James	SMITH	Sarah	1881	3143	Place-7
SMITH	Shawn	SMITH	Briony	1881	2900	Place-12
SMITH	James	SMITH	Sharon	1881	4792	Place-11
SMITH	Joseph	SMITH	Selina	1881	4820	Place-19
SMITH	Bob	SMITH	Sarah	1882	3626	Place-3
SMITH	Jenkins	SMITH	Sheila	1882	3545	Place-6
SMITH	Jacob	SMITH	Seonaid	1882	3509	Place-22
SMITH	Jacob	SMITH	Sarah	1882	4140	Place-7
SMITH	Shawn	SMITH	Seonaid	1882	4604	Place-29
SMITH	Paulo	SMITH	Sharon	1882	2769	Place-4
SMITH	Bob	SMITH	Seonaid	1882	4128	Place-12
SMITH	James	SMITH	Selina	1882	4130	Place-6
SMITH	Paulo	SMITH	Sheila	1882	3866	Place-27
SMITH	James	SMITH	Sarah	1882	4227	Place-5
SMITH	Shawn	SMITH	Seonaid	1882	4322	Place-23
SMITH	Paulo	SMITH	Briony	1882	4598	Place-20
SMITH	Jenkins	SMITH	Seonaid	1883	4594	Place-18
SMITH	Jenkins	SMITH	Selina	1883	4620	Place-6
SMITH	Bob	SMITH	Briony	1883	2968	Place-18
SMITH	Shawn	SMITH	Sharon	1883	4515	Place-22
SMITH	Shawn	SMITH	Seonaid	1883	4720	Place-21
SMITH	Jenkins	SMITH	Seonaid	1883	4725	Place-7
SMITH	Jenkins	SMITH	Seonaid	1883	3514	Place-23
SMITH	Jacob	SMITH	Seonaid	1883	3393	Place-22
SMITH	Bob	SMITH	Susan	1883	4028	Place-14
SMITH	Bob	SMITH	Seonaid	1883	3992	Place-23
SMITH	Paulo	SMITH	Briony	1883	3898	Place-26
SMITH	Paulo	SMITH	Susan	1883	3951	Place-2
SMITH	James	SMITH	Sarah	1883	3399	Place-7
SMITH	Joseph	SMITH	Sarah	1883	4999	Place-4
SMITH	Jacob	SMITH	Suzanne	1884	4711	Place-12
SMITH	Shawn	SMITH	Sharon	1884	4588	Place-4
SMITH	Joseph	SMITH	Sarah	1884	3697	Place-27
SMITH	James	SMITH	Selina	1884	4303	Place-27
SMITH	James	SMITH	Suzanne	1884	3235	Place-13
SMITH	Joseph	SMITH	Suzanne	1884	4258	Place-25
SMITH	Jacob	SMITH	Sharon	1884	3009	Place-29
SMITH	Paulo	SMITH	Sheila	1884	3351	Place-13
SMITH	Shawn	SMITH	Seonaid	1884	3688	Place-7
SMITH	Paulo	SMITH	Sheila	1884	4375	Place-3
SMITH	Jacob	SMITH	Sarah	1884	3379	Place-22
SMITH	Paulo	SMITH	Suzanne	1884	3579	Place-5
SMITH	James	SMITH	Seonaid	1884	3976	Place-20
SMITH	Jenkins	SMITH	Susan	1884	4088	Place-25
SMITH	Paulo	SMITH	Susan	1884	4762	Place-20
SMITH	Jacob	SMITH	Seonaid	1884	5068	Place-17
SMITH	Jim	SMITH	Seonaid	1884	5097	Place-27
SMITH	Jim	SMITH	Selina	1885	3084	Place-12
SMITH	Jacob	SMITH	Sheila	1885	4466	Place-19
SMITH	Jenkins	SMITH	Seonaid	1885	4417	Place-17
SMITH	Jenkins	SMITH	Sharon	1885	4694	Place-2
SMITH	James	SMITH	Sarah	1885	3444	Place-13
SMITH	Joseph	SMITH	Sharon	1885	4393	Place-29
SMITH	Jenkins	SMITH	Susan	1885	3545	Place-6
SMITH	Bob	SMITH	Suzanne	1885	2929	Place-26
SMITH	Jim	SMITH	Susan	1885	4022	Place-26
SMITH	Joseph	SMITH	Seonaid	1885	3689	Place-10
SMITH	Jenkins	SMITH	Selina	1885	4088	Place-25
SMITH	Shawn	SMITH	Suzanne	1885	4148	Place-10
SMITH	Paulo	SMITH	Sharon	1885	4931	Place-29
SMITH	Bob	SMITH	Sheila	1885	5013	Place-14
SMITH	Jacob	SMITH	Sheila	1885	5143	Place-7
SMITH	Jenkins	SMITH	Sharon	1886	4088	Place-4
SMITH	Paulo	SMITH	Seonaid	1886	5130	Place-26
SMITH	Bob	SMITH	Suzanne	1886	3825	Place-15
SMITH	Jenkins	SMITH	Selina	1886	5086	Place-24
SMITH	James	SMITH	Sarah	1886	3998	Place-10
SMITH	Joseph	SMITH	Sharon	1886	4678	Place-7
SMITH	Jenkins	SMITH	Sharon	1886	3603	Place-27
SMITH	Paulo	SMITH	Seonaid	1886	3483	Place-17
SMITH	Jenkins	SMITH	Selina	1886	4210	Place-15
SMITH	Bob	SMITH	Susan	1886	2893	Place-27
SMITH	Jenkins	SMITH	Susan	1886	4841	Place-14
SMITH	James	SMITH	Briony	1886	3901	Place-23
SMITH	Shawn	SMITH	Suzanne	1886	4702	Place-8
SMITH	Bob	SMITH	Seonaid	1886	3992	Place-23
SMITH	James	SMITH	Seonaid	1886	5016	Place-22
SMITH	Jacob	SMITH	Selina	1886	3218	Place-24
SMITH	James	SMITH	Sheila	1886	3976	Place-20
SMITH	James	SMITH	Susan	1886	4758	Place-1
SMITH	Jacob	SMITH	Seonaid	1886	4760	Place-25
SMITH	Bob	SMITH	Sharon	1886	5096	Place-28
SMITH	Jim	SMITH	Sharon	1886	5202	Place-24
SMITH	James	SMITH	Briony	1887	4303	Place-15
SMITH	Jim	SMITH	Sarah	1887	4463	Place-15
SMITH	Jenkins	SMITH	Sheila	1887	3765	Place-24
SMITH	Jim	SMITH	Sharon	1887	3407	Place-8
SMITH	Bob	SMITH	Suzanne	1887	2929	Place-26
SMITH	Jacob	SMITH	Sharon	1887	4140	Place-7
SMITH	Paulo	SMITH	Seonaid	1887	4462	Place-12
SMITH	James	SMITH	Suzanne	1887	4446	Place-9
SMITH	James	SMITH	Selina	1887	4256	Place-26
SMITH	James	SMITH	Sarah	1887	4915	Place-14
SMITH	Paulo	SMITH	Briony	1887	3831	Place-1
SMITH	Paulo	SMITH	Susan	1887	3898	Place-26
SMITH	Paulo	SMITH	Sarah	1887	3951	Place-2
SMITH	Paulo	SMITH	Sheila	1887	3579	Place-5
SMITH	James	SMITH	Sharon	1887	4227	Place-5
SMITH	Jenkins	SMITH	Susan	1887	4665	Place-26
SMITH	Bob	SMITH	Seonaid	1887	5300	Place-23
SMITH	Jacob	SMITH	Suzanne	1888	5184	Place-9
SMITH	Jim	SMITH	Sheila	1888	5302	Place-12
SMITH	Shawn	SMITH	Seonaid	1888	5145	Place-17
SMITH	James	SMITH	Susan	1888	4303	Place-15
SMITH	Jenkins	SMITH	Selina	1888	4417	Place-17
SMITH	Jenkins	SMITH	Sheila	1888	3765	Place-24
SMITH	Paulo	SMITH	Susan	1888	3452	Place-22
SMITH	James	SMITH	Seonaid	1888	3143	Place-27
SMITH	Paulo	SMITH	Sharon	1888	4690	Place-8
SMITH	Jacob	SMITH	Sheila	1888	4445	Place-28
SMITH	James	SMITH	Sarah	1888	4227	Place-5
SMITH	Joseph	SMITH	Selina	1888	5273	Place-27
SMITH	Paulo	SMITH	Selina	1888	5449	Place-2
SMITH	Joseph	SMITH	Sarah	1889	4074	Place-23
SMITH	Paulo	SMITH	Suzanne	1889	4745	Place-22
SMITH	Bob	SMITH	Sarah	1889	5300	Place-3
SMITH	Jenkins	SMITH	Susan	1889	5428	Place-5
SMITH	Jacob	SMITH	Suzanne	1889	2919	Place-1
SMITH	Shawn	SMITH	Sheila	1889	4702	Place-1
SMITH	James	SMITH	Sheila	1889	2989	Place-19
SMITH	Jenkins	SMITH	Sarah	1889	4088	Place-4
SMITH	Paulo	SMITH	Susan	1889	3687	Place-18
SMITH	Jim	SMITH	Susan	1889	3084	Place-12
SMITH	Paulo	SMITH	Sheila	1889	4423	Place-11
SMITH	Jenkins	SMITH	Sharon	1889	3780	Place-13
SMITH	Paulo	SMITH	Briony	1889	3632	Place-15
SMITH	Bob	SMITH	Seonaid	1889	3250	Place-13
SMITH	Paulo	SMITH	Seonaid	1889	4375	Place-3
SMITH	Jim	SMITH	Briony	1889	5338	Place-14
SMITH	Joseph	SMITH	Susan	1889	5437	Place-10
SMITH	Shawn	SMITH	Sharon	1889	5456	Place-25
SMITH	Joseph	SMITH	Sarah	1889	5493	Place-21
SMITH	Jacob	SMITH	Susan	1889	5507	Place-6
SMITH	Joseph	SMITH	Sheila	1890	3611	Place-12
SMITH	Jenkins	SMITH	Sarah	1890	4574	Place-2
SMITH	Jenkins	SMITH	Suzanne	1890	4847	Place-14
SMITH	Jim	SMITH	Sarah	1890	3270	Place-0
SMITH	Jenkins	SMITH	Sheila	1890	4321	Place-24
SMITH	Bob	SMITH	Seonaid	1890	3150	Place-3
SMITH	Paulo	SMITH	Sheila	1890	3517	Place-3
SMITH	Joseph	SMITH	Sheila	1890	4416	Place-6
SMITH	Jenkins	SMITH	Sarah	1890	4349	Place-7
SMITH	Jenkins	SMITH	Briony	1890	2951	Place-23
SMITH	Shawn	SMITH	Selina	1890	4103	Place-13
SMITH	Shawn	SMITH	Sheila	1891	3575	Place-22
SMITH	Bob	SMITH	Susan	1891	5058	Place-29
SMITH	James	SMITH	Suzanne	1891	5579	Place-15
SMITH	Joseph	SMITH	Sharon	1891	5089	Place-0
SMITH	Jenkins	SMITH	Sheila	1891	5261	Place-26
SMITH	Jenkins	SMITH	Suzanne	1891	3780	Place-6
SMITH	Jenkins	SMITH	Briony	1891	4908	Place-27
SMITH	Jenkins	SMITH	Seonaid	1891	4725	Place-0
SMITH	Jenkins	SMITH	Briony	1891	4847	Place-14
SMITH	Paulo	SMITH	Suzanne	1891	3452	Place-22
SMITH	Jacob	SMITH	Susan	1891	4685	Place-8
SMITH	Jenkins	SMITH	Selina	1891	4990	Place-16
SMITH	Shawn	SMITH	Selina	1891	4894	Place-25
SMITH	Jenkins	SMITH	Susan	1891	4995	Place-13
SMITH	Paulo	SMITH	Briony	1891	5171	Place-1
SMITH	Joseph	SMITH	Sheila	1891	5182	Place-23
SMITH	Jacob	SMITH	Susan	1891	5641	Place-22
SMITH	Jenkins	SMITH	Sheila	1891	5675	Place-28
SMITH	Jacob	SMITH	Sarah	1892	4793	Place-9
SMITH	Joseph	SMITH	Sheila	1892	5693	Place-27
SMITH	Joseph	SMITH	Sharon	1892	5089	Place-0
SMITH	Paulo	SMITH	Selina	1892	4931	Place-1
SMITH	Joseph	SMITH	Sharon	1892	4999	Place-20
SMITH	James	SMITH	Suzanne	1892	4794	Place-11
SMITH	Bob	SMITH	Briony	1892	4278	Place-18
SMITH	Jenkins	SMITH	Susan	1892	4908	Place-27
SMITH	Paulo	SMITH	Seonaid	1892	4093	Place-7
SMITH	Joseph	SMITH	Sheila	1892	4820	Place-14
SMITH	Joseph	SMITH	Sharon	1892	4678	Place-7
SMITH	Jacob	SMITH	Suzanne	1892	3393	Place-22
SMITH	Jacob	SMITH	Seonaid	1892	4147	Place-27
SMITH	Jacob	SMITH	Sheila	1892	3744	Place-20
SMITH	Shawn	SMITH	Suzanne	1892	4322	Place-23
SMITH	Jim	SMITH	Seonaid	1892	5097	Place-27
SMITH	Bob	SMITH	Briony	1892	5723	Place-4
SMITH	Paulo	SMITH	Selina	1892	5724	Place-7
SMITH	Jacob	SMITH	Selina	1892	5790	Place-7
SMITH	Jenkins	SMITH	Selina	1892	5829	Place-17
SMITH	James	SMITH	Sarah	1893	4915	Place-12
SMITH	Paulo	SMITH	Susan	1893	3452	Place-22
SMITH	James	SMITH	Briony	1893	5627	Place-12
SMITH	Bob	SMITH	Sarah	1893	5357	Place-7
SMITH	James	SMITH	Sarah	1893	4102	Place-10
SMITH	James	SMITH	Briony	1893	4758	Place-21
SMITH	Shawn	SMITH	Sarah	1893	5213	Place-20
SMITH	Bob	SMITH	Selina	1893	5056	Place-29
SMITH	Jacob	SMITH	Suzanne	1893	4711	Place-12
SMITH	Jim	SMITH	Seonaid	1893	5181	Place-16
SMITH	Shawn	SMITH	Sheila	1893	4276	Place-17
SMITH	Shawn	SMITH	Briony	1893	4062	Place-8
SMITH	Jacob	SMITH	Sharon	1893	4445	Place-28
SMITH	Paulo	SMITH	Selina	1893	4598	Place-20
SMITH	James	SMITH	Sarah	1894	5206	Place-29
SMITH	Jacob	SMITH	Sheila	1894	4466	Place-17
SMITH	Jim	SMITH	Sarah	1894	3965	Place-4
SMITH	Shawn	SMITH	Suzanne	1894	5296	Place-3
SMITH	Shawn	SMITH	Briony	1894	2921	Place-1
SMITH	Jim	SMITH	Sarah	1894	5373	Place-17
SMITH	James	SMITH	Seonaid	1894	5579	Place-15
SMITH	James	SMITH	Seonaid	1894	5888	Place-2
SMITH	Joseph	SMITH	Briony	1894	3679	Place-7
SMITH	Paulo	SMITH	Seonaid	1894	5625	Place-6
SMITH	Jim	SMITH	Seonaid	1894	4645	Place-25
SMITH	Jenkins	SMITH	Seonaid	1894	4847	Place-14
SMITH	Jacob	SMITH	Sarah	1894	4711	Place-12
SMITH	Bob	SMITH	Seonaid	1894	4519	Place-14
SMITH	Jacob	SMITH	Briony	1894	3367	Place-26
SMITH	Bob	SMITH	Seonaid	1894	3768	Place-22
SMITH	Jacob	SMITH	Sarah	1894	5507	Place-6
SMITH	Jenkins	SMITH	Suzanne	1895	4349	Place-6
SMITH	Shawn	SMITH	Selina	1895	5299	Place-13
SMITH	Shawn	SMITH	Briony	1895	4604	Place-21
SMITH	Jacob	SMITH	Briony	1895	5527	Place-20
SMITH	Paulo	SMITH	Sharon	1895	5908	Place-9
SMITH	Bob	SMITH	Susan	1895	4387	Place-1
SMITH	Jacob	SMITH	Sheila	1895	5728	Place-27
SMITH	Joseph	SMITH	Briony	1895	5273	Place-10
SMITH	Shawn	SMITH	Sarah	1895	3572	Place-14
SMITH	Jacob	SMITH	Sharon	1895	3744	Place-20
SMITH	Jenkins	SMITH	Seonaid	1896	4781	Place-20
SMITH	Shawn	SMITH	Susan	1896	4103	Place-18
SMITH	Jim	SMITH	Susan	1896	4360	Place-24
SMITH	Paulo	SMITH	Suzanne	1896	4931	Place-0
SMITH	Paulo	SMITH	Susan	1896	5908	Place-9
SMITH	James	SMITH	Suzanne	1896	4802	Place-19
SMITH	Bob	SMITH	Suzanne	1896	5058	Place-29
SMITH	Paulo	SMITH	Seonaid	1896	5625	Place-6
SMITH	Jacob	SMITH	Susan	1896	4834	Place-2
SMITH	Jacob	SMITH	Susan	1896	4935	Place-28
SMITH	Shawn	SMITH	Suzanne	1896	6151	Place-0
SMITH	Shawn	SMITH	Sheila	1896	4276	Place-17
SMITH	Bob	SMITH	Selina	1896	3768	Place-22
SMITH	Bob	SMITH	Susan	1896	5169	Place-28
SMITH	James	SMITH	Sheila	1897	3638	Place-22
SMITH	Joseph	SMITH	Sharon	1897	3936	Place-16
SMITH	James	SMITH	Suzanne	1897	5888	Place-5
SMITH	Shawn	SMITH	Sheila	1897	5258	Place-23
SMITH	Jacob	SMITH	Sheila	1897	5507	Place-8
SMITH	Shawn	SMITH	Selina	1897	5521	Place-3
SMITH	Jacob	SMITH	Briony	1897	5816	Place-8
SMITH	Jim	SMITH	Sheila	1897	6025	Place-13
SMITH	Jim	SMITH	Sheila	1897	5292	Place-20
SMITH	James	SMITH	Seonaid	1897	6123	Place-26
SMITH	Shawn	SMITH	Susan	1897	5304	Place-0
SMITH	Bob	SMITH	Sheila	1897	5408	Place-17
SMITH	Joseph	SMITH	Susan	1897	4416	Place-6
SMITH	Jenkins	SMITH	Sarah	1897	6002	Place-16
SMITH	Jacob	SMITH	Sarah	1897	6255	Place-29
SMITH	Bob	SMITH	Sharon	1898	3653	Place-12
SMITH	Shawn	SMITH	Briony	1898	4542	Place-10
SMITH	Joseph	SMITH	Selina	1898	5718	Place-0
SMITH	Bob	SMITH	Sharon	1898	6188	Place-28
SMITH	Jacob	SMITH	Suzanne	1898	4685	Place-17
SMITH	Jenkins	SMITH	Selina	1898	5549	Place-15
SMITH	Jenkins	SMITH	Suzanne	1898	6027	Place-12
SMITH	Jacob	SMITH	Sheila	1898	4627	Place-10
SMITH	Jenkins	SMITH	Seonaid	1898	5261	Place-15
SMITH	Jim	SMITH	Suzanne	1898	5360	Place-28
SMITH	Jenkins	SMITH	Sarah	1898	5067	Place-0
SMITH	Joseph	SMITH	Seonaid	1898	5075	Place-18
SMITH	James	SMITH	Sarah	1898	4758	Place-21
SMITH	James	SMITH	Sarah	1898	4370	Place-21
SMITH	Paulo	SMITH	Briony	1898	6238	Place-24
SMITH	Paulo	SMITH	Sharon	1898	4109	Place-7
SMITH	Bob	SMITH	Susan	1898	3768	Place-22
SMITH	Joseph	SMITH	Suzanne	1898	4777	Place-28
SMITH	Bob	SMITH	Sarah	1898	5442	Place-6
SMITH	Paulo	SMITH	Selina	1898	5490	Place-4
SMITH	Shawn	SMITH	Briony	1898	6004	Place-8
SMITH	Shawn	SMITH	Sheila	1899	6130	Place-23
SMITH	Paulo	SMITH	Sharon	1899	6119	Place-28
SMITH	Paulo	SMITH	Sharon	1899	4679	Place-26
SMITH	Jacob	SMITH	Seonaid	1899	5969	Place-20
SMITH	Jim	SMITH	Briony	1899	4842	Place-1
SMITH	Jacob	SMITH	Susan	1899	5507	Place-8
SMITH	Jacob	SMITH	Susan	1899	5790	Place-10
SMITH	Jim	SMITH	Briony	1899	3965	Place-4
SMITH	Bob	SMITH	Selina	1899	6553	Place-23
SMITH	Joseph	SMITH	Suzanne	1899	3774	Place-22
SMITH	Jenkins	SMITH	Sarah	1899	4247	Place-13
SMITH	Jenkins	SMITH	Suzanne	1899	4755	Place-20
SMITH	James	SMITH	Suzanne	1899	4370	Place-21
SMITH	Joseph	SMITH	Seonaid	1899	4608	Place-15
SMITH	Jenkins	SMITH	Sharon	1899	4665	Place-26
SMITH	Paulo	SMITH	Sharon	1899	5420	Place-26
SMITH	Bob	SMITH	Selina	1899	5973	Place-21
SMITH	Paulo	SMITH	Sarah	1899	6102	Place-24
SMITH	Shawn	SMITH	Sarah	1899	6214	Place-18
SMITH	Bob	SMITH	Selina	1899	6336	Place-14
SMITH	Shawn	SMITH	Sarah	1900	4439	Place-27
SMITH	Jacob	SMITH	Selina	1900	4390	Place-12
SMITH	Shawn	SMITH	Seonaid	1900	4543	Place-27
SMITH	Jenkins	SMITH	Seonaid	1900	4754	Place-26
SMITH	Joseph	SMITH	Sheila	1900	4290	Place-1
SMITH	Jacob	SMITH	Sharon	1900	5790	Place-10
SMITH	Paulo	SMITH	Sheila	1900	5724	Place-21
SMITH	Paulo	SMITH	Selina	1900	5369	Place-28
SMITH	Joseph	SMITH	Susan	1900	3959	Place-17
SMITH	Paulo	SMITH	Selina	1900	5488	Place-8
SMITH	Joseph	SMITH	Sharon	1900	5154	Place-25
SMITH	Bob	SMITH	Susan	1900	4278	Place-18
SMITH	Shawn	SMITH	Seonaid	1900	5304	Place-0
SMITH	Bob	SMITH	Seonaid	1900	4775	Place-11
SMITH	Paulo	SMITH	Sarah	1900	4423	Place-11
SMITH	James	SMITH	Susan	1900	6573	Place-0
SMITH	Paulo	SMITH	Briony	1900	5602	Place-2
SMITH	Paulo	SMITH	Susan	1900	6102	Place-24
SMITH	Jenkins	SMITH	Sharon	1900	6210	Place-16
SMITH	Bob	SMITH	Suzanne	1900	6336	Place-14
SMITH	James	SMITH	Seonaid	1900	6647	Place-22
SMITH	Bob	SMITH	Sarah	1901	5392	Place-15
SMITH	James	SMITH	Selina	1901	6695	Place-15
SMITH	Shawn	SMITH	Selina	1901	4129	Place-29
SMITH	Jenkins	SMITH	Seonaid	1901	4809	Place-17
SMITH	Joseph	SMITH	Suzanne	1901	5718	Place-0
SMITH	Bob	SMITH	Seonaid	1901	6212	Place-6
SMITH	Jacob	SMITH	Suzanne	1901	5140	Place-5
SMITH	Jenkins	SMITH	Briony	1901	4694	Place-8
SMITH	James	SMITH	Sarah	1901	4451	Place-4
SMITH	Paulo	SMITH	Susan	1901	5091	Place-14
SMITH	Paulo	SMITH	Suzanne	1901	3632	Place-15
SMITH	Joseph	SMITH	Sheila	1901	4416	Place-6
SMITH	Jacob	SMITH	Seonaid	1901	4445	Place-28
SMITH	Jacob	SMITH	Suzanne	1901	4920	Place-15
SMITH	James	SMITH	Suzanne	1901	6411	Place-23
SMITH	Bob	SMITH	Susan	1901	6427	Place-8
SMITH	Paulo	SMITH	Suzanne	1902	5433	Place-11
SMITH	Joseph	SMITH	Selina	1902	3959	Place-14
SMITH	Bob	SMITH	Seonaid	1902	6889	Place-9
SMITH	Bob	SMITH	Selina	1902	5840	Place-23
SMITH	Jim	SMITH	Susan	1902	5202	Place-5
SMITH	Jim	SMITH	Sarah	1902	3965	Place-4
SMITH	James	SMITH	Briony	1902	4227	Place-3
SMITH	Jim	SMITH	Suzanne	1902	4645	Place-25
SMITH	Joseph	SMITH	Seonaid	1902	4746	Place-10
SMITH	Jenkins	SMITH	Suzanne	1902	6002	Place-16
SMITH	Jacob	SMITH	Briony	1902	6057	Place-25
SMITH	Jenkins	SMITH	Selina	1903	6340	Place-5
SMITH	Jenkins	SMITH	Sharon	1903	7033	Place-19
SMITH	Paulo	SMITH	Suzanne	1903	6329	Place-16
SMITH	Jenkins	SMITH	Sharon	1903	6619	Place-3
SMITH	Bob	SMITH	Briony	1903	3825	Place-18
SMITH	Shawn	SMITH	Seonaid	1903	6214	Place-8
SMITH	Joseph	SMITH	Selina	1903	6752	Place-11
SMITH	James	SMITH	Suzanne	1903	6639	Place-24
SMITH	Paulo	SMITH	Suzanne	1903	5171	Place-19
SMITH	Jim	SMITH	Selina	1903	5338	Place-18
SMITH	James	SMITH	Seonaid	1903	3998	Place-13
SMITH	Bob	SMITH	Sheila	1903	6188	Place-28
SMITH	Jacob	SMITH	Seonaid	1903	4147	Place-10
SMITH	Joseph	SMITH	Briony	1903	4815	Place-27
SMITH	Joseph	SMITH	Briony	1903	3774	Place-22
SMITH	Jim	SMITH	Seonaid	1903	4881	Place-22
SMITH	Jacob	SMITH	Susan	1903	5184	Place-9
SMITH	Shawn	SMITH	Briony	1903	4515	Place-22
SMITH	Paulo	SMITH	Sarah	1903	4109	Place-7
SMITH	Bob	SMITH	Seonaid	1903	5821	Place-2
SMITH	Jacob	SMITH	Sheila	1903	6798	Place-5
SMITH	James	SMITH	Briony	1903	6955	Place-9
SMITH	Joseph	SMITH	Seonaid	1903	6968	Place-4
SMITH	Bob	SMITH	Susan	1903	7045	Place-11
SMITH	Shawn	SMITH	Suzanne	1904	6518	Place-3
SMITH	Jim	SMITH	Sharon	1904	5366	Place-0
SMITH	James	SMITH	Suzanne	1904	5270	Place-21
SMITH	Joseph	SMITH	Sharon	1904	3876	Place-4
SMITH	Joseph	SMITH	Briony	1904	5083	Place-16
SMITH	Joseph	SMITH	Sharon	1904	7004	Place-26
SMITH	Shawn	SMITH	Selina	1904	4588	Place-29
SMITH	Paulo	SMITH	Selina	1904	4745	Place-16
SMITH	Shawn	SMITH	Selina	1904	4759	Place-15
SMITH	Jenkins	SMITH	Susan	1904	4809	Place-17
SMITH	Bob	SMITH	Sharon	1904	5336	Place-5
SMITH	Jim	SMITH	Briony	1904	4925	Place-28
SMITH	Jim	SMITH	Briony	1904	6025	Place-13
SMITH	Jim	SMITH	Susan	1904	4645	Place-25
SMITH	Paulo	SMITH	Suzanne	1904	4713	Place-29
SMITH	Jenkins	SMITH	Briony	1904	5394	Place-7
SMITH	Jim	SMITH	Seonaid	1904	5498	Place-1
SMITH	Jacob	SMITH	Sheila	1904	6057	Place-25
SMITH	James	SMITH	Suzanne	1904	6913	Place-21
SMITH	Jacob	SMITH	Briony	1904	6921	Place-28
SMITH	Jenkins	SMITH	Sarah	1905	5308	Place-5
SMITH	Joseph	SMITH	Susan	1905	4723	Place-16
SMITH	Paulo	SMITH	Suzanne	1905	3951	Place-21
SMITH	Jim	SMITH	Sarah	1905	4817	Place-15
SMITH	Paulo	SMITH	Suzanne	1905	5727	Place-16
SMITH	Jim	SMITH	Sheila	1905	3965	Place-4
SMITH	Jacob	SMITH	Sarah	1905	5140	Place-5
SMITH	Bob	SMITH	Sarah	1905	4107	Place-22
SMITH	James	SMITH	Selina	1905	4256	Place-23
SMITH	Jacob	SMITH	Seonaid	1905	5184	Place-9
SMITH	Bob	SMITH	Sheila	1905	4666	Place-7
SMITH	Jacob	SMITH	Seonaid	1905	6255	Place-29
SMITH	Jim	SMITH	Susan	1905	6767	Place-20
SMITH	Jim	SMITH	Sheila	1905	6843	Place-9
SMITH	Jim	SMITH	Suzanne	1905	7202	Place-25
SMITH	Jacob	SMITH	Seonaid	1905	7237	Place-6
SMITH	Bob	SMITH	Sarah	1906	5324	Place-17
SMITH	Jenkins	SMITH	Selina	1906	5675	Place-13
SMITH	Shawn	SMITH	Briony	1906	7378	Place-6
SMITH	Jenkins	SMITH	Susan	1906	6208	Place-6
SMITH	Shawn	SMITH	Susan	1906	5313	Place-16
SMITH	James	SMITH	Sarah	1906	7082	Place-2
SMITH	Jim	SMITH	Briony	1906	4779	Place-29
SMITH	Jacob	SMITH	Selina	1906	5323	Place-10
SMITH	Jacob	SMITH	Susan	1906	5556	Place-6
SMITH	Joseph	SMITH	Sheila	1906	5673	Place-8
SMITH	Shawn	SMITH	Susan	1906	5786	Place-14
SMITH	James	SMITH	Sheila	1906	6913	Place-21
SMITH	Jacob	SMITH	Sheila	1906	6995	Place-27
SMITH	Shawn	SMITH	Selina	1906	7163	Place-20
SMITH	Joseph	SMITH	Suzanne	1906	7269	Place-17
SMITH	Joseph	SMITH	Susan	1906	7281	Place-6
SMITH	Jacob	SMITH	Sarah	1906	7377	Place-3
SMITH	Bob	SMITH	Susan	1907	7043	Place-25
SMITH	James	SMITH	Seonaid	1907	7229	Place-26
SMITH	Jacob	SMITH	Sarah	1907	4760	Place-20
SMITH	Jacob	SMITH	Sarah	1907	6344	Place-23
SMITH	Jenkins	SMITH	Selina	1907	7279	Place-24
SMITH	Shawn	SMITH	Selina	1907	4921	Place-6
SMITH	Paulo	SMITH	Susan	1907	5602	Place-20
SMITH	Shawn	SMITH	Sheila	1907	4604	Place-25
SMITH	James	SMITH	Sarah	1907	7082	Place-2
SMITH	Paulo	SMITH	Seonaid	1907	4615	Place-23
SMITH	Jacob	SMITH	Susan	1907	4962	Place-29
SMITH	Jacob	SMITH	Suzanne	1907	5969	Place-25
SMITH	Joseph	SMITH	Suzanne	1907	6869	Place-18
SMITH	Paulo	SMITH	Seonaid	1907	4679	Place-26
SMITH	James	SMITH	Sarah	1907	6039	Place-4
SMITH	Paulo	SMITH	Sharon	1907	3898	Place-28
SMITH	Paulo	SMITH	Selina	1907	4931	Place-0
SMITH	Jacob	SMITH	Sarah	1907	6144	Place-0
SMITH	Paulo	SMITH	Selina	1907	6171	Place-22
SMITH	Joseph	SMITH	Sarah	1907	6519	Place-2
SMITH	Shawn	SMITH	Briony	1907	6958	Place-6
SMITH	Bob	SMITH	Selina	1907	7200	Place-24
SMITH	Bob	SMITH	Selina	1907	7533	Place-23
SMITH	Jacob	SMITH	Suzanne	1908	6865	Place-28
SMITH	James	SMITH	Sarah	1908	5809	Place-1
SMITH	Bob	SMITH	Sharon	1908	4387	Place-13
SMITH	Jenkins	SMITH	Sharon	1908	4247	Place-12
SMITH	Shawn	SMITH	Susan	1908	4515	Place-27
SMITH	Shawn	SMITH	Sharon	1908	5145	Place-22
SMITH	James	SMITH	Suzanne	1908	7102	Place-1
SMITH	Shawn	SMITH	Selina	1908	4604	Place-25
SMITH	James	SMITH	Suzanne	1908	7082	Place-2
SMITH	Jacob	SMITH	Suzanne	1908	4962	Place-29
SMITH	Shawn	SMITH	Seonaid	1908	5803	Place-8
SMITH	Joseph	SMITH	Seonaid	1908	6146	Place-16
SMITH	Bob	SMITH	Seonaid	1908	6203	Place-14
SMITH	Jacob	SMITH	Sheila	1908	4711	Place-16
SMITH	Joseph	SMITH	Sharon	1908	5075	Place-18
SMITH	Shawn	SMITH	Suzanne	1908	5213	Place-20
SMITH	Bob	SMITH	Sharon	1908	4259	Place-16
SMITH	Paulo	SMITH	Seonaid	1908	6102	Place-24
SMITH	Paulo	SMITH	Seonaid	1908	6171	Place-22
SMITH	Jenkins	SMITH	Suzanne	1908	6649	Place-24
SMITH	Bob	SMITH	Sharon	1908	7578	Place-23
SMITH	Paulo	SMITH	Seonaid	1908	7690	Place-25
SMITH	Jacob	SMITH	Sheila	1909	6057	Place-3
SMITH	Jim	SMITH	Selina	1909	7300	Place-3
SMITH	Joseph	SMITH	Sheila	1909	5089	Place-3
SMITH	Jacob	SMITH	Selina	1909	5878	Place-24
SMITH	James	SMITH	Susan	1909	6411	Place-11
SMITH	Shawn	SMITH	Suzanne	1909	7644	Place-24
SMITH	Jacob	SMITH	Sheila	1909	4935	Place-0
SMITH	Paulo	SMITH	Briony	1909	4501	Place-18
SMITH	Jim	SMITH	Selina	1909	7727	Place-19
SMITH	Jacob	SMITH	Susan	1909	6173	Place-22
SMITH	James	SMITH	Selina	1909	4766	Place-0
SMITH	Shawn	SMITH	Suzanne	1909	6461	Place-4
SMITH	Jacob	SMITH	Selina	1909	4549	Place-10
SMITH	Bob	SMITH	Seonaid	1909	4775	Place-11
SMITH	Jenkins	SMITH	Susan	1909	3934	Place-15
SMITH	Shawn	SMITH	Sharon	1909	5831	Place-10
SMITH	Jacob	SMITH	Susan	1909	6230	Place-7
SMITH	Joseph	SMITH	Sharon	1909	6258	Place-25
SMITH	Jim	SMITH	Sarah	1909	7158	Place-22
SMITH	Paulo	SMITH	Suzanne	1909	7536	Place-28
SMITH	Bob	SMITH	Susan	1910	6508	Place-18
SMITH	Shawn	SMITH	Sarah	1910	6685	Place-28
SMITH	Jenkins	SMITH	Briony	1910	4349	Place-2
SMITH	Jenkins	SMITH	Selina	1910	6694	Place-22
SMITH	Paulo	SMITH	Seonaid	1910	5490	Place-14
SMITH	Joseph	SMITH	Briony	1910	5601	Place-13
SMITH	Bob	SMITH	Selina	1910	6427	Place-5
SMITH	James	SMITH	Briony	1910	5093	Place-4
SMITH	Joseph	SMITH	Sharon	1910	7590	Place-18
SMITH	Jim	SMITH	Sarah	1910	4817	Place-15
SMITH	Bob	SMITH	Seonaid	1910	6152	Place-26
SMITH	Paulo	SMITH	Selina	1910	5784	Place-10
SMITH	Bob	SMITH	Briony	1910	6188	Place-28
SMITH	James	SMITH	Sheila	1910	4227	Place-3
SMITH	Joseph	SMITH	Susan	1910	4509	Place-23
SMITH	Jenkins	SMITH	Sheila	1910	5394	Place-7
SMITH	Shawn	SMITH	Sarah	1910	5831	Place-10
SMITH	Joseph	SMITH	Sheila	1910	6258	Place-25
SMITH	Jacob	SMITH	Suzanne	1910	7381	Place-27
SMITH	Jacob	SMITH	Sheila	1910	7589	Place-8
SMITH	Jim	SMITH	Seonaid	1910	7784	Place-7
SMITH	Jim	SMITH	Selina	1910	7864	Place-8
SMITH	Joseph	SMITH	Sarah	1911	5083	Place-11
SMITH	Jenkins	SMITH	Sheila	1911	5549	Place-4
SMITH	Jenkins	SMITH	Sheila	1911	5001	Place-28
SMITH	Jacob	SMITH	Seonaid	1911	8051	Place-27
SMITH	James	SMITH	Sheila	1911	4102	Place-19
SMITH	Bob	SMITH	Seonaid	1911	6480	Place-1
SMITH	Shawn	SMITH	Sharon	1911	6755	Place-5
SMITH	Paulo	SMITH	Susan	1911	5724	Place-2
SMITH	Shawn	SMITH	Briony	1911	5313	Place-16
SMITH	James	SMITH	Seonaid	1911	7579	Place-17
SMITH	Jenkins	SMITH	Briony	1911	4342	Place-10
SMITH	Bob	SMITH	Sharon	1911	6029	Place-20
SMITH	Jim	SMITH	Selina	1911	5948	Place-16
SMITH	Paulo	SMITH	Sharon	1911	4622	Place-8
SMITH	Jim	SMITH	Sarah	1911	3659	Place-18
SMITH	Shawn	SMITH	Seonaid	1911	4720	Place-21
SMITH	Jacob	SMITH	Sarah	1911	7381	Place-27
SMITH	Shawn	SMITH	Sarah	1911	7523	Place-19
SMITH	Jacob	SMITH	Suzanne	1911	7589	Place-8
SMITH	Jim	SMITH	Sharon	1912	7871	Place-1
SMITH	Bob	SMITH	Suzanne	1912	6896	Place-8
SMITH	Joseph	SMITH	Sarah	1912	7664	Place-23
SMITH	Jenkins	SMITH	Seonaid	1912	7833	Place-25
SMITH	Bob	SMITH	Briony	1912	5300	Place-3
SMITH	Shawn	SMITH	Seonaid	1912	4702	Place-3
SMITH	Joseph	SMITH	Sarah	1912	7418	Place-7
SMITH	James	SMITH	Sarah	1912	7978	Place-8
SMITH	Joseph	SMITH	Sarah	1912	5273	Place-4
SMITH	James	SMITH	Sarah	1912	4915	Place-9
SMITH	Paulo	SMITH	Briony	1912	7054	Place-4
SMITH	James	SMITH	Susan	1912	4370	Place-0
SMITH	Bob	SMITH	Sheila	1912	4749	Place-14
SMITH	James	SMITH	Sheila	1912	5215	Place-5
SMITH	Bob	SMITH	Selina	1912	7677	Place-5
SMITH	Jim	SMITH	Sarah	1912	7706	Place-9
SMITH	Jim	SMITH	Selina	1912	7202	Place-25
SMITH	Jim	SMITH	Selina	1912	7219	Place-6
SMITH	Shawn	SMITH	Selina	1912	7538	Place-4
SMITH	Shawn	SMITH	Susan	1912	7681	Place-21
SMITH	Joseph	SMITH	Suzanne	1912	7853	Place-17
SMITH	Jim	SMITH	Suzanne	1912	7864	Place-8
SMITH	Bob	SMITH	Selina	1912	8068	Place-21
SMITH	Bob	SMITH	Selina	1912	8081	Place-9
SMITH	Paulo	SMITH	Sarah	1913	7414	Place-8
SMITH	Jenkins	SMITH	Seonaid	1913	4342	Place-19
SMITH	Jenkins	SMITH	Suzanne	1913	6027	Place-19
SMITH	Jim	SMITH	Suzanne	1913	5158	Place-29
SMITH	Jenkins	SMITH	Selina	1913	5394	Place-3
SMITH	Jacob	SMITH	Seonaid	1913	7509	Place-15
SMITH	James	SMITH	Susan	1913	4102	Place-21
SMITH	Jim	SMITH	Sharon	1913	4842	Place-27
SMITH	Joseph	SMITH	Susan	1913	4509	Place-0
SMITH	James	SMITH	Briony	1913	8228	Place-0
SMITH	James	SMITH	Seonaid	1913	7982	Place-28
SMITH	Shawn	SMITH	Sarah	1913	4604	Place-15
SMITH	Joseph	SMITH	Sharon	1913	5876	Place-10
SMITH	Bob	SMITH	Selina	1913	6508	Place-18
SMITH	Bob	SMITH	Selina	1913	8196	Place-21
SMITH	Paulo	SMITH	Briony	1913	7017	Place-18
SMITH	Jenkins	SMITH	Susan	1913	6849	Place-20
SMITH	Shawn	SMITH	Susan	1913	8010	Place-23
SMITH	Jenkins	SMITH	Susan	1913	7033	Place-19
SMITH	Jim	SMITH	Suzanne	1913	8185	Place-11
SMITH	Jacob	SMITH	Sharon	1913	6386	Place-16
SMITH	Jenkins	SMITH	Sheila	1913	8307	Place-27
SMITH	Bob	SMITH	Susan	1913	8332	Place-4
SMITH	Jacob	SMITH	Sarah	1914	6557	Place-22
SMITH	James	SMITH	Sharon	1914	6695	Place-7
SMITH	Bob	SMITH	Sharon	1914	7346	Place-19
SMITH	Bob	SMITH	Selina	1914	5056	Place-24
SMITH	Bob	SMITH	Sarah	1914	6889	Place-27
SMITH	Shawn	SMITH	Sharon	1914	4735	Place-29
SMITH	Shawn	SMITH	Seonaid	1914	6958	Place-27
SMITH	Jim	SMITH	Briony	1914	7734	Place-23
SMITH	Bob	SMITH	Selina	1914	7045	Place-0
SMITH	James	SMITH	Sheila	1914	4794	Place-13
SMITH	James	SMITH	Briony	1914	7982	Place-28
SMITH	Jenkins	SMITH	Selina	1914	6210	Place-13
SMITH	Jacob	SMITH	Briony	1914	8051	Place-27
SMITH	Jim	SMITH	Suzanne	1914	7383	Place-7
SMITH	Jenkins	SMITH	Sharon	1914	7604	Place-28
SMITH	Jenkins	SMITH	Selina	1914	5209	Place-28
SMITH	James	SMITH	Suzanne	1914	5093	Place-4
SMITH	Joseph	SMITH	Sharon	1914	4723	Place-16
SMITH	Bob	SMITH	Sarah	1914	4259	Place-16
SMITH	Joseph	SMITH	Suzanne	1914	7035	Place-13
SMITH	Jim	SMITH	Selina	1914	7158	Place-22
SMITH	Jenkins	SMITH	Sarah	1914	7739	Place-20
SMITH	Jim	SMITH	Sharon	1914	8401	Place-28
SMITH	Jim	SMITH	Seonaid	1914	8468	Place-29
SMITH	Jacob	SMITH	Sheila	1914	8496	Place-28
SMITH	Jim	SMITH	Sheila	1915	5338	Place-28
SMITH	James	SMITH	Sharon	1915	8505	Place-9
SMITH	Shawn	SMITH	Sarah	1915	4515	Place-13
SMITH	Paulo	SMITH	Briony	1915	8336	Place-22
SMITH	Shawn	SMITH	Sheila	1915	5304	Place-17
SMITH	Jenkins	SMITH	Sarah	1915	4665	Place-6
SMITH	Jacob	SMITH	Seonaid	1915	6056	Place-10
SMITH	Jim	SMITH	Sharon	1915	5360	Place-16
SMITH	Paulo	SMITH	Seonaid	1915	4713	Place-26
SMITH	Bob	SMITH	Selina	1915	6780	Place-10
SMITH	Bob	SMITH	Susan	1915	7677	Place-5
SMITH	James	SMITH	Sharon	1915	7580	Place-5
SMITH	James	SMITH	Suzanne	1915	8153	Place-22
SMITH	Paulo	SMITH	Briony	1915	8498	Place-1
SMITH	Jacob	SMITH	Sheila	1916	6557	Place-4
SMITH	Joseph	SMITH	Suzanne	1916	5383	Place-12
SMITH	Jim	SMITH	Suzanne	1916	7646	Place-10
SMITH	Paulo	SMITH	Susan	1916	8759	Place-25
SMITH	Jacob	SMITH	Seonaid	1916	7930	Place-9
SMITH	Jenkins	SMITH	Sarah	1916	8087	Place-26
SMITH	Jacob	SMITH	Sharon	1916	5140	Place-25
SMITH	Jacob	SMITH	Selina	1916	5728	Place-29
SMITH	Bob	SMITH	Susan	1916	7578	Place-9
SMITH	Jacob	SMITH	Suzanne	1916	7589	Place-5
SMITH	James	SMITH	Susan	1916	6497	Place-11
SMITH	Paulo	SMITH	Briony	1916	7054	Place-13
SMITH	Paulo	SMITH	Sheila	1916	6413	Place-26
SMITH	Jim	SMITH	Selina	1916	7706	Place-16
SMITH	Bob	SMITH	Seonaid	1916	8406	Place-13
SMITH	Jim	SMITH	Sheila	1916	5910	Place-5
SMITH	Bob	SMITH	Briony	1916	7840	Place-18
SMITH	Jim	SMITH	Briony	1916	5097	Place-17
SMITH	Jim	SMITH	Seonaid	1916	5610	Place-27
SMITH	Shawn	SMITH	Seonaid	1916	7644	Place-24
SMITH	Jim	SMITH	Sarah	1916	6879	Place-11
SMITH	Paulo	SMITH	Sharon	1916	5130	Place-9
SMITH	James	SMITH	Selina	1916	7579	Place-17
SMITH	Jim	SMITH	Sharon	1916	7968	Place-27
SMITH	Jacob	SMITH	Sheila	1916	4920	Place-15
SMITH	Jacob	SMITH	Seonaid	1916	6921	Place-28
SMITH	Joseph	SMITH	Sharon	1916	7897	Place-17
SMITH	James	SMITH	Sharon	1916	8153	Place-22
SMITH	Joseph	SMITH	Seonaid	1916	8293	Place-23
SMITH	Jim	SMITH	Briony	1916	8676	Place-22
SMITH	James	SMITH	Sheila	1917	5270	Place-19
SMITH	Joseph	SMITH	Sharon	1917	5928	Place-3
SMITH	Jacob	SMITH	Briony	1917	6386	Place-8
SMITH	Joseph	SMITH	Seonaid	1917	8304	Place-9
SMITH	Jacob	SMITH	Susan	1917	5184	Place-4
SMITH	Joseph	SMITH	Briony	1917	7499	Place-12
SMITH	Paulo	SMITH	Briony	1917	8811	Place-19
SMITH	James	SMITH	Susan	1917	6913	Place-11
SMITH	Jenkins	SMITH	Sarah	1917	6027	Place-19
SMITH	Jacob	SMITH	Suzanne	1917	7624	Place-9
SMITH	James	SMITH	Briony	1917	7229	Place-26
SMITH	Bob	SMITH	Sheila	1917	6780	Place-10
SMITH	Bob	SMITH	Sheila	1917	5336	Place-5
SMITH	Shawn	SMITH	Seonaid	1917	5599	Place-0
SMITH	Shawn	SMITH	Sheila	1917	6220	Place-13
SMITH	Shawn	SMITH	Susan	1917	7625	Place-8
SMITH	Jacob	SMITH	Briony	1917	8082	Place-4
SMITH	Jim	SMITH	Susan	1917	8329	Place-28
SMITH	Jim	SMITH	Susan	1917	8468	Place-29
SMITH	Jim	SMITH	Selina	1918	7755	Place-10
SMITH	Jim	SMITH	Sarah	1918	7864	Place-13
SMITH	James	SMITH	Susan	1918	7036	Place-17
SMITH	Jacob	SMITH	Susan	1918	5184	Place-4
SMITH	Bob	SMITH	Sarah	1918	7533	Place-4
SMITH	James	SMITH	Seonaid	1918	8384	Place-25
SMITH	Jenkins	SMITH	Suzanne	1918	7296	Place-22
SMITH	Bob	SMITH	Sheila	1918	6427	Place-24
SMITH	Shawn	SMITH	Sharon	1918	6967	Place-14
SMITH	Bob	SMITH	Briony	1918	5408	Place-8
SMITH	Jacob	SMITH	Seonaid	1918	5878	Place-6
SMITH	James	SMITH	Selina	1918	5888	Place-3
SMITH	Shawn	SMITH	Suzanne	1918	6685	Place-28
SMITH	Shawn	SMITH	Selina	1918	6853	Place-29
SMITH	Jacob	SMITH	Sharon	1918	5323	Place-10
SMITH	Jim	SMITH	Sarah	1918	6841	Place-22
SMITH	Shawn	SMITH	Sheila	1918	7465	Place-7
SMITH	Bob	SMITH	Sarah	1918	8332	Place-4
SMITH	Shawn	SMITH	Sharon	1918	8741	Place-14
SMITH	Joseph	SMITH	Suzanne	1919	8619	Place-20
SMITH	James	SMITH	Suzanne	1919	8505	Place-24
SMITH	Joseph	SMITH	Suzanne	1919	5083	Place-7
SMITH	Jacob	SMITH	Sheila	1919	8410	Place-23
SMITH	Joseph	SMITH	Selina	1919	6258	Place-24
SMITH	Shawn	SMITH	Sarah	1919	5145	Place-19
SMITH	James	SMITH	Briony	1919	9017	Place-1
SMITH	Paulo	SMITH	Sarah	1919	5433	Place-14
SMITH	Jim	SMITH	Sheila	1919	6766	Place-26
SMITH	Jenkins	SMITH	Suzanne	1919	7265	Place-28
SMITH	Jim	SMITH	Briony	1919	7734	Place-23
SMITH	Joseph	SMITH	Sarah	1919	5876	Place-10
SMITH	Joseph	SMITH	Seonaid	1919	4999	Place-18
SMITH	Paulo	SMITH	Selina	1919	4931	Place-0
SMITH	Jacob	SMITH	Suzanne	1919	7713	Place-21
SMITH	Bob	SMITH	Sarah	1919	8332	Place-4
SMITH	James	SMITH	Selina	1919	8698	Place-14
SMITH	Bob	SMITH	Sheila	1919	8831	Place-14
SMITH	James	SMITH	Suzanne	1919	9046	Place-10
SMITH	Jim	SMITH	Selina	1919	9100	Place-16
SMITH	Joseph	SMITH	Suzanne	1919	9209	Place-2
SMITH	James	SMITH	Sharon	1920	7036	Place-13
SMITH	Jim	SMITH	Seonaid	1920	5158	Place-24
SMITH	Shawn	SMITH	Sarah	1920	7681	Place-16
SMITH	Joseph	SMITH	Susan	1920	8844	Place-17
SMITH	Jacob	SMITH	Seonaid	1920	7624	Place-2
SMITH	Jacob	SMITH	Selina	1920	5898	Place-11
SMITH	James	SMITH	Susan	1920	7978	Place-18
SMITH	Bob	SMITH	Susan	1920	8036	Place-5
SMITH	Jim	SMITH	Suzanne	1920	8282	Place-6
SMITH	Paulo	SMITH	Sheila	1920	6634	Place-23
SMITH	Joseph	SMITH	Sharon	1920	8613	Place-21
SMITH	Shawn	SMITH	Suzanne	1920	7538	Place-4
SMITH	Bob	SMITH	Selina	1920	7829	Place-4
SMITH	Jacob	SMITH	Briony	1920	8364	Place-29
SMITH	Jacob	SMITH	Sharon	1920	8408	Place-14
SMITH	Joseph	SMITH	Seonaid	1920	8696	Place-1
SMITH	James	SMITH	Susan	1920	8698	Place-14
SMITH	James	SMITH	Sharon	1920	8768	Place-28
SMITH	Jacob	SMITH	Suzanne	1920	9117	Place-11
SMITH	Jacob	SMITH	Briony	1920	9377	Place-14
SMITH	Jenkins	SMITH	Sheila	1921	7033	Place-15
SMITH	Shawn	SMITH	Seonaid	1921	8877	Place-27
SMITH	Shawn	SMITH	Sarah	1921	9425	Place-7
SMITH	Joseph	SMITH	Sheila	1921	8093	Place-28
SMITH	Jacob	SMITH	Seonaid	1921	9352	Place-18
SMITH	James	SMITH	Sheila	1921	6647	Place-3
SMITH	Paulo	SMITH	Sarah	1921	6650	Place-13
SMITH	Jim	SMITH	Sharon	1921	9424	Place-3
SMITH	James	SMITH	Briony	1921	9017	Place-1
SMITH	Bob	SMITH	Sheila	1921	5300	Place-23
SMITH	Jacob	SMITH	Suzanne	1921	4891	Place-19
SMITH	Jenkins	SMITH	Selina	1921	5394	Place-3
SMITH	Jacob	SMITH	Suzanne	1921	6057	Place-22
SMITH	Jim	SMITH	Suzanne	1921	5373	Place-23
SMITH	James	SMITH	Susan	1921	6411	Place-11
SMITH	Jim	SMITH	Sarah	1921	8883	Place-27
SMITH	Joseph	SMITH	Sarah	1922	7921	Place-4
SMITH	James	SMITH	Sharon	1922	5888	Place-23
SMITH	Shawn	SMITH	Sarah	1922	6958	Place-3
SMITH	Jenkins	SMITH	Sharon	1922	7604	Place-17
SMITH	Jacob	SMITH	Sheila	1922	9261	Place-18
SMITH	Joseph	SMITH	Suzanne	1922	9557	Place-27
SMITH	Jim	SMITH	Sarah	1922	7158	Place-14
SMITH	Joseph	SMITH	Sarah	1922	7590	Place-29
SMITH	Joseph	SMITH	Sheila	1922	8319	Place-19
SMITH	Jim	SMITH	Briony	1922	6841	Place-5
SMITH	Jenkins	SMITH	Briony	1922	8592	Place-11
SMITH	Jacob	SMITH	Briony	1922	8232	Place-11
SMITH	Bob	SMITH	Sharon	1922	8959	Place-25
SMITH	Bob	SMITH	Suzanne	1922	7098	Place-20
SMITH	Shawn	SMITH	Suzanne	1922	6214	Place-6
SMITH	Bob	SMITH	Susan	1922	8205	Place-3
SMITH	Shawn	SMITH	Sharon	1922	6967	Place-14
SMITH	Jacob	SMITH	Briony	1922	7363	Place-19
SMITH	Jim	SMITH	Sarah	1922	8467	Place-12
SMITH	Jacob	SMITH	Selina	1922	5123	Place-22
SMITH	Shawn	SMITH	Susan	1922	9369	Place-12
SMITH	Bob	SMITH	Seonaid	1922	8213	Place-26
SMITH	Jim	SMITH	Sarah	1922	8241	Place-13
SMITH	Jim	SMITH	Suzanne	1922	5268	Place-20
SMITH	Shawn	SMITH	Seonaid	1922	8888	Place-17
SMITH	James	SMITH	Briony	1922	8417	Place-21
SMITH	Joseph	SMITH	Selina	1922	6080	Place-6
SMITH	James	SMITH	Sheila	1922	7579	Place-17
SMITH	Jacob	SMITH	Seonaid	1922	6954	Place-1
SMITH	Jim	SMITH	Briony	1922	8701	Place-7
SMITH	Jacob	SMITH	Susan	1922	8866	Place-9
SMITH	Jenkins	SMITH	Sharon	1922	8914	Place-0
SMITH	Jim	SMITH	Susan	1922	9100	Place-16
SMITH	Jacob	SMITH	Susan	1922	9508	Place-14
SMITH	Jenkins	SMITH	Suzanne	1923	7739	Place-9
SMITH	Jacob	SMITH	Selina	1923	6386	Place-28
SMITH	Jim	SMITH	Seonaid	1923	7383	Place-15
SMITH	Jim	SMITH	Sarah	1923	9611	Place-25
SMITH	Jim	SMITH	Briony	1923	7300	Place-11
SMITH	Paulo	SMITH	Sarah	1923	9423	Place-5
SMITH	Shawn	SMITH	Sarah	1923	6286	Place-18
SMITH	Jenkins	SMITH	Seonaid	1923	9250	Place-12
SMITH	James	SMITH	Sarah	1923	9657	Place-26
SMITH	Jim	SMITH	Selina	1923	5158	Place-24
SMITH	Joseph	SMITH	Suzanne	1923	7853	Place-3
SMITH	Shawn	SMITH	Selina	1923	8010	Place-5
SMITH	Joseph	SMITH	Sarah	1923	5383	Place-12
SMITH	Jim	SMITH	Sarah	1923	7834	Place-6
SMITH	Bob	SMITH	Sharon	1923	7913	Place-12
SMITH	Jim	SMITH	Briony	1923	9793	Place-10
SMITH	Jacob	SMITH	Susan	1923	7355	Place-28
SMITH	Jim	SMITH	Selina	1923	7202	Place-25
SMITH	Paulo	SMITH	Sheila	1923	9393	Place-12
SMITH	Jenkins	SMITH	Suzanne	1923	9802	Place-2
SMITH	Bob	SMITH	Selina	1924	6302	Place-25
SMITH	Joseph	SMITH	Sheila	1924	7262	Place-23
SMITH	Jacob	SMITH	Sheila	1924	6995	Place-26
SMITH	Paulo	SMITH	Sharon	1924	5624	Place-13
SMITH	Joseph	SMITH	Susan	1924	8319	Place-8
SMITH	Jenkins	SMITH	Sheila	1924	6002	Place-13
SMITH	Paulo	SMITH	Selina	1924	9441	Place-5
SMITH	Jacob	SMITH	Sarah	1924	9347	Place-6
SMITH	Joseph	SMITH	Sarah	1924	9506	Place-13
SMITH	Jacob	SMITH	Susan	1924	9905	Place-1
SMITH	Bob	SMITH	Sheila	1924	7533	Place-5
SMITH	Shawn	SMITH	Sharon	1924	7735	Place-27
SMITH	Paulo	SMITH	Briony	1924	7399	Place-27
SMITH	Shawn	SMITH	Selina	1924	8010	Place-5
SMITH	Joseph	SMITH	Selina	1924	5601	Place-15
SMITH	Joseph	SMITH	Briony	1924	8815	Place-23
SMITH	Jenkins	SMITH	Sharon	1924	9013	Place-12
SMITH	Shawn	SMITH	Sheila	1924	5145	Place-19
SMITH	Bob	SMITH	Susan	1924	9426	Place-9
SMITH	Jenkins	SMITH	Sharon	1924	8307	Place-16
SMITH	Jenkins	SMITH	Sharon	1924	5233	Place-29
SMITH	Jenkins	SMITH	Sarah	1924	6027	Place-19
SMITH	Jacob	SMITH	Selina	1924	5878	Place-6
SMITH	Jenkins	SMITH	Briony	1924	7279	Place-24
SMITH	James	SMITH	Susan	1924	9473	Place-2
SMITH	Paulo	SMITH	Selina	1924	9583	Place-16
SMITH	Jenkins	SMITH	Briony	1924	9730	Place-18
SMITH	Bob	SMITH	Briony	1924	9761	Place-15
SMITH	Shawn	SMITH	Seonaid	1925	7378	Place-8
SMITH	Jenkins	SMITH	Sheila	1925	7604	Place-20
SMITH	Jim	SMITH	Seonaid	1925	7834	Place-28
SMITH	James	SMITH	Briony	1925	9492	Place-19
SMITH	Jim	SMITH	Susan	1925	10004	Place-9
SMITH	Bob	SMITH	Sarah	1925	9306	Place-20
SMITH	Jim	SMITH	Suzanne	1925	8676	Place-12
SMITH	Joseph	SMITH	Sheila	1925	7634	Place-5
SMITH	Joseph	SMITH	Sheila	1925	9882	Place-0
SMITH	Jim	SMITH	Susan	1925	7734	Place-27
SMITH	Paulo	SMITH	Briony	1925	9638	Place-15
SMITH	Joseph	SMITH	Selina	1925	7717	Place-17
SMITH	Jim	SMITH	Sharon	1925	6879	Place-3
SMITH	Shawn	SMITH	Selina	1925	8211	Place-27
SMITH	James	SMITH	Sheila	1925	5665	Place-22
SMITH	Bob	SMITH	Seonaid	1925	6203	Place-14
SMITH	Jenkins	SMITH	Sharon	1925	7723	Place-18
SMITH	Shawn	SMITH	Briony	1925	7725	Place-18
SMITH	Jenkins	SMITH	Sheila	1925	8817	Place-26
SMITH	Shawn	SMITH	Seonaid	1925	9152	Place-17
SMITH	Jacob	SMITH	Selina	1925	9508	Place-14
SMITH	Bob	SMITH	Selina	1925	9551	Place-24
SMITH	Jim	SMITH	Sheila	1925	9559	Place-26
SMITH	Joseph	SMITH	Selina	1925	9743	Place-4
SMITH	Shawn	SMITH	Sharon	1925	9929	Place-16
SMITH	Joseph	SMITH	Briony	1925	9987	Place-8
SMITH	Joseph	SMITH	Susan	1925	10087	Place-3
SMITH	Shawn	SMITH	Seonaid	1926	9482	Place-14
SMITH	Paulo	SMITH	Sheila	1926	8285	Place-16
SMITH	Joseph	SMITH	Sheila	1926	6455	Place-2
SMITH	Paulo	SMITH	Sarah	1926	7017	Place-2
SMITH	Paulo	SMITH	Sarah	1926	8939	Place-11
SMITH	Bob	SMITH	Susan	1926	8395	Place-0
SMITH	Bob	SMITH	Sarah	1926	9003	Place-4
SMITH	Jacob	SMITH	Sarah	1926	9930	Place-11
SMITH	James	SMITH	Suzanne	1926	6913	Place-6
SMITH	Bob	SMITH	Briony	1926	9484	Place-2
SMITH	Paulo	SMITH	Suzanne	1926	9963	Place-7
SMITH	Paulo	SMITH	Seonaid	1926	10275	Place-24
SMITH	James	SMITH	Suzanne	1926	9519	Place-0
SMITH	Joseph	SMITH	Sarah	1926	9595	Place-18
SMITH	James	SMITH	Seonaid	1926	8505	Place-24
SMITH	Bob	SMITH	Suzanne	1926	6101	Place-8
SMITH	Paulo	SMITH	Sarah	1926	8858	Place-6
SMITH	Paulo	SMITH	Sheila	1926	7054	Place-13
SMITH	Joseph	SMITH	Susan	1926	9948	Place-0
SMITH	Jacob	SMITH	Sharon	1926	9955	Place-1
SMITH	Bob	SMITH	Sharon	1926	9990	Place-0
SMITH	Jim	SMITH	Suzanne	1927	9175	Place-5
SMITH	Jim	SMITH	Susan	1927	8467	Place-28
SMITH	Bob	SMITH	Sharon	1927	8158	Place-15
SMITH	Jacob	SMITH	Susan	1927	10220	Place-21
SMITH	Paulo	SMITH	Briony	1927	7504	Place-28
SMITH	Jacob	SMITH	Briony	1927	8469	Place-16
SMITH	James	SMITH	Sharon	1927	5206	Place-4
SMITH	Paulo	SMITH	Seonaid	1927	8759	Place-20
SMITH	Jenkins	SMITH	Sheila	1927	10357	Place-28
SMITH	Paulo	SMITH	Suzanne	1927	10358	Place-9
SMITH	Jenkins	SMITH	Susan	1927	7604	Place-20
SMITH	James	SMITH	Sarah	1927	7082	Place-3
SMITH	Jenkins	SMITH	Sarah	1927	6229	Place-11
SMITH	Jim	SMITH	Sharon	1927	8676	Place-12
SMITH	Shawn	SMITH	Susan	1927	6220	Place-0
SMITH	Paulo	SMITH	Selina	1927	5784	Place-4
SMITH	Jenkins	SMITH	Briony	1927	9013	Place-12
SMITH	Jacob	SMITH	Sheila	1927	6230	Place-7
SMITH	Bob	SMITH	Seonaid	1927	6427	Place-24
SMITH	Jim	SMITH	Suzanne	1927	7687	Place-7
SMITH	Shawn	SMITH	Selina	1927	7379	Place-18
SMITH	Jenkins	SMITH	Seonaid	1927	8897	Place-23
SMITH	Shawn	SMITH	Seonaid	1927	9152	Place-17
SMITH	Paulo	SMITH	Briony	1927	9953	Place-29
SMITH	James	SMITH	Sharon	1927	9960	Place-10
SMITH	Paulo	SMITH	Briony	1927	9980	Place-0
SMITH	Jacob	SMITH	Sharon	1927	10015	Place-22
SMITH	Joseph	SMITH	Susan	1928	8992	Place-10
SMITH	Paulo	SMITH	Suzanne	1928	9757	Place-21
SMITH	Bob	SMITH	Sharon	1928	7975	Place-27
SMITH	Jacob	SMITH	Seonaid	1928	9905	Place-20
SMITH	Jacob	SMITH	Sarah	1928	8469	Place-16
SMITH	Joseph	SMITH	Sarah	1928	8693	Place-25
SMITH	Shawn	SMITH	Sharon	1928	7658	Place-13
SMITH	Joseph	SMITH	Susan	1928	9877	Place-2
SMITH	Shawn	SMITH	Susan	1928	10315	Place-22
SMITH	Jacob	SMITH	Suzanne	1928	9139	Place-0
SMITH	Jacob	SMITH	Sarah	1928	6995	Place-26
SMITH	Bob	SMITH	Susan	1928	5300	Place-9
SMITH	Jenkins	SMITH	Suzanne	1928	9054	Place-24
SMITH	Paulo	SMITH	Suzanne	1928	9423	Place-5
SMITH	Jenkins	SMITH	Sarah	1928	7033	Place-15
SMITH	Jenkins	SMITH	Seonaid	1928	9604	Place-27
SMITH	Shawn	SMITH	Selina	1928	5831	Place-29
SMITH	Joseph	SMITH	Susan	1928	8815	Place-23
SMITH	Jenkins	SMITH	Seonaid	1928	6210	Place-10
SMITH	Shawn	SMITH	Briony	1928	10016	Place-5
SMITH	Jenkins	SMITH	Sharon	1928	5946	Place-20
SMITH	James	SMITH	Sarah	1928	8153	Place-22
SMITH	Joseph	SMITH	Sharon	1928	8691	Place-18
SMITH	Jim	SMITH	Sheila	1928	9253	Place-28
SMITH	Jacob	SMITH	Sarah	1928	10007	Place-24
SMITH	Paulo	SMITH	Susan	1928	10316	Place-7
SMITH	Joseph	SMITH	Sharon	1928	10399	Place-13
SMITH	James	SMITH	Seonaid	1928	10612	Place-8
SMITH	Jacob	SMITH	Susan	1929	8586	Place-12
SMITH	Paulo	SMITH	Briony	1929	9957	Place-7
SMITH	Jim	SMITH	Briony	1929	10652	Place-18
SMITH	Jim	SMITH	Sheila	1929	6422	Place-23
SMITH	Jacob	SMITH	Selina	1929	9376	Place-0
SMITH	Shawn	SMITH	Selina	1929	9514	Place-9
SMITH	Jenkins	SMITH	Sharon	1929	9317	Place-1
SMITH	Jenkins	SMITH	Selina	1929	9213	Place-4
SMITH	Bob	SMITH	Suzanne	1929	10011	Place-3
SMITH	Bob	SMITH	Briony	1929	8553	Place-11
SMITH	Bob	SMITH	Sheila	1929	7710	Place-2
SMITH	Paulo	SMITH	Sarah	1929	7455	Place-0
SMITH	Shawn	SMITH	Seonaid	1929	6677	Place-17
SMITH	Shawn	SMITH	Selina	1929	7798	Place-29
SMITH	Jenkins	SMITH	Suzanne	1929	9798	Place-3
SMITH	Bob	SMITH	Seonaid	1929	6515	Place-17
SMITH	Jenkins	SMITH	Sheila	1929	6694	Place-22
SMITH	Shawn	SMITH	Suzanne	1929	7490	Place-23
SMITH	Jenkins	SMITH	Seonaid	1929	7723	Place-18
SMITH	Paulo	SMITH	Briony	1929	10222	Place-17
SMITH	Jim	SMITH	Susan	1929	10251	Place-16
SMITH	Bob	SMITH	Sharon	1929	10531	Place-26
SMITH	Jenkins	SMITH	Sarah	1929	10741	Place-17
SMITH	Joseph	SMITH	Seonaid	1929	10812	Place-17
SMITH	Joseph	SMITH	Briony	1930	8319	Place-6
SMITH	James	SMITH	Selina	1930	9492	Place-12
SMITH	Shawn	SMITH	Sarah	1930	7378	Place-4
SMITH	James	SMITH	Selina	1930	6248	Place-12
SMITH	Bob	SMITH	Susan	1930	8740	Place-4
SMITH	Bob	SMITH	Sheila	1930	10805	Place-1
SMITH	Jim	SMITH	Sheila	1930	6422	Place-23
SMITH	Jacob	SMITH	Sheila	1930	6684	Place-8
SMITH	James	SMITH	Sarah	1930	6928	Place-26
SMITH	Joseph	SMITH	Sheila	1930	8681	Place-27
SMITH	James	SMITH	Selina	1930	7229	Place-10
SMITH	Jim	SMITH	Suzanne	1930	9338	Place-23
SMITH	Jenkins	SMITH	Seonaid	1930	10364	Place-16
SMITH	Bob	SMITH	Sharon	1930	7840	Place-13
SMITH	Jacob	SMITH	Suzanne	1930	6921	Place-2
SMITH	Jenkins	SMITH	Susan	1930	9353	Place-2
SMITH	James	SMITH	Selina	1930	8757	Place-15
SMITH	Shawn	SMITH	Briony	1930	9255	Place-17
SMITH	Paulo	SMITH	Seonaid	1930	10222	Place-17
SMITH	Joseph	SMITH	Seonaid	1930	10399	Place-13
SMITH	Jim	SMITH	Susan	1930	10873	Place-11
SMITH	Jim	SMITH	Briony	1931	7646	Place-28
SMITH	James	SMITH	Sharon	1931	9296	Place-23
SMITH	Joseph	SMITH	Seonaid	1931	10630	Place-22
SMITH	Jim	SMITH	Briony	1931	9629	Place-19
SMITH	Bob	SMITH	Sheila	1931	8036	Place-17
SMITH	Jacob	SMITH	Sarah	1931	9376	Place-0
SMITH	James	SMITH	Seonaid	1931	9380	Place-4
SMITH	Jacob	SMITH	Sharon	1931	8596	Place-6
SMITH	Jenkins	SMITH	Briony	1931	7604	Place-20
SMITH	Paulo	SMITH	Susan	1931	10192	Place-3
SMITH	Jacob	SMITH	Sharon	1931	9852	Place-22
SMITH	Jacob	SMITH	Sharon	1931	9036	Place-9
SMITH	Jim	SMITH	Seonaid	1931	7734	Place-27
SMITH	Joseph	SMITH	Suzanne	1931	9557	Place-27
SMITH	Joseph	SMITH	Seonaid	1931	7094	Place-21
SMITH	Jacob	SMITH	Sarah	1931	7930	Place-19
SMITH	Paulo	SMITH	Susan	1931	8945	Place-0
SMITH	Joseph	SMITH	Suzanne	1931	6258	Place-24
SMITH	Jim	SMITH	Sheila	1931	6783	Place-1
SMITH	Joseph	SMITH	Sheila	1931	6953	Place-7
SMITH	James	SMITH	Sheila	1931	8768	Place-28
SMITH	Jim	SMITH	Sarah	1931	10808	Place-1
SMITH	James	SMITH	Selina	1931	10932	Place-25
SMITH	Paulo	SMITH	Seonaid	1932	7218	Place-23
SMITH	Shawn	SMITH	Sharon	1932	11203	Place-26
SMITH	Paulo	SMITH	Sharon	1932	7544	Place-27
SMITH	Paulo	SMITH	Susan	1932	7399	Place-10
SMITH	Jim	SMITH	Sheila	1932	7202	Place-23
SMITH	Paulo	SMITH	Seonaid	1932	9441	Place-7
SMITH	Paulo	SMITH	Seonaid	1932	11104	Place-19
SMITH	Jim	SMITH	Selina	1932	9611	Place-0
SMITH	Bob	SMITH	Seonaid	1932	6491	Place-16
SMITH	Jim	SMITH	Briony	1932	7748	Place-27
SMITH	Jim	SMITH	Sheila	1932	10806	Place-17
SMITH	Joseph	SMITH	Selina	1932	9199	Place-27
SMITH	Jacob	SMITH	Sheila	1932	6255	Place-1
SMITH	Jenkins	SMITH	Seonaid	1932	10131	Place-6
SMITH	Joseph	SMITH	Sheila	1932	10402	Place-20
SMITH	Bob	SMITH	Seonaid	1932	8243	Place-4
SMITH	Paulo	SMITH	Sarah	1932	6179	Place-2
SMITH	Jacob	SMITH	Selina	1932	7291	Place-21
SMITH	Jacob	SMITH	Sheila	1932	10351	Place-8
SMITH	Jenkins	SMITH	Susan	1932	6694	Place-22
SMITH	Joseph	SMITH	Suzanne	1932	8040	Place-16
SMITH	Jim	SMITH	Seonaid	1932	10251	Place-16
SMITH	Shawn	SMITH	Sarah	1932	10641	Place-19
SMITH	Shawn	SMITH	Briony	1932	11294	Place-16
SMITH	Bob	SMITH	Sarah	1933	9372	Place-23
SMITH	Bob	SMITH	Sarah	1933	7840	Place-26
SMITH	Jenkins	SMITH	Suzanne	1933	6278	Place-17
SMITH	Shawn	SMITH	Suzanne	1933	7997	Place-2
SMITH	Paulo	SMITH	Sarah	1933	7455	Place-19
SMITH	Jacob	SMITH	Suzanne	1933	9023	Place-25
SMITH	Joseph	SMITH	Sharon	1933	10256	Place-5
SMITH	Bob	SMITH	Sheila	1933	10382	Place-3
SMITH	Paulo	SMITH	Sharon	1933	8061	Place-24
SMITH	Paulo	SMITH	Selina	1933	9441	Place-7
SMITH	Bob	SMITH	Sharon	1933	9761	Place-29
SMITH	Jim	SMITH	Susan	1933	8468	Place-11
SMITH	Joseph	SMITH	Suzanne	1933	11075	Place-21
SMITH	Jacob	SMITH	Susan	1933	10748	Place-21
SMITH	James	SMITH	Suzanne	1933	7082	Place-8
SMITH	Bob	SMITH	Selina	1933	6889	Place-4
SMITH	Paulo	SMITH	Briony	1933	9957	Place-7
SMITH	Paulo	SMITH	Selina	1933	6413	Place-20
SMITH	Paulo	SMITH	Susan	1933	8336	Place-16
SMITH	Bob	SMITH	Susan	1933	9505	Place-25
SMITH	Jacob	SMITH	Sheila	1933	10220	Place-21
SMITH	James	SMITH	Selina	1933	6913	Place-6
SMITH	Joseph	SMITH	Sharon	1933	7921	Place-4
SMITH	Shawn	SMITH	Susan	1933	8783	Place-2
SMITH	Bob	SMITH	Sarah	1933	8831	Place-5
SMITH	Bob	SMITH	Sarah	1933	8081	Place-20
SMITH	James	SMITH	Selina	1933	9519	Place-0
SMITH	Joseph	SMITH	Seonaid	1933	9595	Place-18
SMITH	Jim	SMITH	Susan	1933	6843	Place-26
SMITH	Paulo	SMITH	Seonaid	1933	10316	Place-7
SMITH	Bob	SMITH	Selina	1933	10531	Place-26
SMITH	Paulo	SMITH	Selina	1933	10953	Place-18
SMITH	Jacob	SMITH	Sarah	1933	11049	Place-18
SMITH	Shawn	SMITH	Suzanne	1933	11125	Place-0
SMITH	Jim	SMITH	Selina	1933	11253	Place-28
SMITH	Bob	SMITH	Sarah	1934	6508	Place-26
SMITH	Jim	SMITH	Seonaid	1934	6960	Place-7
SMITH	Jacob	SMITH	Selina	1934	9036	Place-29
SMITH	Jacob	SMITH	Selina	1934	7713	Place-6
SMITH	Jim	SMITH	Briony	1934	11207	Place-1
SMITH	Joseph	SMITH	Seonaid	1934	9147	Place-24
SMITH	James	SMITH	Suzanne	1934	6753	Place-18
SMITH	Jenkins	SMITH	Seonaid	1934	7711	Place-2
SMITH	Paulo	SMITH	Sheila	1934	9953	Place-15
SMITH	Jenkins	SMITH	Selina	1934	10654	Place-4
SMITH	Paulo	SMITH	Sarah	1934	8017	Place-24
SMITH	Paulo	SMITH	Suzanne	1934	7017	Place-14
SMITH	Jacob	SMITH	Selina	1934	7653	Place-15
SMITH	Jim	SMITH	Suzanne	1934	10806	Place-17
SMITH	Jacob	SMITH	Sharon	1934	7267	Place-12
SMITH	Jim	SMITH	Suzanne	1934	6848	Place-19
SMITH	Jacob	SMITH	Briony	1934	8890	Place-7
SMITH	Jacob	SMITH	Suzanne	1934	6981	Place-0
SMITH	Jim	SMITH	Seonaid	1934	9639	Place-12
SMITH	Joseph	SMITH	Susan	1934	10844	Place-15
SMITH	Shawn	SMITH	Sheila	1934	6214	Place-6
SMITH	Jim	SMITH	Suzanne	1934	11045	Place-6
SMITH	Shawn	SMITH	Sheila	1934	9369	Place-12
SMITH	Bob	SMITH	Sarah	1934	7829	Place-4
SMITH	Joseph	SMITH	Susan	1934	9792	Place-9
SMITH	Jenkins	SMITH	Suzanne	1934	10250	Place-2
SMITH	James	SMITH	Suzanne	1934	10612	Place-8
SMITH	Bob	SMITH	Susan	1934	11279	Place-0
SMITH	Jim	SMITH	Selina	1934	11347	Place-2
SMITH	Shawn	SMITH	Selina	1934	11547	Place-18
SMITH	Bob	SMITH	Sheila	1934	11551	Place-24
SMITH	Jenkins	SMITH	Sharon	1934	11636	Place-19
SMITH	Joseph	SMITH	Selina	1935	9743	Place-16
SMITH	Bob	SMITH	Suzanne	1935	10890	Place-1
SMITH	James	SMITH	Sharon	1935	9473	Place-3
SMITH	James	SMITH	Seonaid	1935	7982	Place-9
SMITH	Jenkins	SMITH	Seonaid	1935	9432	Place-13
SMITH	Jim	SMITH	Sarah	1935	11038	Place-20
SMITH	James	SMITH	Sarah	1935	8153	Place-9
SMITH	Joseph	SMITH	Briony	1935	10768	Place-28
SMITH	Jenkins	SMITH	Briony	1935	7166	Place-28
SMITH	Jenkins	SMITH	Sheila	1935	9758	Place-14
SMITH	Jacob	SMITH	Seonaid	1935	9036	Place-29
SMITH	Joseph	SMITH	Briony	1935	8751	Place-7
SMITH	Jim	SMITH	Suzanne	1935	8990	Place-0
SMITH	Shawn	SMITH	Sarah	1935	7735	Place-4
SMITH	Jenkins	SMITH	Briony	1935	8897	Place-7
SMITH	Jacob	SMITH	Selina	1935	10272	Place-4
SMITH	Jim	SMITH	Sharon	1935	6766	Place-20
SMITH	Paulo	SMITH	Susan	1935	10192	Place-3
SMITH	Bob	SMITH	Susan	1935	9306	Place-20
SMITH	Paulo	SMITH	Susan	1935	7690	Place-17
SMITH	Jenkins	SMITH	Sharon	1935	8307	Place-16
SMITH	Bob	SMITH	Briony	1935	6896	Place-8
SMITH	Shawn	SMITH	Sarah	1935	7044	Place-3
SMITH	Joseph	SMITH	Sarah	1935	9792	Place-9
SMITH	Joseph	SMITH	Suzanne	1935	10314	Place-20
SMITH	Shawn	SMITH	Sheila	1935	10699	Place-27
SMITH	Paulo	SMITH	Suzanne	1935	10737	Place-3
SMITH	Jacob	SMITH	Sharon	1935	11236	Place-2
SMITH	Jacob	SMITH	Sarah	1935	11538	Place-27
SMITH	Jim	SMITH	Sharon	1936	8994	Place-20
SMITH	Jenkins	SMITH	Seonaid	1936	8015	Place-14
SMITH	Jim	SMITH	Susan	1936	10653	Place-24
SMITH	Jim	SMITH	Sheila	1936	7834	Place-7
SMITH	Jacob	SMITH	Briony	1936	8051	Place-25
SMITH	Jenkins	SMITH	Briony	1936	11636	Place-4
SMITH	Shawn	SMITH	Briony	1936	11703	Place-8
SMITH	Jim	SMITH	Briony	1936	6960	Place-23
SMITH	Bob	SMITH	Sarah	1936	8036	Place-10
SMITH	Jenkins	SMITH	Briony	1936	8914	Place-20
SMITH	Paulo	SMITH	Susan	1936	7455	Place-14
SMITH	Shawn	SMITH	Briony	1936	10530	Place-0
SMITH	James	SMITH	Selina	1936	11011	Place-3
SMITH	Bob	SMITH	Sarah	1936	11623	Place-8
SMITH	Jacob	SMITH	Seonaid	1936	10899	Place-20
SMITH	Shawn	SMITH	Selina	1936	10390	Place-25
SMITH	Jacob	SMITH	Sharon	1936	11432	Place-10
SMITH	Bob	SMITH	Selina	1936	10349	Place-9
SMITH	James	SMITH	Suzanne	1936	6573	Place-6
SMITH	Paulo	SMITH	Sheila	1936	8459	Place-27
SMITH	Shawn	SMITH	Sharon	1936	8741	Place-21
SMITH	Jenkins	SMITH	Briony	1936	9340	Place-0
SMITH	Paulo	SMITH	Susan	1936	9953	Place-15
SMITH	Jenkins	SMITH	Selina	1936	10731	Place-26
SMITH	Jim	SMITH	Sheila	1936	11309	Place-23
SMITH	Jim	SMITH	Seonaid	1936	9803	Place-6
SMITH	Bob	SMITH	Briony	1936	9003	Place-4
SMITH	Jim	SMITH	Suzanne	1936	7784	Place-1
SMITH	Paulo	SMITH	Sarah	1936	9423	Place-5
SMITH	Joseph	SMITH	Sheila	1936	7094	Place-21
SMITH	Shawn	SMITH	Sheila	1936	7798	Place-29
SMITH	Bob	SMITH	Sheila	1936	6427	Place-24
SMITH	Shawn	SMITH	Sharon	1936	7044	Place-3
SMITH	Jim	SMITH	Sharon	1936	9503	Place-29
SMITH	Joseph	SMITH	Susan	1936	10422	Place-3
SMITH	James	SMITH	Sheila	1936	10569	Place-24
SMITH	James	SMITH	Briony	1936	10881	Place-2
SMITH	Jenkins	SMITH	Selina	1936	11755	Place-8
SMITH	Paulo	SMITH	Suzanne	1936	11987	Place-28
SMITH	James	SMITH	Selina	1937	7990	Place-0
SMITH	James	SMITH	Sharon	1937	8704	Place-16
SMITH	Bob	SMITH	Briony	1937	8553	Place-17
SMITH	Paulo	SMITH	Sharon	1937	6413	Place-14
SMITH	Bob	SMITH	Sarah	1937	8574	Place-11
SMITH	James	SMITH	Sharon	1937	10773	Place-24
SMITH	Joseph	SMITH	Selina	1937	9557	Place-22
SMITH	Joseph	SMITH	Sarah	1937	11098	Place-22
SMITH	James	SMITH	Sheila	1937	11619	Place-0
SMITH	Bob	SMITH	Selina	1937	11217	Place-29
SMITH	Joseph	SMITH	Suzanne	1937	11899	Place-13
SMITH	Jacob	SMITH	Sarah	1937	11947	Place-24
SMITH	Paulo	SMITH	Susan	1937	11244	Place-14
SMITH	Joseph	SMITH	Selina	1937	7582	Place-20
SMITH	Joseph	SMITH	Susan	1937	7315	Place-5
SMITH	Paulo	SMITH	Suzanne	1937	6971	Place-24
SMITH	Jenkins	SMITH	Seonaid	1937	8592	Place-25
SMITH	Jim	SMITH	Sheila	1937	10863	Place-27
SMITH	Shawn	SMITH	Briony	1937	7538	Place-24
SMITH	James	SMITH	Briony	1937	7879	Place-21
SMITH	Shawn	SMITH	Sheila	1937	11738	Place-21
SMITH	Jenkins	SMITH	Briony	1937	7665	Place-19
SMITH	Jacob	SMITH	Sharon	1937	9139	Place-0
SMITH	Jim	SMITH	Sheila	1937	7784	Place-1
SMITH	Jacob	SMITH	Seonaid	1937	6865	Place-28
SMITH	Jacob	SMITH	Sarah	1937	7355	Place-28
SMITH	James	SMITH	Sheila	1937	9570	Place-19
SMITH	Jacob	SMITH	Briony	1937	9625	Place-0
SMITH	Paulo	SMITH	Sheila	1937	9980	Place-0
SMITH	James	SMITH	Seonaid	1937	10612	Place-8
SMITH	Paulo	SMITH	Sheila	1937	11248	Place-2
SMITH	Shawn	SMITH	Selina	1937	12219	Place-28
SMITH	Jacob	SMITH	Selina	1938	11947	Place-12
SMITH	Jacob	SMITH	Seonaid	1938	6866	Place-25
SMITH	James	SMITH	Sharon	1938	8153	Place-21
SMITH	James	SMITH	Selina	1938	8704	Place-16
SMITH	Bob	SMITH	Sheila	1938	9484	Place-28
SMITH	Joseph	SMITH	Seonaid	1938	9038	Place-12
SMITH	Paulo	SMITH	Sharon	1938	11643	Place-15
SMITH	Joseph	SMITH	Briony	1938	10611	Place-8
SMITH	Jim	SMITH	Sarah	1938	6960	Place-23
SMITH	Joseph	SMITH	Sheila	1938	11293	Place-3
SMITH	Jenkins	SMITH	Briony	1938	11705	Place-9
SMITH	Jim	SMITH	Suzanne	1938	7734	Place-27
SMITH	Jacob	SMITH	Sheila	1938	6995	Place-17
SMITH	Paulo	SMITH	Briony	1938	8945	Place-11
SMITH	Jacob	SMITH	Suzanne	1938	10782	Place-12
SMITH	Joseph	SMITH	Suzanne	1938	9345	Place-26
SMITH	Joseph	SMITH	Suzanne	1938	11945	Place-1
SMITH	Jim	SMITH	Sheila	1938	8701	Place-8
SMITH	James	SMITH	Sharon	1938	9615	Place-19
SMITH	Jim	SMITH	Sharon	1938	10778	Place-22
SMITH	Shawn	SMITH	Briony	1938	11738	Place-21
SMITH	Jim	SMITH	Suzanne	1938	8282	Place-13
SMITH	Paulo	SMITH	Briony	1938	9878	Place-7
SMITH	Jenkins	SMITH	Sarah	1938	9054	Place-24
SMITH	Paulo	SMITH	Briony	1938	9423	Place-5
SMITH	Shawn	SMITH	Sheila	1938	8211	Place-27
SMITH	Shawn	SMITH	Susan	1938	7044	Place-3
SMITH	Jacob	SMITH	Briony	1938	10007	Place-24
SMITH	James	SMITH	Selina	1938	10698	Place-23
SMITH	Jacob	SMITH	Selina	1938	11183	Place-16
SMITH	Jim	SMITH	Seonaid	1938	11616	Place-28
SMITH	Bob	SMITH	Susan	1938	12263	Place-23
SMITH	Paulo	SMITH	Selina	1939	10234	Place-18
SMITH	Jacob	SMITH	Seonaid	1939	9347	Place-15
SMITH	James	SMITH	Seonaid	1939	9525	Place-23
SMITH	James	SMITH	Susan	1939	12306	Place-2
SMITH	Jenkins	SMITH	Selina	1939	11766	Place-23
SMITH	James	SMITH	Selina	1939	9296	Place-5
SMITH	James	SMITH	Susan	1939	7082	Place-21
SMITH	Joseph	SMITH	Sharon	1939	12012	Place-20
SMITH	Jenkins	SMITH	Briony	1939	11541	Place-28
SMITH	Jenkins	SMITH	Seonaid	1939	11588	Place-8
SMITH	Jim	SMITH	Sarah	1939	8994	Place-20
SMITH	James	SMITH	Sheila	1939	12122	Place-20
SMITH	Jacob	SMITH	Suzanne	1939	6557	Place-7
SMITH	Paulo	SMITH	Sarah	1939	7899	Place-13
SMITH	Jim	SMITH	Seonaid	1939	7734	Place-27
SMITH	Jenkins	SMITH	Selina	1939	10578	Place-15
SMITH	James	SMITH	Suzanne	1939	11531	Place-2
SMITH	Jenkins	SMITH	Sarah	1939	11567	Place-12
SMITH	James	SMITH	Briony	1939	11775	Place-17
SMITH	Joseph	SMITH	Briony	1939	11951	Place-23
SMITH	Jacob	SMITH	Sheila	1939	11581	Place-10
SMITH	Jacob	SMITH	Susan	1939	7377	Place-24
SMITH	Jim	SMITH	Selina	1939	9750	Place-28
SMITH	Joseph	SMITH	Suzanne	1939	10256	Place-5
SMITH	Jim	SMITH	Sheila	1939	9629	Place-19
SMITH	Jim	SMITH	Sheila	1939	6766	Place-20
SMITH	Jacob	SMITH	Selina	1939	10264	Place-1
SMITH	Jim	SMITH	Briony	1939	7784	Place-1
SMITH	Jacob	SMITH	Sheila	1939	8440	Place-18
SMITH	Jenkins	SMITH	Seonaid	1939	9134	Place-17
SMITH	Paulo	SMITH	Selina	1939	7737	Place-5
SMITH	Bob	SMITH	Susan	1939	8213	Place-26
SMITH	Jacob	SMITH	Sharon	1939	9625	Place-0
SMITH	Paulo	SMITH	Selina	1939	9980	Place-0
SMITH	Jenkins	SMITH	Sarah	1939	10055	Place-5
SMITH	Paulo	SMITH	Briony	1939	10099	Place-1
SMITH	Paulo	SMITH	Sharon	1939	10944	Place-1
SMITH	Shawn	SMITH	Sheila	1939	11756	Place-22
SMITH	Shawn	SMITH	Sharon	1939	11770	Place-23
SMITH	Jacob	SMITH	Sarah	1939	11803	Place-18
SMITH	Shawn	SMITH	Briony	1939	12046	Place-14
SMITH	Bob	SMITH	Selina	1939	12286	Place-16
SMITH	Shawn	SMITH	Selina	1939	12460	Place-24
SMITH	James	SMITH	Sarah	1940	9769	Place-8
SMITH	James	SMITH	Sarah	1940	12048	Place-26
SMITH	Jenkins	SMITH	Selina	1940	11067	Place-8
SMITH	Jim	SMITH	Selina	1940	10487	Place-17
SMITH	Shawn	SMITH	Sheila	1940	12460	Place-11
SMITH	Jim	SMITH	Sarah	1940	12559	Place-8
SMITH	Paulo	SMITH	Sharon	1940	10234	Place-18
SMITH	Bob	SMITH	Briony	1940	8158	Place-7
SMITH	James	SMITH	Sarah	1940	11546	Place-2
SMITH	Paulo	SMITH	Sheila	1940	11987	Place-4
SMITH	Bob	SMITH	Briony	1940	12662	Place-24
SMITH	James	SMITH	Sheila	1940	12777	Place-21
SMITH	Bob	SMITH	Sarah	1940	7045	Place-13
SMITH	Shawn	SMITH	Suzanne	1940	12677	Place-13
SMITH	Jenkins	SMITH	Sheila	1940	11375	Place-25
SMITH	Jacob	SMITH	Seonaid	1940	8408	Place-18
SMITH	Bob	SMITH	Selina	1940	10890	Place-1
SMITH	Jim	SMITH	Briony	1940	11472	Place-13
SMITH	James	SMITH	Susan	1940	7580	Place-17
SMITH	Paulo	SMITH	Seonaid	1940	12011	Place-12
SMITH	James	SMITH	Briony	1940	9265	Place-29
SMITH	Jim	SMITH	Susan	1940	9861	Place-23
SMITH	Joseph	SMITH	Briony	1940	11245	Place-19
SMITH	Jacob	SMITH	Sarah	1940	6684	Place-8
SMITH	Bob	SMITH	Seonaid	1940	10805	Place-3
SMITH	Jacob	SMITH	Seonaid	1940	10273	Place-7
SMITH	Jim	SMITH	Suzanne	1940	7659	Place-2
SMITH	Joseph	SMITH	Susan	1940	12564	Place-11
SMITH	Jim	SMITH	Sarah	1940	10806	Place-17
SMITH	Jacob	SMITH	Briony	1940	7930	Place-19
SMITH	Jacob	SMITH	Suzanne	1940	7363	Place-19
SMITH	Shawn	SMITH	Sheila	1940	11734	Place-26
SMITH	Jenkins	SMITH	Briony	1940	11958	Place-29
SMITH	Jim	SMITH	Seonaid	1940	12102	Place-2
SMITH	Paulo	SMITH	Seonaid	1940	12681	Place-4
SMITH	Paulo	SMITH	Sheila	1941	11404	Place-0
SMITH	Paulo	SMITH	Selina	1941	12346	Place-22
SMITH	Joseph	SMITH	Susan	1941	10478	Place-28
SMITH	Shawn	SMITH	Seonaid	1941	7379	Place-23
SMITH	Jacob	SMITH	Seonaid	1941	12770	Place-1
SMITH	Jacob	SMITH	Suzanne	1941	10227	Place-13
SMITH	Joseph	SMITH	Susan	1941	11899	Place-2
SMITH	Jim	SMITH	Seonaid	1941	8282	Place-16
SMITH	Joseph	SMITH	Seonaid	1941	10369	Place-24
SMITH	Jenkins	SMITH	Susan	1941	8286	Place-28
SMITH	Joseph	SMITH	Suzanne	1941	8681	Place-21
SMITH	Bob	SMITH	Sarah	1941	8158	Place-7
SMITH	Joseph	SMITH	Sarah	1941	12287	Place-29
SMITH	Bob	SMITH	Sharon	1941	8395	Place-20
SMITH	Jenkins	SMITH	Sarah	1941	11541	Place-28
SMITH	Joseph	SMITH	Seonaid	1941	11075	Place-0
SMITH	James	SMITH	Briony	1941	9960	Place-26
SMITH	Jenkins	SMITH	Sheila	1941	9432	Place-13
SMITH	Jenkins	SMITH	Briony	1941	9785	Place-15
SMITH	Jacob	SMITH	Suzanne	1941	8710	Place-27
SMITH	Joseph	SMITH	Sarah	1941	9329	Place-16
SMITH	Joseph	SMITH	Selina	1941	8442	Place-12
SMITH	Joseph	SMITH	Susan	1941	10812	Place-7
SMITH	Jacob	SMITH	Sheila	1941	10376	Place-21
SMITH	Jim	SMITH	Susan	1941	9793	Place-15
SMITH	Shawn	SMITH	Suzanne	1941	10237	Place-7
SMITH	Jim	SMITH	Selina	1941	7659	Place-2
SMITH	Jacob	SMITH	Sarah	1941	9139	Place-0
SMITH	Paulo	SMITH	Suzanne	1941	9878	Place-7
SMITH	Jim	SMITH	Seonaid	1941	7383	Place-15
SMITH	Shawn	SMITH	Sheila	1941	9425	Place-7
SMITH	Jim	SMITH	Sheila	1941	9716	Place-11
SMITH	Jenkins	SMITH	Sharon	1941	9134	Place-17
SMITH	Paulo	SMITH	Sarah	1941	7737	Place-5
SMITH	Jenkins	SMITH	Susan	1941	6962	Place-3
SMITH	Joseph	SMITH	Briony	1941	10101	Place-8
SMITH	Jim	SMITH	Suzanne	1941	10251	Place-16
SMITH	Jim	SMITH	Briony	1941	12665	Place-10
SMITH	Paulo	SMITH	Susan	1942	12154	Place-20
SMITH	Shawn	SMITH	Sarah	1942	11203	Place-26
SMITH	Jacob	SMITH	Sharon	1942	10095	Place-9
SMITH	Jenkins	SMITH	Seonaid	1942	12986	Place-27
SMITH	Jacob	SMITH	Suzanne	1942	10015	Place-11
SMITH	Jacob	SMITH	Sheila	1942	7355	Place-19
SMITH	James	SMITH	Selina	1942	7385	Place-0
SMITH	Shawn	SMITH	Suzanne	1942	12677	Place-13
SMITH	Bob	SMITH	Sharon	1942	8553	Place-17
SMITH	Bob	SMITH	Suzanne	1942	8395	Place-20
SMITH	Shawn	SMITH	Briony	1942	7999	Place-27
SMITH	Joseph	SMITH	Sharon	1942	11464	Place-5
SMITH	Joseph	SMITH	Selina	1942	11338	Place-7
SMITH	Shawn	SMITH	Selina	1942	9151	Place-2
SMITH	James	SMITH	Briony	1942	10945	Place-5
SMITH	Jacob	SMITH	Sharon	1942	8364	Place-0
SMITH	Bob	SMITH	Susan	1942	7975	Place-12
SMITH	Shawn	SMITH	Briony	1942	9055	Place-3
SMITH	Jacob	SMITH	Briony	1942	8232	Place-28
SMITH	Bob	SMITH	Suzanne	1942	12552	Place-6
SMITH	James	SMITH	Sheila	1942	13109	Place-18
SMITH	Jacob	SMITH	Sheila	1942	11297	Place-24
SMITH	Shawn	SMITH	Sarah	1942	9425	Place-7
SMITH	Jenkins	SMITH	Briony	1942	9134	Place-17
SMITH	Shawn	SMITH	Suzanne	1942	9195	Place-21
SMITH	Paulo	SMITH	Sheila	1942	9472	Place-0
SMITH	Joseph	SMITH	Sheila	1942	10700	Place-7
SMITH	Paulo	SMITH	Sharon	1942	11177	Place-21
SMITH	Jim	SMITH	Sharon	1942	11525	Place-23
SMITH	Joseph	SMITH	Susan	1942	11535	Place-13
SMITH	James	SMITH	Selina	1942	11894	Place-21
SMITH	Jenkins	SMITH	Susan	1942	12214	Place-28
SMITH	Joseph	SMITH	Suzanne	1942	12712	Place-15
SMITH	Jenkins	SMITH	Sharon	1942	12744	Place-27
SMITH	Joseph	SMITH	Sarah	1943	10439	Place-6
SMITH	Shawn	SMITH	Briony	1943	8888	Place-9
SMITH	Joseph	SMITH	Seonaid	1943	9199	Place-28
SMITH	Shawn	SMITH	Susan	1943	12733	Place-16
SMITH	Jim	SMITH	Selina	1943	13083	Place-13
SMITH	Jim	SMITH	Sharon	1943	9436	Place-23
SMITH	James	SMITH	Sarah	1943	7982	Place-21
SMITH	Bob	SMITH	Susan	1943	7677	Place-19
SMITH	Joseph	SMITH	Sheila	1943	13126	Place-29
SMITH	Jacob	SMITH	Sarah	1943	10048	Place-26
SMITH	Bob	SMITH	Suzanne	1943	10564	Place-1
SMITH	Paulo	SMITH	Suzanne	1943	11244	Place-23
SMITH	Jenkins	SMITH	Seonaid	1943	12324	Place-2
SMITH	Jacob	SMITH	Selina	1943	11860	Place-19
SMITH	Paulo	SMITH	Sharon	1943	7732	Place-8
SMITH	Paulo	SMITH	Briony	1943	10316	Place-0
SMITH	Jenkins	SMITH	Sheila	1943	11636	Place-4
SMITH	Jacob	SMITH	Selina	1943	12470	Place-6
SMITH	Shawn	SMITH	Suzanne	1943	7999	Place-27
SMITH	Paulo	SMITH	Selina	1943	12446	Place-9
SMITH	Jenkins	SMITH	Sharon	1943	9353	Place-2
SMITH	Jim	SMITH	Selina	1943	9750	Place-28
SMITH	Paulo	SMITH	Susan	1943	10358	Place-9
SMITH	Jacob	SMITH	Suzanne	1943	10441	Place-20
SMITH	Shawn	SMITH	Selina	1943	13039	Place-6
SMITH	Shawn	SMITH	Suzanne	1943	9255	Place-17
SMITH	Jenkins	SMITH	Susan	1943	10255	Place-28
SMITH	Jim	SMITH	Susan	1943	10514	Place-3
SMITH	Paulo	SMITH	Briony	1943	10576	Place-23
SMITH	Jim	SMITH	Sheila	1943	11616	Place-28
SMITH	Paulo	SMITH	Selina	1943	12700	Place-13
SMITH	James	SMITH	Sheila	1943	12841	Place-5
SMITH	Joseph	SMITH	Seonaid	1943	13096	Place-12
SMITH	Jacob	SMITH	Sarah	1943	13112	Place-2
SMITH	Shawn	SMITH	Sharon	1944	13103	Place-9
SMITH	James	SMITH	Sharon	1944	11996	Place-28
SMITH	Jenkins	SMITH	Sheila	1944	11855	Place-28
SMITH	Joseph	SMITH	Sharon	1944	13595	Place-1
SMITH	Jim	SMITH	Sarah	1944	10191	Place-1
SMITH	Joseph	SMITH	Sheila	1944	10101	Place-25
SMITH	Jim	SMITH	Sarah	1944	11525	Place-16
SMITH	Bob	SMITH	Briony	1944	12205	Place-16
SMITH	James	SMITH	Selina	1944	13023	Place-25
SMITH	Paulo	SMITH	Suzanne	1944	10124	Place-28
SMITH	Shawn	SMITH	Sarah	1944	11895	Place-11
SMITH	Paulo	SMITH	Briony	1944	9713	Place-20
SMITH	Joseph	SMITH	Selina	1944	10630	Place-13
SMITH	Bob	SMITH	Briony	1944	8574	Place-11
SMITH	Jim	SMITH	Seonaid	1944	10004	Place-0
SMITH	Joseph	SMITH	Briony	1944	11951	Place-23
SMITH	Jacob	SMITH	Briony	1944	8232	Place-28
SMITH	James	SMITH	Briony	1944	11976	Place-15
SMITH	Jim	SMITH	Sheila	1944	9431	Place-4
SMITH	James	SMITH	Sharon	1944	10932	Place-25
SMITH	Jim	SMITH	Sharon	1944	11253	Place-28
SMITH	Bob	SMITH	Selina	1944	11562	Place-13
SMITH	Shawn	SMITH	Sheila	1944	11756	Place-22
SMITH	James	SMITH	Seonaid	1944	11894	Place-21
SMITH	James	SMITH	Seonaid	1944	11965	Place-8
SMITH	Bob	SMITH	Briony	1944	13178	Place-10
SMITH	Jacob	SMITH	Suzanne	1944	13325	Place-11
SMITH	Paulo	SMITH	Seonaid	1945	13142	Place-24
SMITH	James	SMITH	Sarah	1945	9473	Place-9
SMITH	Joseph	SMITH	Briony	1945	8040	Place-21
SMITH	Jenkins	SMITH	Susan	1945	10524	Place-6
SMITH	Jacob	SMITH	Seonaid	1945	13462	Place-16
SMITH	Paulo	SMITH	Briony	1945	13793	Place-29
SMITH	Jacob	SMITH	Selina	1945	11170	Place-6
SMITH	Bob	SMITH	Suzanne	1945	11111	Place-24
SMITH	Joseph	SMITH	Sharon	1945	13144	Place-15
SMITH	Bob	SMITH	Sharon	1945	8997	Place-15
SMITH	Bob	SMITH	Sharon	1945	10805	Place-29
SMITH	James	SMITH	Briony	1945	13023	Place-25
SMITH	Paulo	SMITH	Briony	1945	13407	Place-27
SMITH	Paulo	SMITH	Sharon	1945	13550	Place-25
SMITH	Joseph	SMITH	Suzanne	1945	8453	Place-13
SMITH	Joseph	SMITH	Briony	1945	8319	Place-5
SMITH	Jim	SMITH	Seonaid	1945	13059	Place-29
SMITH	Jim	SMITH	Susan	1945	11242	Place-14
SMITH	Bob	SMITH	Sharon	1945	13482	Place-28
SMITH	Jenkins	SMITH	Seonaid	1945	8914	Place-13
SMITH	Bob	SMITH	Sheila	1945	12005	Place-2
SMITH	Shawn	SMITH	Seonaid	1945	9482	Place-2
SMITH	Bob	SMITH	Briony	1945	8158	Place-7
SMITH	Jacob	SMITH	Briony	1945	10041	Place-9
SMITH	Jim	SMITH	Sharon	1945	12453	Place-16
SMITH	James	SMITH	Suzanne	1945	12920	Place-28
SMITH	Shawn	SMITH	Selina	1945	7735	Place-4
SMITH	Bob	SMITH	Sarah	1945	9484	Place-28
SMITH	Joseph	SMITH	Seonaid	1945	10630	Place-13
SMITH	Jacob	SMITH	Sharon	1945	10515	Place-1
SMITH	Jenkins	SMITH	Sharon	1945	8015	Place-14
SMITH	Bob	SMITH	Selina	1945	11217	Place-29
SMITH	Joseph	SMITH	Sheila	1945	11951	Place-23
SMITH	Bob	SMITH	Suzanne	1945	8172	Place-21
SMITH	Joseph	SMITH	Briony	1945	10812	Place-7
SMITH	Jenkins	SMITH	Sarah	1945	9610	Place-4
SMITH	Jim	SMITH	Briony	1945	7656	Place-8
SMITH	Jacob	SMITH	Selina	1945	10273	Place-7
SMITH	Jim	SMITH	Selina	1945	9803	Place-6
SMITH	James	SMITH	Seonaid	1945	13109	Place-18
SMITH	Paulo	SMITH	Seonaid	1945	10576	Place-23
SMITH	Jenkins	SMITH	Selina	1945	12165	Place-5
SMITH	James	SMITH	Briony	1945	12274	Place-21
SMITH	Jacob	SMITH	Sharon	1945	12637	Place-24
SMITH	Jenkins	SMITH	Sharon	1945	13602	Place-17
SMITH	Jenkins	SMITH	Susan	1946	9600	Place-16
SMITH	Jacob	SMITH	Selina	1946	12314	Place-22
SMITH	Paulo	SMITH	Susan	1946	11796	Place-18
SMITH	Jacob	SMITH	Sarah	1946	8540	Place-6
SMITH	Bob	SMITH	Sarah	1946	8574	Place-13
SMITH	James	SMITH	Sharon	1946	9769	Place-15
SMITH	Joseph	SMITH	Sheila	1946	13280	Place-25
SMITH	Paulo	SMITH	Sharon	1946	11258	Place-17
SMITH	Joseph	SMITH	Sharon	1946	10887	Place-25
SMITH	Jim	SMITH	Sharon	1946	13314	Place-11
SMITH	Bob	SMITH	Sheila	1946	10649	Place-17
SMITH	Shawn	SMITH	Briony	1946	10690	Place-12
SMITH	Joseph	SMITH	Seonaid	1946	12408	Place-8
SMITH	Paulo	SMITH	Seonaid	1946	10124	Place-28
SMITH	Jim	SMITH	Selina	1946	11424	Place-29
SMITH	Joseph	SMITH	Selina	1946	8039	Place-19
SMITH	Joseph	SMITH	Sharon	1946	6540	Place-6
SMITH	Joseph	SMITH	Selina	1946	7500	Place-3
SMITH	James	SMITH	Seonaid	1946	11011	Place-3
SMITH	Bob	SMITH	Seonaid	1946	11217	Place-29
SMITH	Joseph	SMITH	Sarah	1946	11338	Place-7
SMITH	Jim	SMITH	Sheila	1946	7646	Place-18
SMITH	Joseph	SMITH	Sarah	1946	9329	Place-16
SMITH	James	SMITH	Selina	1946	11976	Place-15
SMITH	Joseph	SMITH	Sheila	1946	11020	Place-0
SMITH	Shawn	SMITH	Briony	1946	10594	Place-19
SMITH	James	SMITH	Sheila	1946	10698	Place-23
SMITH	Jim	SMITH	Sharon	1946	11448	Place-2
SMITH	Jacob	SMITH	Seonaid	1946	12381	Place-5
SMITH	Shawn	SMITH	Sheila	1946	12867	Place-29
SMITH	James	SMITH	Sarah	1946	12952	Place-9
SMITH	Shawn	SMITH	Sharon	1946	13360	Place-17
SMITH	James	SMITH	Sarah	1946	13788	Place-27
SMITH	Jim	SMITH	Seonaid	1946	13801	Place-19
SMITH	Bob	SMITH	Seonaid	1947	12511	Place-2
SMITH	Joseph	SMITH	Selina	1947	8453	Place-6
SMITH	Joseph	SMITH	Sharon	1947	11338	Place-12
SMITH	Bob	SMITH	Sharon	1947	13482	Place-29
SMITH	Jacob	SMITH	Briony	1947	12314	Place-22
SMITH	Paulo	SMITH	Sheila	1947	10099	Place-0
SMITH	Shawn	SMITH	Susan	1947	13315	Place-26
SMITH	Joseph	SMITH	Seonaid	1947	13280	Place-25
SMITH	Joseph	SMITH	Sarah	1947	10439	Place-6
SMITH	Jacob	SMITH	Sharon	1947	11382	Place-28
SMITH	James	SMITH	Sharon	1947	12843	Place-19
SMITH	James	SMITH	Sarah	1947	12376	Place-25
SMITH	James	SMITH	Susan	1947	7982	Place-21
SMITH	James	SMITH	Sharon	1947	8398	Place-3
SMITH	Paulo	SMITH	Sheila	1947	13199	Place-7
SMITH	Joseph	SMITH	Seonaid	1947	13573	Place-4
SMITH	Jacob	SMITH	Sheila	1947	11076	Place-20
SMITH	Shawn	SMITH	Selina	1947	14084	Place-6
SMITH	Joseph	SMITH	Briony	1947	10630	Place-13
SMITH	Jacob	SMITH	Suzanne	1947	9930	Place-11
SMITH	Joseph	SMITH	Seonaid	1947	9888	Place-9
SMITH	Paulo	SMITH	Briony	1947	10595	Place-16
SMITH	Jacob	SMITH	Suzanne	1947	8496	Place-19
SMITH	Paulo	SMITH	Sarah	1947	13389	Place-7
SMITH	Jacob	SMITH	Sharon	1947	13467	Place-6
SMITH	Jenkins	SMITH	Suzanne	1947	13865	Place-18
SMITH	Shawn	SMITH	Selina	1947	13995	Place-23
SMITH	Jacob	SMITH	Suzanne	1947	14118	Place-9
SMITH	James	SMITH	Sheila	1948	11996	Place-10
SMITH	Jacob	SMITH	Sheila	1948	8578	Place-23
SMITH	Bob	SMITH	Sharon	1948	14270	Place-3
SMITH	Shawn	SMITH	Susan	1948	13290	Place-14
SMITH	James	SMITH	Susan	1948	8472	Place-6
SMITH	Jenkins	SMITH	Selina	1948	11067	Place-8
SMITH	Jim	SMITH	Sheila	1948	10778	Place-18
SMITH	Joseph	SMITH	Sheila	1948	10889	Place-5
SMITH	Bob	SMITH	Briony	1948	13591	Place-1
SMITH	Shawn	SMITH	Sheila	1948	7798	Place-1
SMITH	Joseph	SMITH	Briony	1948	11812	Place-0
SMITH	Shawn	SMITH	Sharon	1948	9152	Place-9
SMITH	Jacob	SMITH	Sarah	1948	10272	Place-23
SMITH	Shawn	SMITH	Sarah	1948	10237	Place-13
SMITH	Paulo	SMITH	Sheila	1948	11819	Place-11
SMITH	Jim	SMITH	Sharon	1948	13194	Place-29
SMITH	Jacob	SMITH	Selina	1948	13558	Place-19
SMITH	Bob	SMITH	Briony	1948	11222	Place-23
SMITH	Joseph	SMITH	Selina	1948	11535	Place-8
SMITH	Joseph	SMITH	Sharon	1948	11937	Place-3
SMITH	Jacob	SMITH	Susan	1948	11949	Place-22
SMITH	James	SMITH	Seonaid	1948	10945	Place-15
SMITH	Shawn	SMITH	Susan	1948	10297	Place-10
SMITH	Bob	SMITH	Sheila	1948	12474	Place-21
SMITH	Shawn	SMITH	Seonaid	1948	13379	Place-9
SMITH	Joseph	SMITH	Susan	1948	11897	Place-11
SMITH	Paulo	SMITH	Sharon	1948	12693	Place-3
SMITH	James	SMITH	Seonaid	1948	9519	Place-23
SMITH	Joseph	SMITH	Sarah	1948	9948	Place-22
SMITH	Jim	SMITH	Seonaid	1948	11038	Place-15
SMITH	Jenkins	SMITH	Selina	1948	9317	Place-8
SMITH	Jacob	SMITH	Briony	1948	9856	Place-14
SMITH	James	SMITH	Briony	1948	10471	Place-29
SMITH	Jim	SMITH	Briony	1948	13682	Place-10
SMITH	Paulo	SMITH	Selina	1948	10595	Place-16
SMITH	Jacob	SMITH	Sheila	1948	10273	Place-7
SMITH	Shawn	SMITH	Sarah	1948	9288	Place-27
SMITH	James	SMITH	Sarah	1948	10924	Place-28
SMITH	Jacob	SMITH	Selina	1948	12637	Place-24
SMITH	Shawn	SMITH	Selina	1948	12870	Place-25
SMITH	Shawn	SMITH	Suzanne	1948	12913	Place-29
SMITH	Jim	SMITH	Selina	1948	13170	Place-20
SMITH	Paulo	SMITH	Sheila	1948	13751	Place-11
SMITH	Jacob	SMITH	Sarah	1948	14265	Place-11
SMITH	Jacob	SMITH	Seonaid	1949	13559	Place-25
SMITH	Bob	SMITH	Susan	1949	8406	Place-29
SMITH	Joseph	SMITH	Susan	1949	14212	Place-1
SMITH	James	SMITH	Susan	1949	10832	Place-29
SMITH	Jacob	SMITH	Sheila	1949	13378	Place-25
SMITH	James	SMITH	Suzanne	1949	12887	Place-13
SMITH	Joseph	SMITH	Susan	1949	8293	Place-2
SMITH	Jenkins	SMITH	Briony	1949	11815	Place-3
SMITH	Jacob	SMITH	Selina	1949	12785	Place-18
SMITH	Jenkins	SMITH	Seonaid	1949	11958	Place-18
SMITH	Shawn	SMITH	Seonaid	1949	13402	Place-14
SMITH	Jenkins	SMITH	Sharon	1949	9250	Place-25
SMITH	Jacob	SMITH	Sheila	1949	10264	Place-20
SMITH	Jim	SMITH	Sharon	1949	11523	Place-25
SMITH	Jacob	SMITH	Seonaid	1949	13864	Place-25
SMITH	Shawn	SMITH	Susan	1949	13103	Place-9
SMITH	Joseph	SMITH	Sheila	1949	13144	Place-15
SMITH	Jenkins	SMITH	Seonaid	1949	12467	Place-15
SMITH	Paulo	SMITH	Sharon	1949	12963	Place-28
SMITH	Joseph	SMITH	Susan	1949	10478	Place-28
SMITH	Jenkins	SMITH	Suzanne	1949	10613	Place-4
SMITH	Jim	SMITH	Suzanne	1949	11413	Place-1
SMITH	Paulo	SMITH	Suzanne	1949	12328	Place-25
SMITH	James	SMITH	Suzanne	1949	11546	Place-2
SMITH	Jim	SMITH	Seonaid	1949	11134	Place-9
SMITH	James	SMITH	Briony	1949	9657	Place-18
SMITH	Jacob	SMITH	Sharon	1949	9352	Place-13
SMITH	Jacob	SMITH	Selina	1949	8496	Place-19
SMITH	James	SMITH	Selina	1949	9017	Place-25
SMITH	Shawn	SMITH	Briony	1949	10315	Place-22
SMITH	Bob	SMITH	Sharon	1949	7614	Place-19
SMITH	Jenkins	SMITH	Briony	1949	9134	Place-17
SMITH	James	SMITH	Sharon	1949	8757	Place-15
SMITH	Paulo	SMITH	Sheila	1949	11213	Place-10
SMITH	Jim	SMITH	Sheila	1949	11622	Place-8
SMITH	Bob	SMITH	Selina	1949	13070	Place-27
SMITH	Bob	SMITH	Sarah	1949	14073	Place-0
SMITH	Jim	SMITH	Sharon	1950	10863	Place-25
SMITH	Paulo	SMITH	Sheila	1950	11819	Place-13
SMITH	Jenkins	SMITH	Sharon	1950	13569	Place-9
SMITH	Bob	SMITH	Sharon	1950	12205	Place-24
SMITH	Shawn	SMITH	Selina	1950	9929	Place-4
SMITH	James	SMITH	Sarah	1950	11088	Place-28
SMITH	Jacob	SMITH	Selina	1950	13490	Place-7
SMITH	Shawn	SMITH	Seonaid	1950	9055	Place-15
SMITH	Jacob	SMITH	Suzanne	1950	14364	Place-12
SMITH	James	SMITH	Sheila	1950	12957	Place-13
SMITH	Bob	SMITH	Sharon	1950	8172	Place-2
SMITH	Paulo	SMITH	Selina	1950	12271	Place-15
SMITH	Joseph	SMITH	Sharon	1950	11464	Place-26
SMITH	Jacob	SMITH	Seonaid	1950	11425	Place-28
SMITH	Bob	SMITH	Sharon	1950	12586	Place-19
SMITH	Jim	SMITH	Sarah	1950	9338	Place-13
SMITH	Jim	SMITH	Sheila	1950	13059	Place-13
SMITH	Joseph	SMITH	Susan	1950	11812	Place-0
SMITH	Bob	SMITH	Susan	1950	13332	Place-28
SMITH	Shawn	SMITH	Selina	1950	7465	Place-29
SMITH	James	SMITH	Susan	1950	10945	Place-15
SMITH	Shawn	SMITH	Sharon	1950	10297	Place-10
SMITH	Jim	SMITH	Susan	1950	11347	Place-25
SMITH	Jim	SMITH	Suzanne	1950	8468	Place-22
SMITH	Jenkins	SMITH	Susan	1950	12467	Place-15
SMITH	Bob	SMITH	Briony	1950	13731	Place-12
SMITH	Jim	SMITH	Selina	1950	13314	Place-11
SMITH	Bob	SMITH	Sharon	1950	12474	Place-21
SMITH	Jacob	SMITH	Seonaid	1950	12898	Place-16
SMITH	Paulo	SMITH	Seonaid	1950	11404	Place-0
SMITH	Jim	SMITH	Briony	1950	8761	Place-6
SMITH	Jim	SMITH	Seonaid	1950	12002	Place-1
SMITH	Shawn	SMITH	Sharon	1950	11911	Place-19
SMITH	James	SMITH	Sheila	1950	9380	Place-17
SMITH	Jenkins	SMITH	Selina	1950	12670	Place-16
SMITH	Shawn	SMITH	Sarah	1950	12677	Place-13
SMITH	Jacob	SMITH	Sharon	1950	11032	Place-14
SMITH	Jenkins	SMITH	Susan	1950	10292	Place-9
SMITH	James	SMITH	Selina	1950	11167	Place-21
SMITH	Bob	SMITH	Susan	1950	8740	Place-4
SMITH	Bob	SMITH	Susan	1950	12263	Place-23
SMITH	Shawn	SMITH	Selina	1950	13785	Place-18
SMITH	Jenkins	SMITH	Sheila	1950	13891	Place-4
SMITH	Shawn	SMITH	Sarah	1950	13922	Place-24
SMITH	Shawn	SMITH	Sheila	1950	13995	Place-23
SMITH	Joseph	SMITH	Sharon	1950	14325	Place-11
SMITH	Jacob	SMITH	Sharon	1950	14365	Place-27
SMITH	Jim	SMITH	Seonaid	1950	14426	Place-26
SMITH	Jim	SMITH	Sheila	1950	14542	Place-28
SMITH	Jenkins	SMITH	Suzanne	1950	14569	Place-28
SMITH	James	SMITH	Briony	1951	12538	Place-14
SMITH	Paulo	SMITH	Suzanne	1951	12860	Place-9
SMITH	Bob	SMITH	Susan	1951	12205	Place-24
SMITH	James	SMITH	Selina	1951	9112	Place-26
SMITH	Shawn	SMITH	Selina	1951	13999	Place-16
SMITH	Joseph	SMITH	Sarah	1951	10797	Place-13
SMITH	James	SMITH	Briony	1951	15072	Place-18
SMITH	Jacob	SMITH	Seonaid	1951	9347	Place-13
SMITH	Shawn	SMITH	Susan	1951	12144	Place-15
SMITH	Jenkins	SMITH	Susan	1951	13494	Place-7
SMITH	Joseph	SMITH	Sharon	1951	13144	Place-15
SMITH	Paulo	SMITH	Briony	1951	12346	Place-18
SMITH	Jim	SMITH	Sarah	1951	9793	Place-15
SMITH	Shawn	SMITH	Sarah	1951	9195	Place-13
SMITH	Jenkins	SMITH	Susan	1951	12467	Place-15
SMITH	James	SMITH	Suzanne	1951	12583	Place-21
SMITH	James	SMITH	Sarah	1951	12048	Place-26
SMITH	James	SMITH	Sharon	1951	9380	Place-17
SMITH	Paulo	SMITH	Sharon	1951	11938	Place-11
SMITH	Jacob	SMITH	Sarah	1951	11006	Place-6
SMITH	Bob	SMITH	Seonaid	1951	9484	Place-28
SMITH	Jim	SMITH	Suzanne	1951	11940	Place-7
SMITH	Jenkins	SMITH	Sharon	1951	14087	Place-11
SMITH	Paulo	SMITH	Susan	1951	9878	Place-7
SMITH	Jacob	SMITH	Susan	1951	12944	Place-19
SMITH	Jenkins	SMITH	Sharon	1951	13137	Place-21
SMITH	Bob	SMITH	Sheila	1951	13886	Place-23
SMITH	Jim	SMITH	Sharon	1951	14323	Place-0
SMITH	Shawn	SMITH	Briony	1951	14336	Place-0
SMITH	Jacob	SMITH	Susan	1951	14387	Place-11
SMITH	Bob	SMITH	Suzanne	1951	14528	Place-22
SMITH	Joseph	SMITH	Briony	1951	15030	Place-1
SMITH	Jenkins	SMITH	Suzanne	1952	9451	Place-10
SMITH	Joseph	SMITH	Sheila	1952	9792	Place-6
SMITH	Joseph	SMITH	Susan	1952	11813	Place-10
SMITH	Joseph	SMITH	Briony	1952	8899	Place-13
SMITH	Jacob	SMITH	Sheila	1952	13267	Place-11
SMITH	Joseph	SMITH	Suzanne	1952	14998	Place-18
SMITH	Shawn	SMITH	Sarah	1952	12195	Place-28
SMITH	Bob	SMITH	Seonaid	1952	12513	Place-20
SMITH	Jacob	SMITH	Sarah	1952	15067	Place-1
SMITH	Joseph	SMITH	Selina	1952	11293	Place-29
SMITH	Joseph	SMITH	Seonaid	1952	11837	Place-23
SMITH	Shawn	SMITH	Suzanne	1952	9055	Place-15
SMITH	Bob	SMITH	Sheila	1952	14312	Place-29
SMITH	Joseph	SMITH	Sarah	1952	15073	Place-8
SMITH	James	SMITH	Sheila	1952	11926	Place-16
SMITH	Bob	SMITH	Sarah	1952	14749	Place-26
SMITH	Joseph	SMITH	Susan	1952	13390	Place-10
SMITH	James	SMITH	Susan	1952	12306	Place-9
SMITH	Bob	SMITH	Suzanne	1952	13093	Place-19
SMITH	Jacob	SMITH	Suzanne	1952	11581	Place-20
SMITH	Shawn	SMITH	Sarah	1952	12046	Place-1
SMITH	Bob	SMITH	Sarah	1952	9650	Place-12
SMITH	Jim	SMITH	Sheila	1952	9750	Place-15
SMITH	Jacob	SMITH	Sheila	1952	12579	Place-21
SMITH	Jim	SMITH	Sharon	1952	10191	Place-1
SMITH	Joseph	SMITH	Sarah	1952	9595	Place-10
SMITH	Joseph	SMITH	Susan	1952	10101	Place-25
SMITH	Shawn	SMITH	Suzanne	1952	13287	Place-1
SMITH	Joseph	SMITH	Selina	1952	11897	Place-11
SMITH	Bob	SMITH	Sarah	1952	12935	Place-29
SMITH	Jim	SMITH	Seonaid	1952	12665	Place-10
SMITH	Shawn	SMITH	Seonaid	1952	13054	Place-3
SMITH	Jim	SMITH	Seonaid	1952	13170	Place-20
SMITH	Jenkins	SMITH	Suzanne	1952	14385	Place-21
SMITH	Paulo	SMITH	Susan	1952	14397	Place-26
SMITH	James	SMITH	Briony	1952	14499	Place-21
SMITH	Joseph	SMITH	Susan	1952	14539	Place-22
SMITH	Bob	SMITH	Seonaid	1952	14583	Place-12
SMITH	Paulo	SMITH	Suzanne	1952	14721	Place-0
SMITH	Jim	SMITH	Briony	1952	14821	Place-17
SMITH	Bob	SMITH	Suzanne	1952	14857	Place-22
SMITH	Shawn	SMITH	Sheila	1952	15166	Place-8
SMITH	Jacob	SMITH	Suzanne	1952	15335	Place-25
SMITH	Jacob	SMITH	Sarah	1952	15355	Place-20
SMITH	Shawn	SMITH	Briony	1953	11488	Place-19
SMITH	Bob	SMITH	Suzanne	1953	9378	Place-13
SMITH	Paulo	SMITH	Suzanne	1953	9713	Place-2
SMITH	Joseph	SMITH	Suzanne	1953	11298	Place-2
SMITH	Jenkins	SMITH	Suzanne	1953	10654	Place-24
SMITH	Jenkins	SMITH	Briony	1953	14576	Place-17
SMITH	Joseph	SMITH	Sarah	1953	11075	Place-1
SMITH	Shawn	SMITH	Sarah	1953	15532	Place-2
SMITH	Jenkins	SMITH	Sharon	1953	12883	Place-23
SMITH	Jacob	SMITH	Sarah	1953	14586	Place-8
SMITH	Jim	SMITH	Sarah	1953	11806	Place-25
SMITH	Jim	SMITH	Briony	1953	15216	Place-13
SMITH	Joseph	SMITH	Suzanne	1953	15333	Place-26
SMITH	Shawn	SMITH	Suzanne	1953	10236	Place-23
SMITH	James	SMITH	Briony	1953	9769	Place-26
SMITH	Paulo	SMITH	Briony	1953	9980	Place-4
SMITH	Jim	SMITH	Seonaid	1953	12946	Place-24
SMITH	Shawn	SMITH	Sarah	1953	12219	Place-9
SMITH	Jenkins	SMITH	Selina	1953	12744	Place-14
SMITH	Jim	SMITH	Susan	1953	14063	Place-26
SMITH	James	SMITH	Susan	1953	11965	Place-14
SMITH	James	SMITH	Sheila	1953	13291	Place-27
SMITH	Jacob	SMITH	Seonaid	1953	11236	Place-27
SMITH	Jacob	SMITH	Susan	1953	13558	Place-19
SMITH	Joseph	SMITH	Sarah	1953	13974	Place-28
SMITH	Paulo	SMITH	Seonaid	1953	12346	Place-18
SMITH	Jenkins	SMITH	Sarah	1953	11056	Place-11
SMITH	James	SMITH	Susan	1953	12227	Place-5
SMITH	Jenkins	SMITH	Suzanne	1953	11002	Place-10
SMITH	Jim	SMITH	Selina	1953	11038	Place-15
SMITH	Joseph	SMITH	Briony	1953	10630	Place-13
SMITH	Jim	SMITH	Sheila	1953	9126	Place-29
SMITH	Jenkins	SMITH	Sarah	1953	9317	Place-8
SMITH	Jacob	SMITH	Briony	1953	9856	Place-14
SMITH	Joseph	SMITH	Susan	1953	10812	Place-7
SMITH	Jim	SMITH	Briony	1953	14606	Place-22
SMITH	Paulo	SMITH	Sharon	1953	11177	Place-21
SMITH	Jenkins	SMITH	Sheila	1953	13020	Place-18
SMITH	Jim	SMITH	Sheila	1953	13186	Place-21
SMITH	James	SMITH	Susan	1953	14277	Place-3
SMITH	Jim	SMITH	Suzanne	1954	12453	Place-26
SMITH	Joseph	SMITH	Seonaid	1954	13472	Place-13
SMITH	Joseph	SMITH	Seonaid	1954	10556	Place-3
SMITH	James	SMITH	Briony	1954	12964	Place-11
SMITH	Jacob	SMITH	Suzanne	1954	14743	Place-8
SMITH	Jim	SMITH	Sheila	1954	10863	Place-7
SMITH	Jacob	SMITH	Seonaid	1954	12637	Place-11
SMITH	Shawn	SMITH	Susan	1954	14275	Place-18
SMITH	Jim	SMITH	Sheila	1954	13167	Place-29
SMITH	Shawn	SMITH	Sharon	1954	13290	Place-14
SMITH	James	SMITH	Sharon	1954	11894	Place-13
SMITH	Bob	SMITH	Briony	1954	12511	Place-2
SMITH	Joseph	SMITH	Sharon	1954	10879	Place-3
SMITH	Bob	SMITH	Sarah	1954	12367	Place-14
SMITH	Joseph	SMITH	Seonaid	1954	14650	Place-19
SMITH	James	SMITH	Sarah	1954	13136	Place-12
SMITH	Paulo	SMITH	Suzanne	1954	13045	Place-1
SMITH	Joseph	SMITH	Sarah	1954	13543	Place-11
SMITH	Jenkins	SMITH	Sarah	1954	14227	Place-3
SMITH	Jim	SMITH	Briony	1954	13255	Place-17
SMITH	Jenkins	SMITH	Briony	1954	9353	Place-29
SMITH	James	SMITH	Sarah	1954	12889	Place-28
SMITH	Jim	SMITH	Sarah	1954	12977	Place-10
SMITH	Jacob	SMITH	Suzanne	1954	10739	Place-26
SMITH	Jim	SMITH	Suzanne	1954	15438	Place-9
SMITH	Jenkins	SMITH	Selina	1954	14201	Place-11
SMITH	Jacob	SMITH	Sheila	1954	10919	Place-23
SMITH	Jacob	SMITH	Sarah	1954	11853	Place-4
SMITH	Shawn	SMITH	Susan	1954	14942	Place-0
SMITH	Jenkins	SMITH	Sharon	1954	10285	Place-27
SMITH	Jim	SMITH	Sheila	1954	9803	Place-6
SMITH	Jim	SMITH	Susan	1954	11046	Place-10
SMITH	Jacob	SMITH	Selina	1954	9508	Place-14
SMITH	Jenkins	SMITH	Sarah	1954	13691	Place-23
SMITH	Jenkins	SMITH	Selina	1954	13914	Place-20
SMITH	Jacob	SMITH	Sheila	1954	14118	Place-9
SMITH	Joseph	SMITH	Sharon	1954	15160	Place-13
SMITH	Jacob	SMITH	Sharon	1954	15733	Place-26
SMITH	Bob	SMITH	Selina	1955	13370	Place-6
SMITH	Jacob	SMITH	Seonaid	1955	11581	Place-23
SMITH	Bob	SMITH	Selina	1955	13895	Place-3
SMITH	Paulo	SMITH	Seonaid	1955	14551	Place-25
SMITH	Jenkins	SMITH	Seonaid	1955	12997	Place-21
SMITH	Jenkins	SMITH	Sarah	1955	14514	Place-3
SMITH	Joseph	SMITH	Suzanne	1955	10380	Place-25
SMITH	Jenkins	SMITH	Selina	1955	12883	Place-23
SMITH	James	SMITH	Sharon	1955	10916	Place-9
SMITH	Jim	SMITH	Sheila	1955	10653	Place-8
SMITH	Jim	SMITH	Susan	1955	10398	Place-28
SMITH	Jacob	SMITH	Briony	1955	15915	Place-11
SMITH	Jacob	SMITH	Sheila	1955	14364	Place-12
SMITH	Joseph	SMITH	Selina	1955	11919	Place-18
SMITH	Jim	SMITH	Suzanne	1955	13346	Place-24
SMITH	Jacob	SMITH	Sarah	1955	11556	Place-15
SMITH	James	SMITH	Seonaid	1955	8228	Place-29
SMITH	Jim	SMITH	Sheila	1955	8971	Place-15
SMITH	Joseph	SMITH	Sheila	1955	8755	Place-28
SMITH	Bob	SMITH	Sharon	1955	9284	Place-22
SMITH	Paulo	SMITH	Sarah	1955	10572	Place-1
SMITH	Jacob	SMITH	Selina	1955	10041	Place-9
SMITH	Joseph	SMITH	Sharon	1955	9948	Place-22
SMITH	Bob	SMITH	Suzanne	1955	10852	Place-0
SMITH	Shawn	SMITH	Susan	1955	15212	Place-1
SMITH	Bob	SMITH	Briony	1955	12304	Place-12
SMITH	Shawn	SMITH	Suzanne	1955	13673	Place-8
SMITH	Shawn	SMITH	Suzanne	1955	13916	Place-29
SMITH	James	SMITH	Suzanne	1955	14277	Place-3
SMITH	Jacob	SMITH	Suzanne	1955	14488	Place-21
SMITH	Jenkins	SMITH	Briony	1955	14742	Place-13
SMITH	Joseph	SMITH	Sharon	1955	15786	Place-21
SMITH	Shawn	SMITH	Sarah	1955	15826	Place-0
SMITH	James	SMITH	Selina	1955	15961	Place-8
SMITH	Jacob	SMITH	Suzanne	1956	10007	Place-15
SMITH	Jenkins	SMITH	Sarah	1956	13604	Place-9
SMITH	James	SMITH	Suzanne	1956	12563	Place-23
SMITH	Shawn	SMITH	Susan	1956	12760	Place-24
SMITH	Jim	SMITH	Sarah	1956	11806	Place-14
SMITH	Jacob	SMITH	Susan	1956	13559	Place-0
SMITH	Jacob	SMITH	Susan	1956	9930	Place-3
SMITH	Joseph	SMITH	Suzanne	1956	12691	Place-15
SMITH	Paulo	SMITH	Sheila	1956	11244	Place-2
SMITH	Paulo	SMITH	Sarah	1956	13407	Place-5
SMITH	Jacob	SMITH	Sharon	1956	15261	Place-16
SMITH	Bob	SMITH	Sharon	1956	15921	Place-28
SMITH	Joseph	SMITH	Sharon	1956	11338	Place-2
SMITH	James	SMITH	Suzanne	1956	12376	Place-27
SMITH	Jenkins	SMITH	Suzanne	1956	12997	Place-21
SMITH	Paulo	SMITH	Susan	1956	13620	Place-22
SMITH	Joseph	SMITH	Selina	1956	11719	Place-24
SMITH	Joseph	SMITH	Sharon	1956	12443	Place-3
SMITH	Jacob	SMITH	Sharon	1956	15364	Place-9
SMITH	Bob	SMITH	Susan	1956	12300	Place-11
SMITH	Jim	SMITH	Susan	1956	9861	Place-13
SMITH	Shawn	SMITH	Susan	1956	10841	Place-13
SMITH	Shawn	SMITH	Seonaid	1956	13701	Place-5
SMITH	Jacob	SMITH	Sharon	1956	15067	Place-1
SMITH	Jim	SMITH	Selina	1956	13385	Place-29
SMITH	Jim	SMITH	Sharon	1956	13545	Place-13
SMITH	Jacob	SMITH	Sheila	1956	11382	Place-28
SMITH	Jenkins	SMITH	Seonaid	1956	12467	Place-15
SMITH	Paulo	SMITH	Selina	1956	11404	Place-0
SMITH	Jenkins	SMITH	Selina	1956	12986	Place-27
SMITH	Jacob	SMITH	Sarah	1956	11860	Place-19
SMITH	Jenkins	SMITH	Sharon	1956	11636	Place-4
SMITH	Jim	SMITH	Sheila	1956	12665	Place-10
SMITH	Joseph	SMITH	Sarah	1956	12912	Place-0
SMITH	Jacob	SMITH	Susan	1956	13112	Place-2
SMITH	Jenkins	SMITH	Susan	1956	13891	Place-4
SMITH	Shawn	SMITH	Sarah	1956	14395	Place-2
SMITH	Shawn	SMITH	Susan	1956	14735	Place-25
SMITH	James	SMITH	Suzanne	1956	14797	Place-23
SMITH	Shawn	SMITH	Seonaid	1956	15197	Place-0
SMITH	Jim	SMITH	Sheila	1956	15286	Place-1
SMITH	Paulo	SMITH	Selina	1956	15675	Place-24
SMITH	Jacob	SMITH	Sharon	1956	15704	Place-28
SMITH	James	SMITH	Briony	1956	15972	Place-1
SMITH	Paulo	SMITH	Sharon	1956	16367	Place-19
SMITH	Jenkins	SMITH	Sharon	1957	12517	Place-23
SMITH	Bob	SMITH	Selina	1957	13405	Place-24
SMITH	Jenkins	SMITH	Selina	1957	13127	Place-11
SMITH	Joseph	SMITH	Seonaid	1957	9038	Place-22
SMITH	Paulo	SMITH	Sarah	1957	12004	Place-2
SMITH	Jim	SMITH	Sheila	1957	14621	Place-27
SMITH	James	SMITH	Sharon	1957	9519	Place-14
SMITH	Jacob	SMITH	Seonaid	1957	12770	Place-6
SMITH	Shawn	SMITH	Seonaid	1957	11203	Place-14
SMITH	Bob	SMITH	Selina	1957	16183	Place-8
SMITH	Jacob	SMITH	Briony	1957	11297	Place-1
SMITH	Paulo	SMITH	Susan	1957	13407	Place-5
SMITH	Shawn	SMITH	Sheila	1957	16416	Place-8
SMITH	Shawn	SMITH	Sharon	1957	11787	Place-21
SMITH	Jim	SMITH	Seonaid	1957	14522	Place-27
SMITH	Jacob	SMITH	Sheila	1957	14117	Place-28
SMITH	Shawn	SMITH	Selina	1957	14610	Place-16
SMITH	Jenkins	SMITH	Susan	1957	13769	Place-19
SMITH	Jacob	SMITH	Suzanne	1957	14182	Place-15
SMITH	Jenkins	SMITH	Briony	1957	12744	Place-14
SMITH	Jim	SMITH	Briony	1957	9338	Place-13
SMITH	Bob	SMITH	Sharon	1957	11742	Place-11
SMITH	Jim	SMITH	Suzanne	1957	12803	Place-20
SMITH	Shawn	SMITH	Selina	1957	7999	Place-17
SMITH	Jacob	SMITH	Sheila	1957	10318	Place-21
SMITH	Jenkins	SMITH	Briony	1957	11002	Place-10
SMITH	Jacob	SMITH	Suzanne	1957	11032	Place-14
SMITH	Joseph	SMITH	Susan	1957	9557	Place-22
SMITH	Jenkins	SMITH	Selina	1957	11305	Place-27
SMITH	Shawn	SMITH	Sheila	1957	11363	Place-29
SMITH	Jenkins	SMITH	Sheila	1957	9610	Place-4
SMITH	Bob	SMITH	Suzanne	1957	12935	Place-29
SMITH	Jim	SMITH	Suzanne	1957	10875	Place-21
SMITH	Shawn	SMITH	Briony	1957	13360	Place-17
SMITH	Joseph	SMITH	Sarah	1957	14316	Place-18
SMITH	James	SMITH	Sharon	1957	14442	Place-29
SMITH	Paulo	SMITH	Susan	1957	14648	Place-17
SMITH	Jenkins	SMITH	Susan	1957	14742	Place-13
SMITH	Shawn	SMITH	Seonaid	1957	15166	Place-8
SMITH	Jim	SMITH	Sharon	1957	16031	Place-23
SMITH	Jim	SMITH	Sharon	1957	16401	Place-10
SMITH	Joseph	SMITH	Selina	1958	16168	Place-8
SMITH	Jim	SMITH	Selina	1958	10403	Place-27
SMITH	Bob	SMITH	Sharon	1958	13405	Place-24
SMITH	Joseph	SMITH	Susan	1958	16549	Place-29
SMITH	Jenkins	SMITH	Susan	1958	10762	Place-5
SMITH	Shawn	SMITH	Seonaid	1958	14559	Place-9
SMITH	Paulo	SMITH	Seonaid	1958	14814	Place-16
SMITH	Bob	SMITH	Susan	1958	13775	Place-1
SMITH	Bob	SMITH	Briony	1958	15921	Place-28
SMITH	Jim	SMITH	Susan	1958	14542	Place-3
SMITH	Jim	SMITH	Selina	1958	10863	Place-7
SMITH	James	SMITH	Sarah	1958	13581	Place-27
SMITH	Bob	SMITH	Seonaid	1958	15571	Place-2
SMITH	Jacob	SMITH	Selina	1958	12637	Place-11
SMITH	Paulo	SMITH	Sheila	1958	14200	Place-14
SMITH	Joseph	SMITH	Sharon	1958	13573	Place-8
SMITH	Jim	SMITH	Seonaid	1958	10398	Place-28
SMITH	Paulo	SMITH	Susan	1958	16420	Place-3
SMITH	Jim	SMITH	Selina	1958	11763	Place-23
SMITH	Bob	SMITH	Briony	1958	9650	Place-12
SMITH	Shawn	SMITH	Suzanne	1958	11756	Place-6
SMITH	Jenkins	SMITH	Sarah	1958	11220	Place-25
SMITH	Jim	SMITH	Sarah	1958	9559	Place-13
SMITH	Jacob	SMITH	Susan	1958	9912	Place-14
SMITH	James	SMITH	Briony	1958	12401	Place-5
SMITH	James	SMITH	Suzanne	1958	13338	Place-17
SMITH	Jenkins	SMITH	Suzanne	1958	14742	Place-13
SMITH	Paulo	SMITH	Selina	1958	15500	Place-8
SMITH	Jim	SMITH	Seonaid	1958	16031	Place-23
SMITH	Paulo	SMITH	Susan	1958	16366	Place-14
SMITH	Shawn	SMITH	Suzanne	1958	16379	Place-13
SMITH	Bob	SMITH	Sheila	1958	16636	Place-18
SMITH	Paulo	SMITH	Briony	1958	16912	Place-6
SMITH	Joseph	SMITH	Sheila	1958	16936	Place-9
SMITH	Sheila	Someone	Else	1755	159	Place-18
SMITH	Sharon	Someone	Else	1755	308	Place-19
SMITH	Sharon	Someone	Else	1756	261	Place-28
SMITH	Suzanne	Someone	Else	1756	279	Place-13
SMITH	Susan	Someone	Else	1756	338	Place-0
SMITH	Briony	Someone	Else	1757	80	Place-12
SMITH	Sheila	Someone	Else	1757	151	Place-13
SMITH	Sheila	Someone	Else	1758	103	Place-2
SMITH	Susan	Someone	Else	1759	266	Place-5
SMITH	Suzanne	Someone	Else	1760	400	Place-25
SMITH	Briony	Someone	Else	1760	394	Place-0
SMITH	Suzanne	Someone	Else	1760	307	Place-29
SMITH	Briony	Someone	Else	1762	538	Place-20
SMITH	Sarah	Someone	Else	1762	253	Place-9
SMITH	Sharon	Someone	Else	1762	146	Place-12
SMITH	Suzanne	Someone	Else	1763	425	Place-28
SMITH	Susan	Someone	Else	1763	302	Place-20
SMITH	Sarah	Someone	Else	1763	271	Place-29
SMITH	Briony	Someone	Else	1763	321	Place-10
SMITH	Briony	Someone	Else	1763	370	Place-9
SMITH	Susan	Someone	Else	1764	586	Place-4
SMITH	Selina	Someone	Else	1764	587	Place-22
SMITH	Susan	Someone	Else	1764	379	Place-29
SMITH	Sarah	Someone	Else	1765	617	Place-6
SMITH	Sharon	Someone	Else	1765	558	Place-20
SMITH	Briony	Someone	Else	1765	15	Place-27
SMITH	Briony	Someone	Else	1765	57	Place-10
SMITH	Suzanne	Someone	Else	1765	49	Place-10
SMITH	Sharon	Someone	Else	1765	367	Place-27
SMITH	Susan	Someone	Else	1766	100	Place-22
SMITH	Selina	Someone	Else	1766	620	Place-9
SMITH	Sheila	Someone	Else	1766	21	Place-29
SMITH	Sarah	Someone	Else	1767	535	Place-26
SMITH	Sheila	Someone	Else	1770	190	Place-1
SMITH	Suzanne	Someone	Else	1770	357	Place-8
SMITH	Seonaid	Someone	Else	1771	345	Place-25
SMITH	Seonaid	Someone	Else	1772	744	Place-9
SMITH	Sharon	Someone	Else	1773	106	Place-14
SMITH	Briony	Someone	Else	1773	742	Place-13
SMITH	Suzanne	Someone	Else	1773	39	Place-3
SMITH	Selina	Someone	Else	1773	198	Place-20
SMITH	Sheila	Someone	Else	1774	219	Place-5
SMITH	Suzanne	Someone	Else	1775	43	Place-3
SMITH	Suzanne	Someone	Else	1775	405	Place-24
SMITH	Seonaid	Someone	Else	1776	428	Place-5
SMITH	Sarah	Someone	Else	1777	813	Place-6
SMITH	Suzanne	Someone	Else	1778	35	Place-6
SMITH	Selina	Someone	Else	1779	150	Place-13
SMITH	Suzanne	Someone	Else	1779	173	Place-2
SMITH	Sharon	Someone	Else	1779	40	Place-2
SMITH	Suzanne	Someone	Else	1780	167	Place-16
SMITH	Selina	Someone	Else	1780	779	Place-8
SMITH	Sarah	Someone	Else	1780	422	Place-11
SMITH	Susan	Someone	Else	1781	335	Place-3
SMITH	Susan	Someone	Else	1781	918	Place-16
SMITH	Sarah	Someone	Else	1781	740	Place-23
SMITH	Selina	Someone	Else	1782	553	Place-17
SMITH	Selina	Someone	Else	1782	363	Place-8
SMITH	Susan	Someone	Else	1783	495	Place-16
SMITH	Sharon	Someone	Else	1784	44	Place-0
SMITH	Sheila	Someone	Else	1785	523	Place-7
SMITH	Briony	Someone	Else	1785	469	Place-8
SMITH	Seonaid	Someone	Else	1785	410	Place-21
SMITH	Suzanne	Someone	Else	1785	451	Place-10
SMITH	Sheila	Someone	Else	1786	1000	Place-14
SMITH	Suzanne	Someone	Else	1786	977	Place-15
SMITH	Selina	Someone	Else	1786	847	Place-17
SMITH	Sheila	Someone	Else	1786	646	Place-26
SMITH	Selina	Someone	Else	1786	594	Place-5
SMITH	Sheila	Someone	Else	1787	1056	Place-24
SMITH	Selina	Someone	Else	1787	812	Place-0
SMITH	Briony	Someone	Else	1788	534	Place-14
SMITH	Selina	Someone	Else	1788	1057	Place-27
SMITH	Briony	Someone	Else	1788	597	Place-5
SMITH	Sharon	Someone	Else	1788	191	Place-26
SMITH	Susan	Someone	Else	1788	491	Place-6
SMITH	Briony	Someone	Else	1788	366	Place-20
SMITH	Seonaid	Someone	Else	1788	848	Place-26
SMITH	Sharon	Someone	Else	1788	651	Place-14
SMITH	Briony	Someone	Else	1789	482	Place-21
SMITH	Sheila	Someone	Else	1789	729	Place-29
SMITH	Sheila	Someone	Else	1790	748	Place-13
SMITH	Seonaid	Someone	Else	1790	305	Place-0
SMITH	Sarah	Someone	Else	1790	520	Place-21
SMITH	Suzanne	Someone	Else	1790	996	Place-12
SMITH	Seonaid	Someone	Else	1791	692	Place-27
SMITH	Susan	Someone	Else	1791	543	Place-28
SMITH	Suzanne	Someone	Else	1791	602	Place-25
SMITH	Susan	Someone	Else	1792	412	Place-9
SMITH	Briony	Someone	Else	1792	669	Place-17
SMITH	Selina	Someone	Else	1792	662	Place-3
SMITH	Seonaid	Someone	Else	1792	872	Place-22
SMITH	Selina	Someone	Else	1792	770	Place-26
SMITH	Sheila	Someone	Else	1792	528	Place-9
SMITH	Seonaid	Someone	Else	1793	1016	Place-20
SMITH	Suzanne	Someone	Else	1794	481	Place-27
SMITH	Susan	Someone	Else	1794	1143	Place-28
SMITH	Susan	Someone	Else	1795	682	Place-23
SMITH	Susan	Someone	Else	1795	684	Place-13
SMITH	Seonaid	Someone	Else	1796	1301	Place-24
SMITH	Suzanne	Someone	Else	1796	811	Place-8
SMITH	Suzanne	Someone	Else	1796	678	Place-28
SMITH	Sharon	Someone	Else	1797	1199	Place-14
SMITH	Sharon	Someone	Else	1797	606	Place-0
SMITH	Susan	Someone	Else	1798	1397	Place-20
SMITH	Seonaid	Someone	Else	1798	683	Place-11
SMITH	Sheila	Someone	Else	1798	634	Place-6
SMITH	Susan	Someone	Else	1798	1402	Place-27
SMITH	Sheila	Someone	Else	1798	423	Place-6
SMITH	Seonaid	Someone	Else	1798	542	Place-26
SMITH	Sheila	Someone	Else	1798	809	Place-21
SMITH	Selina	Someone	Else	1798	910	Place-7
SMITH	Briony	Someone	Else	1799	732	Place-1
SMITH	Briony	Someone	Else	1799	791	Place-26
SMITH	Suzanne	Someone	Else	1799	1324	Place-16
SMITH	Sarah	Someone	Else	1799	889	Place-8
SMITH	Selina	Someone	Else	1800	893	Place-15
SMITH	Seonaid	Someone	Else	1801	960	Place-26
SMITH	Sharon	Someone	Else	1801	999	Place-12
SMITH	Suzanne	Someone	Else	1801	604	Place-22
SMITH	Susan	Someone	Else	1801	1268	Place-20
SMITH	Briony	Someone	Else	1802	1457	Place-26
SMITH	Briony	Someone	Else	1802	631	Place-18
SMITH	Selina	Someone	Else	1802	875	Place-9
SMITH	Briony	Someone	Else	1802	989	Place-26
SMITH	Briony	Someone	Else	1803	1145	Place-9
SMITH	Susan	Someone	Else	1803	980	Place-7
SMITH	Briony	Someone	Else	1804	970	Place-14
SMITH	Briony	Someone	Else	1804	935	Place-13
SMITH	Sarah	Someone	Else	1804	1198	Place-29
SMITH	Suzanne	Someone	Else	1804	624	Place-18
SMITH	Briony	Someone	Else	1804	943	Place-0
SMITH	Seonaid	Someone	Else	1804	1323	Place-19
SMITH	Suzanne	Someone	Else	1804	688	Place-28
SMITH	Seonaid	Someone	Else	1804	961	Place-26
SMITH	Suzanne	Someone	Else	1804	1047	Place-5
SMITH	Suzanne	Someone	Else	1805	1026	Place-26
SMITH	Briony	Someone	Else	1805	1601	Place-9
SMITH	Briony	Someone	Else	1805	835	Place-25
SMITH	Susan	Someone	Else	1805	418	Place-16
SMITH	Sharon	Someone	Else	1805	818	Place-23
SMITH	Sharon	Someone	Else	1806	680	Place-18
SMITH	Sharon	Someone	Else	1806	1096	Place-1
SMITH	Selina	Someone	Else	1806	1230	Place-12
SMITH	Selina	Someone	Else	1806	1069	Place-26
SMITH	Sharon	Someone	Else	1807	1510	Place-1
SMITH	Sharon	Someone	Else	1807	1086	Place-21
SMITH	Sarah	Someone	Else	1807	752	Place-18
SMITH	Sheila	Someone	Else	1807	796	Place-28
SMITH	Suzanne	Someone	Else	1808	1426	Place-21
SMITH	Susan	Someone	Else	1808	1159	Place-2
SMITH	Sharon	Someone	Else	1808	1428	Place-18
SMITH	Seonaid	Someone	Else	1808	1483	Place-10
SMITH	Sarah	Someone	Else	1809	1425	Place-29
SMITH	Sharon	Someone	Else	1809	1574	Place-24
SMITH	Seonaid	Someone	Else	1809	1018	Place-19
SMITH	Sarah	Someone	Else	1809	1121	Place-27
SMITH	Susan	Someone	Else	1810	819	Place-23
SMITH	Susan	Someone	Else	1810	1703	Place-25
SMITH	Suzanne	Someone	Else	1810	1575	Place-4
SMITH	Suzanne	Someone	Else	1810	792	Place-24
SMITH	Briony	Someone	Else	1811	1033	Place-15
SMITH	Sarah	Someone	Else	1811	1202	Place-19
SMITH	Selina	Someone	Else	1811	1095	Place-20
SMITH	Sharon	Someone	Else	1813	1094	Place-20
SMITH	Seonaid	Someone	Else	1813	1851	Place-23
SMITH	Sheila	Someone	Else	1813	890	Place-4
SMITH	Suzanne	Someone	Else	1813	924	Place-8
SMITH	Suzanne	Someone	Else	1813	746	Place-26
SMITH	Suzanne	Someone	Else	1813	1075	Place-23
SMITH	Sheila	Someone	Else	1813	1241	Place-4
SMITH	Briony	Someone	Else	1814	722	Place-12
SMITH	Briony	Someone	Else	1814	1537	Place-22
SMITH	Briony	Someone	Else	1815	1980	Place-13
SMITH	Sheila	Someone	Else	1815	1271	Place-18
SMITH	Suzanne	Someone	Else	1815	1901	Place-21
SMITH	Selina	Someone	Else	1815	1229	Place-27
SMITH	Sharon	Someone	Else	1815	1064	Place-25
SMITH	Sheila	Someone	Else	1815	1390	Place-14
SMITH	Sarah	Someone	Else	1816	874	Place-9
SMITH	Sharon	Someone	Else	1816	947	Place-5
SMITH	Suzanne	Someone	Else	1816	1085	Place-5
SMITH	Sheila	Someone	Else	1816	1404	Place-25
SMITH	Susan	Someone	Else	1817	1151	Place-18
SMITH	Selina	Someone	Else	1817	1273	Place-24
SMITH	Sharon	Someone	Else	1817	1326	Place-12
SMITH	Sharon	Someone	Else	1818	2129	Place-1
SMITH	Suzanne	Someone	Else	1818	1113	Place-13
SMITH	Selina	Someone	Else	1818	2037	Place-14
SMITH	Selina	Someone	Else	1818	1603	Place-25
SMITH	Briony	Someone	Else	1818	1982	Place-11
SMITH	Selina	Someone	Else	1818	1291	Place-28
SMITH	Sharon	Someone	Else	1818	731	Place-21
SMITH	Suzanne	Someone	Else	1818	773	Place-20
SMITH	Susan	Someone	Else	1819	1225	Place-7
SMITH	Briony	Someone	Else	1819	1475	Place-21
SMITH	Selina	Someone	Else	1820	1435	Place-29
SMITH	Suzanne	Someone	Else	1820	1297	Place-14
SMITH	Seonaid	Someone	Else	1820	2215	Place-10
SMITH	Sarah	Someone	Else	1820	1169	Place-16
SMITH	Sharon	Someone	Else	1820	2128	Place-24
SMITH	Suzanne	Someone	Else	1820	1458	Place-24
SMITH	Selina	Someone	Else	1820	1741	Place-0
SMITH	Susan	Someone	Else	1820	1372	Place-2
SMITH	Seonaid	Someone	Else	1821	2212	Place-11
SMITH	Selina	Someone	Else	1821	2213	Place-20
SMITH	Susan	Someone	Else	1821	2035	Place-13
SMITH	Suzanne	Someone	Else	1821	1005	Place-18
SMITH	Sharon	Someone	Else	1821	1576	Place-20
SMITH	Seonaid	Someone	Else	1822	1439	Place-19
SMITH	Seonaid	Someone	Else	1822	1102	Place-9
SMITH	Sheila	Someone	Else	1822	824	Place-13
SMITH	Sarah	Someone	Else	1823	1512	Place-26
SMITH	Briony	Someone	Else	1823	1495	Place-28
SMITH	Sharon	Someone	Else	1824	2177	Place-23
SMITH	Sarah	Someone	Else	1824	2330	Place-7
SMITH	Sarah	Someone	Else	1824	1941	Place-2
SMITH	Suzanne	Someone	Else	1824	1595	Place-24
SMITH	Suzanne	Someone	Else	1825	1345	Place-23
SMITH	Susan	Someone	Else	1825	1488	Place-13
SMITH	Sarah	Someone	Else	1825	1519	Place-1
SMITH	Selina	Someone	Else	1825	1645	Place-18
SMITH	Briony	Someone	Else	1825	1690	Place-17
SMITH	Susan	Someone	Else	1825	1031	Place-6
SMITH	Selina	Someone	Else	1826	2455	Place-17
SMITH	Suzanne	Someone	Else	1826	526	Place-12
SMITH	Sarah	Someone	Else	1826	1035	Place-15
SMITH	Selina	Someone	Else	1826	1261	Place-21
SMITH	Sharon	Someone	Else	1826	1509	Place-22
SMITH	Sarah	Someone	Else	1826	1282	Place-10
SMITH	Sarah	Someone	Else	1826	1715	Place-22
SMITH	Susan	Someone	Else	1827	1395	Place-27
SMITH	Seonaid	Someone	Else	1827	1347	Place-25
SMITH	Sharon	Someone	Else	1827	2365	Place-24
SMITH	Susan	Someone	Else	1827	2252	Place-13
SMITH	Briony	Someone	Else	1828	2297	Place-6
SMITH	Sharon	Someone	Else	1828	1745	Place-22
SMITH	Briony	Someone	Else	1828	2333	Place-21
SMITH	Seonaid	Someone	Else	1828	1422	Place-0
SMITH	Sarah	Someone	Else	1828	1565	Place-2
SMITH	Selina	Someone	Else	1828	1627	Place-2
SMITH	Seonaid	Someone	Else	1828	1545	Place-24
SMITH	Briony	Someone	Else	1828	1596	Place-21
SMITH	Sheila	Someone	Else	1829	1518	Place-28
SMITH	Briony	Someone	Else	1829	1665	Place-25
SMITH	Sarah	Someone	Else	1829	1597	Place-12
SMITH	Sarah	Someone	Else	1829	1799	Place-13
SMITH	Suzanne	Someone	Else	1830	2217	Place-11
SMITH	Selina	Someone	Else	1830	2214	Place-24
SMITH	Susan	Someone	Else	1830	1200	Place-0
SMITH	Selina	Someone	Else	1831	1782	Place-12
SMITH	Susan	Someone	Else	1831	2509	Place-0
SMITH	Suzanne	Someone	Else	1831	2174	Place-20
SMITH	Sharon	Someone	Else	1831	2033	Place-8
SMITH	Briony	Someone	Else	1831	1315	Place-14
SMITH	Seonaid	Someone	Else	1831	2650	Place-14
SMITH	Sarah	Someone	Else	1831	2511	Place-28
SMITH	Selina	Someone	Else	1831	2512	Place-28
SMITH	Susan	Someone	Else	1831	1594	Place-1
SMITH	Suzanne	Someone	Else	1831	2296	Place-23
SMITH	Sheila	Someone	Else	1831	2254	Place-13
SMITH	Sharon	Someone	Else	1831	1567	Place-1
SMITH	Sharon	Someone	Else	1831	2125	Place-11
SMITH	Selina	Someone	Else	1831	2034	Place-21
SMITH	Sharon	Someone	Else	1831	1460	Place-11
SMITH	Briony	Someone	Else	1831	1800	Place-26
SMITH	Sharon	Someone	Else	1831	1872	Place-3
SMITH	Sheila	Someone	Else	1831	1928	Place-20
SMITH	Selina	Someone	Else	1832	1706	Place-25
SMITH	Sharon	Someone	Else	1832	1934	Place-6
SMITH	Sarah	Someone	Else	1832	1798	Place-6
SMITH	Suzanne	Someone	Else	1832	1563	Place-28
SMITH	Seonaid	Someone	Else	1832	2566	Place-8
SMITH	Selina	Someone	Else	1832	1664	Place-23
SMITH	Sheila	Someone	Else	1833	2759	Place-25
SMITH	Briony	Someone	Else	1833	2014	Place-29
SMITH	Selina	Someone	Else	1833	1653	Place-26
SMITH	Susan	Someone	Else	1833	1467	Place-27
SMITH	Sarah	Someone	Else	1833	1847	Place-19
SMITH	Sharon	Someone	Else	1834	2853	Place-17
SMITH	Briony	Someone	Else	1834	1859	Place-18
SMITH	Susan	Someone	Else	1834	1709	Place-4
SMITH	Briony	Someone	Else	1834	1899	Place-7
SMITH	Suzanne	Someone	Else	1835	2567	Place-9
SMITH	Briony	Someone	Else	1835	1443	Place-23
SMITH	Susan	Someone	Else	1835	2510	Place-14
SMITH	Sheila	Someone	Else	1835	1556	Place-10
SMITH	Susan	Someone	Else	1836	2454	Place-23
SMITH	Sheila	Someone	Else	1836	1927	Place-10
SMITH	Sheila	Someone	Else	1836	2114	Place-21
SMITH	Seonaid	Someone	Else	1836	2915	Place-17
SMITH	Susan	Someone	Else	1836	2568	Place-9
SMITH	Sheila	Someone	Else	1836	2362	Place-20
SMITH	Sharon	Someone	Else	1836	2012	Place-24
SMITH	Suzanne	Someone	Else	1836	2165	Place-19
SMITH	Suzanne	Someone	Else	1837	1778	Place-28
SMITH	Sharon	Someone	Else	1837	1673	Place-28
SMITH	Briony	Someone	Else	1837	2758	Place-3
SMITH	Susan	Someone	Else	1837	2505	Place-4
SMITH	Susan	Someone	Else	1837	1803	Place-5
SMITH	Sharon	Someone	Else	1837	1987	Place-6
SMITH	Selina	Someone	Else	1837	967	Place-15
SMITH	Seonaid	Someone	Else	1837	2058	Place-17
SMITH	Suzanne	Someone	Else	1838	1797	Place-20
SMITH	Suzanne	Someone	Else	1838	3034	Place-25
SMITH	Briony	Someone	Else	1838	1854	Place-20
SMITH	Seonaid	Someone	Else	1838	2081	Place-24
SMITH	Suzanne	Someone	Else	1838	2363	Place-3
SMITH	Sharon	Someone	Else	1838	1714	Place-21
SMITH	Sarah	Someone	Else	1839	2913	Place-23
SMITH	Seonaid	Someone	Else	1840	1736	Place-26
SMITH	Selina	Someone	Else	1840	1968	Place-11
SMITH	Sharon	Someone	Else	1840	2459	Place-1
SMITH	Selina	Someone	Else	1840	1795	Place-8
SMITH	Sarah	Someone	Else	1840	2110	Place-9
SMITH	Sarah	Someone	Else	1840	2236	Place-27
SMITH	Susan	Someone	Else	1840	2979	Place-9
SMITH	Seonaid	Someone	Else	1840	1995	Place-13
SMITH	Seonaid	Someone	Else	1840	2066	Place-13
SMITH	Suzanne	Someone	Else	1840	1978	Place-25
SMITH	Suzanne	Someone	Else	1840	2564	Place-1
SMITH	Briony	Someone	Else	1840	1167	Place-12
SMITH	Susan	Someone	Else	1840	2456	Place-9
SMITH	Suzanne	Someone	Else	1840	2280	Place-18
SMITH	Suzanne	Someone	Else	1840	2327	Place-7
SMITH	Sheila	Someone	Else	1841	2326	Place-8
SMITH	Sarah	Someone	Else	1841	3228	Place-26
SMITH	Sheila	Someone	Else	1841	2855	Place-17
SMITH	Sheila	Someone	Else	1841	2049	Place-2
SMITH	Susan	Someone	Else	1841	3033	Place-25
SMITH	Sheila	Someone	Else	1841	1920	Place-5
SMITH	Sarah	Someone	Else	1841	2237	Place-9
SMITH	Suzanne	Someone	Else	1842	2322	Place-16
SMITH	Seonaid	Someone	Else	1842	1946	Place-4
SMITH	Sheila	Someone	Else	1842	2376	Place-4
SMITH	Selina	Someone	Else	1842	3171	Place-23
SMITH	Briony	Someone	Else	1842	2703	Place-23
SMITH	Seonaid	Someone	Else	1842	2264	Place-16
SMITH	Susan	Someone	Else	1842	2314	Place-6
SMITH	Sarah	Someone	Else	1843	1747	Place-15
SMITH	Briony	Someone	Else	1843	3347	Place-13
SMITH	Seonaid	Someone	Else	1843	1833	Place-26
SMITH	Sharon	Someone	Else	1843	3290	Place-22
SMITH	Sharon	Someone	Else	1843	1933	Place-19
SMITH	Sarah	Someone	Else	1843	2403	Place-13
SMITH	Briony	Someone	Else	1843	2451	Place-22
SMITH	Seonaid	Someone	Else	1844	2293	Place-26
SMITH	Susan	Someone	Else	1844	2164	Place-7
SMITH	Seonaid	Someone	Else	1844	2366	Place-19
SMITH	Selina	Someone	Else	1844	2371	Place-9
SMITH	Sharon	Someone	Else	1844	3349	Place-9
SMITH	Suzanne	Someone	Else	1844	2907	Place-19
SMITH	Selina	Someone	Else	1844	2118	Place-18
SMITH	Sharon	Someone	Else	1844	2754	Place-27
SMITH	Susan	Someone	Else	1845	3521	Place-27
SMITH	Susan	Someone	Else	1845	3348	Place-1
SMITH	Sheila	Someone	Else	1845	2273	Place-19
SMITH	Sheila	Someone	Else	1845	3463	Place-28
SMITH	Sheila	Someone	Else	1845	1912	Place-22
SMITH	Selina	Someone	Else	1845	3343	Place-8
SMITH	Selina	Someone	Else	1845	3285	Place-4
SMITH	Sarah	Someone	Else	1845	1465	Place-20
SMITH	Sheila	Someone	Else	1845	3170	Place-21
SMITH	Susan	Someone	Else	1845	2569	Place-18
SMITH	Suzanne	Someone	Else	1845	2337	Place-28
SMITH	Selina	Someone	Else	1846	3404	Place-17
SMITH	Sharon	Someone	Else	1846	1592	Place-21
SMITH	Susan	Someone	Else	1846	2078	Place-14
SMITH	Briony	Someone	Else	1846	2521	Place-10
SMITH	Selina	Someone	Else	1846	2549	Place-26
SMITH	Sheila	Someone	Else	1847	1924	Place-6
SMITH	Briony	Someone	Else	1847	2413	Place-18
SMITH	Seonaid	Someone	Else	1847	2499	Place-26
SMITH	Briony	Someone	Else	1847	3172	Place-9
SMITH	Sheila	Someone	Else	1847	1707	Place-27
SMITH	Susan	Someone	Else	1848	2000	Place-15
SMITH	Sharon	Someone	Else	1848	2640	Place-21
SMITH	Susan	Someone	Else	1848	2563	Place-24
SMITH	Selina	Someone	Else	1848	2593	Place-23
SMITH	Sarah	Someone	Else	1848	2697	Place-16
SMITH	Briony	Someone	Else	1849	1696	Place-13
SMITH	Sharon	Someone	Else	1849	2720	Place-24
SMITH	Selina	Someone	Else	1849	3792	Place-18
SMITH	Sarah	Someone	Else	1849	2298	Place-25
SMITH	Sarah	Someone	Else	1849	2648	Place-28
SMITH	Seonaid	Someone	Else	1849	2805	Place-14
SMITH	Briony	Someone	Else	1849	3040	Place-2
SMITH	Sharon	Someone	Else	1849	2453	Place-25
SMITH	Selina	Someone	Else	1849	2178	Place-14
SMITH	Sheila	Someone	Else	1849	2202	Place-28
SMITH	Susan	Someone	Else	1850	3594	Place-17
SMITH	Sarah	Someone	Else	1850	1790	Place-26
SMITH	Selina	Someone	Else	1850	2673	Place-0
SMITH	Susan	Someone	Else	1850	2807	Place-1
SMITH	Sarah	Someone	Else	1850	2361	Place-22
SMITH	Sharon	Someone	Else	1850	2587	Place-23
SMITH	Sheila	Someone	Else	1850	2741	Place-19
SMITH	Suzanne	Someone	Else	1851	3851	Place-27
SMITH	Susan	Someone	Else	1851	2132	Place-2
SMITH	Suzanne	Someone	Else	1851	3852	Place-10
SMITH	Sharon	Someone	Else	1851	2575	Place-8
SMITH	Sharon	Someone	Else	1851	2398	Place-16
SMITH	Selina	Someone	Else	1851	2183	Place-16
SMITH	Sarah	Someone	Else	1851	1990	Place-26
SMITH	Selina	Someone	Else	1851	1584	Place-7
SMITH	Selina	Someone	Else	1851	1777	Place-4
SMITH	Suzanne	Someone	Else	1851	2203	Place-4
SMITH	Seonaid	Someone	Else	1851	1886	Place-22
SMITH	Sharon	Someone	Else	1851	2626	Place-4
SMITH	Selina	Someone	Else	1851	2728	Place-19
SMITH	Suzanne	Someone	Else	1852	2980	Place-5
SMITH	Suzanne	Someone	Else	1852	2334	Place-18
SMITH	Suzanne	Someone	Else	1852	3721	Place-21
SMITH	Sharon	Someone	Else	1852	2550	Place-5
SMITH	Sharon	Someone	Else	1852	2606	Place-23
SMITH	Sharon	Someone	Else	1852	2844	Place-0
SMITH	Sarah	Someone	Else	1853	2927	Place-22
SMITH	Sarah	Someone	Else	1853	3987	Place-7
SMITH	Suzanne	Someone	Else	1853	3917	Place-28
SMITH	Sheila	Someone	Else	1853	2876	Place-0
SMITH	Seonaid	Someone	Else	1853	1977	Place-5
SMITH	Selina	Someone	Else	1854	3911	Place-19
SMITH	Seonaid	Someone	Else	1854	2041	Place-20
SMITH	Sarah	Someone	Else	1854	4047	Place-6
SMITH	Sharon	Someone	Else	1854	2889	Place-25
SMITH	Selina	Someone	Else	1854	2942	Place-10
SMITH	Seonaid	Someone	Else	1854	3650	Place-13
SMITH	Sharon	Someone	Else	1854	2849	Place-20
SMITH	Seonaid	Someone	Else	1854	2320	Place-20
SMITH	Sarah	Someone	Else	1854	2336	Place-4
SMITH	Suzanne	Someone	Else	1855	3985	Place-21
SMITH	Sharon	Someone	Else	1855	2581	Place-1
SMITH	Sharon	Someone	Else	1855	2950	Place-11
SMITH	Briony	Someone	Else	1855	1610	Place-8
SMITH	Sarah	Someone	Else	1855	4115	Place-13
SMITH	Susan	Someone	Else	1855	2870	Place-25
SMITH	Selina	Someone	Else	1855	3585	Place-28
SMITH	Briony	Someone	Else	1855	1875	Place-17
SMITH	Susan	Someone	Else	1856	2522	Place-28
SMITH	Suzanne	Someone	Else	1856	2465	Place-24
SMITH	Briony	Someone	Else	1856	3167	Place-24
SMITH	Sarah	Someone	Else	1856	2369	Place-23
SMITH	Sarah	Someone	Else	1856	1761	Place-13
SMITH	Briony	Someone	Else	1856	2356	Place-9
SMITH	Sarah	Someone	Else	1856	3001	Place-29
SMITH	Briony	Someone	Else	1856	4119	Place-3
SMITH	Susan	Someone	Else	1856	1967	Place-9
SMITH	Suzanne	Someone	Else	1856	2862	Place-17
SMITH	Sarah	Someone	Else	1856	3981	Place-28
SMITH	Sharon	Someone	Else	1856	2846	Place-17
SMITH	Seonaid	Someone	Else	1856	3021	Place-10
SMITH	Selina	Someone	Else	1856	2201	Place-25
SMITH	Seonaid	Someone	Else	1857	4338	Place-20
SMITH	Sharon	Someone	Else	1857	2736	Place-17
SMITH	Sarah	Someone	Else	1857	2351	Place-29
SMITH	Seonaid	Someone	Else	1857	3229	Place-3
SMITH	Seonaid	Someone	Else	1857	3523	Place-22
SMITH	Seonaid	Someone	Else	1857	3135	Place-28
SMITH	Sharon	Someone	Else	1858	4046	Place-14
SMITH	Suzanne	Someone	Else	1858	3099	Place-3
SMITH	Selina	Someone	Else	1858	1821	Place-21
SMITH	Selina	Someone	Else	1858	2773	Place-27
SMITH	Sheila	Someone	Else	1858	2148	Place-0
SMITH	Susan	Someone	Else	1858	3016	Place-27
SMITH	Briony	Someone	Else	1858	3196	Place-21
SMITH	Selina	Someone	Else	1858	3258	Place-25
SMITH	Briony	Someone	Else	1859	2716	Place-13
SMITH	Suzanne	Someone	Else	1859	4489	Place-0
SMITH	Selina	Someone	Else	1859	2548	Place-7
SMITH	Suzanne	Someone	Else	1859	3013	Place-16
SMITH	Sharon	Someone	Else	1859	3147	Place-24
SMITH	Suzanne	Someone	Else	1859	3853	Place-15
SMITH	Seonaid	Someone	Else	1859	3261	Place-6
SMITH	Sheila	Someone	Else	1859	1619	Place-13
SMITH	Selina	Someone	Else	1859	3152	Place-24
SMITH	Suzanne	Someone	Else	1859	3232	Place-11
SMITH	Susan	Someone	Else	1860	3175	Place-12
SMITH	Suzanne	Someone	Else	1860	2560	Place-18
SMITH	Selina	Someone	Else	1860	2895	Place-22
SMITH	Sheila	Someone	Else	1860	3793	Place-0
SMITH	Briony	Someone	Else	1860	4339	Place-16
SMITH	Sheila	Someone	Else	1860	3022	Place-18
SMITH	Suzanne	Someone	Else	1860	2958	Place-24
SMITH	Sarah	Someone	Else	1860	3254	Place-16
SMITH	Selina	Someone	Else	1860	3364	Place-16
SMITH	Seonaid	Someone	Else	1861	2770	Place-24
SMITH	Sarah	Someone	Else	1861	3376	Place-4
SMITH	Sheila	Someone	Else	1861	1855	Place-5
SMITH	Suzanne	Someone	Else	1861	3063	Place-16
SMITH	Sarah	Someone	Else	1861	2572	Place-25
SMITH	Sarah	Someone	Else	1861	3168	Place-12
SMITH	Suzanne	Someone	Else	1861	4118	Place-1
SMITH	Sarah	Someone	Else	1861	3048	Place-4
SMITH	Sheila	Someone	Else	1861	3074	Place-11
SMITH	Susan	Someone	Else	1861	3454	Place-19
SMITH	Seonaid	Someone	Else	1862	3114	Place-17
SMITH	Sarah	Someone	Else	1862	3090	Place-10
SMITH	Seonaid	Someone	Else	1862	3238	Place-25
SMITH	Susan	Someone	Else	1862	2971	Place-12
SMITH	Seonaid	Someone	Else	1862	4490	Place-19
SMITH	Briony	Someone	Else	1862	2303	Place-27
SMITH	Seonaid	Someone	Else	1862	2419	Place-24
SMITH	Briony	Someone	Else	1862	2208	Place-26
SMITH	Suzanne	Someone	Else	1862	2897	Place-5
SMITH	Susan	Someone	Else	1862	3206	Place-10
SMITH	Briony	Someone	Else	1862	3470	Place-22
SMITH	Selina	Someone	Else	1863	2764	Place-26
SMITH	Briony	Someone	Else	1863	4715	Place-8
SMITH	Seonaid	Someone	Else	1863	3194	Place-26
SMITH	Sheila	Someone	Else	1863	3333	Place-17
SMITH	Susan	Someone	Else	1863	4568	Place-15
SMITH	Briony	Someone	Else	1863	2101	Place-16
SMITH	Suzanne	Someone	Else	1863	3225	Place-21
SMITH	Suzanne	Someone	Else	1863	3479	Place-6
SMITH	Susan	Someone	Else	1864	3197	Place-13
SMITH	Suzanne	Someone	Else	1864	4860	Place-1
SMITH	Sarah	Someone	Else	1864	4861	Place-29
SMITH	Selina	Someone	Else	1864	2231	Place-9
SMITH	Seonaid	Someone	Else	1864	4716	Place-6
SMITH	Selina	Someone	Else	1864	2222	Place-10
SMITH	Sharon	Someone	Else	1864	3214	Place-2
SMITH	Susan	Someone	Else	1864	3277	Place-17
SMITH	Seonaid	Someone	Else	1865	3083	Place-17
SMITH	Susan	Someone	Else	1865	4947	Place-13
SMITH	Sarah	Someone	Else	1865	4862	Place-23
SMITH	Briony	Someone	Else	1865	2792	Place-20
SMITH	Susan	Someone	Else	1865	3314	Place-11
SMITH	Sarah	Someone	Else	1865	4044	Place-4
SMITH	Sarah	Someone	Else	1865	4267	Place-15
SMITH	Susan	Someone	Else	1865	2885	Place-20
SMITH	Seonaid	Someone	Else	1865	3552	Place-26
SMITH	Susan	Someone	Else	1866	4639	Place-28
SMITH	Sheila	Someone	Else	1866	1989	Place-25
SMITH	Briony	Someone	Else	1866	5038	Place-5
SMITH	Briony	Someone	Else	1866	3772	Place-19
SMITH	Susan	Someone	Else	1866	3980	Place-1
SMITH	Sarah	Someone	Else	1866	4408	Place-24
SMITH	Suzanne	Someone	Else	1866	2768	Place-10
SMITH	Sheila	Someone	Else	1866	3595	Place-25
SMITH	Sharon	Someone	Else	1866	3539	Place-1
SMITH	Suzanne	Someone	Else	1866	3604	Place-2
SMITH	Susan	Someone	Else	1866	3783	Place-1
SMITH	Seonaid	Someone	Else	1867	2031	Place-12
SMITH	Briony	Someone	Else	1867	1744	Place-18
SMITH	Selina	Someone	Else	1867	3468	Place-10
SMITH	Suzanne	Someone	Else	1867	2195	Place-14
SMITH	Selina	Someone	Else	1867	3384	Place-14
SMITH	Suzanne	Someone	Else	1867	3817	Place-20
SMITH	Sarah	Someone	Else	1868	5112	Place-6
SMITH	Sharon	Someone	Else	1868	3602	Place-13
SMITH	Selina	Someone	Else	1868	2020	Place-14
SMITH	Sheila	Someone	Else	1868	2669	Place-6
SMITH	Sheila	Someone	Else	1868	2270	Place-29
SMITH	Suzanne	Someone	Else	1868	1971	Place-15
SMITH	Seonaid	Someone	Else	1868	3241	Place-22
SMITH	Sarah	Someone	Else	1868	3429	Place-10
SMITH	Briony	Someone	Else	1868	3832	Place-20
SMITH	Sheila	Someone	Else	1868	3864	Place-18
SMITH	Sharon	Someone	Else	1869	3161	Place-21
SMITH	Selina	Someone	Else	1869	2665	Place-8
SMITH	Seonaid	Someone	Else	1869	2442	Place-21
SMITH	Sharon	Someone	Else	1869	4491	Place-7
SMITH	Sarah	Someone	Else	1869	3725	Place-12
SMITH	Sarah	Someone	Else	1869	3597	Place-29
SMITH	Seonaid	Someone	Else	1869	2304	Place-13
SMITH	Seonaid	Someone	Else	1869	3067	Place-20
SMITH	Selina	Someone	Else	1869	3785	Place-15
SMITH	Selina	Someone	Else	1869	3634	Place-6
SMITH	Sheila	Someone	Else	1869	3896	Place-27
SMITH	Seonaid	Someone	Else	1870	3691	Place-24
SMITH	Susan	Someone	Else	1870	3986	Place-13
SMITH	Briony	Someone	Else	1870	3977	Place-9
SMITH	Susan	Someone	Else	1870	5114	Place-17
SMITH	Selina	Someone	Else	1870	2532	Place-11
SMITH	Seonaid	Someone	Else	1870	3564	Place-7
SMITH	Sheila	Someone	Else	1870	4635	Place-20
SMITH	Suzanne	Someone	Else	1870	3017	Place-24
SMITH	Briony	Someone	Else	1870	2152	Place-15
SMITH	Sharon	Someone	Else	1870	2902	Place-15
SMITH	Seonaid	Someone	Else	1870	2873	Place-21
SMITH	Selina	Someone	Else	1870	3856	Place-10
SMITH	Susan	Someone	Else	1870	3997	Place-13
SMITH	Suzanne	Someone	Else	1871	3770	Place-29
SMITH	Briony	Someone	Else	1871	5480	Place-24
SMITH	Selina	Someone	Else	1871	5283	Place-23
SMITH	Seonaid	Someone	Else	1871	2732	Place-27
SMITH	Briony	Someone	Else	1871	2946	Place-19
SMITH	Sheila	Someone	Else	1871	5116	Place-2
SMITH	Susan	Someone	Else	1871	4198	Place-14
SMITH	Sarah	Someone	Else	1871	3276	Place-25
SMITH	Sarah	Someone	Else	1871	3712	Place-23
SMITH	Sharon	Someone	Else	1871	4337	Place-13
SMITH	Selina	Someone	Else	1871	3779	Place-22
SMITH	Selina	Someone	Else	1871	3677	Place-6
SMITH	Susan	Someone	Else	1871	3313	Place-23
SMITH	Sarah	Someone	Else	1871	3937	Place-4
SMITH	Briony	Someone	Else	1872	5290	Place-6
SMITH	Selina	Someone	Else	1872	5108	Place-20
SMITH	Susan	Someone	Else	1872	3788	Place-19
SMITH	Sharon	Someone	Else	1872	5474	Place-23
SMITH	Sarah	Someone	Else	1872	3612	Place-5
SMITH	Selina	Someone	Else	1872	3919	Place-18
SMITH	Sheila	Someone	Else	1872	2414	Place-16
SMITH	Sharon	Someone	Else	1872	3806	Place-20
SMITH	Sheila	Someone	Else	1872	3293	Place-15
SMITH	Sharon	Someone	Else	1872	2086	Place-14
SMITH	Selina	Someone	Else	1872	4075	Place-22
SMITH	Susan	Someone	Else	1873	5381	Place-18
SMITH	Suzanne	Someone	Else	1873	3329	Place-12
SMITH	Sharon	Someone	Else	1873	4200	Place-0
SMITH	Sheila	Someone	Else	1873	5478	Place-24
SMITH	Selina	Someone	Else	1873	4631	Place-19
SMITH	Sharon	Someone	Else	1873	3804	Place-15
SMITH	Seonaid	Someone	Else	1873	4717	Place-6
SMITH	Sheila	Someone	Else	1873	3834	Place-4
SMITH	Susan	Someone	Else	1873	4859	Place-22
SMITH	Sheila	Someone	Else	1873	3528	Place-13
SMITH	Selina	Someone	Else	1873	3745	Place-1
SMITH	Susan	Someone	Else	1873	3823	Place-11
SMITH	Suzanne	Someone	Else	1874	4250	Place-22
SMITH	Susan	Someone	Else	1874	2809	Place-13
SMITH	Briony	Someone	Else	1874	3942	Place-25
SMITH	Sheila	Someone	Else	1874	5658	Place-3
SMITH	Susan	Someone	Else	1874	2544	Place-4
SMITH	Sarah	Someone	Else	1874	5473	Place-23
SMITH	Selina	Someone	Else	1874	4013	Place-12
SMITH	Sarah	Someone	Else	1874	2468	Place-26
SMITH	Selina	Someone	Else	1875	2803	Place-12
SMITH	Sheila	Someone	Else	1875	5861	Place-27
SMITH	Sheila	Someone	Else	1875	2396	Place-25
SMITH	Seonaid	Someone	Else	1875	3661	Place-11
SMITH	Sheila	Someone	Else	1875	4314	Place-15
SMITH	Seonaid	Someone	Else	1875	3837	Place-13
SMITH	Susan	Someone	Else	1875	3752	Place-3
SMITH	Sharon	Someone	Else	1875	3822	Place-20
SMITH	Sheila	Someone	Else	1875	4080	Place-10
SMITH	Briony	Someone	Else	1875	3705	Place-22
SMITH	Sarah	Someone	Else	1875	3921	Place-7
SMITH	Selina	Someone	Else	1875	4488	Place-7
SMITH	Briony	Someone	Else	1875	3231	Place-0
SMITH	Seonaid	Someone	Else	1875	3993	Place-6
SMITH	Sharon	Someone	Else	1875	4376	Place-1
SMITH	Sheila	Someone	Else	1875	4388	Place-18
SMITH	Sharon	Someone	Else	1876	4856	Place-4
SMITH	Suzanne	Someone	Else	1876	3325	Place-28
SMITH	Susan	Someone	Else	1876	4095	Place-14
SMITH	Sharon	Someone	Else	1876	3924	Place-21
SMITH	Seonaid	Someone	Else	1876	5864	Place-2
SMITH	Selina	Someone	Else	1876	5770	Place-3
SMITH	Selina	Someone	Else	1876	4041	Place-26
SMITH	Selina	Someone	Else	1876	4277	Place-7
SMITH	Briony	Someone	Else	1876	5567	Place-23
SMITH	Susan	Someone	Else	1876	5472	Place-8
SMITH	Suzanne	Someone	Else	1876	5036	Place-17
SMITH	Briony	Someone	Else	1876	4407	Place-4
SMITH	Susan	Someone	Else	1876	2869	Place-10
SMITH	Seonaid	Someone	Else	1876	3724	Place-1
SMITH	Selina	Someone	Else	1877	5376	Place-22
SMITH	Selina	Someone	Else	1877	3750	Place-11
SMITH	Suzanne	Someone	Else	1877	5760	Place-13
SMITH	Selina	Someone	Else	1877	5957	Place-2
SMITH	Sheila	Someone	Else	1877	3935	Place-18
SMITH	Suzanne	Someone	Else	1877	4432	Place-2
SMITH	Sarah	Someone	Else	1877	4945	Place-1
SMITH	Briony	Someone	Else	1877	4032	Place-17
SMITH	Selina	Someone	Else	1877	4331	Place-13
SMITH	Sheila	Someone	Else	1877	4528	Place-4
SMITH	Suzanne	Someone	Else	1878	2641	Place-25
SMITH	Selina	Someone	Else	1878	6071	Place-11
SMITH	Sheila	Someone	Else	1878	4493	Place-14
SMITH	Sheila	Someone	Else	1878	4368	Place-21
SMITH	Suzanne	Someone	Else	1878	2878	Place-9
SMITH	Suzanne	Someone	Else	1878	4263	Place-25
SMITH	Sheila	Someone	Else	1878	3134	Place-20
SMITH	Susan	Someone	Else	1878	5659	Place-6
SMITH	Seonaid	Someone	Else	1878	3474	Place-25
SMITH	Sheila	Someone	Else	1878	5375	Place-27
SMITH	Briony	Someone	Else	1878	4356	Place-26
SMITH	Sarah	Someone	Else	1878	4364	Place-13
SMITH	Briony	Someone	Else	1878	4419	Place-26
SMITH	Susan	Someone	Else	1878	4593	Place-25
SMITH	Selina	Someone	Else	1879	3746	Place-19
SMITH	Suzanne	Someone	Else	1879	4460	Place-25
SMITH	Sheila	Someone	Else	1879	5661	Place-0
SMITH	Sharon	Someone	Else	1879	5194	Place-26
SMITH	Briony	Someone	Else	1879	4212	Place-27
SMITH	Sheila	Someone	Else	1879	5026	Place-0
SMITH	Sharon	Someone	Else	1879	4139	Place-6
SMITH	Briony	Someone	Else	1879	4459	Place-16
SMITH	Seonaid	Someone	Else	1880	3814	Place-29
SMITH	Sarah	Someone	Else	1880	6273	Place-17
SMITH	Seonaid	Someone	Else	1880	6167	Place-24
SMITH	Sharon	Someone	Else	1880	4553	Place-2
SMITH	Seonaid	Someone	Else	1880	3183	Place-8
SMITH	Sarah	Someone	Else	1880	4354	Place-14
SMITH	Sarah	Someone	Else	1881	6500	Place-17
SMITH	Seonaid	Someone	Else	1881	3062	Place-16
SMITH	Suzanne	Someone	Else	1881	3061	Place-28
SMITH	Sharon	Someone	Else	1881	4799	Place-13
SMITH	Selina	Someone	Else	1881	4122	Place-17
SMITH	Briony	Someone	Else	1881	4453	Place-8
SMITH	Suzanne	Someone	Else	1881	6397	Place-28
SMITH	Sarah	Someone	Else	1881	6164	Place-28
SMITH	Suzanne	Someone	Else	1881	3812	Place-4
SMITH	Briony	Someone	Else	1881	3239	Place-5
SMITH	Seonaid	Someone	Else	1882	2518	Place-22
SMITH	Briony	Someone	Else	1882	4380	Place-6
SMITH	Suzanne	Someone	Else	1882	4373	Place-23
SMITH	Sarah	Someone	Else	1882	6270	Place-11
SMITH	Susan	Someone	Else	1882	6264	Place-26
SMITH	Seonaid	Someone	Else	1882	4695	Place-19
SMITH	Sheila	Someone	Else	1882	4789	Place-7
SMITH	Sharon	Someone	Else	1882	3064	Place-22
SMITH	Seonaid	Someone	Else	1882	3187	Place-16
SMITH	Susan	Someone	Else	1882	5757	Place-21
SMITH	Selina	Someone	Else	1882	3807	Place-9
SMITH	Seonaid	Someone	Else	1882	3660	Place-3
SMITH	Suzanne	Someone	Else	1882	3548	Place-19
SMITH	Sheila	Someone	Else	1882	4571	Place-28
SMITH	Sharon	Someone	Else	1882	4761	Place-11
SMITH	Seonaid	Someone	Else	1883	4006	Place-26
SMITH	Sharon	Someone	Else	1883	5380	Place-23
SMITH	Seonaid	Someone	Else	1883	4249	Place-24
SMITH	Sheila	Someone	Else	1883	4537	Place-27
SMITH	Briony	Someone	Else	1883	4348	Place-12
SMITH	Sheila	Someone	Else	1883	6159	Place-21
SMITH	Sheila	Someone	Else	1883	5759	Place-7
SMITH	Seonaid	Someone	Else	1883	4943	Place-13
SMITH	Briony	Someone	Else	1883	3213	Place-4
SMITH	Sharon	Someone	Else	1883	4037	Place-7
SMITH	Seonaid	Someone	Else	1883	3505	Place-19
SMITH	Sarah	Someone	Else	1883	5012	Place-4
SMITH	Suzanne	Someone	Else	1883	3169	Place-19
SMITH	Briony	Someone	Else	1883	3907	Place-13
SMITH	Sharon	Someone	Else	1883	4100	Place-27
SMITH	Sharon	Someone	Else	1883	4596	Place-20
SMITH	Sharon	Someone	Else	1883	4654	Place-24
SMITH	Sharon	Someone	Else	1883	4764	Place-13
SMITH	Susan	Someone	Else	1884	3929	Place-21
SMITH	Sheila	Someone	Else	1884	4189	Place-1
SMITH	Sharon	Someone	Else	1884	4536	Place-3
SMITH	Suzanne	Someone	Else	1884	4016	Place-25
SMITH	Sarah	Someone	Else	1884	6732	Place-5
SMITH	Sarah	Someone	Else	1884	6604	Place-7
SMITH	Sharon	Someone	Else	1884	4616	Place-25
SMITH	Sarah	Someone	Else	1884	5027	Place-24
SMITH	Sharon	Someone	Else	1884	4788	Place-25
SMITH	Briony	Someone	Else	1884	5956	Place-2
SMITH	Susan	Someone	Else	1884	4158	Place-6
SMITH	Suzanne	Someone	Else	1884	4906	Place-18
SMITH	Sarah	Someone	Else	1884	5023	Place-9
SMITH	Seonaid	Someone	Else	1885	6826	Place-17
SMITH	Seonaid	Someone	Else	1885	6938	Place-7
SMITH	Seonaid	Someone	Else	1885	6825	Place-21
SMITH	Selina	Someone	Else	1885	4292	Place-1
SMITH	Sarah	Someone	Else	1885	4855	Place-5
SMITH	Seonaid	Someone	Else	1885	6601	Place-2
SMITH	Suzanne	Someone	Else	1885	2904	Place-10
SMITH	Selina	Someone	Else	1885	6391	Place-17
SMITH	Briony	Someone	Else	1885	4264	Place-12
SMITH	Suzanne	Someone	Else	1885	3909	Place-4
SMITH	Sharon	Someone	Else	1885	4575	Place-23
SMITH	Briony	Someone	Else	1885	3751	Place-23
SMITH	Seonaid	Someone	Else	1885	3827	Place-15
SMITH	Sarah	Someone	Else	1885	4350	Place-25
SMITH	Briony	Someone	Else	1885	5009	Place-10
SMITH	Briony	Someone	Else	1885	5105	Place-13
SMITH	Sarah	Someone	Else	1886	5226	Place-12
SMITH	Sarah	Someone	Else	1886	7060	Place-13
SMITH	Suzanne	Someone	Else	1886	4530	Place-21
SMITH	Seonaid	Someone	Else	1886	6945	Place-17
SMITH	Briony	Someone	Else	1886	6605	Place-19
SMITH	Briony	Someone	Else	1886	4957	Place-1
SMITH	Susan	Someone	Else	1886	4506	Place-24
SMITH	Briony	Someone	Else	1886	4953	Place-28
SMITH	Briony	Someone	Else	1886	4395	Place-26
SMITH	Susan	Someone	Else	1886	5766	Place-27
SMITH	Sharon	Someone	Else	1886	5195	Place-8
SMITH	Sheila	Someone	Else	1886	4785	Place-15
SMITH	Sharon	Someone	Else	1886	3132	Place-18
SMITH	Briony	Someone	Else	1886	5255	Place-15
SMITH	Selina	Someone	Else	1887	7193	Place-21
SMITH	Sharon	Someone	Else	1887	7197	Place-28
SMITH	Sheila	Someone	Else	1887	4710	Place-24
SMITH	Sheila	Someone	Else	1887	7057	Place-19
SMITH	Sharon	Someone	Else	1887	4831	Place-24
SMITH	Sharon	Someone	Else	1887	6931	Place-4
SMITH	Seonaid	Someone	Else	1887	6727	Place-2
SMITH	Selina	Someone	Else	1887	4623	Place-25
SMITH	Sheila	Someone	Else	1887	6599	Place-7
SMITH	Susan	Someone	Else	1887	6165	Place-7
SMITH	Seonaid	Someone	Else	1887	5115	Place-29
SMITH	Susan	Someone	Else	1887	5191	Place-15
SMITH	Susan	Someone	Else	1887	4001	Place-29
SMITH	Suzanne	Someone	Else	1887	4289	Place-9
SMITH	Briony	Someone	Else	1887	4686	Place-3
SMITH	Briony	Someone	Else	1887	4728	Place-15
SMITH	Briony	Someone	Else	1887	4979	Place-20
SMITH	Sheila	Someone	Else	1888	4581	Place-7
SMITH	Susan	Someone	Else	1888	6068	Place-7
SMITH	Selina	Someone	Else	1888	4191	Place-6
SMITH	Sheila	Someone	Else	1888	6937	Place-13
SMITH	Selina	Someone	Else	1888	6269	Place-21
SMITH	Briony	Someone	Else	1888	6734	Place-20
SMITH	Sarah	Someone	Else	1888	4866	Place-23
SMITH	Sarah	Someone	Else	1888	5072	Place-9
SMITH	Sarah	Someone	Else	1889	7328	Place-2
SMITH	Briony	Someone	Else	1889	5963	Place-11
SMITH	Susan	Someone	Else	1889	7187	Place-27
SMITH	Suzanne	Someone	Else	1889	4798	Place-18
SMITH	Seonaid	Someone	Else	1889	2985	Place-5
SMITH	Sarah	Someone	Else	1889	6596	Place-26
SMITH	Seonaid	Someone	Else	1889	6389	Place-11
SMITH	Susan	Someone	Else	1889	5190	Place-4
SMITH	Susan	Someone	Else	1889	6060	Place-24
SMITH	Sheila	Someone	Else	1889	5060	Place-14
SMITH	Sharon	Someone	Else	1889	5355	Place-10
SMITH	Suzanne	Someone	Else	1889	5454	Place-0
SMITH	Sarah	Someone	Else	1889	5506	Place-22
SMITH	Sheila	Someone	Else	1890	7563	Place-19
SMITH	Sarah	Someone	Else	1890	7182	Place-10
SMITH	Sharon	Someone	Else	1890	6063	Place-17
SMITH	Suzanne	Someone	Else	1890	3631	Place-8
SMITH	Suzanne	Someone	Else	1890	4961	Place-21
SMITH	Selina	Someone	Else	1891	7701	Place-13
SMITH	Selina	Someone	Else	1891	5868	Place-6
SMITH	Seonaid	Someone	Else	1891	3781	Place-10
SMITH	Susan	Someone	Else	1891	5125	Place-8
SMITH	Sheila	Someone	Else	1891	7439	Place-24
SMITH	Sharon	Someone	Else	1891	6824	Place-14
SMITH	Selina	Someone	Else	1891	6504	Place-2
SMITH	Susan	Someone	Else	1891	4940	Place-17
SMITH	Sheila	Someone	Else	1891	5765	Place-3
SMITH	Sheila	Someone	Else	1891	4751	Place-17
SMITH	Sharon	Someone	Else	1891	4816	Place-20
SMITH	Suzanne	Someone	Else	1891	5235	Place-22
SMITH	Sarah	Someone	Else	1891	5622	Place-15
SMITH	Sharon	Someone	Else	1891	5243	Place-6
SMITH	Suzanne	Someone	Else	1891	4924	Place-6
SMITH	Sharon	Someone	Else	1891	5583	Place-21
SMITH	Susan	Someone	Else	1891	5621	Place-6
SMITH	Sheila	Someone	Else	1891	5634	Place-14
SMITH	Sharon	Someone	Else	1891	5735	Place-24
SMITH	Briony	Someone	Else	1891	5736	Place-20
SMITH	Briony	Someone	Else	1892	4421	Place-27
SMITH	Briony	Someone	Else	1892	3766	Place-6
SMITH	Susan	Someone	Else	1892	4420	Place-20
SMITH	Sharon	Someone	Else	1892	5817	Place-0
SMITH	Sheila	Someone	Else	1892	7695	Place-24
SMITH	Briony	Someone	Else	1892	7569	Place-15
SMITH	Susan	Someone	Else	1892	5441	Place-24
SMITH	Selina	Someone	Else	1892	7186	Place-15
SMITH	Suzanne	Someone	Else	1892	7190	Place-8
SMITH	Selina	Someone	Else	1892	5022	Place-26
SMITH	Briony	Someone	Else	1892	4873	Place-17
SMITH	Suzanne	Someone	Else	1892	4676	Place-7
SMITH	Sarah	Someone	Else	1892	4309	Place-9
SMITH	Sharon	Someone	Else	1892	5505	Place-17
SMITH	Sarah	Someone	Else	1892	5632	Place-23
SMITH	Seonaid	Someone	Else	1893	4214	Place-12
SMITH	Susan	Someone	Else	1893	4647	Place-16
SMITH	Sharon	Someone	Else	1893	7938	Place-20
SMITH	Susan	Someone	Else	1893	4217	Place-8
SMITH	Sheila	Someone	Else	1893	4769	Place-10
SMITH	Sheila	Someone	Else	1893	7069	Place-17
SMITH	Sarah	Someone	Else	1893	6272	Place-28
SMITH	Selina	Someone	Else	1893	7816	Place-16
SMITH	Sarah	Someone	Else	1893	4922	Place-17
SMITH	Seonaid	Someone	Else	1893	5639	Place-25
SMITH	Sarah	Someone	Else	1893	7699	Place-7
SMITH	Briony	Someone	Else	1893	6602	Place-5
SMITH	Suzanne	Someone	Else	1893	4605	Place-23
SMITH	Sheila	Someone	Else	1893	5291	Place-19
SMITH	Sharon	Someone	Else	1893	5327	Place-15
SMITH	Suzanne	Someone	Else	1893	3646	Place-18
SMITH	Sharon	Someone	Else	1893	5571	Place-28
SMITH	Sarah	Someone	Else	1893	5569	Place-26
SMITH	Selina	Someone	Else	1893	4246	Place-28
SMITH	Seonaid	Someone	Else	1893	5207	Place-22
SMITH	Selina	Someone	Else	1893	5640	Place-26
SMITH	Seonaid	Someone	Else	1894	6729	Place-16
SMITH	Susan	Someone	Else	1894	7821	Place-5
SMITH	Seonaid	Someone	Else	1894	4531	Place-10
SMITH	Briony	Someone	Else	1894	7940	Place-18
SMITH	Briony	Someone	Else	1894	7813	Place-10
SMITH	Briony	Someone	Else	1894	7819	Place-1
SMITH	Selina	Someone	Else	1894	5439	Place-3
SMITH	Seonaid	Someone	Else	1894	4629	Place-4
SMITH	Selina	Someone	Else	1894	5965	Place-28
SMITH	Susan	Someone	Else	1894	5953	Place-29
SMITH	Briony	Someone	Else	1894	5853	Place-26
SMITH	Sharon	Someone	Else	1894	7568	Place-13
SMITH	Sharon	Someone	Else	1894	7574	Place-25
SMITH	Selina	Someone	Else	1894	4852	Place-13
SMITH	Seonaid	Someone	Else	1894	6821	Place-28
SMITH	Sarah	Someone	Else	1894	3475	Place-18
SMITH	Seonaid	Someone	Else	1894	5654	Place-6
SMITH	Sarah	Someone	Else	1895	5050	Place-13
SMITH	Sheila	Someone	Else	1895	6095	Place-0
SMITH	Suzanne	Someone	Else	1895	8252	Place-3
SMITH	Sheila	Someone	Else	1895	3839	Place-27
SMITH	Briony	Someone	Else	1895	5411	Place-3
SMITH	Sheila	Someone	Else	1895	4734	Place-6
SMITH	Seonaid	Someone	Else	1895	7949	Place-27
SMITH	Susan	Someone	Else	1895	5997	Place-26
SMITH	Susan	Someone	Else	1895	7331	Place-28
SMITH	Sharon	Someone	Else	1895	3982	Place-9
SMITH	Sheila	Someone	Else	1895	7443	Place-28
SMITH	Susan	Someone	Else	1895	4784	Place-9
SMITH	Briony	Someone	Else	1895	3573	Place-14
SMITH	Sheila	Someone	Else	1895	4384	Place-9
SMITH	Suzanne	Someone	Else	1895	2990	Place-19
SMITH	Selina	Someone	Else	1895	3492	Place-7
SMITH	Suzanne	Someone	Else	1895	4868	Place-3
SMITH	Suzanne	Someone	Else	1895	5559	Place-15
SMITH	Briony	Someone	Else	1895	5717	Place-22
SMITH	Seonaid	Someone	Else	1895	5936	Place-25
SMITH	Sheila	Someone	Else	1895	6077	Place-17
SMITH	Sheila	Someone	Else	1896	4750	Place-26
SMITH	Seonaid	Someone	Else	1896	4166	Place-7
SMITH	Susan	Someone	Else	1896	5694	Place-22
SMITH	Sarah	Someone	Else	1896	8393	Place-14
SMITH	Susan	Someone	Else	1896	5279	Place-19
SMITH	Sharon	Someone	Else	1896	3527	Place-10
SMITH	Selina	Someone	Else	1896	4464	Place-4
SMITH	Sheila	Someone	Else	1896	5637	Place-7
SMITH	Briony	Someone	Else	1896	6213	Place-10
SMITH	Sarah	Someone	Else	1896	8249	Place-29
SMITH	Selina	Someone	Else	1896	4000	Place-13
SMITH	Susan	Someone	Else	1896	5779	Place-11
SMITH	Seonaid	Someone	Else	1896	7942	Place-7
SMITH	Susan	Someone	Else	1896	7327	Place-24
SMITH	Sheila	Someone	Else	1896	7691	Place-12
SMITH	Briony	Someone	Else	1896	3055	Place-11
SMITH	Briony	Someone	Else	1896	5151	Place-1
SMITH	Sharon	Someone	Else	1896	4708	Place-8
SMITH	Selina	Someone	Else	1896	3991	Place-29
SMITH	Selina	Someone	Else	1896	5528	Place-12
SMITH	Suzanne	Someone	Else	1896	5017	Place-28
SMITH	Suzanne	Someone	Else	1896	5709	Place-9
SMITH	Selina	Someone	Else	1896	5787	Place-26
SMITH	Seonaid	Someone	Else	1897	8255	Place-6
SMITH	Suzanne	Someone	Else	1897	8116	Place-12
SMITH	Selina	Someone	Else	1897	4692	Place-23
SMITH	Briony	Someone	Else	1897	5715	Place-2
SMITH	Sheila	Someone	Else	1897	6166	Place-27
SMITH	Seonaid	Someone	Else	1897	5851	Place-22
SMITH	Seonaid	Someone	Else	1897	7812	Place-0
SMITH	Sheila	Someone	Else	1897	4982	Place-4
SMITH	Suzanne	Someone	Else	1897	7180	Place-15
SMITH	Selina	Someone	Else	1897	5708	Place-15
SMITH	Briony	Someone	Else	1897	6598	Place-2
SMITH	Sharon	Someone	Else	1897	6235	Place-1
SMITH	Briony	Someone	Else	1898	8657	Place-27
SMITH	Seonaid	Someone	Else	1898	6370	Place-10
SMITH	Sheila	Someone	Else	1898	8654	Place-23
SMITH	Sarah	Someone	Else	1898	4316	Place-22
SMITH	Sheila	Someone	Else	1898	5356	Place-18
SMITH	Sarah	Someone	Else	1898	4206	Place-11
SMITH	Seonaid	Someone	Else	1898	3265	Place-11
SMITH	Seonaid	Someone	Else	1898	8256	Place-2
SMITH	Sharon	Someone	Else	1898	6139	Place-13
SMITH	Seonaid	Someone	Else	1898	7946	Place-27
SMITH	Sharon	Someone	Else	1898	7184	Place-22
SMITH	Sheila	Someone	Else	1898	4651	Place-4
SMITH	Susan	Someone	Else	1898	4955	Place-1
SMITH	Suzanne	Someone	Else	1898	5438	Place-19
SMITH	Sharon	Someone	Else	1898	4181	Place-23
SMITH	Seonaid	Someone	Else	1898	4763	Place-19
SMITH	Sarah	Someone	Else	1898	5630	Place-22
SMITH	Susan	Someone	Else	1898	5721	Place-22
SMITH	Sarah	Someone	Else	1899	8805	Place-6
SMITH	Sheila	Someone	Else	1899	7935	Place-6
SMITH	Sarah	Someone	Else	1899	6379	Place-14
SMITH	Sheila	Someone	Else	1899	8391	Place-27
SMITH	Seonaid	Someone	Else	1899	5877	Place-7
SMITH	Sharon	Someone	Else	1899	6216	Place-4
SMITH	Selina	Someone	Else	1899	4927	Place-7
SMITH	Suzanne	Someone	Else	1899	4526	Place-10
SMITH	Sheila	Someone	Else	1899	7805	Place-3
SMITH	Selina	Someone	Else	1899	4954	Place-1
SMITH	Suzanne	Someone	Else	1899	7434	Place-9
SMITH	Briony	Someone	Else	1899	4133	Place-25
SMITH	Sarah	Someone	Else	1899	4144	Place-4
SMITH	Briony	Someone	Else	1899	4252	Place-13
SMITH	Suzanne	Someone	Else	1899	5950	Place-2
SMITH	Sarah	Someone	Else	1899	6259	Place-25
SMITH	Susan	Someone	Else	1899	6305	Place-10
SMITH	Seonaid	Someone	Else	1899	6488	Place-25
SMITH	Suzanne	Someone	Else	1899	6562	Place-9
SMITH	Briony	Someone	Else	1900	4454	Place-24
SMITH	Sharon	Someone	Else	1900	6595	Place-15
SMITH	Sheila	Someone	Else	1900	8916	Place-23
SMITH	Selina	Someone	Else	1900	8932	Place-21
SMITH	Sheila	Someone	Else	1900	5422	Place-1
SMITH	Suzanne	Someone	Else	1900	8796	Place-28
SMITH	Sarah	Someone	Else	1900	6266	Place-16
SMITH	Selina	Someone	Else	1900	6113	Place-6
SMITH	Briony	Someone	Else	1900	6583	Place-21
SMITH	Suzanne	Someone	Else	1900	5102	Place-29
SMITH	Suzanne	Someone	Else	1900	7323	Place-1
SMITH	Sharon	Someone	Else	1900	5696	Place-13
SMITH	Seonaid	Someone	Else	1900	5562	Place-12
SMITH	Sheila	Someone	Else	1900	4780	Place-4
SMITH	Sarah	Someone	Else	1900	6723	Place-3
SMITH	Seonaid	Someone	Else	1900	5666	Place-15
SMITH	Suzanne	Someone	Else	1900	5738	Place-25
SMITH	Suzanne	Someone	Else	1901	5465	Place-29
SMITH	Sarah	Someone	Else	1901	7692	Place-5
SMITH	Seonaid	Someone	Else	1901	6421	Place-26
SMITH	Seonaid	Someone	Else	1901	4993	Place-22
SMITH	Seonaid	Someone	Else	1901	5289	Place-20
SMITH	Seonaid	Someone	Else	1901	6698	Place-15
SMITH	Sarah	Someone	Else	1901	8797	Place-0
SMITH	Sarah	Someone	Else	1901	6246	Place-15
SMITH	Briony	Someone	Else	1901	4829	Place-14
SMITH	Sharon	Someone	Else	1901	5382	Place-28
SMITH	Sheila	Someone	Else	1901	8651	Place-22
SMITH	Sheila	Someone	Else	1901	8659	Place-20
SMITH	Sarah	Someone	Else	1901	6011	Place-10
SMITH	Seonaid	Someone	Else	1901	4814	Place-1
SMITH	Sharon	Someone	Else	1901	7936	Place-16
SMITH	Selina	Someone	Else	1901	6133	Place-13
SMITH	Susan	Someone	Else	1901	7576	Place-6
SMITH	Selina	Someone	Else	1901	4846	Place-19
SMITH	Sharon	Someone	Else	1901	6149	Place-4
SMITH	Suzanne	Someone	Else	1901	6775	Place-27
SMITH	Selina	Someone	Else	1902	4522	Place-2
SMITH	Briony	Someone	Else	1902	8119	Place-9
SMITH	Selina	Someone	Else	1902	4361	Place-9
SMITH	Suzanne	Someone	Else	1902	8791	Place-17
SMITH	Sarah	Someone	Else	1902	7559	Place-3
SMITH	Suzanne	Someone	Else	1902	4559	Place-14
SMITH	Suzanne	Someone	Else	1902	3970	Place-19
SMITH	Selina	Someone	Else	1902	8527	Place-22
SMITH	Susan	Someone	Else	1902	6832	Place-1
SMITH	Selina	Someone	Else	1902	6822	Place-6
SMITH	Sarah	Someone	Else	1902	5483	Place-16
SMITH	Selina	Someone	Else	1902	6298	Place-7
SMITH	Susan	Someone	Else	1902	6585	Place-2
SMITH	Susan	Someone	Else	1902	6770	Place-12
SMITH	Sharon	Someone	Else	1902	6779	Place-29
SMITH	Suzanne	Someone	Else	1903	7948	Place-1
SMITH	Sharon	Someone	Else	1903	7059	Place-20
SMITH	Sheila	Someone	Else	1903	6731	Place-23
SMITH	Suzanne	Someone	Else	1903	6618	Place-28
SMITH	Briony	Someone	Else	1903	6193	Place-6
SMITH	Selina	Someone	Else	1903	3692	Place-17
SMITH	Sharon	Someone	Else	1903	6398	Place-21
SMITH	Seonaid	Someone	Else	1903	7196	Place-0
SMITH	Suzanne	Someone	Else	1903	4570	Place-27
SMITH	Sharon	Someone	Else	1903	5999	Place-19
SMITH	Seonaid	Someone	Else	1903	6782	Place-23
SMITH	Sarah	Someone	Else	1903	8799	Place-21
SMITH	Suzanne	Someone	Else	1903	8653	Place-5
SMITH	Sheila	Someone	Else	1903	5153	Place-4
SMITH	Susan	Someone	Else	1903	8519	Place-9
SMITH	Suzanne	Someone	Else	1903	4971	Place-8
SMITH	Briony	Someone	Else	1903	7326	Place-7
SMITH	Sarah	Someone	Else	1903	8112	Place-10
SMITH	Suzanne	Someone	Else	1903	5178	Place-10
SMITH	Briony	Someone	Else	1903	4295	Place-23
SMITH	Selina	Someone	Else	1903	4502	Place-3
SMITH	Seonaid	Someone	Else	1903	5118	Place-15
SMITH	Briony	Someone	Else	1903	6399	Place-3
SMITH	Selina	Someone	Else	1903	6534	Place-25
SMITH	Susan	Someone	Else	1903	6874	Place-7
SMITH	Sarah	Someone	Else	1904	6199	Place-6
SMITH	Sharon	Someone	Else	1904	7330	Place-2
SMITH	Seonaid	Someone	Else	1904	7005	Place-10
SMITH	Selina	Someone	Else	1904	9235	Place-20
SMITH	Susan	Someone	Else	1904	5540	Place-19
SMITH	Seonaid	Someone	Else	1904	5167	Place-13
SMITH	Seonaid	Someone	Else	1904	9096	Place-22
SMITH	Seonaid	Someone	Else	1904	6870	Place-16
SMITH	Susan	Someone	Else	1904	7806	Place-22
SMITH	Susan	Someone	Else	1904	5966	Place-28
SMITH	Selina	Someone	Else	1904	5419	Place-14
SMITH	Seonaid	Someone	Else	1904	6983	Place-11
SMITH	Selina	Someone	Else	1904	4657	Place-27
SMITH	Sharon	Someone	Else	1904	6204	Place-19
SMITH	Susan	Someone	Else	1904	6641	Place-7
SMITH	Sarah	Someone	Else	1904	6644	Place-20
SMITH	Susan	Someone	Else	1904	6961	Place-18
SMITH	Suzanne	Someone	Else	1905	8525	Place-17
SMITH	Susan	Someone	Else	1905	6516	Place-8
SMITH	Seonaid	Someone	Else	1905	7192	Place-10
SMITH	Selina	Someone	Else	1905	8792	Place-25
SMITH	Suzanne	Someone	Else	1905	9404	Place-25
SMITH	Sarah	Someone	Else	1905	9241	Place-4
SMITH	Sarah	Someone	Else	1905	9090	Place-11
SMITH	Suzanne	Someone	Else	1905	5994	Place-3
SMITH	Briony	Someone	Else	1905	6475	Place-15
SMITH	Sarah	Someone	Else	1905	6629	Place-18
SMITH	Sarah	Someone	Else	1905	8933	Place-24
SMITH	Sheila	Someone	Else	1905	7698	Place-4
SMITH	Sarah	Someone	Else	1905	7217	Place-25
SMITH	Selina	Someone	Else	1905	6087	Place-5
SMITH	Selina	Someone	Else	1905	4563	Place-29
SMITH	Susan	Someone	Else	1905	6245	Place-25
SMITH	Sarah	Someone	Else	1905	6323	Place-19
SMITH	Briony	Someone	Else	1905	7111	Place-21
SMITH	Suzanne	Someone	Else	1906	9688	Place-10
SMITH	Selina	Someone	Else	1906	9693	Place-18
SMITH	Sharon	Someone	Else	1906	7085	Place-1
SMITH	Sheila	Someone	Else	1906	9082	Place-13
SMITH	Sarah	Someone	Else	1906	5594	Place-6
SMITH	Susan	Someone	Else	1906	6984	Place-13
SMITH	Seonaid	Someone	Else	1906	9399	Place-12
SMITH	Briony	Someone	Else	1906	8388	Place-19
SMITH	Briony	Someone	Else	1906	7811	Place-22
SMITH	Sheila	Someone	Else	1906	6252	Place-15
SMITH	Sharon	Someone	Else	1906	9528	Place-19
SMITH	Seonaid	Someone	Else	1906	9539	Place-10
SMITH	Sheila	Someone	Else	1906	6043	Place-0
SMITH	Selina	Someone	Else	1906	9085	Place-23
SMITH	Sheila	Someone	Else	1906	9244	Place-6
SMITH	Sheila	Someone	Else	1906	9080	Place-1
SMITH	Selina	Someone	Else	1906	6463	Place-18
SMITH	Suzanne	Someone	Else	1906	6716	Place-28
SMITH	Briony	Someone	Else	1906	5174	Place-20
SMITH	Briony	Someone	Else	1906	5974	Place-3
SMITH	Sharon	Someone	Else	1906	8389	Place-9
SMITH	Sarah	Someone	Else	1906	5591	Place-24
SMITH	Sarah	Someone	Else	1906	6347	Place-4
SMITH	Briony	Someone	Else	1907	6714	Place-15
SMITH	Briony	Someone	Else	1907	10020	Place-6
SMITH	Seonaid	Someone	Else	1907	9542	Place-10
SMITH	Selina	Someone	Else	1907	6392	Place-22
SMITH	Susan	Someone	Else	1907	5748	Place-16
SMITH	Susan	Someone	Else	1907	9848	Place-20
SMITH	Seonaid	Someone	Else	1907	9851	Place-6
SMITH	Seonaid	Someone	Else	1907	8798	Place-17
SMITH	Selina	Someone	Else	1907	6085	Place-22
SMITH	Sharon	Someone	Else	1907	9696	Place-5
SMITH	Briony	Someone	Else	1907	9697	Place-28
SMITH	Suzanne	Someone	Else	1907	9704	Place-21
SMITH	Susan	Someone	Else	1907	4628	Place-8
SMITH	Sheila	Someone	Else	1907	9538	Place-28
SMITH	Sheila	Someone	Else	1907	7105	Place-13
SMITH	Seonaid	Someone	Else	1907	7203	Place-1
SMITH	Suzanne	Someone	Else	1907	7693	Place-24
SMITH	Seonaid	Someone	Else	1907	9238	Place-6
SMITH	Sheila	Someone	Else	1907	4108	Place-2
SMITH	Seonaid	Someone	Else	1907	9078	Place-27
SMITH	Seonaid	Someone	Else	1907	8660	Place-29
SMITH	Susan	Someone	Else	1907	8517	Place-14
SMITH	Sarah	Someone	Else	1907	7518	Place-22
SMITH	Seonaid	Someone	Else	1907	6439	Place-2
SMITH	Seonaid	Someone	Else	1907	7151	Place-14
SMITH	Briony	Someone	Else	1907	7311	Place-6
SMITH	Selina	Someone	Else	1907	7461	Place-15
SMITH	Selina	Someone	Else	1907	7476	Place-2
SMITH	Seonaid	Someone	Else	1907	7483	Place-17
SMITH	Sarah	Someone	Else	1908	10018	Place-17
SMITH	Susan	Someone	Else	1908	10033	Place-6
SMITH	Sheila	Someone	Else	1908	8526	Place-0
SMITH	Sarah	Someone	Else	1908	6381	Place-21
SMITH	Sheila	Someone	Else	1908	6268	Place-18
SMITH	Susan	Someone	Else	1908	6371	Place-18
SMITH	Selina	Someone	Else	1908	9533	Place-11
SMITH	Briony	Someone	Else	1908	5331	Place-12
SMITH	Susan	Someone	Else	1908	6431	Place-10
SMITH	Susan	Someone	Else	1908	5221	Place-2
SMITH	Sheila	Someone	Else	1908	7141	Place-27
SMITH	Sheila	Someone	Else	1908	7358	Place-2
SMITH	Sheila	Someone	Else	1908	7457	Place-11
SMITH	Briony	Someone	Else	1908	7498	Place-23
SMITH	Sharon	Someone	Else	1909	7521	Place-27
SMITH	Selina	Someone	Else	1909	10329	Place-25
SMITH	Seonaid	Someone	Else	1909	10343	Place-25
SMITH	Briony	Someone	Else	1909	4985	Place-2
SMITH	Briony	Someone	Else	1909	4650	Place-2
SMITH	Sheila	Someone	Else	1909	5418	Place-9
SMITH	Suzanne	Someone	Else	1909	9246	Place-12
SMITH	Susan	Someone	Else	1909	9837	Place-16
SMITH	Sharon	Someone	Else	1909	6202	Place-17
SMITH	Sharon	Someone	Else	1909	4392	Place-29
SMITH	Sarah	Someone	Else	1909	8934	Place-17
SMITH	Susan	Someone	Else	1909	6924	Place-3
SMITH	Seonaid	Someone	Else	1909	7260	Place-6
SMITH	Susan	Someone	Else	1910	7064	Place-7
SMITH	Susan	Someone	Else	1910	10326	Place-0
SMITH	Sarah	Someone	Else	1910	10167	Place-9
SMITH	Sarah	Someone	Else	1910	7631	Place-2
SMITH	Briony	Someone	Else	1910	10184	Place-6
SMITH	Briony	Someone	Else	1910	9407	Place-29
SMITH	Sarah	Someone	Else	1910	4484	Place-22
SMITH	Sarah	Someone	Else	1910	6991	Place-25
SMITH	Suzanne	Someone	Else	1910	7707	Place-10
SMITH	Briony	Someone	Else	1910	4573	Place-21
SMITH	Selina	Someone	Else	1910	6364	Place-3
SMITH	Selina	Someone	Else	1910	7919	Place-13
SMITH	Sheila	Someone	Else	1910	6804	Place-20
SMITH	Suzanne	Someone	Else	1910	8793	Place-12
SMITH	Selina	Someone	Else	1910	5726	Place-0
SMITH	Sarah	Someone	Else	1910	8664	Place-16
SMITH	Selina	Someone	Else	1910	5370	Place-14
SMITH	Sheila	Someone	Else	1910	7100	Place-28
SMITH	Sharon	Someone	Else	1910	7391	Place-26
SMITH	Briony	Someone	Else	1910	7396	Place-22
SMITH	Susan	Someone	Else	1910	7552	Place-0
SMITH	Briony	Someone	Else	1911	7751	Place-9
SMITH	Briony	Someone	Else	1911	6489	Place-6
SMITH	Briony	Someone	Else	1911	6083	Place-8
SMITH	Seonaid	Someone	Else	1911	8050	Place-4
SMITH	Sharon	Someone	Else	1911	6793	Place-29
SMITH	Suzanne	Someone	Else	1911	7234	Place-8
SMITH	Seonaid	Someone	Else	1911	9702	Place-16
SMITH	Seonaid	Someone	Else	1911	10339	Place-24
SMITH	Sarah	Someone	Else	1911	10166	Place-20
SMITH	Briony	Someone	Else	1911	5773	Place-18
SMITH	Suzanne	Someone	Else	1911	6959	Place-24
SMITH	Sharon	Someone	Else	1911	7270	Place-6
SMITH	Selina	Someone	Else	1911	7937	Place-21
SMITH	Sarah	Someone	Else	1911	9836	Place-5
SMITH	Sharon	Someone	Else	1911	9081	Place-10
SMITH	Sarah	Someone	Else	1911	6603	Place-15
SMITH	Selina	Someone	Else	1911	6282	Place-19
SMITH	Suzanne	Someone	Else	1911	7832	Place-18
SMITH	Sharon	Someone	Else	1911	5019	Place-27
SMITH	Sarah	Someone	Else	1911	4830	Place-25
SMITH	Seonaid	Someone	Else	1911	7635	Place-5
SMITH	Sarah	Someone	Else	1912	8078	Place-27
SMITH	Susan	Someone	Else	1912	5815	Place-22
SMITH	Sharon	Someone	Else	1912	8160	Place-12
SMITH	Sharon	Someone	Else	1912	5443	Place-29
SMITH	Suzanne	Someone	Else	1912	7842	Place-28
SMITH	Selina	Someone	Else	1912	5368	Place-27
SMITH	Briony	Someone	Else	1912	5335	Place-17
SMITH	Susan	Someone	Else	1912	10170	Place-21
SMITH	Sheila	Someone	Else	1912	5011	Place-24
SMITH	Seonaid	Someone	Else	1912	7322	Place-24
SMITH	Briony	Someone	Else	1912	7074	Place-1
SMITH	Briony	Someone	Else	1912	6976	Place-16
SMITH	Briony	Someone	Else	1912	5774	Place-9
SMITH	Susan	Someone	Else	1912	6654	Place-28
SMITH	Susan	Someone	Else	1912	9543	Place-9
SMITH	Sharon	Someone	Else	1912	6170	Place-19
SMITH	Suzanne	Someone	Else	1912	6713	Place-10
SMITH	Seonaid	Someone	Else	1912	6733	Place-14
SMITH	Seonaid	Someone	Else	1912	6306	Place-1
SMITH	Seonaid	Someone	Else	1912	6566	Place-1
SMITH	Sharon	Someone	Else	1912	7481	Place-7
SMITH	Sarah	Someone	Else	1912	5082	Place-24
SMITH	Sheila	Someone	Else	1912	6485	Place-22
SMITH	Seonaid	Someone	Else	1912	6748	Place-14
SMITH	Sheila	Someone	Else	1912	7314	Place-7
SMITH	Sheila	Someone	Else	1912	7349	Place-18
SMITH	Selina	Someone	Else	1912	7766	Place-22
SMITH	Seonaid	Someone	Else	1912	7841	Place-0
SMITH	Suzanne	Someone	Else	1912	8152	Place-7
SMITH	Sarah	Someone	Else	1912	8248	Place-2
SMITH	Seonaid	Someone	Else	1913	7928	Place-16
SMITH	Suzanne	Someone	Else	1913	10831	Place-7
SMITH	Susan	Someone	Else	1913	6582	Place-12
SMITH	Briony	Someone	Else	1913	8008	Place-2
SMITH	Sheila	Someone	Else	1913	4687	Place-23
SMITH	Selina	Someone	Else	1913	5054	Place-10
SMITH	Sheila	Someone	Else	1913	6454	Place-29
SMITH	Briony	Someone	Else	1913	6040	Place-19
SMITH	Seonaid	Someone	Else	1913	4444	Place-10
SMITH	Sharon	Someone	Else	1913	8931	Place-3
SMITH	Sarah	Someone	Else	1913	7764	Place-11
SMITH	Seonaid	Someone	Else	1913	10502	Place-11
SMITH	Suzanne	Someone	Else	1913	7078	Place-12
SMITH	Sharon	Someone	Else	1913	6253	Place-8
SMITH	Sheila	Someone	Else	1913	7146	Place-14
SMITH	Sarah	Someone	Else	1913	5325	Place-24
SMITH	Briony	Someone	Else	1913	6465	Place-20
SMITH	Suzanne	Someone	Else	1913	8299	Place-6
SMITH	Seonaid	Someone	Else	1914	10683	Place-2
SMITH	Selina	Someone	Else	1914	10031	Place-27
SMITH	Sheila	Someone	Else	1914	7676	Place-29
SMITH	Susan	Someone	Else	1914	8523	Place-0
SMITH	Sharon	Someone	Else	1914	6835	Place-24
SMITH	Sheila	Someone	Else	1914	7070	Place-5
SMITH	Sarah	Someone	Else	1914	9842	Place-14
SMITH	Sharon	Someone	Else	1914	6048	Place-24
SMITH	Sarah	Someone	Else	1914	8287	Place-9
SMITH	Briony	Someone	Else	1914	10670	Place-4
SMITH	Briony	Someone	Else	1914	9548	Place-9
SMITH	Sheila	Someone	Else	1914	4909	Place-14
SMITH	Sheila	Someone	Else	1914	7427	Place-12
SMITH	Sheila	Someone	Else	1914	10030	Place-27
SMITH	Sarah	Someone	Else	1914	7025	Place-12
SMITH	Selina	Someone	Else	1914	6487	Place-16
SMITH	Briony	Someone	Else	1914	5704	Place-21
SMITH	Briony	Someone	Else	1914	8016	Place-13
SMITH	Suzanne	Someone	Else	1914	8294	Place-16
SMITH	Briony	Someone	Else	1914	8359	Place-0
SMITH	Selina	Someone	Else	1915	7964	Place-8
SMITH	Sharon	Someone	Else	1915	11153	Place-23
SMITH	Seonaid	Someone	Else	1915	9089	Place-5
SMITH	Selina	Someone	Else	1915	7785	Place-7
SMITH	Sheila	Someone	Else	1915	9849	Place-26
SMITH	Susan	Someone	Else	1915	7941	Place-5
SMITH	Suzanne	Someone	Else	1915	6443	Place-20
SMITH	Selina	Someone	Else	1915	7027	Place-13
SMITH	Sharon	Someone	Else	1915	9530	Place-12
SMITH	Suzanne	Someone	Else	1915	10032	Place-8
SMITH	Suzanne	Someone	Else	1915	6111	Place-8
SMITH	Selina	Someone	Else	1915	10490	Place-3
SMITH	Seonaid	Someone	Else	1915	7792	Place-21
SMITH	Sarah	Someone	Else	1915	7549	Place-15
SMITH	Sheila	Someone	Else	1915	6086	Place-1
SMITH	Selina	Someone	Else	1915	7531	Place-25
SMITH	Sarah	Someone	Else	1915	7551	Place-1
SMITH	Briony	Someone	Else	1915	7901	Place-26
SMITH	Susan	Someone	Else	1916	7110	Place-15
SMITH	Sarah	Someone	Else	1916	7467	Place-21
SMITH	Suzanne	Someone	Else	1916	10330	Place-18
SMITH	Briony	Someone	Else	1916	7976	Place-19
SMITH	Sarah	Someone	Else	1916	11141	Place-8
SMITH	Sharon	Someone	Else	1916	10972	Place-1
SMITH	Sheila	Someone	Else	1916	10984	Place-14
SMITH	Selina	Someone	Else	1916	5580	Place-22
SMITH	Suzanne	Someone	Else	1916	7596	Place-19
SMITH	Susan	Someone	Else	1916	7188	Place-1
SMITH	Susan	Someone	Else	1916	6209	Place-28
SMITH	Seonaid	Someone	Else	1916	8259	Place-3
SMITH	Seonaid	Someone	Else	1916	7974	Place-13
SMITH	Sharon	Someone	Else	1916	10819	Place-5
SMITH	Sarah	Someone	Else	1916	10672	Place-15
SMITH	Sheila	Someone	Else	1916	10678	Place-7
SMITH	Suzanne	Someone	Else	1916	6574	Place-12
SMITH	Sheila	Someone	Else	1916	8642	Place-14
SMITH	Sarah	Someone	Else	1916	10178	Place-4
SMITH	Susan	Someone	Else	1916	6189	Place-22
SMITH	Briony	Someone	Else	1916	7803	Place-26
SMITH	Sarah	Someone	Else	1916	10034	Place-3
SMITH	Suzanne	Someone	Else	1916	7917	Place-9
SMITH	Selina	Someone	Else	1916	5388	Place-15
SMITH	Selina	Someone	Else	1916	8689	Place-13
SMITH	Sharon	Someone	Else	1916	8200	Place-5
SMITH	Sharon	Someone	Else	1916	8539	Place-28
SMITH	Selina	Someone	Else	1917	8789	Place-28
SMITH	Sheila	Someone	Else	1917	11336	Place-22
SMITH	Selina	Someone	Else	1917	11145	Place-20
SMITH	Susan	Someone	Else	1917	7984	Place-0
SMITH	Sharon	Someone	Else	1917	6350	Place-27
SMITH	Susan	Someone	Else	1917	11163	Place-4
SMITH	Susan	Someone	Else	1917	9248	Place-12
SMITH	Seonaid	Someone	Else	1917	8522	Place-14
SMITH	Susan	Someone	Else	1917	5301	Place-1
SMITH	Susan	Someone	Else	1917	8372	Place-29
SMITH	Susan	Someone	Else	1917	5638	Place-22
SMITH	Briony	Someone	Else	1917	8479	Place-12
SMITH	Suzanne	Someone	Else	1917	8157	Place-29
SMITH	Suzanne	Someone	Else	1917	8541	Place-27
SMITH	Sharon	Someone	Else	1917	8599	Place-25
SMITH	Suzanne	Someone	Else	1917	8682	Place-6
SMITH	Sarah	Someone	Else	1917	8700	Place-16
SMITH	Seonaid	Someone	Else	1918	8215	Place-5
SMITH	Suzanne	Someone	Else	1918	7454	Place-22
SMITH	Suzanne	Someone	Else	1918	8267	Place-23
SMITH	Susan	Someone	Else	1918	11882	Place-28
SMITH	Sharon	Someone	Else	1918	7198	Place-6
SMITH	Sheila	Someone	Else	1918	8531	Place-5
SMITH	Sheila	Someone	Else	1918	6295	Place-19
SMITH	Seonaid	Someone	Else	1918	10165	Place-6
SMITH	Sheila	Someone	Else	1918	4964	Place-15
SMITH	Sheila	Someone	Else	1918	6951	Place-1
SMITH	Sharon	Someone	Else	1918	11148	Place-27
SMITH	Suzanne	Someone	Else	1918	8439	Place-0
SMITH	Suzanne	Someone	Else	1918	10993	Place-8
SMITH	Sheila	Someone	Else	1918	7760	Place-2
SMITH	Seonaid	Someone	Else	1918	8419	Place-14
SMITH	Sarah	Someone	Else	1918	10829	Place-27
SMITH	Suzanne	Someone	Else	1918	7971	Place-15
SMITH	Briony	Someone	Else	1918	8032	Place-14
SMITH	Susan	Someone	Else	1918	7638	Place-24
SMITH	Suzanne	Someone	Else	1918	10176	Place-18
SMITH	Sarah	Someone	Else	1918	7934	Place-9
SMITH	Selina	Someone	Else	1918	8135	Place-22
SMITH	Briony	Someone	Else	1918	8488	Place-29
SMITH	Suzanne	Someone	Else	1918	8678	Place-13
SMITH	Seonaid	Someone	Else	1919	8720	Place-25
SMITH	Susan	Someone	Else	1919	7752	Place-15
SMITH	Sheila	Someone	Else	1919	7674	Place-28
SMITH	Selina	Someone	Else	1919	7867	Place-16
SMITH	Seonaid	Someone	Else	1919	9223	Place-14
SMITH	Selina	Someone	Else	1919	6656	Place-11
SMITH	Sheila	Someone	Else	1919	7128	Place-4
SMITH	Sheila	Someone	Else	1919	10029	Place-18
SMITH	Selina	Someone	Else	1919	8760	Place-26
SMITH	Sheila	Someone	Else	1919	6840	Place-8
SMITH	Selina	Someone	Else	1919	11320	Place-0
SMITH	Selina	Someone	Else	1919	7685	Place-6
SMITH	Selina	Someone	Else	1919	11154	Place-18
SMITH	Sheila	Someone	Else	1919	8173	Place-7
SMITH	Sheila	Someone	Else	1919	7303	Place-29
SMITH	Suzanne	Someone	Else	1919	3978	Place-27
SMITH	Sharon	Someone	Else	1919	5788	Place-10
SMITH	Seonaid	Someone	Else	1919	8399	Place-25
SMITH	Seonaid	Someone	Else	1919	8747	Place-14
SMITH	Briony	Someone	Else	1919	8952	Place-8
SMITH	Seonaid	Someone	Else	1919	8995	Place-16
SMITH	Suzanne	Someone	Else	1919	9118	Place-20
SMITH	Suzanne	Someone	Else	1920	12241	Place-20
SMITH	Suzanne	Someone	Else	1920	12059	Place-22
SMITH	Briony	Someone	Else	1920	12062	Place-8
SMITH	Sarah	Someone	Else	1920	11873	Place-19
SMITH	Sheila	Someone	Else	1920	10682	Place-19
SMITH	Briony	Someone	Else	1920	9150	Place-24
SMITH	Briony	Someone	Else	1920	6357	Place-20
SMITH	Sharon	Someone	Else	1920	10504	Place-10
SMITH	Sharon	Someone	Else	1920	7034	Place-26
SMITH	Sharon	Someone	Else	1920	6633	Place-2
SMITH	Briony	Someone	Else	1920	10982	Place-4
SMITH	Sarah	Someone	Else	1920	6681	Place-3
SMITH	Seonaid	Someone	Else	1920	9549	Place-19
SMITH	Seonaid	Someone	Else	1920	9847	Place-22
SMITH	Selina	Someone	Else	1920	8298	Place-14
SMITH	Sarah	Someone	Else	1920	8762	Place-25
SMITH	Sarah	Someone	Else	1920	5806	Place-17
SMITH	Sharon	Someone	Else	1920	8462	Place-5
SMITH	Briony	Someone	Else	1920	8702	Place-29
SMITH	Susan	Someone	Else	1920	8872	Place-12
SMITH	Suzanne	Someone	Else	1921	12255	Place-0
SMITH	Briony	Someone	Else	1921	9383	Place-16
SMITH	Susan	Someone	Else	1921	8436	Place-11
SMITH	Selina	Someone	Else	1921	12254	Place-0
SMITH	Sarah	Someone	Else	1921	12068	Place-22
SMITH	Selina	Someone	Else	1921	11315	Place-26
SMITH	Sarah	Someone	Else	1921	10979	Place-17
SMITH	Selina	Someone	Else	1921	8749	Place-20
SMITH	Suzanne	Someone	Else	1921	11664	Place-12
SMITH	Sarah	Someone	Else	1921	10183	Place-7
SMITH	Briony	Someone	Else	1921	11324	Place-27
SMITH	Seonaid	Someone	Else	1921	6343	Place-25
SMITH	Briony	Someone	Else	1921	9419	Place-8
SMITH	Sheila	Someone	Else	1921	6910	Place-17
SMITH	Susan	Someone	Else	1921	9148	Place-25
SMITH	Sharon	Someone	Else	1921	8583	Place-29
SMITH	Sarah	Someone	Else	1921	8620	Place-15
SMITH	Suzanne	Someone	Else	1921	8777	Place-22
SMITH	Sharon	Someone	Else	1921	9042	Place-7
SMITH	Briony	Someone	Else	1922	8907	Place-27
SMITH	Sarah	Someone	Else	1922	9217	Place-15
SMITH	Suzanne	Someone	Else	1922	8090	Place-12
SMITH	Selina	Someone	Else	1922	10025	Place-5
SMITH	Sarah	Someone	Else	1922	9448	Place-3
SMITH	Sharon	Someone	Else	1922	6899	Place-21
SMITH	Briony	Someone	Else	1922	11875	Place-26
SMITH	Suzanne	Someone	Else	1922	8871	Place-29
SMITH	Susan	Someone	Else	1922	10820	Place-28
SMITH	Sharon	Someone	Else	1922	11507	Place-5
SMITH	Sharon	Someone	Else	1922	8474	Place-25
SMITH	Sheila	Someone	Else	1922	7873	Place-12
SMITH	Selina	Someone	Else	1922	10988	Place-25
SMITH	Selina	Someone	Else	1922	10825	Place-16
SMITH	Selina	Someone	Else	1922	8378	Place-14
SMITH	Seonaid	Someone	Else	1922	5256	Place-15
SMITH	Seonaid	Someone	Else	1922	9193	Place-6
SMITH	Sarah	Someone	Else	1922	9293	Place-12
SMITH	Sarah	Someone	Else	1922	9416	Place-13
SMITH	Suzanne	Someone	Else	1922	9481	Place-18
SMITH	Suzanne	Someone	Else	1923	10175	Place-8
SMITH	Suzanne	Someone	Else	1923	10331	Place-26
SMITH	Suzanne	Someone	Else	1923	8123	Place-20
SMITH	Sheila	Someone	Else	1923	7859	Place-16
SMITH	Briony	Someone	Else	1923	9705	Place-15
SMITH	Sheila	Someone	Else	1923	7988	Place-7
SMITH	Sarah	Someone	Else	1923	9359	Place-10
SMITH	Selina	Someone	Else	1923	9562	Place-29
SMITH	Sarah	Someone	Else	1923	12812	Place-29
SMITH	Sharon	Someone	Else	1923	9645	Place-19
SMITH	Briony	Someone	Else	1923	9158	Place-11
SMITH	Sheila	Someone	Else	1923	12591	Place-15
SMITH	Briony	Someone	Else	1923	8730	Place-18
SMITH	Briony	Someone	Else	1923	8881	Place-27
SMITH	Briony	Someone	Else	1923	8110	Place-28
SMITH	Suzanne	Someone	Else	1923	7164	Place-18
SMITH	Sheila	Someone	Else	1923	9328	Place-25
SMITH	Seonaid	Someone	Else	1923	9191	Place-12
SMITH	Suzanne	Someone	Else	1923	8958	Place-3
SMITH	Sheila	Someone	Else	1923	12244	Place-23
SMITH	Suzanne	Someone	Else	1923	12261	Place-2
SMITH	Seonaid	Someone	Else	1923	8323	Place-29
SMITH	Susan	Someone	Else	1923	12055	Place-17
SMITH	Seonaid	Someone	Else	1923	12063	Place-6
SMITH	Seonaid	Someone	Else	1923	10822	Place-25
SMITH	Suzanne	Someone	Else	1923	6805	Place-19
SMITH	Susan	Someone	Else	1923	8621	Place-17
SMITH	Selina	Someone	Else	1923	8021	Place-29
SMITH	Susan	Someone	Else	1923	10663	Place-9
SMITH	Sharon	Someone	Else	1923	6523	Place-27
SMITH	Selina	Someone	Else	1923	8345	Place-8
SMITH	Selina	Someone	Else	1923	8430	Place-15
SMITH	Sheila	Someone	Else	1923	9008	Place-22
SMITH	Selina	Someone	Else	1923	9157	Place-3
SMITH	Sarah	Someone	Else	1923	9731	Place-8
SMITH	Seonaid	Someone	Else	1924	13006	Place-12
SMITH	Sharon	Someone	Else	1924	6205	Place-14
SMITH	Briony	Someone	Else	1924	12432	Place-22
SMITH	Seonaid	Someone	Else	1924	9204	Place-10
SMITH	Sharon	Someone	Else	1924	12821	Place-14
SMITH	Seonaid	Someone	Else	1924	12826	Place-26
SMITH	Sheila	Someone	Else	1924	7781	Place-8
SMITH	Suzanne	Someone	Else	1924	8342	Place-1
SMITH	Suzanne	Someone	Else	1924	9275	Place-14
SMITH	Sharon	Someone	Else	1924	12413	Place-13
SMITH	Sharon	Someone	Else	1924	12423	Place-21
SMITH	Sharon	Someone	Else	1924	8033	Place-16
SMITH	Sarah	Someone	Else	1924	7458	Place-10
SMITH	Sharon	Someone	Else	1924	9606	Place-17
SMITH	Seonaid	Someone	Else	1924	5689	Place-17
SMITH	Sarah	Someone	Else	1924	10181	Place-16
SMITH	Sharon	Someone	Else	1924	9094	Place-27
SMITH	Suzanne	Someone	Else	1924	9059	Place-18
SMITH	Sheila	Someone	Else	1924	8622	Place-0
SMITH	Seonaid	Someone	Else	1924	6946	Place-2
SMITH	Sheila	Someone	Else	1924	10985	Place-5
SMITH	Seonaid	Someone	Else	1924	6290	Place-16
SMITH	Sheila	Someone	Else	1924	6659	Place-28
SMITH	Sheila	Someone	Else	1924	8630	Place-2
SMITH	Selina	Someone	Else	1924	9576	Place-26
SMITH	Selina	Someone	Else	1924	9821	Place-1
SMITH	Sharon	Someone	Else	1924	9964	Place-1
SMITH	Susan	Someone	Else	1925	13015	Place-13
SMITH	Suzanne	Someone	Else	1925	9585	Place-11
SMITH	Susan	Someone	Else	1925	8748	Place-4
SMITH	Suzanne	Someone	Else	1925	8549	Place-15
SMITH	Seonaid	Someone	Else	1925	11335	Place-23
SMITH	Briony	Someone	Else	1925	8646	Place-4
SMITH	Sharon	Someone	Else	1925	9108	Place-5
SMITH	Sharon	Someone	Else	1925	12817	Place-25
SMITH	Susan	Someone	Else	1925	8716	Place-0
SMITH	Suzanne	Someone	Else	1925	9264	Place-22
SMITH	Susan	Someone	Else	1925	12416	Place-17
SMITH	Selina	Someone	Else	1925	7992	Place-28
SMITH	Seonaid	Someone	Else	1925	8635	Place-17
SMITH	Seonaid	Someone	Else	1925	5649	Place-25
SMITH	Selina	Someone	Else	1925	8841	Place-1
SMITH	Susan	Someone	Else	1925	11869	Place-4
SMITH	Seonaid	Someone	Else	1925	7684	Place-24
SMITH	Suzanne	Someone	Else	1925	7416	Place-20
SMITH	Sarah	Someone	Else	1925	6453	Place-12
SMITH	Seonaid	Someone	Else	1925	10975	Place-25
SMITH	Suzanne	Someone	Else	1925	7244	Place-2
SMITH	Sharon	Someone	Else	1925	5991	Place-24
SMITH	Sarah	Someone	Else	1925	6368	Place-25
SMITH	Sharon	Someone	Else	1925	7051	Place-24
SMITH	Seonaid	Someone	Else	1925	8139	Place-16
SMITH	Seonaid	Someone	Else	1925	8334	Place-25
SMITH	Sheila	Someone	Else	1925	8998	Place-10
SMITH	Suzanne	Someone	Else	1925	9319	Place-20
SMITH	Briony	Someone	Else	1926	12599	Place-29
SMITH	Sarah	Someone	Else	1926	8433	Place-23
SMITH	Selina	Someone	Else	1926	10180	Place-26
SMITH	Sheila	Someone	Else	1926	8821	Place-10
SMITH	Susan	Someone	Else	1926	9981	Place-21
SMITH	Susan	Someone	Else	1926	13432	Place-27
SMITH	Selina	Someone	Else	1926	13436	Place-27
SMITH	Sheila	Someone	Else	1926	13445	Place-26
SMITH	Selina	Someone	Else	1926	10492	Place-25
SMITH	Sharon	Someone	Else	1926	6180	Place-2
SMITH	Suzanne	Someone	Else	1926	7969	Place-24
SMITH	Suzanne	Someone	Else	1926	12818	Place-4
SMITH	Selina	Someone	Else	1926	7023	Place-17
SMITH	Sharon	Someone	Else	1926	11686	Place-9
SMITH	Sheila	Someone	Else	1926	9067	Place-3
SMITH	Suzanne	Someone	Else	1926	8911	Place-24
SMITH	Selina	Someone	Else	1926	8687	Place-16
SMITH	Seonaid	Someone	Else	1926	11151	Place-15
SMITH	Susan	Someone	Else	1926	8647	Place-6
SMITH	Sharon	Someone	Else	1926	6524	Place-2
SMITH	Selina	Someone	Else	1926	8303	Place-22
SMITH	Sarah	Someone	Else	1926	8902	Place-13
SMITH	Susan	Someone	Else	1926	11157	Place-20
SMITH	Suzanne	Someone	Else	1926	8566	Place-8
SMITH	Seonaid	Someone	Else	1926	9232	Place-17
SMITH	Sheila	Someone	Else	1926	10113	Place-15
SMITH	Sarah	Someone	Else	1926	10145	Place-22
SMITH	Susan	Someone	Else	1927	13639	Place-7
SMITH	Selina	Someone	Else	1927	13000	Place-8
SMITH	Seonaid	Someone	Else	1927	7365	Place-29
SMITH	Briony	Someone	Else	1927	8734	Place-0
SMITH	Sheila	Someone	Else	1927	10224	Place-1
SMITH	Briony	Someone	Else	1927	13426	Place-19
SMITH	Selina	Someone	Else	1927	10185	Place-23
SMITH	Sharon	Someone	Else	1927	9648	Place-21
SMITH	Sheila	Someone	Else	1927	10142	Place-28
SMITH	Briony	Someone	Else	1927	8784	Place-2
SMITH	Sharon	Someone	Else	1927	10671	Place-27
SMITH	Susan	Someone	Else	1927	8810	Place-21
SMITH	Sheila	Someone	Else	1927	6304	Place-12
SMITH	Sharon	Someone	Else	1927	9005	Place-13
SMITH	Suzanne	Someone	Else	1927	12242	Place-24
SMITH	Selina	Someone	Else	1927	12245	Place-24
SMITH	Selina	Someone	Else	1927	12260	Place-16
SMITH	Sheila	Someone	Else	1927	6140	Place-15
SMITH	Sarah	Someone	Else	1927	9348	Place-8
SMITH	Sharon	Someone	Else	1927	9787	Place-19
SMITH	Suzanne	Someone	Else	1927	9916	Place-27
SMITH	Briony	Someone	Else	1927	10286	Place-24
SMITH	Seonaid	Someone	Else	1927	10429	Place-16
SMITH	Seonaid	Someone	Else	1927	10486	Place-26
SMITH	Susan	Someone	Else	1928	7124	Place-14
SMITH	Seonaid	Someone	Else	1928	9630	Place-28
SMITH	Sharon	Someone	Else	1928	13837	Place-12
SMITH	Sharon	Someone	Else	1928	10424	Place-11
SMITH	Suzanne	Someone	Else	1928	7742	Place-5
SMITH	Sarah	Someone	Else	1928	11312	Place-13
SMITH	Sharon	Someone	Else	1928	9749	Place-23
SMITH	Suzanne	Someone	Else	1928	13429	Place-12
SMITH	Briony	Someone	Else	1928	8154	Place-19
SMITH	Sheila	Someone	Else	1928	9862	Place-15
SMITH	Seonaid	Someone	Else	1928	7963	Place-11
SMITH	Suzanne	Someone	Else	1928	12065	Place-28
SMITH	Selina	Someone	Else	1928	8456	Place-1
SMITH	Sarah	Someone	Else	1928	10830	Place-16
SMITH	Seonaid	Someone	Else	1928	9486	Place-27
SMITH	Sheila	Someone	Else	1929	8361	Place-3
SMITH	Sharon	Someone	Else	1929	13654	Place-17
SMITH	Susan	Someone	Else	1929	9647	Place-21
SMITH	Susan	Someone	Else	1929	14020	Place-22
SMITH	Sarah	Someone	Else	1929	9671	Place-17
SMITH	Briony	Someone	Else	1929	10668	Place-10
SMITH	Suzanne	Someone	Else	1929	13833	Place-9
SMITH	Suzanne	Someone	Else	1929	13843	Place-7
SMITH	Seonaid	Someone	Else	1929	13845	Place-23
SMITH	Selina	Someone	Else	1929	13443	Place-14
SMITH	Seonaid	Someone	Else	1929	12829	Place-9
SMITH	Seonaid	Someone	Else	1929	7796	Place-13
SMITH	Sharon	Someone	Else	1929	12061	Place-7
SMITH	Briony	Someone	Else	1929	11322	Place-12
SMITH	Briony	Someone	Else	1929	12251	Place-23
SMITH	Selina	Someone	Else	1929	12053	Place-28
SMITH	Briony	Someone	Else	1929	7774	Place-13
SMITH	Sharon	Someone	Else	1929	9260	Place-13
SMITH	Sheila	Someone	Else	1929	7226	Place-27
SMITH	Briony	Someone	Else	1929	8985	Place-28
SMITH	Sarah	Someone	Else	1929	9109	Place-18
SMITH	Sharon	Someone	Else	1929	9969	Place-1
SMITH	Seonaid	Someone	Else	1929	10381	Place-12
SMITH	Selina	Someone	Else	1929	10539	Place-12
SMITH	Selina	Someone	Else	1929	10724	Place-6
SMITH	Seonaid	Someone	Else	1930	11677	Place-28
SMITH	Sarah	Someone	Else	1930	10629	Place-24
SMITH	Suzanne	Someone	Else	1930	14252	Place-23
SMITH	Selina	Someone	Else	1930	9934	Place-10
SMITH	Sharon	Someone	Else	1930	14018	Place-13
SMITH	Sarah	Someone	Else	1930	14033	Place-22
SMITH	Sheila	Someone	Else	1930	12249	Place-2
SMITH	Sheila	Someone	Else	1930	9320	Place-11
SMITH	Seonaid	Someone	Else	1930	12592	Place-22
SMITH	Sharon	Someone	Else	1930	10371	Place-5
SMITH	Selina	Someone	Else	1930	7086	Place-0
SMITH	Seonaid	Someone	Else	1930	7332	Place-22
SMITH	Selina	Someone	Else	1930	9012	Place-7
SMITH	Sarah	Someone	Else	1930	10400	Place-21
SMITH	Seonaid	Someone	Else	1930	8026	Place-24
SMITH	Sharon	Someone	Else	1930	9420	Place-24
SMITH	Sarah	Someone	Else	1930	8167	Place-18
SMITH	Sharon	Someone	Else	1930	10712	Place-14
SMITH	Susan	Someone	Else	1930	10287	Place-26
SMITH	Seonaid	Someone	Else	1930	9996	Place-23
SMITH	Sarah	Someone	Else	1930	10451	Place-9
SMITH	Seonaid	Someone	Else	1930	10786	Place-7
SMITH	Briony	Someone	Else	1930	10787	Place-15
SMITH	Selina	Someone	Else	1930	10952	Place-17
SMITH	Sarah	Someone	Else	1931	14016	Place-10
SMITH	Briony	Someone	Else	1931	10567	Place-18
SMITH	Sheila	Someone	Else	1931	13832	Place-21
SMITH	Sarah	Someone	Else	1931	13836	Place-19
SMITH	Briony	Someone	Else	1931	10570	Place-20
SMITH	Suzanne	Someone	Else	1931	10005	Place-21
SMITH	Briony	Someone	Else	1931	6760	Place-24
SMITH	Susan	Someone	Else	1931	9091	Place-24
SMITH	Sharon	Someone	Else	1931	14241	Place-1
SMITH	Susan	Someone	Else	1931	14255	Place-16
SMITH	Susan	Someone	Else	1931	11092	Place-20
SMITH	Sheila	Someone	Else	1931	12258	Place-10
SMITH	Sarah	Someone	Else	1931	10442	Place-18
SMITH	Susan	Someone	Else	1931	10428	Place-24
SMITH	Susan	Someone	Else	1931	10520	Place-5
SMITH	Sharon	Someone	Else	1931	13848	Place-10
SMITH	Sarah	Someone	Else	1931	13638	Place-3
SMITH	Briony	Someone	Else	1931	12815	Place-19
SMITH	Selina	Someone	Else	1931	10155	Place-13
SMITH	Seonaid	Someone	Else	1931	13442	Place-17
SMITH	Sharon	Someone	Else	1931	13447	Place-16
SMITH	Selina	Someone	Else	1931	12418	Place-0
SMITH	Susan	Someone	Else	1931	11158	Place-7
SMITH	Sheila	Someone	Else	1931	13210	Place-5
SMITH	Suzanne	Someone	Else	1931	10681	Place-12
SMITH	Suzanne	Someone	Else	1931	10992	Place-9
SMITH	Suzanne	Someone	Else	1931	7539	Place-9
SMITH	Sheila	Someone	Else	1931	7403	Place-18
SMITH	Selina	Someone	Else	1931	10186	Place-23
SMITH	Sarah	Someone	Else	1931	7496	Place-21
SMITH	Sheila	Someone	Else	1931	9442	Place-23
SMITH	Sarah	Someone	Else	1931	10009	Place-23
SMITH	Briony	Someone	Else	1931	11123	Place-0
SMITH	Seonaid	Someone	Else	1932	14470	Place-1
SMITH	Sarah	Someone	Else	1932	11269	Place-13
SMITH	Sarah	Someone	Else	1932	13640	Place-11
SMITH	Sheila	Someone	Else	1932	9655	Place-10
SMITH	Sheila	Someone	Else	1932	7772	Place-12
SMITH	Susan	Someone	Else	1932	10395	Place-18
SMITH	Selina	Someone	Else	1932	8126	Place-9
SMITH	Susan	Someone	Else	1932	9945	Place-7
SMITH	Sheila	Someone	Else	1932	9200	Place-9
SMITH	Sheila	Someone	Else	1932	14035	Place-28
SMITH	Sheila	Someone	Else	1932	8272	Place-12
SMITH	Sheila	Someone	Else	1932	10969	Place-11
SMITH	Sheila	Someone	Else	1932	10280	Place-20
SMITH	Sarah	Someone	Else	1932	7663	Place-17
SMITH	Briony	Someone	Else	1932	12834	Place-15
SMITH	Susan	Someone	Else	1932	9884	Place-15
SMITH	Selina	Someone	Else	1932	13206	Place-5
SMITH	Selina	Someone	Else	1932	11332	Place-15
SMITH	Suzanne	Someone	Else	1932	10070	Place-21
SMITH	Selina	Someone	Else	1932	9780	Place-3
SMITH	Sarah	Someone	Else	1932	13012	Place-6
SMITH	Briony	Someone	Else	1932	12247	Place-1
SMITH	Suzanne	Someone	Else	1932	5941	Place-6
SMITH	Sheila	Someone	Else	1932	11013	Place-27
SMITH	Suzanne	Someone	Else	1932	11019	Place-20
SMITH	Susan	Someone	Else	1932	10123	Place-25
SMITH	Sheila	Someone	Else	1933	9115	Place-29
SMITH	Sheila	Someone	Else	1933	11663	Place-22
SMITH	Sarah	Someone	Else	1933	8182	Place-21
SMITH	Sheila	Someone	Else	1933	9039	Place-28
SMITH	Selina	Someone	Else	1933	6638	Place-15
SMITH	Suzanne	Someone	Else	1933	7301	Place-18
SMITH	Sheila	Someone	Else	1933	14874	Place-23
SMITH	Briony	Someone	Else	1933	14660	Place-9
SMITH	Selina	Someone	Else	1933	7423	Place-0
SMITH	Suzanne	Someone	Else	1933	11139	Place-0
SMITH	Seonaid	Someone	Else	1933	6291	Place-17
SMITH	Sheila	Someone	Else	1933	14463	Place-1
SMITH	Briony	Someone	Else	1933	10754	Place-2
SMITH	Suzanne	Someone	Else	1933	14243	Place-3
SMITH	Seonaid	Someone	Else	1933	14247	Place-17
SMITH	Briony	Someone	Else	1933	10463	Place-19
SMITH	Seonaid	Someone	Else	1933	11113	Place-26
SMITH	Suzanne	Someone	Else	1933	14013	Place-21
SMITH	Sharon	Someone	Else	1933	14034	Place-18
SMITH	Susan	Someone	Else	1933	14037	Place-7
SMITH	Suzanne	Someone	Else	1933	13824	Place-5
SMITH	Sharon	Someone	Else	1933	9509	Place-18
SMITH	Sharon	Someone	Else	1933	7912	Place-10
SMITH	Susan	Someone	Else	1933	11159	Place-19
SMITH	Selina	Someone	Else	1933	9869	Place-0
SMITH	Selina	Someone	Else	1933	10282	Place-5
SMITH	Selina	Someone	Else	1933	11204	Place-5
SMITH	Susan	Someone	Else	1934	15118	Place-21
SMITH	Sarah	Someone	Else	1934	15130	Place-20
SMITH	Susan	Someone	Else	1934	13825	Place-5
SMITH	Sharon	Someone	Else	1934	13850	Place-1
SMITH	Selina	Someone	Else	1934	7488	Place-3
SMITH	Sarah	Someone	Else	1934	10207	Place-6
SMITH	Seonaid	Someone	Else	1934	14883	Place-6
SMITH	Sheila	Someone	Else	1934	14238	Place-28
SMITH	Sheila	Someone	Else	1934	9202	Place-1
SMITH	Sheila	Someone	Else	1934	10219	Place-17
SMITH	Susan	Someone	Else	1934	14666	Place-3
SMITH	Seonaid	Someone	Else	1934	10744	Place-27
SMITH	Selina	Someone	Else	1934	14239	Place-0
SMITH	Sarah	Someone	Else	1934	14257	Place-17
SMITH	Sharon	Someone	Else	1934	8207	Place-9
SMITH	Seonaid	Someone	Else	1934	6261	Place-22
SMITH	Seonaid	Someone	Else	1934	12595	Place-4
SMITH	Sarah	Someone	Else	1934	9518	Place-6
SMITH	Susan	Someone	Else	1934	11278	Place-28
SMITH	Susan	Someone	Else	1934	10991	Place-21
SMITH	Susan	Someone	Else	1934	7071	Place-23
SMITH	Suzanne	Someone	Else	1934	10607	Place-19
SMITH	Suzanne	Someone	Else	1935	11764	Place-0
SMITH	Briony	Someone	Else	1935	12822	Place-15
SMITH	Suzanne	Someone	Else	1935	10900	Place-20
SMITH	Seonaid	Someone	Else	1935	15383	Place-24
SMITH	Suzanne	Someone	Else	1935	15119	Place-8
SMITH	Briony	Someone	Else	1935	9575	Place-26
SMITH	Suzanne	Someone	Else	1935	14890	Place-16
SMITH	Briony	Someone	Else	1935	10598	Place-27
SMITH	Suzanne	Someone	Else	1935	11268	Place-8
SMITH	Briony	Someone	Else	1935	10947	Place-6
SMITH	Suzanne	Someone	Else	1935	14025	Place-5
SMITH	Seonaid	Someone	Else	1935	8976	Place-2
SMITH	Sheila	Someone	Else	1935	10449	Place-14
SMITH	Sharon	Someone	Else	1935	13435	Place-3
SMITH	Seonaid	Someone	Else	1935	7089	Place-4
SMITH	Susan	Someone	Else	1935	7554	Place-26
SMITH	Sheila	Someone	Else	1935	12069	Place-7
SMITH	Briony	Someone	Else	1935	7143	Place-7
SMITH	Susan	Someone	Else	1935	11069	Place-27
SMITH	Suzanne	Someone	Else	1935	11339	Place-8
SMITH	Sarah	Someone	Else	1935	11463	Place-11
SMITH	Selina	Someone	Else	1935	11720	Place-0
SMITH	Suzanne	Someone	Else	1936	10377	Place-12
SMITH	Sarah	Someone	Else	1936	8552	Place-28
SMITH	Sarah	Someone	Else	1936	10109	Place-20
SMITH	Sarah	Someone	Else	1936	15629	Place-9
SMITH	Briony	Someone	Else	1936	15631	Place-28
SMITH	Suzanne	Someone	Else	1936	9119	Place-14
SMITH	Suzanne	Someone	Else	1936	7875	Place-16
SMITH	Suzanne	Someone	Else	1936	15393	Place-19
SMITH	Suzanne	Someone	Else	1936	7222	Place-21
SMITH	Briony	Someone	Else	1936	11638	Place-29
SMITH	Sheila	Someone	Else	1936	13441	Place-22
SMITH	Suzanne	Someone	Else	1936	14249	Place-22
SMITH	Seonaid	Someone	Else	1936	12058	Place-22
SMITH	Briony	Someone	Else	1936	13014	Place-7
SMITH	Sarah	Someone	Else	1936	14022	Place-17
SMITH	Briony	Someone	Else	1936	14475	Place-0
SMITH	Suzanne	Someone	Else	1936	13644	Place-28
SMITH	Sarah	Someone	Else	1936	6774	Place-22
SMITH	Suzanne	Someone	Else	1936	9959	Place-26
SMITH	Sarah	Someone	Else	1936	11316	Place-15
SMITH	Suzanne	Someone	Else	1936	10508	Place-1
SMITH	Sarah	Someone	Else	1936	10987	Place-14
SMITH	Suzanne	Someone	Else	1936	8614	Place-24
SMITH	Seonaid	Someone	Else	1936	13425	Place-28
SMITH	Sheila	Someone	Else	1936	9291	Place-20
SMITH	Sharon	Someone	Else	1936	12427	Place-4
SMITH	Sheila	Someone	Else	1936	13202	Place-26
SMITH	Sheila	Someone	Else	1936	9490	Place-8
SMITH	Susan	Someone	Else	1936	10523	Place-4
SMITH	Susan	Someone	Else	1936	11491	Place-9
SMITH	Sheila	Someone	Else	1936	11528	Place-27
SMITH	Briony	Someone	Else	1936	11748	Place-1
SMITH	Sharon	Someone	Else	1936	11777	Place-5
SMITH	Sharon	Someone	Else	1936	11846	Place-1
SMITH	Sheila	Someone	Else	1936	11909	Place-9
SMITH	Suzanne	Someone	Else	1936	12009	Place-14
SMITH	Sarah	Someone	Else	1937	11913	Place-9
SMITH	Sharon	Someone	Else	1937	9908	Place-2
SMITH	Sheila	Someone	Else	1937	14467	Place-26
SMITH	Suzanne	Someone	Else	1937	11862	Place-5
SMITH	Sheila	Someone	Else	1937	7619	Place-25
SMITH	Briony	Someone	Else	1937	15382	Place-1
SMITH	Sheila	Someone	Else	1937	10118	Place-28
SMITH	Sharon	Someone	Else	1937	14872	Place-27
SMITH	Seonaid	Someone	Else	1937	14885	Place-4
SMITH	Sarah	Someone	Else	1937	14892	Place-19
SMITH	Sarah	Someone	Else	1937	10440	Place-7
SMITH	Sharon	Someone	Else	1937	11597	Place-8
SMITH	Susan	Someone	Else	1937	10565	Place-29
SMITH	Sheila	Someone	Else	1937	11431	Place-15
SMITH	Sarah	Someone	Else	1937	10755	Place-26
SMITH	Selina	Someone	Else	1937	9858	Place-15
SMITH	Susan	Someone	Else	1937	11585	Place-26
SMITH	Selina	Someone	Else	1937	7419	Place-26
SMITH	Sharon	Someone	Else	1937	9040	Place-7
SMITH	Sheila	Someone	Else	1937	11660	Place-0
SMITH	Briony	Someone	Else	1937	11735	Place-13
SMITH	Sarah	Someone	Else	1937	11893	Place-11
SMITH	Susan	Someone	Else	1937	11980	Place-14
SMITH	Briony	Someone	Else	1938	10378	Place-2
SMITH	Briony	Someone	Else	1938	15875	Place-9
SMITH	Sarah	Someone	Else	1938	15109	Place-27
SMITH	Briony	Someone	Else	1938	15121	Place-29
SMITH	Sarah	Someone	Else	1938	11807	Place-25
SMITH	Sarah	Someone	Else	1938	12133	Place-29
SMITH	Susan	Someone	Else	1938	11399	Place-15
SMITH	Sarah	Someone	Else	1938	11526	Place-26
SMITH	Sharon	Someone	Else	1938	12044	Place-5
SMITH	Susan	Someone	Else	1938	11226	Place-9
SMITH	Sarah	Someone	Else	1938	12279	Place-26
SMITH	Susan	Someone	Else	1938	15878	Place-14
SMITH	Sarah	Someone	Else	1938	7382	Place-13
SMITH	Selina	Someone	Else	1938	14877	Place-29
SMITH	Briony	Someone	Else	1938	12042	Place-22
SMITH	Selina	Someone	Else	1938	15114	Place-7
SMITH	Sarah	Someone	Else	1938	13208	Place-14
SMITH	Sarah	Someone	Else	1938	8028	Place-17
SMITH	Susan	Someone	Else	1938	9325	Place-9
SMITH	Susan	Someone	Else	1938	12820	Place-21
SMITH	Suzanne	Someone	Else	1938	9534	Place-23
SMITH	Sarah	Someone	Else	1938	13637	Place-2
SMITH	Suzanne	Someone	Else	1938	11451	Place-26
SMITH	Sheila	Someone	Else	1938	11914	Place-2
SMITH	Sharon	Someone	Else	1939	15650	Place-21
SMITH	Sarah	Someone	Else	1939	10507	Place-15
SMITH	Sharon	Someone	Else	1939	16442	Place-19
SMITH	Susan	Someone	Else	1939	12471	Place-10
SMITH	Selina	Someone	Else	1939	12510	Place-27
SMITH	Sarah	Someone	Else	1939	16142	Place-22
SMITH	Selina	Someone	Else	1939	16144	Place-29
SMITH	Sharon	Someone	Else	1939	14658	Place-12
SMITH	Susan	Someone	Else	1939	10510	Place-26
SMITH	Briony	Someone	Else	1939	11717	Place-7
SMITH	Sheila	Someone	Else	1939	15898	Place-29
SMITH	Sheila	Someone	Else	1939	13430	Place-25
SMITH	Selina	Someone	Else	1939	12273	Place-17
SMITH	Selina	Someone	Else	1939	8018	Place-23
SMITH	Suzanne	Someone	Else	1939	14670	Place-6
SMITH	Sharon	Someone	Else	1939	10606	Place-29
SMITH	Selina	Someone	Else	1939	14459	Place-1
SMITH	Sharon	Someone	Else	1939	9228	Place-15
SMITH	Suzanne	Someone	Else	1939	11475	Place-29
SMITH	Seonaid	Someone	Else	1939	15385	Place-2
SMITH	Selina	Someone	Else	1939	10497	Place-15
SMITH	Selina	Someone	Else	1939	8591	Place-4
SMITH	Briony	Someone	Else	1939	13849	Place-4
SMITH	Sheila	Someone	Else	1939	10951	Place-28
SMITH	Sarah	Someone	Else	1939	14246	Place-3
SMITH	Sharon	Someone	Else	1939	9651	Place-1
SMITH	Seonaid	Someone	Else	1939	8590	Place-20
SMITH	Susan	Someone	Else	1939	7344	Place-14
SMITH	Sarah	Someone	Else	1939	8988	Place-21
SMITH	Briony	Someone	Else	1939	11265	Place-28
SMITH	Suzanne	Someone	Else	1939	12130	Place-9
SMITH	Selina	Someone	Else	1939	12311	Place-22
SMITH	Selina	Someone	Else	1940	12425	Place-19
SMITH	Sharon	Someone	Else	1940	12001	Place-20
SMITH	Sarah	Someone	Else	1940	16698	Place-13
SMITH	Suzanne	Someone	Else	1940	11508	Place-11
SMITH	Sarah	Someone	Else	1940	16432	Place-23
SMITH	Sharon	Someone	Else	1940	14668	Place-27
SMITH	Sharon	Someone	Else	1940	15901	Place-29
SMITH	Selina	Someone	Else	1940	15623	Place-0
SMITH	Sarah	Someone	Else	1940	13007	Place-1
SMITH	Selina	Someone	Else	1940	10834	Place-6
SMITH	Suzanne	Someone	Else	1940	11672	Place-0
SMITH	Selina	Someone	Else	1940	15407	Place-27
SMITH	Sharon	Someone	Else	1940	15127	Place-17
SMITH	Suzanne	Someone	Else	1940	7155	Place-15
SMITH	Briony	Someone	Else	1940	9470	Place-24
SMITH	Sheila	Someone	Else	1940	11227	Place-21
SMITH	Suzanne	Someone	Else	1940	12168	Place-18
SMITH	Sarah	Someone	Else	1940	11956	Place-7
SMITH	Sharon	Someone	Else	1940	9992	Place-12
SMITH	Susan	Someone	Else	1940	8400	Place-23
SMITH	Selina	Someone	Else	1940	8092	Place-13
SMITH	Selina	Someone	Else	1940	11414	Place-3
SMITH	Sharon	Someone	Else	1940	12138	Place-29
SMITH	Sarah	Someone	Else	1940	12656	Place-9
SMITH	Suzanne	Someone	Else	1940	12714	Place-9
SMITH	Sharon	Someone	Else	1941	14667	Place-5
SMITH	Suzanne	Someone	Else	1941	10896	Place-17
SMITH	Sharon	Someone	Else	1941	15115	Place-1
SMITH	Briony	Someone	Else	1941	9476	Place-6
SMITH	Susan	Someone	Else	1941	9339	Place-10
SMITH	Briony	Someone	Else	1941	11487	Place-7
SMITH	Sharon	Someone	Else	1941	12222	Place-5
SMITH	Susan	Someone	Else	1941	12928	Place-0
SMITH	Sarah	Someone	Else	1941	16695	Place-20
SMITH	Seonaid	Someone	Else	1941	16714	Place-17
SMITH	Sarah	Someone	Else	1941	16719	Place-5
SMITH	Briony	Someone	Else	1941	16446	Place-7
SMITH	Sarah	Someone	Else	1941	12368	Place-22
SMITH	Seonaid	Someone	Else	1941	12740	Place-17
SMITH	Susan	Someone	Else	1941	12143	Place-13
SMITH	Briony	Someone	Else	1941	8511	Place-9
SMITH	Sarah	Someone	Else	1941	15881	Place-8
SMITH	Sarah	Someone	Else	1941	12310	Place-28
SMITH	Sarah	Someone	Else	1941	15628	Place-20
SMITH	Selina	Someone	Else	1941	15406	Place-2
SMITH	Selina	Someone	Else	1941	15135	Place-5
SMITH	Seonaid	Someone	Else	1941	11667	Place-21
SMITH	Selina	Someone	Else	1941	12684	Place-7
SMITH	Sarah	Someone	Else	1941	14026	Place-5
SMITH	Sharon	Someone	Else	1941	13216	Place-12
SMITH	Sheila	Someone	Else	1941	8485	Place-29
SMITH	Seonaid	Someone	Else	1941	9586	Place-22
SMITH	Suzanne	Someone	Else	1941	10838	Place-14
SMITH	Selina	Someone	Else	1941	11453	Place-6
SMITH	Sharon	Someone	Else	1941	11779	Place-12
SMITH	Selina	Someone	Else	1941	12039	Place-19
SMITH	Briony	Someone	Else	1941	12101	Place-15
SMITH	Selina	Someone	Else	1941	12436	Place-18
SMITH	Sarah	Someone	Else	1941	12503	Place-22
SMITH	Susan	Someone	Else	1941	12890	Place-3
SMITH	Sheila	Someone	Else	1941	12901	Place-13
SMITH	Suzanne	Someone	Else	1941	12915	Place-28
SMITH	Seonaid	Someone	Else	1942	16699	Place-2
SMITH	Briony	Someone	Else	1942	11211	Place-11
SMITH	Sheila	Someone	Else	1942	17273	Place-0
SMITH	Sheila	Someone	Else	1942	16155	Place-8
SMITH	Sharon	Someone	Else	1942	12489	Place-1
SMITH	Sheila	Someone	Else	1942	17002	Place-26
SMITH	Seonaid	Someone	Else	1942	17005	Place-4
SMITH	Susan	Someone	Else	1942	14673	Place-28
SMITH	Susan	Someone	Else	1942	10586	Place-18
SMITH	Seonaid	Someone	Else	1942	16694	Place-8
SMITH	Suzanne	Someone	Else	1942	11395	Place-19
SMITH	Suzanne	Someone	Else	1942	15384	Place-7
SMITH	Seonaid	Someone	Else	1942	10793	Place-9
SMITH	Sharon	Someone	Else	1942	9068	Place-26
SMITH	Sarah	Someone	Else	1942	7601	Place-24
SMITH	Suzanne	Someone	Else	1942	12276	Place-1
SMITH	Seonaid	Someone	Else	1942	15633	Place-29
SMITH	Susan	Someone	Else	1942	15641	Place-20
SMITH	Sharon	Someone	Else	1942	14256	Place-22
SMITH	Seonaid	Someone	Else	1942	10470	Place-2
SMITH	Sharon	Someone	Else	1942	9580	Place-25
SMITH	Briony	Someone	Else	1942	10266	Place-15
SMITH	Suzanne	Someone	Else	1942	11140	Place-12
SMITH	Briony	Someone	Else	1942	13829	Place-21
SMITH	Sharon	Someone	Else	1942	11005	Place-5
SMITH	Suzanne	Someone	Else	1942	12491	Place-16
SMITH	Suzanne	Someone	Else	1942	9141	Place-29
SMITH	Susan	Someone	Else	1942	12183	Place-13
SMITH	Seonaid	Someone	Else	1942	12266	Place-11
SMITH	Briony	Someone	Else	1942	12396	Place-17
SMITH	Sheila	Someone	Else	1942	12696	Place-24
SMITH	Seonaid	Someone	Else	1942	12743	Place-20
SMITH	Susan	Someone	Else	1942	13057	Place-2
SMITH	Sarah	Someone	Else	1942	13114	Place-3
SMITH	Seonaid	Someone	Else	1942	13149	Place-13
SMITH	Susan	Someone	Else	1942	13177	Place-15
SMITH	Susan	Someone	Else	1943	17602	Place-8
SMITH	Susan	Someone	Else	1943	12383	Place-24
SMITH	Seonaid	Someone	Else	1943	11091	Place-15
SMITH	Seonaid	Someone	Else	1943	9355	Place-2
SMITH	Susan	Someone	Else	1943	12179	Place-11
SMITH	Susan	Someone	Else	1943	16992	Place-23
SMITH	Sarah	Someone	Else	1943	11712	Place-28
SMITH	Seonaid	Someone	Else	1943	9865	Place-14
SMITH	Selina	Someone	Else	1943	9811	Place-24
SMITH	Briony	Someone	Else	1943	10628	Place-5
SMITH	Sharon	Someone	Else	1943	16721	Place-1
SMITH	Sharon	Someone	Else	1943	16723	Place-23
SMITH	Selina	Someone	Else	1943	9304	Place-6
SMITH	Sarah	Someone	Else	1943	11757	Place-29
SMITH	Seonaid	Someone	Else	1943	14876	Place-27
SMITH	Briony	Someone	Else	1943	7474	Place-9
SMITH	Briony	Someone	Else	1943	16153	Place-22
SMITH	Sheila	Someone	Else	1943	12718	Place-24
SMITH	Sharon	Someone	Else	1943	16136	Place-16
SMITH	Sharon	Someone	Else	1943	12701	Place-2
SMITH	Suzanne	Someone	Else	1943	11051	Place-12
SMITH	Sheila	Someone	Else	1943	13310	Place-5
SMITH	Seonaid	Someone	Else	1943	12551	Place-21
SMITH	Briony	Someone	Else	1943	11000	Place-17
SMITH	Sarah	Someone	Else	1943	11124	Place-18
SMITH	Sharon	Someone	Else	1943	11552	Place-27
SMITH	Susan	Someone	Else	1943	11661	Place-4
SMITH	Sarah	Someone	Else	1943	11818	Place-12
SMITH	Sarah	Someone	Else	1943	12371	Place-28
SMITH	Sarah	Someone	Else	1943	13073	Place-21
SMITH	Sharon	Someone	Else	1943	13086	Place-5
SMITH	Sheila	Someone	Else	1943	13312	Place-28
SMITH	Selina	Someone	Else	1943	13388	Place-1
SMITH	Suzanne	Someone	Else	1943	13416	Place-16
SMITH	Selina	Someone	Else	1944	12687	Place-11
SMITH	Susan	Someone	Else	1944	9523	Place-6
SMITH	Sharon	Someone	Else	1944	16140	Place-27
SMITH	Selina	Someone	Else	1944	14242	Place-11
SMITH	Susan	Someone	Else	1944	17871	Place-19
SMITH	Susan	Someone	Else	1944	17891	Place-3
SMITH	Briony	Someone	Else	1944	17892	Place-23
SMITH	Selina	Someone	Else	1944	17894	Place-13
SMITH	Suzanne	Someone	Else	1944	13364	Place-17
SMITH	Susan	Someone	Else	1944	10843	Place-13
SMITH	Selina	Someone	Else	1944	15381	Place-15
SMITH	Sheila	Someone	Else	1944	11083	Place-13
SMITH	Briony	Someone	Else	1944	14031	Place-22
SMITH	Sheila	Someone	Else	1944	15887	Place-9
SMITH	Suzanne	Someone	Else	1944	12203	Place-29
SMITH	Suzanne	Someone	Else	1944	12006	Place-4
SMITH	Briony	Someone	Else	1944	12115	Place-26
SMITH	Sheila	Someone	Else	1944	13055	Place-21
SMITH	Seonaid	Someone	Else	1944	12262	Place-13
SMITH	Sheila	Someone	Else	1944	12798	Place-3
SMITH	Sarah	Someone	Else	1944	16160	Place-28
SMITH	Seonaid	Someone	Else	1944	15627	Place-13
SMITH	Suzanne	Someone	Else	1944	15647	Place-20
SMITH	Susan	Someone	Else	1944	13827	Place-23
SMITH	Briony	Someone	Else	1944	8912	Place-2
SMITH	Seonaid	Someone	Else	1944	12468	Place-19
SMITH	Briony	Someone	Else	1944	9933	Place-8
SMITH	Sarah	Someone	Else	1944	12606	Place-27
SMITH	Suzanne	Someone	Else	1944	8563	Place-3
SMITH	Briony	Someone	Else	1944	11037	Place-12
SMITH	Sarah	Someone	Else	1944	11101	Place-4
SMITH	Seonaid	Someone	Else	1944	11308	Place-20
SMITH	Briony	Someone	Else	1944	12351	Place-21
SMITH	Susan	Someone	Else	1945	17600	Place-28
SMITH	Susan	Someone	Else	1945	7958	Place-15
SMITH	Selina	Someone	Else	1945	12746	Place-11
SMITH	Susan	Someone	Else	1945	12642	Place-6
SMITH	Seonaid	Someone	Else	1945	11786	Place-8
SMITH	Sarah	Someone	Else	1945	12801	Place-5
SMITH	Briony	Someone	Else	1945	17865	Place-9
SMITH	Sharon	Someone	Else	1945	9894	Place-4
SMITH	Suzanne	Someone	Else	1945	13459	Place-5
SMITH	Sharon	Someone	Else	1945	11522	Place-8
SMITH	Seonaid	Someone	Else	1945	10163	Place-23
SMITH	Sarah	Someone	Else	1945	12303	Place-5
SMITH	Suzanne	Someone	Else	1945	13236	Place-9
SMITH	Briony	Someone	Else	1945	17588	Place-3
SMITH	Sheila	Someone	Else	1945	12434	Place-24
SMITH	Briony	Someone	Else	1945	12348	Place-4
SMITH	Susan	Someone	Else	1945	12878	Place-27
SMITH	Sarah	Someone	Else	1945	10789	Place-29
SMITH	Susan	Someone	Else	1945	10957	Place-10
SMITH	Seonaid	Someone	Else	1945	16990	Place-12
SMITH	Briony	Someone	Else	1945	11870	Place-9
SMITH	Selina	Someone	Else	1945	16711	Place-1
SMITH	Sheila	Someone	Else	1945	16165	Place-19
SMITH	Briony	Someone	Else	1945	11216	Place-9
SMITH	Sarah	Someone	Else	1945	12631	Place-13
SMITH	Susan	Someone	Else	1945	9941	Place-6
SMITH	Sheila	Someone	Else	1945	11821	Place-0
SMITH	Seonaid	Someone	Else	1945	15396	Place-12
SMITH	Selina	Someone	Else	1945	15136	Place-18
SMITH	Selina	Someone	Else	1945	10684	Place-6
SMITH	Briony	Someone	Else	1945	11539	Place-24
SMITH	Selina	Someone	Else	1945	10168	Place-10
SMITH	Suzanne	Someone	Else	1945	9721	Place-1
SMITH	Suzanne	Someone	Else	1945	10350	Place-9
SMITH	Sharon	Someone	Else	1945	11896	Place-29
SMITH	Briony	Someone	Else	1945	12475	Place-8
SMITH	Briony	Someone	Else	1945	12715	Place-22
SMITH	Sheila	Someone	Else	1945	12787	Place-15
SMITH	Suzanne	Someone	Else	1945	12857	Place-18
SMITH	Sarah	Someone	Else	1945	12910	Place-16
SMITH	Sarah	Someone	Else	1945	13094	Place-21
SMITH	Sharon	Someone	Else	1945	13305	Place-4
SMITH	Susan	Someone	Else	1945	13344	Place-20
SMITH	Briony	Someone	Else	1945	13592	Place-10
SMITH	Susan	Someone	Else	1945	13600	Place-20
SMITH	Seonaid	Someone	Else	1945	13736	Place-12
SMITH	Susan	Someone	Else	1946	11081	Place-23
SMITH	Suzanne	Someone	Else	1946	12180	Place-21
SMITH	Sarah	Someone	Else	1946	12415	Place-6
SMITH	Sharon	Someone	Else	1946	18489	Place-24
SMITH	Briony	Someone	Else	1946	16978	Place-23
SMITH	Seonaid	Someone	Else	1946	13334	Place-14
SMITH	Sheila	Someone	Else	1946	16449	Place-26
SMITH	Suzanne	Someone	Else	1946	17575	Place-11
SMITH	Sheila	Someone	Else	1946	11834	Place-3
SMITH	Selina	Someone	Else	1946	16700	Place-15
SMITH	Briony	Someone	Else	1946	16451	Place-22
SMITH	Susan	Someone	Else	1946	16455	Place-23
SMITH	Sharon	Someone	Else	1946	9609	Place-8
SMITH	Selina	Someone	Else	1946	16135	Place-0
SMITH	Suzanne	Someone	Else	1946	15117	Place-16
SMITH	Sheila	Someone	Else	1946	12832	Place-0
SMITH	Susan	Someone	Else	1946	11543	Place-13
SMITH	Susan	Someone	Else	1946	11182	Place-28
SMITH	Selina	Someone	Else	1946	8572	Place-14
SMITH	Suzanne	Someone	Else	1946	11160	Place-3
SMITH	Sharon	Someone	Else	1946	11747	Place-18
SMITH	Selina	Someone	Else	1946	13729	Place-27
SMITH	Suzanne	Someone	Else	1946	13811	Place-8
SMITH	Sheila	Someone	Else	1946	13972	Place-6
SMITH	Sheila	Someone	Else	1947	17895	Place-15
SMITH	Briony	Someone	Else	1947	16693	Place-20
SMITH	Sharon	Someone	Else	1947	18750	Place-25
SMITH	Briony	Someone	Else	1947	9511	Place-14
SMITH	Sarah	Someone	Else	1947	17897	Place-24
SMITH	Sharon	Someone	Else	1947	12666	Place-8
SMITH	Briony	Someone	Else	1947	15637	Place-4
SMITH	Selina	Someone	Else	1947	16718	Place-8
SMITH	Sharon	Someone	Else	1947	9512	Place-23
SMITH	Suzanne	Someone	Else	1947	13646	Place-26
SMITH	Sharon	Someone	Else	1947	18164	Place-15
SMITH	Sharon	Someone	Else	1947	8611	Place-23
SMITH	Sharon	Someone	Else	1947	11241	Place-12
SMITH	Sheila	Someone	Else	1947	10692	Place-6
SMITH	Sharon	Someone	Else	1947	10856	Place-11
SMITH	Susan	Someone	Else	1947	12152	Place-9
SMITH	Seonaid	Someone	Else	1947	13303	Place-9
SMITH	Selina	Someone	Else	1947	12960	Place-25
SMITH	Suzanne	Someone	Else	1947	15108	Place-13
SMITH	Selina	Someone	Else	1947	16452	Place-23
SMITH	Seonaid	Someone	Else	1947	14477	Place-8
SMITH	Selina	Someone	Else	1947	16166	Place-28
SMITH	Seonaid	Someone	Else	1947	14663	Place-27
SMITH	Sarah	Someone	Else	1947	12035	Place-18
SMITH	Seonaid	Someone	Else	1947	10223	Place-21
SMITH	Susan	Someone	Else	1947	13209	Place-27
SMITH	Sheila	Someone	Else	1947	10601	Place-5
SMITH	Selina	Someone	Else	1947	11602	Place-6
SMITH	Suzanne	Someone	Else	1947	14230	Place-22
SMITH	Selina	Someone	Else	1948	19041	Place-23
SMITH	Sarah	Someone	Else	1948	17593	Place-9
SMITH	Sharon	Someone	Else	1948	16443	Place-12
SMITH	Sarah	Someone	Else	1948	13369	Place-10
SMITH	Sarah	Someone	Else	1948	10961	Place-0
SMITH	Seonaid	Someone	Else	1948	13174	Place-12
SMITH	Susan	Someone	Else	1948	13652	Place-13
SMITH	Sharon	Someone	Else	1948	13625	Place-9
SMITH	Selina	Someone	Else	1948	18757	Place-19
SMITH	Sharon	Someone	Else	1948	18769	Place-2
SMITH	Sharon	Someone	Else	1948	11974	Place-29
SMITH	Susan	Someone	Else	1948	12660	Place-4
SMITH	Selina	Someone	Else	1948	13213	Place-16
SMITH	Susan	Someone	Else	1948	15902	Place-5
SMITH	Selina	Someone	Else	1948	10911	Place-23
SMITH	Sheila	Someone	Else	1948	12961	Place-14
SMITH	Sharon	Someone	Else	1948	18166	Place-1
SMITH	Selina	Someone	Else	1948	8728	Place-27
SMITH	Sharon	Someone	Else	1948	17573	Place-9
SMITH	Susan	Someone	Else	1948	17587	Place-12
SMITH	Selina	Someone	Else	1948	17601	Place-21
SMITH	Sharon	Someone	Else	1948	11580	Place-7
SMITH	Susan	Someone	Else	1948	12327	Place-10
SMITH	Briony	Someone	Else	1948	13847	Place-18
SMITH	Suzanne	Someone	Else	1948	13098	Place-29
SMITH	Susan	Someone	Else	1948	16998	Place-11
SMITH	Sharon	Someone	Else	1948	12268	Place-18
SMITH	Sharon	Someone	Else	1948	9171	Place-17
SMITH	Selina	Someone	Else	1948	14333	Place-11
SMITH	Sheila	Someone	Else	1948	10558	Place-14
SMITH	Briony	Someone	Else	1948	13433	Place-3
SMITH	Susan	Someone	Else	1948	14112	Place-7
SMITH	Sheila	Someone	Else	1948	14156	Place-2
SMITH	Briony	Someone	Else	1949	18461	Place-25
SMITH	Suzanne	Someone	Else	1949	16439	Place-23
SMITH	Sheila	Someone	Else	1949	13890	Place-8
SMITH	Sheila	Someone	Else	1949	16985	Place-29
SMITH	Sheila	Someone	Else	1949	19325	Place-21
SMITH	Suzanne	Someone	Else	1949	13802	Place-9
SMITH	Sharon	Someone	Else	1949	12709	Place-0
SMITH	Seonaid	Someone	Else	1949	13366	Place-22
SMITH	Seonaid	Someone	Else	1949	19035	Place-9
SMITH	Seonaid	Someone	Else	1949	18485	Place-18
SMITH	Suzanne	Someone	Else	1949	11760	Place-23
SMITH	Briony	Someone	Else	1949	18448	Place-21
SMITH	Briony	Someone	Else	1949	18480	Place-7
SMITH	Sheila	Someone	Else	1949	12448	Place-1
SMITH	Sheila	Someone	Else	1949	11495	Place-4
SMITH	Suzanne	Someone	Else	1949	17283	Place-5
SMITH	Sharon	Someone	Else	1949	15888	Place-2
SMITH	Selina	Someone	Else	1949	12444	Place-5
SMITH	Suzanne	Someone	Else	1949	13173	Place-28
SMITH	Briony	Someone	Else	1949	18170	Place-16
SMITH	Sarah	Someone	Else	1949	18173	Place-11
SMITH	Briony	Someone	Else	1949	17003	Place-7
SMITH	Sharon	Someone	Else	1949	12582	Place-23
SMITH	Sarah	Someone	Else	1949	11219	Place-3
SMITH	Susan	Someone	Else	1949	10366	Place-21
SMITH	Sarah	Someone	Else	1949	16979	Place-2
SMITH	Sarah	Someone	Else	1949	16146	Place-7
SMITH	Susan	Someone	Else	1949	16147	Place-14
SMITH	Susan	Someone	Else	1949	12419	Place-16
SMITH	Susan	Someone	Else	1949	9110	Place-20
SMITH	Briony	Someone	Else	1949	13340	Place-29
SMITH	Suzanne	Someone	Else	1949	13817	Place-5
SMITH	Suzanne	Someone	Else	1949	14636	Place-29
SMITH	Briony	Someone	Else	1950	14153	Place-4
SMITH	Sheila	Someone	Else	1950	15112	Place-27
SMITH	Sheila	Someone	Else	1950	12289	Place-21
SMITH	Susan	Someone	Else	1950	18449	Place-6
SMITH	Suzanne	Someone	Else	1950	17889	Place-25
SMITH	Seonaid	Someone	Else	1950	14719	Place-25
SMITH	Sharon	Someone	Else	1950	9285	Place-6
SMITH	Sheila	Someone	Else	1950	19020	Place-0
SMITH	Suzanne	Someone	Else	1950	19040	Place-18
SMITH	Sharon	Someone	Else	1950	11100	Place-20
SMITH	Sharon	Someone	Else	1950	16157	Place-19
SMITH	Sarah	Someone	Else	1950	13709	Place-18
SMITH	Selina	Someone	Else	1950	15131	Place-2
SMITH	Selina	Someone	Else	1950	13536	Place-16
SMITH	Briony	Someone	Else	1950	11992	Place-8
SMITH	Briony	Someone	Else	1950	13808	Place-8
SMITH	Sharon	Someone	Else	1950	10840	Place-0
SMITH	Sarah	Someone	Else	1950	11215	Place-11
SMITH	Sharon	Someone	Else	1950	12638	Place-22
SMITH	Briony	Someone	Else	1950	16993	Place-19
SMITH	Susan	Someone	Else	1950	13218	Place-2
SMITH	Sharon	Someone	Else	1950	10394	Place-2
SMITH	Sarah	Someone	Else	1950	11574	Place-8
SMITH	Susan	Someone	Else	1950	15116	Place-11
SMITH	Seonaid	Someone	Else	1950	9973	Place-18
SMITH	Seonaid	Someone	Else	1950	14696	Place-2
SMITH	Briony	Someone	Else	1950	13215	Place-23
SMITH	Sarah	Someone	Else	1950	14807	Place-13
SMITH	Sharon	Someone	Else	1951	18751	Place-7
SMITH	Selina	Someone	Else	1951	19960	Place-15
SMITH	Selina	Someone	Else	1951	19968	Place-29
SMITH	Suzanne	Someone	Else	1951	10639	Place-26
SMITH	Susan	Someone	Else	1951	11536	Place-11
SMITH	Sheila	Someone	Else	1951	13282	Place-5
SMITH	Briony	Someone	Else	1951	14296	Place-7
SMITH	Suzanne	Someone	Else	1951	9133	Place-19
SMITH	Sheila	Someone	Else	1951	8999	Place-5
SMITH	Seonaid	Someone	Else	1951	18486	Place-0
SMITH	Sarah	Someone	Else	1951	18774	Place-27
SMITH	Selina	Someone	Else	1951	13539	Place-12
SMITH	Sharon	Someone	Else	1951	18459	Place-25
SMITH	Sarah	Someone	Else	1951	12646	Place-15
SMITH	Selina	Someone	Else	1951	17274	Place-22
SMITH	Selina	Someone	Else	1951	9166	Place-7
SMITH	Sarah	Someone	Else	1951	11300	Place-18
SMITH	Selina	Someone	Else	1951	10226	Place-5
SMITH	Sarah	Someone	Else	1951	10405	Place-0
SMITH	Sheila	Someone	Else	1951	14888	Place-8
SMITH	Sheila	Someone	Else	1951	13017	Place-11
SMITH	Susan	Someone	Else	1951	8454	Place-10
SMITH	Sharon	Someone	Else	1951	7856	Place-9
SMITH	Sarah	Someone	Else	1951	11188	Place-13
SMITH	Briony	Someone	Else	1951	13361	Place-22
SMITH	Selina	Someone	Else	1951	13866	Place-13
SMITH	Sharon	Someone	Else	1951	14174	Place-28
SMITH	Sharon	Someone	Else	1951	14335	Place-5
SMITH	Selina	Someone	Else	1952	11515	Place-0
SMITH	Seonaid	Someone	Else	1952	14929	Place-24
SMITH	Suzanne	Someone	Else	1952	19042	Place-16
SMITH	Sheila	Someone	Else	1952	18165	Place-4
SMITH	Sheila	Someone	Else	1952	15193	Place-29
SMITH	Sarah	Someone	Else	1952	8147	Place-14
SMITH	Sheila	Someone	Else	1952	13180	Place-10
SMITH	Sharon	Someone	Else	1952	14422	Place-24
SMITH	Susan	Someone	Else	1952	13933	Place-17
SMITH	Suzanne	Someone	Else	1952	10139	Place-21
SMITH	Sheila	Someone	Else	1952	19632	Place-25
SMITH	Suzanne	Someone	Else	1952	17887	Place-20
SMITH	Seonaid	Someone	Else	1952	14788	Place-13
SMITH	Briony	Someone	Else	1952	19312	Place-0
SMITH	Suzanne	Someone	Else	1952	17292	Place-27
SMITH	Sarah	Someone	Else	1952	10809	Place-5
SMITH	Sarah	Someone	Else	1952	11070	Place-29
SMITH	Sharon	Someone	Else	1952	16430	Place-17
SMITH	Selina	Someone	Else	1952	18175	Place-1
SMITH	Suzanne	Someone	Else	1952	11378	Place-11
SMITH	Susan	Someone	Else	1952	11246	Place-1
SMITH	Seonaid	Someone	Else	1952	13263	Place-12
SMITH	Sarah	Someone	Else	1952	15896	Place-21
SMITH	Briony	Someone	Else	1952	11400	Place-19
SMITH	Seonaid	Someone	Else	1952	10836	Place-12
SMITH	Sharon	Someone	Else	1952	11340	Place-13
SMITH	Susan	Someone	Else	1952	12379	Place-4
SMITH	Briony	Someone	Else	1952	16162	Place-0
SMITH	Briony	Someone	Else	1952	14957	Place-18
SMITH	Suzanne	Someone	Else	1952	8906	Place-2
SMITH	Suzanne	Someone	Else	1952	14635	Place-16
SMITH	Selina	Someone	Else	1952	15196	Place-25
SMITH	Briony	Someone	Else	1952	15227	Place-8
SMITH	Briony	Someone	Else	1952	15236	Place-10
SMITH	Sharon	Someone	Else	1953	13941	Place-25
SMITH	Sarah	Someone	Else	1953	17864	Place-2
SMITH	Sharon	Someone	Else	1953	13058	Place-9
SMITH	Briony	Someone	Else	1953	16431	Place-27
SMITH	Sharon	Someone	Else	1953	13733	Place-1
SMITH	Sheila	Someone	Else	1953	19031	Place-11
SMITH	Briony	Someone	Else	1953	15200	Place-23
SMITH	Sarah	Someone	Else	1953	20284	Place-6
SMITH	Susan	Someone	Else	1953	20288	Place-7
SMITH	Susan	Someone	Else	1953	18742	Place-3
SMITH	Susan	Someone	Else	1953	13143	Place-4
SMITH	Sheila	Someone	Else	1953	19309	Place-4
SMITH	Briony	Someone	Else	1953	15877	Place-12
SMITH	Briony	Someone	Else	1953	14654	Place-27
SMITH	Sheila	Someone	Else	1953	19958	Place-13
SMITH	Suzanne	Someone	Else	1953	13746	Place-0
SMITH	Briony	Someone	Else	1953	16981	Place-17
SMITH	Suzanne	Someone	Else	1953	17590	Place-12
SMITH	Seonaid	Someone	Else	1953	9800	Place-22
SMITH	Selina	Someone	Else	1953	11292	Place-10
SMITH	Suzanne	Someone	Else	1953	19034	Place-11
SMITH	Sheila	Someone	Else	1953	18748	Place-25
SMITH	Seonaid	Someone	Else	1953	18775	Place-19
SMITH	Selina	Someone	Else	1953	13707	Place-21
SMITH	Susan	Someone	Else	1953	12958	Place-25
SMITH	Seonaid	Someone	Else	1953	10949	Place-16
SMITH	Selina	Someone	Else	1953	10799	Place-4
SMITH	Seonaid	Someone	Else	1953	15132	Place-22
SMITH	Seonaid	Someone	Else	1953	12547	Place-18
SMITH	Suzanne	Someone	Else	1953	14822	Place-15
SMITH	Seonaid	Someone	Else	1953	10086	Place-3
SMITH	Suzanne	Someone	Else	1953	12616	Place-7
SMITH	Sharon	Someone	Else	1953	13049	Place-3
SMITH	Suzanne	Someone	Else	1953	15371	Place-28
SMITH	Seonaid	Someone	Else	1953	15520	Place-15
SMITH	Seonaid	Someone	Else	1954	10144	Place-2
SMITH	Suzanne	Someone	Else	1954	14971	Place-3
SMITH	Selina	Someone	Else	1954	18452	Place-1
SMITH	Sharon	Someone	Else	1954	11171	Place-24
SMITH	Selina	Someone	Else	1954	15512	Place-6
SMITH	Seonaid	Someone	Else	1954	19628	Place-9
SMITH	Suzanne	Someone	Else	1954	12904	Place-1
SMITH	Sarah	Someone	Else	1954	16139	Place-6
SMITH	Seonaid	Someone	Else	1954	20605	Place-20
SMITH	Seonaid	Someone	Else	1954	18465	Place-5
SMITH	Briony	Someone	Else	1954	11697	Place-19
SMITH	Sarah	Someone	Else	1954	14608	Place-14
SMITH	Sheila	Someone	Else	1954	10216	Place-7
SMITH	Sheila	Someone	Else	1954	11014	Place-27
SMITH	Sarah	Someone	Else	1954	11554	Place-6
SMITH	Selina	Someone	Else	1954	14481	Place-22
SMITH	Seonaid	Someone	Else	1954	14516	Place-14
SMITH	Sarah	Someone	Else	1954	15750	Place-1
SMITH	Susan	Someone	Else	1954	20294	Place-11
SMITH	Suzanne	Someone	Else	1954	20295	Place-22
SMITH	Suzanne	Someone	Else	1954	12206	Place-23
SMITH	Briony	Someone	Else	1954	19657	Place-22
SMITH	Seonaid	Someone	Else	1954	17288	Place-7
SMITH	Sharon	Someone	Else	1954	13568	Place-1
SMITH	Susan	Someone	Else	1954	14367	Place-11
SMITH	Sheila	Someone	Else	1954	10353	Place-12
SMITH	Sharon	Someone	Else	1954	19321	Place-22
SMITH	Briony	Someone	Else	1954	11089	Place-18
SMITH	Sharon	Someone	Else	1954	19304	Place-3
SMITH	Briony	Someone	Else	1954	19319	Place-23
SMITH	Suzanne	Someone	Else	1954	9173	Place-16
SMITH	Sheila	Someone	Else	1954	12618	Place-9
SMITH	Sharon	Someone	Else	1954	14537	Place-20
SMITH	Selina	Someone	Else	1954	10642	Place-18
SMITH	Sharon	Someone	Else	1954	18490	Place-17
SMITH	Selina	Someone	Else	1954	13138	Place-1
SMITH	Suzanne	Someone	Else	1954	11516	Place-13
SMITH	Sarah	Someone	Else	1954	12457	Place-12
SMITH	Sheila	Someone	Else	1954	13787	Place-8
SMITH	Briony	Someone	Else	1954	14207	Place-28
SMITH	Sarah	Someone	Else	1954	14585	Place-2
SMITH	Susan	Someone	Else	1954	14862	Place-6
SMITH	Briony	Someone	Else	1954	14902	Place-10
SMITH	Sheila	Someone	Else	1954	15568	Place-26
SMITH	Seonaid	Someone	Else	1954	15685	Place-1
SMITH	Sharon	Someone	Else	1954	15743	Place-3
SMITH	Sheila	Someone	Else	1954	15774	Place-2
SMITH	Sarah	Someone	Else	1955	11971	Place-16
SMITH	Sheila	Someone	Else	1955	15862	Place-15
SMITH	Susan	Someone	Else	1955	21269	Place-0
SMITH	Sheila	Someone	Else	1955	15592	Place-4
SMITH	Briony	Someone	Else	1955	14568	Place-18
SMITH	Sarah	Someone	Else	1955	12092	Place-0
SMITH	Sheila	Someone	Else	1955	18766	Place-24
SMITH	Susan	Someone	Else	1955	14732	Place-18
SMITH	Briony	Someone	Else	1955	14835	Place-20
SMITH	Suzanne	Someone	Else	1955	12982	Place-9
SMITH	Sarah	Someone	Else	1955	15838	Place-7
SMITH	Briony	Someone	Else	1955	9129	Place-23
SMITH	Sharon	Someone	Else	1955	14150	Place-20
SMITH	Suzanne	Someone	Else	1955	20591	Place-19
SMITH	Susan	Someone	Else	1955	20607	Place-26
SMITH	Sheila	Someone	Else	1955	17592	Place-11
SMITH	Sharon	Someone	Else	1955	14980	Place-16
SMITH	Seonaid	Someone	Else	1955	15417	Place-29
SMITH	Selina	Someone	Else	1955	15441	Place-9
SMITH	Selina	Someone	Else	1955	16726	Place-11
SMITH	Suzanne	Someone	Else	1955	16145	Place-16
SMITH	Selina	Someone	Else	1955	18477	Place-1
SMITH	Sarah	Someone	Else	1955	17285	Place-16
SMITH	Sarah	Someone	Else	1955	19314	Place-18
SMITH	Selina	Someone	Else	1955	19332	Place-14
SMITH	Briony	Someone	Else	1955	13248	Place-22
SMITH	Seonaid	Someone	Else	1955	18760	Place-8
SMITH	Sheila	Someone	Else	1955	17296	Place-23
SMITH	Sharon	Someone	Else	1955	18454	Place-15
SMITH	Sheila	Someone	Else	1955	15400	Place-26
SMITH	Sarah	Someone	Else	1955	14779	Place-2
SMITH	Briony	Someone	Else	1955	11381	Place-20
SMITH	Susan	Someone	Else	1955	16011	Place-18
SMITH	Suzanne	Someone	Else	1955	13298	Place-4
SMITH	Sheila	Someone	Else	1955	13352	Place-9
SMITH	Suzanne	Someone	Else	1955	14141	Place-5
SMITH	Seonaid	Someone	Else	1955	14615	Place-1
SMITH	Seonaid	Someone	Else	1955	15027	Place-17
SMITH	Briony	Someone	Else	1955	15080	Place-24
SMITH	Sharon	Someone	Else	1955	15239	Place-14
SMITH	Sarah	Someone	Else	1955	15302	Place-2
SMITH	Sarah	Someone	Else	1955	15320	Place-20
SMITH	Seonaid	Someone	Else	1955	15325	Place-7
SMITH	Sheila	Someone	Else	1955	15329	Place-4
SMITH	Sarah	Someone	Else	1955	16084	Place-23
SMITH	Sharon	Someone	Else	1956	19654	Place-28
SMITH	Suzanne	Someone	Else	1956	20600	Place-7
SMITH	Briony	Someone	Else	1956	17594	Place-12
SMITH	Selina	Someone	Else	1956	11884	Place-6
SMITH	Sheila	Someone	Else	1956	16980	Place-19
SMITH	Susan	Someone	Else	1956	16129	Place-29
SMITH	Sarah	Someone	Else	1956	21570	Place-15
SMITH	Seonaid	Someone	Else	1956	20610	Place-19
SMITH	Susan	Someone	Else	1956	20267	Place-7
SMITH	Sheila	Someone	Else	1956	15238	Place-17
SMITH	Seonaid	Someone	Else	1956	14993	Place-20
SMITH	Sheila	Someone	Else	1956	15665	Place-13
SMITH	Susan	Someone	Else	1956	14864	Place-21
SMITH	Briony	Someone	Else	1956	15672	Place-18
SMITH	Selina	Someone	Else	1956	16727	Place-20
SMITH	Briony	Someone	Else	1956	15091	Place-18
SMITH	Suzanne	Someone	Else	1956	20280	Place-7
SMITH	Sharon	Someone	Else	1956	19949	Place-26
SMITH	Sheila	Someone	Else	1956	13714	Place-13
SMITH	Susan	Someone	Else	1956	15157	Place-12
SMITH	Sarah	Someone	Else	1956	15330	Place-9
SMITH	Sharon	Someone	Else	1956	20292	Place-0
SMITH	Sarah	Someone	Else	1956	13207	Place-15
SMITH	Sheila	Someone	Else	1956	12213	Place-15
SMITH	Sheila	Someone	Else	1956	19991	Place-4
SMITH	Seonaid	Someone	Else	1956	14584	Place-14
SMITH	Sharon	Someone	Else	1956	19017	Place-1
SMITH	Selina	Someone	Else	1956	17885	Place-1
SMITH	Sheila	Someone	Else	1956	11635	Place-5
SMITH	Sharon	Someone	Else	1956	19317	Place-29
SMITH	Briony	Someone	Else	1956	18174	Place-29
SMITH	Sheila	Someone	Else	1956	17290	Place-9
SMITH	Susan	Someone	Else	1956	17279	Place-11
SMITH	Suzanne	Someone	Else	1956	14202	Place-7
SMITH	Sheila	Someone	Else	1956	18168	Place-25
SMITH	Sarah	Someone	Else	1956	13374	Place-2
SMITH	Sheila	Someone	Else	1956	16982	Place-21
SMITH	Sheila	Someone	Else	1956	16161	Place-26
SMITH	Briony	Someone	Else	1956	12581	Place-15
SMITH	Briony	Someone	Else	1956	13456	Place-20
SMITH	Sarah	Someone	Else	1956	13516	Place-22
SMITH	Sarah	Someone	Else	1956	15164	Place-1
SMITH	Suzanne	Someone	Else	1956	15230	Place-14
SMITH	Susan	Someone	Else	1956	15264	Place-20
SMITH	Suzanne	Someone	Else	1956	15434	Place-7
SMITH	Suzanne	Someone	Else	1956	15794	Place-8
SMITH	Seonaid	Someone	Else	1956	16021	Place-21
SMITH	Selina	Someone	Else	1956	16360	Place-5
SMITH	Sharon	Someone	Else	1957	16412	Place-9
SMITH	Briony	Someone	Else	1957	13448	Place-16
SMITH	Briony	Someone	Else	1957	15270	Place-7
SMITH	Sheila	Someone	Else	1957	18185	Place-17
SMITH	Susan	Someone	Else	1957	19322	Place-24
SMITH	Selina	Someone	Else	1957	17877	Place-9
SMITH	Seonaid	Someone	Else	1957	17277	Place-17
SMITH	Susan	Someone	Else	1957	16512	Place-6
SMITH	Susan	Someone	Else	1957	21910	Place-13
SMITH	Selina	Someone	Else	1957	21913	Place-29
SMITH	Sheila	Someone	Else	1957	21921	Place-10
SMITH	Sheila	Someone	Else	1957	9859	Place-18
SMITH	Sheila	Someone	Else	1957	17597	Place-2
SMITH	Sarah	Someone	Else	1957	16702	Place-27
SMITH	Sheila	Someone	Else	1957	21246	Place-0
SMITH	Suzanne	Someone	Else	1957	15906	Place-18
SMITH	Selina	Someone	Else	1957	12636	Place-9
SMITH	Seonaid	Someone	Else	1957	14453	Place-26
SMITH	Sarah	Someone	Else	1957	16101	Place-25
SMITH	Seonaid	Someone	Else	1957	21242	Place-13
SMITH	Sarah	Someone	Else	1957	21263	Place-10
SMITH	Selina	Someone	Else	1957	15351	Place-19
SMITH	Sharon	Someone	Else	1957	15958	Place-1
SMITH	Briony	Someone	Else	1957	20909	Place-19
SMITH	Briony	Someone	Else	1957	20914	Place-17
SMITH	Susan	Someone	Else	1957	13348	Place-8
SMITH	Susan	Someone	Else	1957	13031	Place-23
SMITH	Sarah	Someone	Else	1957	20594	Place-12
SMITH	Sheila	Someone	Else	1957	17880	Place-27
SMITH	Sarah	Someone	Else	1957	15103	Place-6
SMITH	Selina	Someone	Else	1957	15772	Place-12
SMITH	Susan	Someone	Else	1957	20289	Place-19
SMITH	Suzanne	Someone	Else	1957	14907	Place-11
SMITH	Sheila	Someone	Else	1957	19993	Place-23
SMITH	Selina	Someone	Else	1957	14804	Place-25
SMITH	Sharon	Someone	Else	1957	12158	Place-28
SMITH	Briony	Someone	Else	1957	14633	Place-12
SMITH	Suzanne	Someone	Else	1957	16603	Place-8
SMITH	Seonaid	Someone	Else	1957	11795	Place-13
SMITH	Susan	Someone	Else	1957	17295	Place-7
SMITH	Seonaid	Someone	Else	1957	16067	Place-5
SMITH	Seonaid	Someone	Else	1957	10883	Place-23
SMITH	Susan	Someone	Else	1957	12680	Place-5
SMITH	Seonaid	Someone	Else	1957	13962	Place-3
SMITH	Sharon	Someone	Else	1957	14179	Place-24
SMITH	Sharon	Someone	Else	1957	14698	Place-24
SMITH	Sheila	Someone	Else	1957	14931	Place-10
SMITH	Selina	Someone	Else	1957	14964	Place-16
SMITH	Suzanne	Someone	Else	1957	15827	Place-29
SMITH	Selina	Someone	Else	1958	21930	Place-18
SMITH	Selina	Someone	Else	1958	14629	Place-24
SMITH	Seonaid	Someone	Else	1958	14709	Place-16
SMITH	Briony	Someone	Else	1958	22262	Place-14
SMITH	Selina	Someone	Else	1958	21555	Place-5
SMITH	Seonaid	Someone	Else	1958	13823	Place-7
SMITH	Suzanne	Someone	Else	1958	15624	Place-19
SMITH	Sheila	Someone	Else	1958	14075	Place-8
SMITH	Susan	Someone	Else	1958	15934	Place-0
SMITH	Sarah	Someone	Else	1958	21890	Place-9
SMITH	Sharon	Someone	Else	1958	21901	Place-2
SMITH	Sheila	Someone	Else	1958	19029	Place-16
SMITH	Seonaid	Someone	Else	1958	21558	Place-25
SMITH	Suzanne	Someone	Else	1958	21561	Place-25
SMITH	Sharon	Someone	Else	1958	21586	Place-21
SMITH	Susan	Someone	Else	1958	14996	Place-2
SMITH	Suzanne	Someone	Else	1958	21245	Place-8
SMITH	Seonaid	Someone	Else	1958	19956	Place-19
SMITH	Suzanne	Someone	Else	1958	10134	Place-3
SMITH	Sheila	Someone	Else	1958	13081	Place-1
SMITH	Suzanne	Someone	Else	1958	16028	Place-9
SMITH	Seonaid	Someone	Else	1958	20931	Place-27
SMITH	Suzanne	Someone	Else	1958	20266	Place-18
SMITH	Sharon	Someone	Else	1958	19995	Place-14
SMITH	Selina	Someone	Else	1958	16342	Place-27
SMITH	Sheila	Someone	Else	1958	20577	Place-11
SMITH	Sharon	Someone	Else	1958	9422	Place-11
SMITH	Susan	Someone	Else	1958	13658	Place-4
SMITH	Briony	Someone	Else	1958	13072	Place-29
SMITH	Sharon	Someone	Else	1958	19039	Place-8
SMITH	Sharon	Someone	Else	1958	15111	Place-28
SMITH	Sheila	Someone	Else	1958	16696	Place-14
SMITH	Selina	Someone	Else	1958	14852	Place-12
SMITH	Suzanne	Someone	Else	1958	17298	Place-27
SMITH	Briony	Someone	Else	1958	11409	Place-5
SMITH	Briony	Someone	Else	1958	12725	Place-21
SMITH	Susan	Someone	Else	1958	15818	Place-23
SMITH	Briony	Someone	Else	1958	9556	Place-9
SMITH	Sarah	Someone	Else	1958	12923	Place-9
SMITH	Briony	Someone	Else	1958	13931	Place-15
SMITH	Sharon	Someone	Else	1958	13997	Place-22
SMITH	Sheila	Someone	Else	1958	16413	Place-16
SMITH	Sharon	Someone	Else	1958	16492	Place-20
SMITH	Selina	Someone	Else	1958	16504	Place-27
SMITH	Briony	Someone	Else	1958	16746	Place-25
SMITH	Sheila	Someone	Else	1958	16958	Place-22
SMITH	Sarah	Someone	Else	1959	17287	Place-0
SMITH	Seonaid	Someone	Else	1959	15714	Place-6
SMITH	Susan	Someone	Else	1959	16257	Place-13
SMITH	Suzanne	Someone	Else	1959	21582	Place-11
SMITH	Suzanne	Someone	Else	1959	22632	Place-17
SMITH	Sharon	Someone	Else	1959	22243	Place-23
SMITH	Selina	Someone	Else	1959	19953	Place-7
SMITH	Suzanne	Someone	Else	1959	19998	Place-2
SMITH	Susan	Someone	Else	1959	15870	Place-26
SMITH	Sarah	Someone	Else	1959	21919	Place-19
SMITH	Suzanne	Someone	Else	1959	15939	Place-28
SMITH	Seonaid	Someone	Else	1959	21556	Place-23
SMITH	Briony	Someone	Else	1959	20920	Place-4
SMITH	Sharon	Someone	Else	1959	14706	Place-7
SMITH	Susan	Someone	Else	1959	13855	Place-17
SMITH	Seonaid	Someone	Else	1959	19980	Place-28
SMITH	Susan	Someone	Else	1959	18744	Place-16
SMITH	Selina	Someone	Else	1959	14076	Place-6
SMITH	Sharon	Someone	Else	1959	18183	Place-15
SMITH	Sarah	Someone	Else	1959	14967	Place-11
SMITH	Selina	Someone	Else	1959	14407	Place-15
SMITH	Sarah	Someone	Else	1959	15697	Place-13
SMITH	Susan	Someone	Else	1959	19971	Place-25
SMITH	Selina	Someone	Else	1959	14963	Place-26
SMITH	Sarah	Someone	Else	1959	15646	Place-19
SMITH	Sharon	Someone	Else	1959	11584	Place-28
SMITH	Sarah	Someone	Else	1959	19315	Place-13
SMITH	Sharon	Someone	Else	1959	11820	Place-8
SMITH	Sharon	Someone	Else	1959	16867	Place-5
SMITH	Sheila	Someone	Else	1959	10052	Place-25
SMITH	Selina	Someone	Else	1959	17247	Place-0
SMITH	Seonaid	Someone	Else	1959	13118	Place-10
SMITH	Briony	Someone	Else	1959	13819	Place-3
SMITH	Sarah	Someone	Else	1959	15068	Place-27
SMITH	Sarah	Someone	Else	1959	15181	Place-5
SMITH	Susan	Someone	Else	1959	15708	Place-2
SMITH	Suzanne	Someone	Else	1959	15920	Place-0
SMITH	Sarah	Someone	Else	1959	17187	Place-6
SMITH	Briony	Someone	Else	1959	17242	Place-28
